{"Ecosystem and Carbon Cycle": {"children": {"Biomass": {"children": {"Saatchi": {"children": {}, "Spatial Distribution Score global": [1.1807476308021758, 0.1346895779979984, -0.32767975838229324, -0.07163383960593905, -0.4646642249153565, -1.033641304675259, 0.5821819187787347], "Bias Score global": [0.6903646362648621, 0.6018246380386643, 0.5378355699891676, -1.4751231915144913, 0.0778964241556108, -1.557335894355358, 1.1245378174215446], "Overall Score global": [0.942612427315298, 0.3744084246241286, 0.11057518302300395, -0.7884559138753577, -0.19258771235906025, -1.3114063030160994, 0.8648538942880701]}, "Thurner": {"children": {}, "Spatial Distribution Score global": [0.6623139792306357, -1.2367427725951996, 1.0845849534295053, 0.5562556193955418, -1.5421438784548727, 0.9640528075600922, -0.4883207085656772], "Bias Score global": [0.8591988341007154, -0.8747981608746583, 1.0677094345729736, 0.6705861595692493, -1.1918290724681369, 0.8174906334722806, -1.348357828372403], "Overall Score global": [0.7626682051934124, -1.0995976708919915, 1.0979991519711556, 0.617842091033728, -1.4160629192617464, 0.917454564166253, -0.8803034222108149]}}, "Spatial Distribution Score global": [1.1624500885588418, -1.0008965865234365, 0.7729745887771755, 0.4446510329292275, -1.5643648798837118, 0.3158837062762432, -0.13069795013437302], "Bias Score global": [0.9268901962327492, -0.27802113073365775, 0.9885232451138593, -0.3041358260927829, -0.757377799732506, -0.247829452874615, -0.32804923191305235], "Overall Score global": [1.0446701423958038, -0.6394588586285388, 0.8807489169455285, 0.07025760341822784, -1.1608713398081005, 0.03402712670081964, -0.22937359102370714]}, "Gross Primary Productivity": {"children": {"FLUXNET2015": {"children": {}, "Bias Score global": [-0.9397616311212175, 0.9896882675439358, -0.5496209086323395, -1.151917835052644, 0.8823274345041856, -0.7185272363275177, 1.4878119090855757], "Seasonal Cycle Score global": [-0.22558905832670284, -0.27685588302736597, 0.10703564339353822, -0.2967099262032258, -0.6519595818142543, 0.21198783374719588, 1.132090972230848], "RMSE Score global": [0.4478219063717287, -0.9158578820273877, 0.485620654664079, 0.5891925967146217, -0.93712222077591, 0.635693556985778, -0.3053486119329124], "Overall Score global": [-0.07475942868742647, -0.27199857113734405, 0.12787546557540552, -0.07654874977636172, -0.40408458143111337, 0.1856054513483696, 0.5139104141084316]}, "FLUXCOM": {"children": {}, "Spatial Distribution Score global": [0.019137232897203926, 0.32818597748088263, 0.21172195514631564, 0.21850677989996847, 0.4194201307579526, 0.3723156784798398, -1.5692877546621908], "Seasonal Cycle Score global": [0.5678671974691119, 0.09330980098607625, 0.5921474464544935, 0.5166769936192416, 0.10677126814459367, 0.5242633677246605, -2.401036074398157], "Bias Score global": [0.5894558870010129, -0.2739918423937128, 0.9151687838938284, 0.5454810814298412, -0.4768485633943572, 0.8287037129447961, -2.127969059481415], "RMSE Score global": [1.0076823014694698, -1.2737031191880819, 0.6806405453714279, 1.0065122763977925, -1.3248014084226452, 0.7022278209401404, -0.7985584165681309], "Overall Score global": [0.760328821815609, -0.5450377532731865, 0.7463809499021368, 0.774127666281238, -0.5991356481990229, 0.7467588270672676, -1.8834228635940253]}}, "Bias Score global": [0.12143115816563022, 0.15735200728954624, 0.5402064190555722, 0.0032192094332639254, -0.05101912023355304, 0.40377016797393805, -1.1749598416844198], "Seasonal Cycle Score global": [0.4001264445721575, -0.024173205014432764, 0.5455859392352935, 0.32976098127684983, -0.1533465993713623, 0.5269982486464708, -1.6249518093449877], "RMSE Score global": [0.8651850259220412, -1.2247679369426916, 0.6530675432749877, 0.9173894521583681, -1.2680988174437162, 0.7242818979687204, -0.6670571649377122], "Overall Score global": [0.4471707278769721, -0.4426480599722449, 0.5144413932796132, 0.4551240102596388, -0.5259914981610547, 0.5363263111726801, -0.9844228844556102]}, "Leaf Area Index": {"children": {"AVH15C1": {"children": {}, "Spatial Distribution Score global": [1.0190611102674991, 0.6619422567069957, 0.7444738753599259, -0.05865829390046981, 0.19219880226221903, -0.36999294585338194, -2.189024804842784], "Seasonal Cycle Score global": [0.9816838676177571, 1.04777167370891, 0.9959602126935844, -1.2918963589678727, -0.36525372373429343, -1.461324124819452, 0.09305845350139995], "Bias Score global": [1.4070572612565957, 0.21830653611628645, 0.2571104422445796, 0.6939192546239702, -0.2920702930464808, -0.21196508680432044, -2.07235811439063], "RMSE Score global": [0.7006263904599398, 0.5706050499237296, 0.6669089042548042, 0.06231221678915513, 0.39049721744158794, -0.02841153646485264, -2.36253824240438], "Overall Score global": [1.1347986536091632, 0.6387260541478628, 0.7070956852430726, 0.007735911918822094, 0.07620131481596196, -0.41339091196369765, -2.1511667077711776]}, "MODIS": {"children": {}, "Spatial Distribution Score global": [0.993206517024965, 0.6896033350524341, 0.7192902314476481, -0.06509301460078103, 0.2305000451786596, -0.3707377149364679, -2.196769399166465], "Seasonal Cycle Score global": [0.35019762976554736, 0.3861667283981629, 0.36300392993797725, -0.12002253250836814, 0.059934017280072194, -0.18908223997193274, -0.8501975329015143], "Bias Score global": [1.17726821948523, 0.30953579035792217, 0.8933388919451961, 0.13623754383250045, -0.44163376807114846, 0.04758859985795423, -2.122335277407655], "RMSE Score global": [0.6133291138864523, 0.09091940130005093, 0.5459660521287166, 0.5419269317806821, 0.16759657567571884, 0.44761512330165815, -2.4073531980732854], "Overall Score global": [0.9365953715299193, 0.48355786209237417, 0.723640686407629, 0.13462093198099123, 0.10930066581542382, -0.07926300450611538, -2.308452513320215]}}, "Spatial Distribution Score global": [1.0061160152897664, 0.6759056354556306, 0.7318486012816213, -0.0619003652780624, 0.21148631733362488, -0.370391778894542, -2.193064425188038], "Seasonal Cycle Score global": [0.7462064682677738, 0.8026384782168772, 0.7609150720790825, -0.811589164521187, -0.18252420562249183, -0.9446858756350374, -0.370960772785045], "Bias Score global": [1.3311021153872333, 0.26047467066407537, 0.5316239920476373, 0.4675104277369211, -0.36018394313939467, -0.10487468948498498, -2.1256525732114917], "RMSE Score global": [0.654582518127233, 0.2749655852144639, 0.5991698797378481, 0.36613578452878753, 0.25474899899706205, 0.27196560040745654, -2.421568367012855], "Overall Score global": [1.037146383938143, 0.5613031808057201, 0.7183733684995359, 0.0731131149584705, 0.09354490415898394, -0.2429234699451954, -2.240557482415657]}, "Global Net Ecosystem Carbon Balance": {"children": {"GCP": {"children": {}, "Difference Score global": [0.702621849562938, 0.12293898357752062, 1.5730162292069745, -0.2006102256320841, -0.6962725141411086, 0.33640756730291393, -1.8381018898771506], "Trajectory Score global": [0.6848329388125458, 0.05994252842413969, 0.7554740341097731, 0.5665938044219675, -0.08424172743659801, 0.3620635383410219, -2.344665116672852], "Temporal Distribution Score global": [-0.5211519664822322, 0.5542326133848094, -1.021963569203526, -0.5640084865081683, 1.431522580035221, -1.1644869277138892, 1.2858557564877466], "Overall Score global": [0.7215884107061965, 0.211591529343633, 1.3827500135022008, -0.07090509723088934, -0.3702145285785495, 0.20780188682196496, -2.082612214564551]}, "Hoffman": {"children": {}, "Difference Score global": [-0.10448773709315334, 1.6913625548717868, -0.584041228525829, 0.09365848157955702, 0.7955056067252118, -0.12263920389493355, -1.7693584736626315], "Trajectory Score global": [-0.6933842214496065, 1.2187928315821726, -0.8953488686168366, -0.8201063235837548, 1.6843831813631622, -0.7949854855101021, 0.3006488862149681],