{"Ecosystem and Carbon Cycle": {"children": {"Biomass": {"children": {"Saatchi": {"children": {}, "Spatial Distribution Score global": [0.906246042094877, 0.6865353434172661, -0.602181347089592, -0.13981201070930038, -0.7874782875278041, -0.37099007025690467, 0.3076803300714359], "Bias Score global": [0.10748354124156534, -0.22499428236443242, -0.048163558158553776, 0.017133588663409416, -0.3867474955036587, -0.015243981088886027, 0.5505321872105506], "Overall Score global": [0.5068647916682212, 0.23077053052641405, -0.3251724526240729, -0.06133921102294826, -0.5871128915157342, -0.1931170256729009, 0.4291062586409933]}, "Thurner": {"children": {}, "Spatial Distribution Score global": [0.9298499530924121, 0.1751613802334069, 1.3540412269967974, -0.9778428602770972, 0.4851156838241111, -1.7403080767486316, -0.22601730712099224], "Bias Score global": [1.1321906065784202, 0.26166351488532963, 1.352480114342905, -0.6997610717682298, 0.4520647301234148, -1.2985654434329517, -1.2000724507288925], "Overall Score global": [1.038944886889518, 0.21670071803610116, 1.3844178645993293, -0.8796449232093828, 0.48190484582014226, -1.5886052371370012, -0.6537181549987063]}}, "Spatial Distribution Score global": [1.252648645924076, 0.4938790811297056, 0.8631731461424097, -0.9106980291582023, 0.023384521142472137, -1.681887972411339, -0.04049939276913883], "Bias Score global": [0.7704869871373254, 0.053151709409954284, 0.8321200360184355, -0.43442433982908146, 0.09281060229414662, -0.8296925540222877, -0.48445244100847606], "Overall Score global": [1.0115678165307007, 0.2735153952698244, 0.8476465910804254, -0.6725611844936419, 0.0580975617183066, -1.255790263216816, -0.2624759168888102]}, "Gross Primary Productivity": {"children": {"FLUXNET2015": {"children": {}, "Bias Score global": [-1.0139256862005896, -1.0739243885479477, -0.6116083074541923, 0.9757441454986526, -0.661536532046747, 0.89583607771625, 1.4894146910345796], "Seasonal Cycle Score global": [-0.21585208196592265, -0.2944582500569781, 0.11677261975431841, -0.2671189066665858, 0.28958026295999306, -0.7707515926164032, 1.1418279485916283], "RMSE Score global": [0.4575131336343796, 0.544178792426131, 0.4953118819267299, -0.9061666547647368, 0.6316830259359585, -0.9268627944881896, -0.2956573846702615], "Overall Score global": [-0.07868787522443688, -0.07000626343816596, 0.12394701903839511, -0.27592701767435446, 0.22285244569629215, -0.43216027596913453, 0.5099819675714212]}, "FLUXCOM": {"children": {}, "Spatial Distribution Score global": [0.07256339413781454, 0.0949995907438883, 0.26514811638692626, 0.38161213872149324, 0.282089155980364, 0.41944919745108833, -1.5158615934215802], "Seasonal Cycle Score global": [0.5664659775705513, 0.5281774383807026, 0.5907058599510105, 0.0926975462644504, 0.5363808257410936, 0.08307376020832848, -2.397501408116141], "Bias Score global": [0.57723510041713, 0.4989526934958483, 0.9065310940770719, -0.295711229730869, 0.8257716170411507, -0.34269562818037874, -2.1700836471199554], "RMSE Score global": [1.00761780047781, 1.018650384686766, 0.6787159565333242, -1.28674326385488, 0.6930076138688636, -1.30235237097629, -0.8088961207356165], "Overall Score global": [0.7634670981575276, 0.7419562575044836, 0.7495192262440553, -0.5418994769312679, 0.7233119355630535, -0.5560704532857785, -1.8802845872521068]}}, "Bias Score global": [0.08940060999282906, 0.0032126643133845167, 0.508175870882771, 0.12532145911674508, 0.4237490776408337, 0.05713070791065755, -1.206990389857221], "Seasonal Cycle Score global": [0.4033869667502743, 0.34117274407512443, 0.5488464614134103, -0.020912682836315977, 0.567201127349759, -0.21800332958534785, -1.621691287166871], "RMSE Score global": [0.8648315854131949, 0.904921878470416, 0.6527141027661415, -1.225121377451538, 0.7136862698503277, -1.2436218536019894, -0.6674106054465584], "Overall Score global": [0.4476589831392985, 0.43747031215099486, 0.5149296485419397, -0.44215980470991845, 0.5356396268630215, -0.5096041367920301, -0.9839346291932838]}, "Leaf Area Index": {"children": {"AVH15C1": {"children": {}, "Spatial Distribution Score global": [0.8445110293640805, 0.22707160854241693, 0.5705432243775657, 0.4881977853700373, -0.10322590440502534, 0.3292401549299044, -2.356337898178977], "Seasonal Cycle Score global": [0.5642784403439793, -0.5203167829319177, 0.5808893477941668, 0.641173361609565, -0.6239361098218765, -0.17242737789933127, -0.4696608790946022], "Bias Score global": [1.219708859140419, 0.9702626624805866, 0.1147322186120118, 0.0774457901232062, -0.06413506372124332, -0.19437505155804538, -2.1236394150769327], "RMSE Score global": [0.672126362981928, 0.11815927393703145, 0.638619196732543, 0.5429160580733988, -0.05053499853576817, 0.45064523904597936, -2.3719311322351384], "Overall Score global": [0.9486142627798401, 0.3396861388881537, 0.5214224754927212, 0.45313455826058235, -0.13817519494383676, 0.20874154537767176, -2.333423785855137]}, "MODIS": {"children": {}, "Spatial Distribution Score global": [0.8239229258404462, 0.2074294940772221, 0.5509013802522011, 0.5213114552849554, -0.12103902001895372, 0.3731067866011516, -2.3556330220370283], "Seasonal Cycle Score global": [0.4595012177636526, -0.17860392593792573, 0.4723075179360825, 0.49547031639626815, -0.2425299837190975, -0.265251197535582, -0.7408939449034091], "Bias Score global": [0.9962570954384443, 0.43266650677308843, 0.7150556600761869, 0.13686153142587407, 0.2501790654573354, -0.2593748766819872, -2.2716449824889446], "RMSE Score global": [0.7234407388203926, 0.43213125471581887, 0.6538973839626688, 0.18412255648813475, 0.2774313278075726, 0.1239866227927686, -2.3950098845873593], "Overall Score global": [0.8451863358898333, 0.2875245180583714, 0.6342538277673332, 0.39645078407815937, 0.03206364078892111, 0.17356808770785118, -2.369047194290464]}}, "Spatial Distribution Score global": [0.8342131019777753, 0.21720000063521147, 0.5606995640844172, 0.504910368132544, -0.11220333849567155, 0.35135408668745244, -2.3561737830217315], "Seasonal Cycle Score global": [0.5118898290538187, -0.34946035443492174, 0.5265984328651274, 0.5683218390029221, -0.43323304677048147, -0.21883928771745387, -0.6052774119990001], "Bias Score global": [1.1442820610294557, 0.7600538178525577, 0.3670015295746367, 0.10338069683909981, 0.06612927250718018, -0.2243518978043558, -2.216495479998578], "RMSE Score global": [0.7090265726577244, 0.3135239372582251, 0.6529445280599808, 0.3248237196538709, 0.15221290509584234, 0.2517537480226154, -2.404285410748263], "Overall Score global": [0.8963126871891369, 0.31315813026545813, 0.5801714596166704, 0.42439804233341216, -0.05054101491107946, 0.19083117365029084, -2.3543304781438974]}, "Global Net Ecosystem Carbon Balance": {"children": {"GCP": {"children": {}, "Difference Score global": [0.8717934324021799, -0.6598993639203142, 1.7176331191656762, 0.3084639977753203, -0.28429115255733844, -0.3564460745900734, -1.597253958275451], "Trajectory Score global": [0.8339775600786213, 0.2565825183785517, 0.907351014999889, 0.18491672425143668, 0.17482868867788307, -0.04495665336789426, -2.3126998530184912], "Temporal Distribution Score global": [-0.7097537688587522, -0.3723132999773753, -1.2763248682226773, 0.5068351047687489, -0.8722200013048539, 1.3892521819875274, 1.3345246516073903], "Overall Score global": [0.8774994060537802, -0.5178166244376275, 1.5193103968138184, 0.38242890842110266, -0.30271088263603785, -0.11408220174682131, -1.844629002468213]}, "Hoffman": {"children": {}, "Difference Score global": [-0.34188280409991734, 0.6066509124533082, -0.7821926075353761, 1.307006221172886, 0.3038365236087914, 0.7770925840711036, -1.8705108296708006], "Trajectory Score global": [-0.8541606723915621, -0.5917001778681289, -1.0945403344150404, 1.4217251332872551, -0.6730612454987812, 1.4627931743940528, 0.3289441224922049],