{"Ecosystem and Carbon Cycle": {"children": {"Biomass": {"children": {"Saatchi": {"children": {}, "Spatial Distribution Score global": [1.2255712458700607, 0.17951319306588331, -0.28285614331440834, -0.2741749553150985, -0.4174309973461965, -1.0576278768068714, 0.6270055338466196], "Bias Score global": [0.6911149729049333, 0.6136176413916797, 0.5576092596523106, -1.5318852234770302, 0.12341781899936068, -1.5250127496762564, 1.0711382802050167], "Overall Score global": [1.0156524301446146, 0.44744842745344515, 0.1836151858523205, -1.0300585941704965, -0.13677241446519717, -1.4177789319320844, 0.9378938971173867]}, "Thurner": {"children": {}, "Spatial Distribution Score global": [0.6719489201932132, -1.2469942490305908, 1.0986418037636125, 0.5469562151955966, -1.530553883932887, 0.9507361019425444, -0.49073490813146947], "Bias Score global": [0.8554868265573434, -0.8766154040494898, 1.0637695843877846, 0.6774352304052343, -1.189943825102513, 0.8195251936399278, -1.3496576058382668], "Overall Score global": [0.7670066445584539, -1.105117010333541, 1.104112643085139, 0.6158627946226172, -1.4074443630215994, 0.9102412334271188, -0.8846619423382069]}}, "Spatial Distribution Score global": [1.1871693204211553, -0.976177354661123, 0.797693820639489, 0.33045212811594893, -1.5170369687073804, 0.2838777724639363, -0.10597871827205951], "Bias Score global": [0.9756616184815214, -0.22924970848488546, 1.0372946673626315, -0.43939150207230604, -0.7247888204395037, -0.34024844518315556, -0.27927780966428006], "Overall Score global": [1.0814154694513411, -0.6027135315730014, 0.9174942440010658, -0.05446968697817578, -1.1209128945734448, -0.028185336359609625, -0.1926282639681698]}, "Gross Primary Productivity": {"children": {"FLUXNET2015": {"children": {}, "Bias Score global": [-0.932642026881975, 0.9870972998859817, -0.5444648119909743, -1.1624393325818152, 0.8896236026694236, -0.7198887064555696, 1.4827139753549445], "Seasonal Cycle Score global": [-0.20020316323419163, -0.25146998793485476, 0.13242153848604943, -0.47292575832947326, -0.44586051260013804, 0.0805610162892545, 1.1574768673233593], "RMSE Score global": [0.4335290344599979, -0.9301507539391185, 0.4713277827523482, 0.6560723730121898, -0.9583913866758914, 0.6472544342351477, -0.3196414838446432], "Overall Score global": [-0.0749401375677361, -0.2721792800176537, 0.1276947566950959, -0.09139115490641725, -0.3601533224856346, 0.15723943305421817, 0.513729705228122]}, "FLUXCOM": {"children": {}, "Spatial Distribution Score global": [0.017054729956467174, 0.3261034745401459, 0.2096394522055789, 0.22388972563313625, 0.42483379659492004, 0.36984907867264605, -1.5713702576029276], "Seasonal Cycle Score global": [0.5664736903810113, 0.09201556650374038, 0.5907488601839731, 0.5187982639490566, 0.11318637866730206, 0.5205857572761116, -2.401808516961195], "Bias Score global": [0.581529251092311, -0.2782464392010645, 0.9058569680228804, 0.5653138946760328, -0.4846857099318023, 0.8345711647477605, -2.124339129406137], "RMSE Score global": [1.0039210304572879, -1.273688537497715, 0.677420551377775, 1.0063986695367442, -1.3247724365381903, 0.7100509553128052, -0.7993302326487168], "Overall Score global": [0.7572028209990311, -0.5481637540897644, 0.7432549490855589, 0.7823574884655682, -0.5998615717859312, 0.7517589317361628, -1.8865488644106032]}}, "Bias Score global": [0.11788307433026612, 0.15380392345418215, 0.5366583352202081, 0.015175555721874678, -0.05460640810433515, 0.4095934448975769, -1.178507925519784], "Seasonal Cycle Score global": [0.4085578512553145, -0.015741798331275758, 0.5540173459184505, 0.2655833831841814, -0.0705633979395659, 0.4746670185747426, -1.6165204026618307], "RMSE Score global": [0.8583742387309856, -1.2315787241337472, 0.6462567560839322, 0.9435452008342532, -1.277574356193717, 0.7348448368070498, -0.6738679521287677], "Overall Score global": [0.44514921153649967, -0.4446695763127173, 0.5124198769391408, 0.45470174720107503, -0.5099709782983131, 0.5288141197304363, -0.9864444007960826]}, "Leaf Area Index": {"children": {"AVH15C1": {"children": {}, "Spatial Distribution Score global": [1.0253641975238115, 0.6686429100683763, 0.7510826495784226, -0.07903749863058028, 0.19378647007174124, -0.38068844448303246, -2.1791502841287347], "Seasonal Cycle Score global": [0.9776651056247799, 1.0411765734121128, 0.9913849078701996, -1.2744254214513064, -0.3779337764674278, -1.4815488673489532, 0.12368147836057225], "Bias Score global": [1.4362084635975352, 0.23910351237286873, 0.2781801221032679, 0.6281657774128206, -0.27756622555983224, -0.2364323257145163, -2.0676593242121433], "RMSE Score global": [0.731020418704069, 0.6010835801572408, 0.697324845783703, -0.025882070257924536, 0.4225569317285144, -0.0959502690402189, -2.3301534370753942], "Overall Score global": [1.1492476297258736, 0.6547206410957106, 0.7228772532851063, -0.03992530835691518, 0.08393001187543625, -0.44437056124345575, -2.1264796663817487]}, "MODIS": {"children": {}, "Spatial Distribution Score global": [0.9999508846509264, 0.6966548208469118, 0.7263116866436631, -0.0857090139910927, 0.2301618097270094, -0.38057206441682206, -2.1867981234606004], "Seasonal Cycle Score global": [0.4008713196749891, 0.43684041830760467, 0.413677619847419, -0.30550206473717867, 0.22517189370233615, -0.37153534380306996, -0.7995238429920726], "Bias Score global": [1.1891178917070013, 0.32127486131203375, 0.9051523745046964, 0.09388161418936862, -0.4435268718289333, 0.045006303114190356, -2.110906172998358], "RMSE Score global": [0.6239807475043122, 0.09939720255599367, 0.5563373770154816, 0.5173711171921507, 0.1803709896442115, 0.4318136842988915, -2.4092711182110382], "Overall Score global": [0.9495377763834775, 0.4963680779353127, 0.7365209545317846, 0.09337431771809426, 0.1262739341974671, -0.10561809986369065, -2.29645696090244]}}, "Spatial Distribution Score global": [1.0126392220120803, 0.6827805373019883, 0.7386639202998576, -0.08239964531592381, 0.21210332466209264, -0.3806534717915219, -2.1831338871685766], "Seasonal Cycle Score global": [0.7922774479446282, 0.8487094578937315, 0.8069860517559369, -0.9242403858307047, -0.11620098720599992, -1.082641791449418, -0.32488979310819066], "Bias Score global": [1.352606165656466, 0.2778154327887584, 0.5500191571401154, 0.4096837769559029, -0.3526266099671252, -0.11990731397957442, -2.1175906085945475], "RMSE Score global": [0.674904799155803, 0.2933325706182037, 0.6192067464974294, 0.31726550847239643, 0.2760886758818561, 0.23629213750822958, -2.417090438133914], "Overall Score global": [1.0512577628796531, 0.5759713013165332, 0.7328577152331642, 0.028461285585822768, 0.10604982942763448, -0.2719867390823554, -2.2226111553604584]}, "Global Net Ecosystem Carbon Balance": {"children": {"GCP": {"children": {}, "Difference Score global": [0.6259305938394131, 0.05030029793862214, 1.4902400356118146, -0.07128964330201232, -0.7160942767175832, 0.5179439071486874, -1.8970309145189406], "Trajectory Score global": [0.6998979500448607, 0.0708858760626172, 0.7710049811699948, 0.5361470992639172, -0.04553795015028566, 0.31718416771272584, -2.349582124103832], "Temporal Distribution Score global": [-0.4493856234943517, 0.5749747965183782, -0.9264350375507264, -0.6625180366828622, 1.4250671421742862, -1.2335875935533998, 1.2718843525886525], "Overall Score global": [0.6713437839455337, 0.16285519867229087, 1.3305500268239598, 0.0029587921951004658, -0.3663203708194675, 0.323176095408561, -2.1245635262259803]}, "Hoffman": {"children": {}, "Difference Score global": [-0.09218762816620266, 1.621494636306847, -0.5497994440348433, 0.03870474169274045, 1.0432147705419998, -0.380543849958519, -1.6808832263820237], "Trajectory Score global": [-0.6682262489932053, 1.3648022949279672, -0.882955262660081, -0.777809574270711, 1.5103834710957005, -0.9348254194698572, 0.3886307393701847],