{"Ecosystem and Carbon Cycle": {"children": {"Biomass": {"children": {"Saatchi": {"children": {}, "Spatial Distribution Score global": [0.725839410460577, -0.33003125915235243, -0.7451787753174177, 0.3493706240091987], "Bias Score global": [-0.2088863140699504, 0.002729634606363218, -0.36433622079063976, 0.5704929002542158], "Overall Score global": [0.25847654819530774, -0.16365081227299738, -0.5547574980540371, 0.4599317621317045]}, "Thurner": {"children": {}, "Spatial Distribution Score global": [0.5793880016168522, -1.6567828244168894, 0.9503953675532303, 0.12699945524680686], "Bias Score global": [0.8731354258916771, -1.0586557541129122, 1.117375610569662, -0.9318552823484215], "Overall Score global": [0.7360345700182996, -1.485145381334295, 1.0716969996775068, -0.32258618836152547]}}, "Spatial Distribution Score global": [0.7865167962363251, -1.3763082053514397, 0.32225536555968715, 0.2675360435554275], "Bias Score global": [0.3383450880153793, -0.5355053056761871, 0.3844802822763449, -0.18732006461552597], "Overall Score global": [0.5624309421258522, -0.9559067555138134, 0.353367823918016, 0.040107989469950756]}, "Gross Primary Productivity": {"children": {"FLUXNET2015": {"children": {}, "Bias Score global": [-1.1517385534426086, 0.6913315013145405, -0.7919441474595694, 1.2523511995876586], "Seasonal Cycle Score global": [-0.3947572563407997, -0.8593847134812094, 0.20094714209518694, 1.0531948277268222], "RMSE Score global": [0.576418918295632, -0.9233825457206413, 0.6385431351440762, -0.29157950771906693], "Overall Score global": [-0.1155010853827354, -0.49344834255549697, 0.15977344617613687, 0.4491759817620844]}, "FLUXCOM": {"children": {}, "Spatial Distribution Score global": [0.2786550665773435, 0.5963300202397159, 0.46474405015938247, -1.339729136976442], "Seasonal Cycle Score global": [0.6883845711147109, 0.32606364925992015, 0.6980261922336986, -1.7124744126083296], "Bias Score global": [0.6830402577561104, -0.03814273870655463, 0.9667476438076041, -1.611645162857158], "RMSE Score global": [1.142857717663774, -1.228807849749485, 0.8111592213622767, -0.7252090892765631], "Overall Score global": [0.9092220198445985, -0.2894568049585955, 0.8937526396110059, -1.513517854497009]}}, "Bias Score global": [0.18800715268283974, 0.2385850918495802, 0.5990675127430012, -1.0256597572754267], "Seasonal Cycle Score global": [0.5685024403150218, 0.017128921983167178, 0.8019275098914369, -1.3875588721896426], "RMSE Score global": [0.9858781147608076, -1.1738773663810957, 0.7857739165311628, -0.59777466491088], "Overall Score global": [0.5718224664223615, -0.3808755169475875, 0.6645845858724853, -0.8555315353472648]}, "Leaf Area Index": {"children": {"AVH15C1": {"children": {}, "Spatial Distribution Score global": [0.6405868511561091, 0.733538904277822, 0.33945024108945276, -1.713575996523383], "Seasonal Cycle Score global": [-0.09972209061080428, 0.28448838435832235, -0.19377322650756534, 0.00900693276004727], "Bias Score global": [1.1834609864982775, 0.1428964326847217, 0.2586099595869658, -1.5849673787699647], "RMSE Score global": [0.5189558528223186, 0.8212775385562824, 0.36865066416595127, -1.7088840555445524], "Overall Score global": [0.7555420376276221, 0.6387797420159906, 0.31502734809968497, -1.7093491277432955]}, "MODIS": {"children": {}, "Spatial Distribution Score global": [0.6187004344724144, 0.7697081878722584, 0.32091140307051175, -1.7093200254151841], "Seasonal Cycle Score global": [0.12852307887171732, 0.11521273891430539, 0.1035082195883108, -0.34724403737435017], "Bias Score global": [0.828665323216181, 0.19290588568964018, 0.6627341512249956, -1.6843053601308173], "RMSE Score global": [0.7060807578939966, 0.4444313932891593, 0.5741114885455105, -1.7246236397286665], "Overall Score global": [0.6833670484462377, 0.5879327265864093, 0.455047831172846, -1.726347606205493]}}, "Spatial Distribution Score global": [0.6295946725834669, 0.7518248346678501, 0.33012569803243047, -1.711545205283745], "Seasonal Cycle Score global": [0.014400494130462071, 0.19985056163631665, -0.04513250345962172, -0.1691185523071459], "Bias Score global": [1.050478977561218, 0.1644853385800515, 0.4248378858948568, -1.6398022020361274], "RMSE Score global": [0.6399211739371637, 0.5897954134171691, 0.5001620691081416, -1.7298786564624744], "Overall Score global": [0.7187127089065374, 0.6129257591132685, 0.3880174590115012, -1.7196559270313083]}, "Global Net Ecosystem Carbon Balance": {"children": {"GCP": {"children": {}, "Difference Score global": [0.11748717408081297, 0.7200566631902849, 0.829622114922443, -1.667165952193539], "Trajectory Score global": [0.693661766099239, 0.42461003570150524, 0.6056116598359238, -1.7238834616366698], "Temporal Distribution Score global": [-0.7313554702031357, 0.9950398099120626, -1.2364349086931417, 0.972750568984207], "Overall Score global": [0.25615754067911517, 0.8719186386712734, 0.5624305669420202, -1.6905067462924064]}, "Hoffman": {"children": {}, "Difference Score global": [0.6080784456449698, 0.773666064241951, 0.3282137276117525, -1.7099582374986722], "Trajectory Score global": [-0.8407945205617469, 1.5407791854869612, -0.9305415595735584, 0.230556894648344], "Overall Score global": [-0.01314266343896126, 1.5432437574914561, -0.2919642460456182, -1.2381368480068737]}}, "Difference Score global": [0.3782029811988789, 0.7597710395816418, 0.5782309367408931, -1.716204957521409], "Trajectory Score global": [-0.1553887636426801, 1.6022143496651553, -0.29790640547044883, -1.1489191805520262], "Temporal Distribution Score global": [-0.5181068971066155, 0.704906176838882, -0.8759153108397144, 0.6891160311074424], "Overall Score global": [0.10974259410506938, 1.309577738104669, 0.08586720871883301, -1.5051875409285667]}, "Ecosystem Respiration": {"children": {"FLUXNET2015": {"children": {}, "Bias Score global": [0.8522183045567209, -0.6499047076479928, 1.088566370313981, -1.290879967222704], "Seasonal Cycle Score global": [-0.4804652741106419, 0.4479159856615067, -0.4328552124869045, 0.4654045009360397], "RMSE Score global": [0.7223047362105106, -1.0713224540992299, 1.0889284684691247, -0.7399107505803998], "Overall Score global": [0.5993912752594643, -0.6969651992534742, 0.8939893053165227, -0.7964153813225183]}, "FLUXCOM": {"children": {}, "Spatial Distribution Score global": [0.3321479723395748, -1.0267749166028517, 0.3019513526288431, 0.3926755916344171], "Seasonal Cycle Score global": [-0.8866595315893382, 1.1318719398865371, -1.09796158147212, 0.8527491731749168], "Bias Score global": [1.0229144591097734, -1.4089631162061933, 0.8615870270633602, -0.4755383699669392], "RMSE Score global": [0.8307455950594956, -1.6575511151647595, 0.745503929026064, 0.08130159107919473], "Overall Score global": [0.8565545600482924, -1.6695678549861133, 0.6788686807855241, 0.13414461415229215]}}, "Bias Score global": [0.974878704298323, -1.0573358541262305, 1.0231279619964329, -0.9406708121685313], "Seasonal Cycle Score global": [-0.7677440299361016, 0.8808140964881361, -0.8534404638551929, 0.7403703973031639], "RMSE Score global": [0.8433181437731063, -1.520546974706465, 0.9499375548007042, -0.27270872386734946], "Overall Score global": [0.7679347283116922, -1.2140239208906722, 0.8599947526669316, -0.4139055600879571]}, "Soil Carbon": {"children": {"HWSD": {"children": {}, "Spatial Distribution Score global": [-0.13435516970721617, -1.1844670164084108, -0.26507270780569864, 1.5838948939213289], "Bias Score global": [-0.4112114251166421, 0.09028909929554296, -0.6323811254438649, 0.953303451264953], "Overall Score global": [-0.2132776368616108, -1.0507162494766042, -0.3808376287996699, 1.644831515137885]}, "NCSCDV22": {"children": {}, "Spatial Distribution Score global": [0.19097058569469416, -0.9065096642864978, 0.008472320365204844, 0.7070667582266099], "Bias Score global": [0.09409615898002821, -1.226966743667246, -0.15439247782473853, 1.2872630625119674],