{"Ecosystem and Carbon Cycle": {"children": {"Biomass": {"children": {"Saatchi": {"children": {}, "Spatial Distribution Score global": [1.0359311065106847, -0.010126946293492756, -0.4724962826737844, 0.4382933503974895, -0.4657076961754103, -0.9632589262527358, 0.43736539448724354], "Bias Score global": [0.34278592343673364, 0.2524359708585777, 0.18713882403661453, -0.7304099277419707, 0.0076259393209487936, -0.8454112993166285, 0.7858345694057189], "Overall Score global": [0.6893585149737091, 0.1211545122825397, -0.14267872931858494, -0.14605828867224058, -0.22904087842723353, -0.9043351127846877, 0.6115999819464812]}, "Thurner": {"children": {}, "Spatial Distribution Score global": [0.5731044691195064, -1.3368434460229695, 0.9977971835530769, 0.649694477321142, -1.3909009520946911, 1.0912774208718543, -0.5841291527479094], "Bias Score global": [0.7681517269023568, -0.9361916908833703, 0.9730965281235893, 0.7690122808131932, -1.0901245316508061, 0.9177085661314257, -1.4016528794363763], "Overall Score global": [0.6712879497187157, -1.1807692201719961, 1.00478065462262, 0.7151830088762551, -1.2807593030288014, 1.0329540248326592, -0.962677114849467]}}, "Spatial Distribution Score global": [1.0101639885011948, -1.1531826865810835, 0.6206884887195285, 0.7771227901235356, -1.427399186836803, 0.4555906562656087, -0.28298405019202], "Bias Score global": [0.6940889578584075, -0.5108223691079994, 0.7557220067395176, 0.15807660419176472, -0.737972419907934, 0.20175769051365422, -0.560850470287394], "Overall Score global": [0.852126473179804, -0.8320025278445387, 0.6882052477295286, 0.4675996971576557, -1.0826858033723685, 0.32867417338963145, -0.421917260239707]}, "Gross Primary Productivity": {"children": {"FLUXNET2015": {"children": {}, "Bias Score global": [-0.9931311594370545, 0.98100507643446, -0.5939547216932054, -1.1377625520061092, 0.8848439203165963, -0.6316658967844478, 1.4906653331697828], "Seasonal Cycle Score global": [-0.27710708324756306, -0.3283739079482262, 0.055517618472678, -0.3936263065190515, -0.37621109094350125, 0.23922782287569277, 1.0805729473099879], "RMSE Score global": [0.4593271788772807, -0.9043526095218357, 0.497125927169631, 0.5296764138005727, -0.9043131778347036, 0.6163796069364236, -0.2938433394273604], "Overall Score global": [-0.08984959755200528, -0.28708874000192286, 0.11278529671082671, -0.12024714399911929, -0.323257771227764, 0.2088377108261097, 0.4988202452438528]}, "FLUXCOM": {"children": {}, "Spatial Distribution Score global": [0.04856855444814179, 0.3576172990318205, 0.2411532766972535, 0.16139134804187272, 0.4021043870907348, 0.32902156780139635, -1.539856433111253], "Seasonal Cycle Score global": [0.564043631428726, 0.0900965728927964, 0.5882926530906463, 0.5198356331455615, 0.10914185795896614, 0.5296309248675491, -2.4010412733842372], "Bias Score global": [0.598928302352682, -0.27263818823058705, 0.9277037879070661, 0.5069319874738124, -0.4325410114673014, 0.8156629644320955, -2.14404784246777], "RMSE Score global": [1.0173235521325912, -1.2831558121355455, 0.6875446360646909, 1.0013100174713598, -1.310788199900969, 0.6918002155519275, -0.8040344091840571], "Overall Score global": [0.7669241349852807, -0.5384424401035148, 0.7529762630718084, 0.7463767657635456, -0.5781668332968615, 0.727159660004123, -1.8768275504243537]}}, "Bias Score global": [0.11268855070951656, 0.14860939983343258, 0.5314638115994585, -0.0169391739987812, -0.01803331410719644, 0.42591317510406457, -1.1837024491405335], "Seasonal Cycle Score global": [0.3781634616589369, -0.046136187927653394, 0.5236229563220729, 0.2966849193349552, -0.04779744629714311, 0.5423770891670787, -1.6469147922582084], "RMSE Score global": [0.8703280833012167, -1.219624879563516, 0.6582106006541633, 0.8857206695750242, -1.2385712462108622, 0.7058508798025193, -0.6619141075585366], "Overall Score global": [0.4456339852837943, -0.4441848025654227, 0.5129046506864354, 0.4213927996025435, -0.48257593502095686, 0.5327889290623611, -0.985959627048788]}, "Leaf Area Index": {"children": {"AVH15C1": {"children": {}, "Spatial Distribution Score global": [0.9326576348193544, 0.5734847177944064, 0.6564910388632027, 0.12121050741047149, 0.22141458324860167, -0.21137804788199452, -2.2938804342540378], "Seasonal Cycle Score global": [0.6764276362088872, 0.7533225574744729, 0.6930385436590747, -0.5901437069558535, -0.28285453695068297, -0.8922788102062096, -0.3575116832296943], "Bias Score global": [1.320576000907468, 0.15268232825264355, 0.1908054061049631, 0.8408309243311735, -0.2572495772129901, -0.14985328269344037, -2.097791799689815], "RMSE Score global": [0.564120945882557, 0.43701462324610896, 0.5311593900148385, 0.25782775111735634, 0.44367353054303743, 0.19657272172191106, -2.4303689625258094], "Overall Score global": [1.0095193981549548, 0.5109007977428045, 0.579621323336051, 0.2658050250010703, 0.12394070794092732, -0.1964766789243456, -2.2933105732514574]}, "MODIS": {"children": {}, "Spatial Distribution Score global": [0.9105960467814783, 0.6053780974186862, 0.63522288883959, 0.10467310493178458, 0.2609059427871173, -0.2204297584554279, -2.2963463223032257], "Seasonal Cycle Score global": [0.3184392552331272, 0.35440835386574276, 0.3312455554055571, 0.06308297056230039, -0.15226403669591493, -0.032956190936889174, -0.8819559074339345], "Bias Score global": [1.087778952296516, 0.2222190551439792, 0.8045604954372937, 0.29439310170325567, -0.38250395602629406, 0.17711571568182105, -2.2035633642365715], "RMSE Score global": [0.5398132953756981, 0.03157862726829924, 0.47427806027135716, 0.6301429520562927, 0.17526296992114784, 0.5478300373123627, -2.3989059422051655], "Overall Score global": [0.847903900349814, 0.39886201202342175, 0.6368273957707858, 0.29559799035709877, 0.11928330074314439, 0.07004927860859203, -2.3685238778528452]}}, "Spatial Distribution Score global": [0.921617335243745, 0.5895782168293375, 0.6458310004749624, 0.11289466524823191, 0.24130820885494916, -0.2159489356109054, -2.295280491040319], "Seasonal Cycle Score global": [0.49743344572100723, 0.5538654556701106, 0.5121420495323159, -0.2635303681967738, -0.21755928682329895, -0.4626175005715494, -0.6197337953318116], "Bias Score global": [1.2428055428774991, 0.1843401157576824, 0.4524092594042972, 0.6234881233027447, -0.31400003018522127, -0.014361597250783415, -2.1746814139062236], "RMSE Score global": [0.5536181447036721, 0.1852618059540098, 0.49984921390030584, 0.4946398700441916, 0.2783231154939843, 0.41959258821279205, -2.4312847383089555], "Overall Score global": [0.928025880853989, 0.4540018002180443, 0.6104715171894058, 0.28179468148631026, 0.12179515076391094, -0.05894152732373571, -2.337147503187933]}, "Global Net Ecosystem Carbon Balance": {"children": {"GCP": {"children": {}, "Difference Score global": [0.7103659389320985, 0.1256988486866703, 1.5882441360862907, -0.2546097088008472, -0.6121655593853608, 0.29466977411357076, -1.8522034296324177], "Trajectory Score global": [0.7105468943529593, 0.08118865627553924, 0.7816930577970238, 0.4799569738811981, -0.10879323303148952, 0.39601905031038664, -2.340611399585607], "Temporal Distribution Score global": [-0.5933519194197131, 0.5388506183634629, -1.1206239095224666, -0.4912432602194672, 1.4201563816379357, -1.0629169903510098, 1.3091290795112545], "Overall Score global": [0.7241701579036575, 0.21326971570764175, 1.386503139880007, -0.12778480596052583, -0.31823547484021864, 0.2070759333983867, -2.0849986660889486]}, "Hoffman": {"children": {}, "Difference Score global": [-0.1747150297480122, 1.6026803286024476, -0.6493404222803619, 0.31697037420223495, 0.7463095600611412, -0.019427975624938833, -1.8224768352125136], "Trajectory Score global": [-0.7695353592399751, 1.267753676261222, -0.9847143671567841, -0.6788509061265661, 1.642637941015531, -0.7668274033905801, 0.28953641863715573],