{"Ecosystem and Carbon Cycle": {"children": {"Biomass": {"children": {"Saatchi": {"children": {}}, "Thurner": {"children": {}}}}, "Gross Primary Productivity": {"children": {"FLUXNET2015": {"children": {}, "Bias Score global": [-0.9469809426843198, 0.9882472174008916, -0.5556718379084954, -1.1322588931909603, 0.8885575554750726, -0.7297557244818926, 1.4878626253897091], "Seasonal Cycle Score global": [-0.2566037238015906, -0.3078705485022537, 0.07602097791865048, -0.36370635819098496, -0.3831726040464556, 0.1342559498666851, 1.1010763067559604], "RMSE Score global": [0.4476098225761782, -0.9160699658229382, 0.4854085708685285, 0.6013134936615122, -0.9260156660924779, 0.6133144405376684, -0.3055606957284629], "Overall Score global": [-0.08375135187519422, -0.2809904943251118, 0.11888354238763776, -0.08129771838567001, -0.33041238906922343, 0.1526499203469034, 0.5049184909206639]}, "FLUXCOM": {"children": {}, "Spatial Distribution Score global": [0.01763790745565319, 0.3266866520393319, 0.2102226297047649, 0.2583400500539901, 0.3531635495518992, 0.40473629129807454, -1.5707870801037416], "Seasonal Cycle Score global": [0.5647353823520722, 0.0907906027373429, 0.5889842874152953, 0.5205084809398037, 0.10367633549264542, 0.531640176245982, -2.4003352651831458], "Bias Score global": [0.5819916668527182, -0.2898334579423369, 0.9108647153463383, 0.5206466038283897, -0.3755715026607207, 0.8137004208186718, -2.1617984462430497], "RMSE Score global": [1.0389725848860867, -1.2969287167773393, 0.7041158540371962, 0.9806258911221511, -1.2916313530818835, 0.675275718027024, -0.8104299782132405], "Overall Score global": [0.759054989836, -0.5463115852527956, 0.7451071179225277, 0.7538728689217178, -0.5575508571306786, 0.7305241612768965, -1.8846966955736344]}}, "Bias Score global": [0.10899348898263939, 0.1449143381065554, 0.5277687498725814, -0.012413181956433261, 0.036635199172169175, 0.38149891668990965, -1.1873975108674106], "Seasonal Cycle Score global": [0.38644577022132753, -0.037853879365262744, 0.5319052648844635, 0.30848211078331467, -0.055078877886283184, 0.5047320950582357, -1.6386324836958177], "RMSE Score global": [0.8699784320304632, -1.2199745308342695, 0.6578609493834098, 0.8881873388456113, -1.220124275946524, 0.6863358453505941, -0.6622637588292901], "Overall Score global": [0.4430026116943042, -0.44681617615491276, 0.5102732770969454, 0.4406838986814432, -0.47237393160763363, 0.5138213209281484, -0.9885910006382781]}, "Leaf Area Index": {"children": {"AVH15C1": {"children": {}, "Spatial Distribution Score global": [0.8126797817527389, 0.4563184996329802, 0.538675040446624, 0.2675120007726716, 0.24349393372430692, 0.06992142768128035, -2.3886006840106053], "Seasonal Cycle Score global": [0.9358896122621421, 1.0048329322288942, 0.9507828079170406, -1.3479894151582856, -0.005371103646630275, -1.5470134130970201, 0.008868579493844219], "Bias Score global": [1.325162818838485, 0.1419727756669198, 0.18059516671676873, 0.7582697640450702, -0.202337531460276, -0.06568628182586683, -2.137976711981097], "RMSE Score global": [0.6690850210847222, 0.5429534866346672, 0.6363762499298216, -0.09357993189762592, 0.716876798338576, -0.1692717107068088, -2.3024399133833726], "Overall Score global": [0.9962806589468386, 0.49737643017935873, 0.566136321593869, 0.1800854597715345, 0.22902306206083345, -0.16046062911642622, -2.308441303436015]}, "MODIS": {"children": {}, "Spatial Distribution Score global": [0.7973556321573005, 0.4941458836762333, 0.5237943093965894, 0.24680005740219446, 0.27860789694961013, 0.047782676360417685, -2.3884864559423487], "Seasonal Cycle Score global": [0.38904851341923785, 0.4250176120518534, 0.40185481359166775, -0.17561048298052606, -0.03877022439672806, -0.19019358243770879, -0.8113466492478238], "Bias Score global": [1.0438844388692372, 0.17808167220950497, 0.7605865130705777, 0.25701870968583307, -0.29457990832595715, 0.30338997771199244, -2.2483814032211886], "RMSE Score global": [0.5998442915177556, 0.0791509360044846, 0.5327025485156441, 0.5311834510340154, 0.20682421868581402, 0.46120823880974904, -2.4109136845674755], "Overall Score global": [0.7963083112390537, 0.35066821606421944, 0.5868308525984967, 0.3115267770370041, 0.15976536687043602, 0.19065334780368498, -2.3957528716128893]}}, "Spatial Distribution Score global": [0.8050296660062733, 0.4753802973206241, 0.5312282188069319, 0.25711225578247904, 0.26117540613219986, 0.05878968064671739, -2.388715524695224], "Seasonal Cycle Score global": [0.7164396364946535, 0.7728716464437568, 0.7311482403059621, -0.8395353583124987, -0.02238040305624356, -0.9578161573174648, -0.40072760455816536], "Bias Score global": [1.2252409340861188, 0.15937317209412818, 0.42931704638316814, 0.5567124435071502, -0.24443845826017374, 0.08994094078628759, -2.216146078596677], "RMSE Score global": [0.6404435714713757, 0.2624265566246901, 0.5852644729311443, 0.2986615464495191, 0.4110725435559729, 0.22487400238747746, -2.4227426934201595], "Overall Score global": [0.896027075041463, 0.42292591785295813, 0.5790909887598973, 0.24920034141640618, 0.1938543558693802, 0.021690347383807887, -2.362789026323921]}, "Global Net Ecosystem Carbon Balance": {"children": {"GCP": {"children": {}, "Difference Score global": [0.6029503708627636, 0.025113127984874025, 1.4705735456394582, -0.058294096636627324, -0.6636188612427271, 0.5529599995041105, -1.9296840861118447], "Trajectory Score global": [0.7120762752123029, 0.08608524193509814, 0.7828417910560475, 0.5576224113525942, -0.18142744614366918, 0.3655593783127483, -2.3227576517251234], "Temporal Distribution Score global": [-0.5220518395398349, 0.6596275592894052, -1.072365434052763, -0.6586366260356098, 1.1958858646445436, -1.0660264482625168, 1.463566923956814], "Overall Score global": [0.6491603634875591, 0.14514318492891615, 1.3025698602716185, 0.037090372209985435, -0.4276969773953706, 0.4158942643981852, -2.1221610679008904]}, "Hoffman": {"children": {}, "Difference Score global": [-0.08836029392790382, 1.679036548768739, -0.5603157405786924, 0.204258180701063, 0.8436895313156787, -0.35145540517523405, -1.7268528211036465], "Trajectory Score global": [-0.7197388671884942, 1.3219197351735397, -0.9353793899153066, -0.655745301850908, 1.569332173424439, -0.9219927519382575, 0.3416044022949912], "Overall Score global": [-0.47662459188893774, 1.7047198951835598, -0.863004092170866, -0.2785460521488394, 1.3952064862347167, -0.740838215934441, -0.7409134292752041]}}, "Difference Score global": [0.45425198882393863, 0.7147099667232025, 0.9653282057328381, 0.037009048281282354, -0.19131208754143678, 0.30477316762429796, -2.2847602896441317], "Trajectory Score global": [-0.21788419676653156, 1.4442212015041398, -0.3899547710253868, -0.26677578523369705, 1.5020918038268807, -0.6885229513067261, -1.3831753009986867], "Temporal Distribution Score global": [-0.3759482434926742, 0.47502145092104264, -0.772248789832361, -0.4743078443632892, 0.8612002797023538, -0.7676838589330298, 1.0539670059979855], "Overall Score global": [0.07182443555699125, 1.432830258686542, 0.2171481361729696, -0.19247144182097636, 0.798370784839809, -0.2946142038440774, -2.033087969591263]}, "Ecosystem Respiration": {"children": {"FLUXNET2015": {"children": {}, "Bias Score global": [0.7650574858937328, -0.800419935461092, 1.0725486649466032, 0.6451995994924224, -0.884958711338351, 0.8475358002556644, -1.6449629037889744], "Seasonal Cycle Score global": [-0.3980270277444298, 0.5037077871539841, -0.25978059612246085, -0.4805397201224637, 0.4924429526385554, -0.3780315546130564, 0.5202281588098878], "RMSE Score global": [0.6378998892634741, -1.1376771983293315, 0.9746882688287217, 0.6128508167659502, -1.1453408891641592, 0.9461902925316873, -0.8886111798963203], "Overall Score global": [0.5114805782990672, -0.7484475809161895, 0.8318117670132186, 0.4325757718477041, -0.787365737493595, 0.7021082323279859, -0.9421630310782025]}, "FLUXCOM": {"children": {},