Variables,S3_noSpit_N,S3_noSpit_noN,S3_noSpit_N_ropt,S3_Spit_N,S3_Spit_noN,S3_Spit_N_ropt,TRENDYv13_S3
Biomass,0.7056882457696808,0.672005665749194,0.7024098212606752,0.6829705426410905,0.6616416784891851,0.6834962296534618,0.6802073711012906
Gross Primary Productivity,0.6390226566970397,0.6212262809400554,0.6403680700050925,0.6392137074103313,0.6199202529003435,0.6406959548609186,0.6103907844503883
Leaf Area Index,0.5528183655304915,0.5306440299645343,0.537963514673789,0.5051001279257364,0.5087199962501233,0.49108282287309407,0.4000770739875756
Global Net Ecosystem Carbon Balance,0.6516598467813587,0.7168162970527023,0.6586170370530798,0.6302474677649437,0.6906635357433626,0.6282883842730008,0.5508898000109408
Ecosystem Respiration,0.597343203898052,0.559002636678204,0.5993974123610055,0.5940890121915191,0.5571378571376392,0.5961499077603705,0.5718773388489543
Soil Carbon,0.6539490023675858,0.6261528758360634,0.6492403175650479,0.6372575971921229,0.6079301063555439,0.630209826321295,0.6937289999919682
Burned Area,0.5197885298451906,0.5322218257750616,0.5255094168781194,0.6584432698696627,0.6422980788385295,0.6504530047302272,0.49571373878751807
