Variables,S3_noSpit_N,S3_noSpit_noN,S3_noSpit_N_ropt,S3_Spit_N,S3_Spit_noN,S3_Spit_N_ropt,TRENDYv13_S3
Biomass,0.7056882457696808,0.672005665749194,0.7024098212606752,0.6877123087119451,0.666680056034881,0.6887755446532644,0.6802073711012906
Gross Primary Productivity,0.6390226566970397,0.6212262809400554,0.6403680700050925,0.6389762824367827,0.6207151258310011,0.6404390308817167,0.6103907844503883
Leaf Area Index,0.5528183655304915,0.5306440299645343,0.537963514673789,0.5225014812310115,0.519907405023205,0.5118380472578884,0.4000770739875756
Global Net Ecosystem Carbon Balance,0.6516598467813587,0.7168162970527023,0.6586170370530798,0.6390070124593858,0.6864423438672408,0.6341170555751218,0.5508898000109408
Ecosystem Respiration,0.597343203898052,0.559002636678204,0.5993974123610055,0.5924745539889628,0.5582041256203871,0.5943463455804472,0.5718773388489543
Soil Carbon,0.6539490023675858,0.6261528758360634,0.6492403175650479,0.6373006357390005,0.6077954222952883,0.6304404748739428,0.6937289999919682
Burned Area,0.5197885298451906,0.5322218257750616,0.5255094168781194,0.6604576041812167,0.6235097557783195,0.6514009048469516,0.49571373878751807
