Variables,S3_noSpit_N,S3_noSpit_noN,S3_noSpit_N_ropt,S3_Spit_N,S3_Spit_noN,S3_Spit_N_ropt,TRENDYv13_S3
Biomass,0.7056882457696808,0.672005665749194,0.7024098212606752,0.6909271973444634,0.6603410841747305,0.6866188406734329,0.6802073711012906
Gross Primary Productivity,0.6390226566970397,0.6212262809400554,0.6403680700050925,0.6388188832772738,0.6198773942984132,0.6407822695715143,0.6103907844503883
Leaf Area Index,0.5528183655304915,0.5306440299645343,0.537963514673789,0.5254170865640461,0.5196691848739506,0.5083275832436694,0.4000770739875756
Global Net Ecosystem Carbon Balance,0.6516598467813587,0.7168162970527023,0.6586170370530798,0.6311432834930498,0.6894324987651373,0.6300520867636661,0.5508898000109408
Ecosystem Respiration,0.597343203898052,0.559002636678204,0.5993974123610055,0.5952531579672647,0.5558500888955443,0.5974320396150822,0.5718773388489543
Soil Carbon,0.6539490023675858,0.6261528758360634,0.6492403175650479,0.6400080429275771,0.6084851522074428,0.6339146354288716,0.6937289999919682
Burned Area,0.5197885298451906,0.5322218257750616,0.5255094168781194,0.6662666090853081,0.6352068496387313,0.662446534293611,0.49571373878751807
