Variables,S3_noSpit_N,S3_noSpit_noN,S3_noSpit_N_ropt,S3_Spit_N,S3_Spit_noN,S3_Spit_N_ropt,TRENDYv13_S3
Biomass,0.7056882457696808,0.672005665749194,0.7024098212606752,0.6979977102492378,0.6669920002386374,0.6952191997738774,0.6802073711012906
Gross Primary Productivity,0.6390226566970397,0.6212262809400554,0.6403680700050925,0.6385378329834147,0.6204584582909448,0.6407657555726112,0.6103907844503883
Leaf Area Index,0.5528183655304915,0.5306440299645343,0.537963514673789,0.5225883665634659,0.5151037609715424,0.5066490939773781,0.4000770739875756
Global Net Ecosystem Carbon Balance,0.6516598467813587,0.7168162970527023,0.6586170370530798,0.6361357410199553,0.6905592422319032,0.6381544946477297,0.5508898000109408
Ecosystem Respiration,0.597343203898052,0.559002636678204,0.5993974123610055,0.5929826316892299,0.5555215101115294,0.5957102710791087,0.5718773388489543
Soil Carbon,0.6539490023675858,0.6261528758360634,0.6492403175650479,0.6398922579974458,0.6083702686657559,0.6328637259497851,0.6937289999919682
Burned Area,0.5197885298451906,0.5322218257750616,0.5255094168781194,0.6739975366539522,0.6563869416015443,0.6702967641009873,0.49571373878751807
