Variables,S3_noSpit_N,S3_noSpit_noN,S3_noSpit_N_ropt,S3_Spit_N,S3_Spit_noN,S3_Spit_N_ropt,TRENDYv13_S3
Biomass,0.7056882457696808,0.672005665749194,0.7024098212606752,0.6861999949901293,0.6615774161256027,0.6854753854557811,0.6802073711012906
Gross Primary Productivity,0.6390226566970397,0.6212262809400554,0.6403680700050925,0.6391817223446932,0.6195594121762792,0.640805768362954,0.6103907844503883
Leaf Area Index,0.5528183655304915,0.5306440299645343,0.537963514673789,0.5078943294984943,0.5088464526915181,0.49316699654797463,0.4000770739875756
Global Net Ecosystem Carbon Balance,0.6516598467813587,0.7168162970527023,0.6586170370530798,0.6269557855933738,0.6909881713584314,0.6322268368176915,0.5508898000109408
Ecosystem Respiration,0.597343203898052,0.559002636678204,0.5993974123610055,0.593504336597179,0.5566503114668225,0.5958239797680668,0.5718773388489543
Soil Carbon,0.6539490023675858,0.6261528758360634,0.6492403175650479,0.6375714500596795,0.6083967743616522,0.630903190693277,0.6937289999919682
Burned Area,0.5197885298451906,0.5322218257750616,0.5255094168781194,0.661597628407341,0.6439733806478123,0.6540801238220315,0.49571373878751807
