"Section","Variable","Source","Model","ScalarName","AnalysisType","Region","ScalarType","Units","Data","Weight"
"HydrologyCycle","BurnedArea","GFED4.1S","TRENDYv13_CRU_S3","Benchmark Period Mean (intersection)","MeanState","global","scalar","%","0.331542","75.0"
"HydrologyCycle","BurnedArea","GFED4.1S","TRENDYv13_CRU_S3","Benchmark Period Mean (complement)","MeanState","global","scalar","%","0.0340364","75.0"
"HydrologyCycle","BurnedArea","GFED4.1S","TRENDYv13_CRU_S3","Period Mean (original grids)","MeanState","global","scalar","%","0.973449","75.0"
"HydrologyCycle","BurnedArea","GFED4.1S","TRENDYv13_CRU_S3","Model Period Mean (intersection)","MeanState","global","scalar","%","1.0871","75.0"
"HydrologyCycle","BurnedArea","GFED4.1S","TRENDYv13_CRU_S3","Model Period Mean (complement)","MeanState","global","scalar","%","0.105414","75.0"
"HydrologyCycle","BurnedArea","GFED4.1S","TRENDYv13_CRU_S3","Spatial Distribution Score","MeanState","global","score","1","0.216548","75.0"
"HydrologyCycle","BurnedArea","GFED4.1S","TRENDYv13_CRU_S3","Phase Shift","MeanState","global","scalar","months","3.23362","75.0"
"HydrologyCycle","BurnedArea","GFED4.1S","TRENDYv13_CRU_S3","Seasonal Cycle Score","MeanState","global","score","1","0.451383","75.0"
"HydrologyCycle","BurnedArea","GFED4.1S","TRENDYv13_CRU_S3","Bias","MeanState","global","scalar","%","0.755554","75.0"
"HydrologyCycle","BurnedArea","GFED4.1S","TRENDYv13_CRU_S3","Bias Score","MeanState","global","score","1","0.477363","75.0"
"HydrologyCycle","BurnedArea","GFED4.1S","TRENDYv13_CRU_S3","RMSE","MeanState","global","scalar","%","1.37408","75.0"
"HydrologyCycle","BurnedArea","GFED4.1S","TRENDYv13_CRU_S3","RMSE Score","MeanState","global","score","1","0.666637","75.0"
"HydrologyCycle","BurnedArea","GFED4.1S","TRENDYv13_CRU_S3","Overall Score","MeanState","global","score","1","0.495714","75.0"
"HydrologyCycle","BurnedArea","GFED4.1S","TRENDYv14_CRU_S3","Benchmark Period Mean (intersection)","MeanState","global","scalar","%","0.331542","75.0"
"HydrologyCycle","BurnedArea","GFED4.1S","TRENDYv14_CRU_S3","Benchmark Period Mean (complement)","MeanState","global","scalar","%","0.0340364","75.0"
"HydrologyCycle","BurnedArea","GFED4.1S","TRENDYv14_CRU_S3","Period Mean (original grids)","MeanState","global","scalar","%","0.10928","75.0"
"HydrologyCycle","BurnedArea","GFED4.1S","TRENDYv14_CRU_S3","Model Period Mean (intersection)","MeanState","global","scalar","%","0.119337","75.0"
"HydrologyCycle","BurnedArea","GFED4.1S","TRENDYv14_CRU_S3","Model Period Mean (complement)","MeanState","global","scalar","%","0.0324667","75.0"
"HydrologyCycle","BurnedArea","GFED4.1S","TRENDYv14_CRU_S3","Spatial Distribution Score","MeanState","global","score","1","0.213599","75.0"
"HydrologyCycle","BurnedArea","GFED4.1S","TRENDYv14_CRU_S3","Phase Shift","MeanState","global","scalar","months","3.23362","75.0"
"HydrologyCycle","BurnedArea","GFED4.1S","TRENDYv14_CRU_S3","Seasonal Cycle Score","MeanState","global","score","1","0.451383","75.0"
"HydrologyCycle","BurnedArea","GFED4.1S","TRENDYv14_CRU_S3","Bias","MeanState","global","scalar","%","-0.212206","75.0"
"HydrologyCycle","BurnedArea","GFED4.1S","TRENDYv14_CRU_S3","Bias Score","MeanState","global","score","1","0.665013","75.0"
"HydrologyCycle","BurnedArea","GFED4.1S","TRENDYv14_CRU_S3","RMSE","MeanState","global","scalar","%","0.670884","75.0"
"HydrologyCycle","BurnedArea","GFED4.1S","TRENDYv14_CRU_S3","RMSE Score","MeanState","global","score","1","0.666637","75.0"
"HydrologyCycle","BurnedArea","GFED4.1S","TRENDYv14_CRU_S3","Overall Score","MeanState","global","score","1","0.532654","75.0"
"HydrologyCycle","BurnedArea","GFED4.1S","TRENDY_CRUJRAv15_S3_fbc7d07","Benchmark Period Mean (intersection)","MeanState","global","scalar","%","0.331542","75.0"
"HydrologyCycle","BurnedArea","GFED4.1S","TRENDY_CRUJRAv15_S3_fbc7d07","Benchmark Period Mean (complement)","MeanState","global","scalar","%","0.0340364","75.0"
"HydrologyCycle","BurnedArea","GFED4.1S","TRENDY_CRUJRAv15_S3_fbc7d07","Period Mean (original grids)","MeanState","global","scalar","%","0.0712106","75.0"
"HydrologyCycle","BurnedArea","GFED4.1S","TRENDY_CRUJRAv15_S3_fbc7d07","Model Period Mean (intersection)","MeanState","global","scalar","%","0.0792345","75.0"
"HydrologyCycle","BurnedArea","GFED4.1S","TRENDY_CRUJRAv15_S3_fbc7d07","Model Period Mean (complement)","MeanState","global","scalar","%","0.00992427","75.0"
"HydrologyCycle","BurnedArea","GFED4.1S","TRENDY_CRUJRAv15_S3_fbc7d07","Spatial Distribution Score","MeanState","global","score","1","0.118953","75.0"
"HydrologyCycle","BurnedArea","GFED4.1S","TRENDY_CRUJRAv15_S3_fbc7d07","Phase Shift","MeanState","global","scalar","months","3.23362","75.0"
"HydrologyCycle","BurnedArea","GFED4.1S","TRENDY_CRUJRAv15_S3_fbc7d07","Seasonal Cycle Score","MeanState","global","score","1","0.451383","75.0"
"HydrologyCycle","BurnedArea","GFED4.1S","TRENDY_CRUJRAv15_S3_fbc7d07","Bias","MeanState","global","scalar","%","-0.252308","75.0"
"HydrologyCycle","BurnedArea","GFED4.1S","TRENDY_CRUJRAv15_S3_fbc7d07","Bias Score","MeanState","global","score","1","0.698013","75.0"
"HydrologyCycle","BurnedArea","GFED4.1S","TRENDY_CRUJRAv15_S3_fbc7d07","RMSE","MeanState","global","scalar","%","0.641337","75.0"
"HydrologyCycle","BurnedArea","GFED4.1S","TRENDY_CRUJRAv15_S3_fbc7d07","RMSE Score","MeanState","global","score","1","0.666637","75.0"
"HydrologyCycle","BurnedArea","GFED4.1S","TRENDY_CRUJRAv15_S3_fbc7d07","Overall Score","MeanState","global","score","1","0.520325","75.0"
"HydrologyCycle","BurnedArea","GFED4.1S","TRENDY_CRU_S3_7a1fa06","Benchmark Period Mean (intersection)","MeanState","global","scalar","%","0.331542","75.0"
"HydrologyCycle","BurnedArea","GFED4.1S","TRENDY_CRU_S3_7a1fa06","Benchmark Period Mean (complement)","MeanState","global","scalar","%","0.0340364","75.0"
"HydrologyCycle","BurnedArea","GFED4.1S","TRENDY_CRU_S3_7a1fa06","Period Mean (original grids)","MeanState","global","scalar","%","0.0727639","75.0"
"HydrologyCycle","BurnedArea","GFED4.1S","TRENDY_CRU_S3_7a1fa06","Model Period Mean (intersection)","MeanState","global","scalar","%","0.0807968","75.0"
"HydrologyCycle","BurnedArea","GFED4.1S","TRENDY_CRU_S3_7a1fa06","Model Period Mean (complement)","MeanState","global","scalar","%","0.0114085","75.0"
"HydrologyCycle","BurnedArea","GFED4.1S","TRENDY_CRU_S3_7a1fa06","Spatial Distribution Score","MeanState","global","score","1","0.123364","75.0"
"HydrologyCycle","BurnedArea","GFED4.1S","TRENDY_CRU_S3_7a1fa06","Phase Shift","MeanState","global","scalar","months","3.23362","75.0"
"HydrologyCycle","BurnedArea","GFED4.1S","TRENDY_CRU_S3_7a1fa06","Seasonal Cycle Score","MeanState","global","score","1","0.451383","75.0"
"HydrologyCycle","BurnedArea","GFED4.1S","TRENDY_CRU_S3_7a1fa06","Bias","MeanState","global","scalar","%","-0.250745","75.0"
"HydrologyCycle","BurnedArea","GFED4.1S","TRENDY_CRU_S3_7a1fa06","Bias Score","MeanState","global","score","1","0.694548","75.0"
"HydrologyCycle","BurnedArea","GFED4.1S","TRENDY_CRU_S3_7a1fa06","RMSE","MeanState","global","scalar","%","0.648129","75.0"
"HydrologyCycle","BurnedArea","GFED4.1S","TRENDY_CRU_S3_7a1fa06","RMSE Score","MeanState","global","score","1","0.666637","75.0"
"HydrologyCycle","BurnedArea","GFED4.1S","TRENDY_CRU_S3_7a1fa06","Overall Score","MeanState","global","score","1","0.520514","75.0"
"HydrologyCycle","BurnedArea","GFED4.1S","ERA5_CH4_fbc7d07","Benchmark Period Mean (intersection)","MeanState","global","scalar","%","0.331542","75.0"
"HydrologyCycle","BurnedArea","GFED4.1S","ERA5_CH4_fbc7d07","Benchmark Period Mean (complement)","MeanState","global","scalar","%","0.0340364","75.0"
"HydrologyCycle","BurnedArea","GFED4.1S","ERA5_CH4_fbc7d07","Period Mean (original grids)","MeanState","global","scalar","%","0.122759","75.0"
"HydrologyCycle","BurnedArea","GFED4.1S","ERA5_CH4_fbc7d07","Model Period Mean (intersection)","MeanState","global","scalar","%","0.13713","75.0"
"HydrologyCycle","BurnedArea","GFED4.1S","ERA5_CH4_fbc7d07","Model Period Mean (complement)","MeanState","global","scalar","%","0.0129934","75.0"
"HydrologyCycle","BurnedArea","GFED4.1S","ERA5_CH4_fbc7d07","Spatial Distribution Score","MeanState","global","score","1","0.264697","75.0"
"HydrologyCycle","BurnedArea","GFED4.1S","ERA5_CH4_fbc7d07","Phase Shift","MeanState","global","scalar","months","3.23362","75.0"
"HydrologyCycle","BurnedArea","GFED4.1S","ERA5_CH4_fbc7d07","Seasonal Cycle Score","MeanState","global","score","1","0.451383","75.0"
"HydrologyCycle","BurnedArea","GFED4.1S","ERA5_CH4_fbc7d07","Bias","MeanState","global","scalar","%","-0.194412","75.0"
"HydrologyCycle","BurnedArea","GFED4.1S","ERA5_CH4_fbc7d07","Bias Score","MeanState","global","score","1","0.636233","75.0"
"HydrologyCycle","BurnedArea","GFED4.1S","ERA5_CH4_fbc7d07","RMSE","MeanState","global","scalar","%","0.66052","75.0"
"HydrologyCycle","BurnedArea","GFED4.1S","ERA5_CH4_fbc7d07","RMSE Score","MeanState","global","score","1","0.666637","75.0"
"HydrologyCycle","BurnedArea","GFED4.1S","ERA5_CH4_fbc7d07","Overall Score","MeanState","global","score","1","0.537117","75.0"
"HydrologyCycle","BurnedArea","GFED4.1S","TRENDYv15_CRU410_S3","Benchmark Period Mean (intersection)","MeanState","global","scalar","%","0.331542","75.0"
"HydrologyCycle","BurnedArea","GFED4.1S","TRENDYv15_CRU410_S3","Benchmark Period Mean (complement)","MeanState","global","scalar","%","0.0340364","75.0"
"HydrologyCycle","BurnedArea","GFED4.1S","TRENDYv15_CRU410_S3","Period Mean (original grids)","MeanState","global","scalar","%","0.0818103","75.0"
"HydrologyCycle","BurnedArea","GFED4.1S","TRENDYv15_CRU410_S3","Model Period Mean (intersection)","MeanState","global","scalar","%","0.091287","75.0"
"HydrologyCycle","BurnedArea","GFED4.1S","TRENDYv15_CRU410_S3","Model Period Mean (complement)","MeanState","global","scalar","%","0.00942735","75.0"
"HydrologyCycle","BurnedArea","GFED4.1S","TRENDYv15_CRU410_S3","Spatial Distribution Score","MeanState","global","score","1","0.147153","75.0"
"HydrologyCycle","BurnedArea","GFED4.1S","TRENDYv15_CRU410_S3","Phase Shift","MeanState","global","scalar","months","3.23362","75.0"
"HydrologyCycle","BurnedArea","GFED4.1S","TRENDYv15_CRU410_S3","Seasonal Cycle Score","MeanState","global","score","1","0.451383","75.0"
"HydrologyCycle","BurnedArea","GFED4.1S","TRENDYv15_CRU410_S3","Bias","MeanState","global","scalar","%","-0.240255","75.0"
"HydrologyCycle","BurnedArea","GFED4.1S","TRENDYv15_CRU410_S3","Bias Score","MeanState","global","score","1","0.686815","75.0"
"HydrologyCycle","BurnedArea","GFED4.1S","TRENDYv15_CRU410_S3","RMSE","MeanState","global","scalar","%","0.649317","75.0"
"HydrologyCycle","BurnedArea","GFED4.1S","TRENDYv15_CRU410_S3","RMSE Score","MeanState","global","score","1","0.666637","75.0"
"HydrologyCycle","BurnedArea","GFED4.1S","TRENDYv15_CRU410_S3","Overall Score","MeanState","global","score","1","0.523725","75.0"
"HydrologyCycle","BurnedArea","GFED4.1S","MERRA2_CH4_fbc7d07","Benchmark Period Mean (intersection)","MeanState","global","scalar","%","0.331542","75.0"
"HydrologyCycle","BurnedArea","GFED4.1S","MERRA2_CH4_fbc7d07","Benchmark Period Mean (complement)","MeanState","global","scalar","%","0.0340364","75.0"
"HydrologyCycle","BurnedArea","GFED4.1S","MERRA2_CH4_fbc7d07","Period Mean (original grids)","MeanState","global","scalar","%","0.128664","75.0"
"HydrologyCycle","BurnedArea","GFED4.1S","MERRA2_CH4_fbc7d07","Model Period Mean (intersection)","MeanState","global","scalar","%","0.143195","75.0"
"HydrologyCycle","BurnedArea","GFED4.1S","MERRA2_CH4_fbc7d07","Model Period Mean (complement)","MeanState","global","scalar","%","0.017676","75.0"
"HydrologyCycle","BurnedArea","GFED4.1S","MERRA2_CH4_fbc7d07","Spatial Distribution Score","MeanState","global","score","1","0.253326","75.0"
"HydrologyCycle","BurnedArea","GFED4.1S","MERRA2_CH4_fbc7d07","Phase Shift","MeanState","global","scalar","months","3.23362","75.0"
"HydrologyCycle","BurnedArea","GFED4.1S","MERRA2_CH4_fbc7d07","Seasonal Cycle Score","MeanState","global","score","1","0.451383","75.0"
"HydrologyCycle","BurnedArea","GFED4.1S","MERRA2_CH4_fbc7d07","Bias","MeanState","global","scalar","%","-0.188347","75.0"
"HydrologyCycle","BurnedArea","GFED4.1S","MERRA2_CH4_fbc7d07","Bias Score","MeanState","global","score","1","0.617969","75.0"
"HydrologyCycle","BurnedArea","GFED4.1S","MERRA2_CH4_fbc7d07","RMSE","MeanState","global","scalar","%","0.668948","75.0"
"HydrologyCycle","BurnedArea","GFED4.1S","MERRA2_CH4_fbc7d07","RMSE Score","MeanState","global","score","1","0.666637","75.0"
"HydrologyCycle","BurnedArea","GFED4.1S","MERRA2_CH4_fbc7d07","Overall Score","MeanState","global","score","1","0.53119","75.0"
"HydrologyCycle","BurnedArea","GFED4.1S","NMIP3_SH1_fbc7d07","Benchmark Period Mean (intersection)","MeanState","global","scalar","%","0.331542","75.0"
"HydrologyCycle","BurnedArea","GFED4.1S","NMIP3_SH1_fbc7d07","Benchmark Period Mean (complement)","MeanState","global","scalar","%","0.0340364","75.0"
"HydrologyCycle","BurnedArea","GFED4.1S","NMIP3_SH1_fbc7d07","Period Mean (original grids)","MeanState","global","scalar","%","0.499764","75.0"
"HydrologyCycle","BurnedArea","GFED4.1S","NMIP3_SH1_fbc7d07","Model Period Mean (intersection)","MeanState","global","scalar","%","0.561439","75.0"
"HydrologyCycle","BurnedArea","GFED4.1S","NMIP3_SH1_fbc7d07","Model Period Mean (complement)","MeanState","global","scalar","%","0.0286937","75.0"
"HydrologyCycle","BurnedArea","GFED4.1S","NMIP3_SH1_fbc7d07","Spatial Distribution Score","MeanState","global","score","1","0.654676","75.0"
"HydrologyCycle","BurnedArea","GFED4.1S","NMIP3_SH1_fbc7d07","Phase Shift","MeanState","global","scalar","months","3.23362","75.0"
"HydrologyCycle","BurnedArea","GFED4.1S","NMIP3_SH1_fbc7d07","Seasonal Cycle Score","MeanState","global","score","1","0.451383","75.0"
"HydrologyCycle","BurnedArea","GFED4.1S","NMIP3_SH1_fbc7d07","Bias","MeanState","global","scalar","%","0.229896","75.0"
"HydrologyCycle","BurnedArea","GFED4.1S","NMIP3_SH1_fbc7d07","Bias Score","MeanState","global","score","1","0.68857","75.0"
"HydrologyCycle","BurnedArea","GFED4.1S","NMIP3_SH1_fbc7d07","RMSE","MeanState","global","scalar","%","0.820456","75.0"
"HydrologyCycle","BurnedArea","GFED4.1S","NMIP3_SH1_fbc7d07","RMSE Score","MeanState","global","score","1","0.666637","75.0"
"HydrologyCycle","BurnedArea","GFED4.1S","NMIP3_SH1_fbc7d07","Overall Score","MeanState","global","score","1","0.625581","75.0"
"HydrologyCycle","BurnedArea","GFED4.1S","JRA3Q_CH4_fbc7d07","Benchmark Period Mean (intersection)","MeanState","global","scalar","%","0.331542","75.0"
"HydrologyCycle","BurnedArea","GFED4.1S","JRA3Q_CH4_fbc7d07","Benchmark Period Mean (complement)","MeanState","global","scalar","%","0.0340364","75.0"
"HydrologyCycle","BurnedArea","GFED4.1S","JRA3Q_CH4_fbc7d07","Period Mean (original grids)","MeanState","global","scalar","%","0.112809","75.0"
"HydrologyCycle","BurnedArea","GFED4.1S","JRA3Q_CH4_fbc7d07","Model Period Mean (intersection)","MeanState","global","scalar","%","0.125489","75.0"
"HydrologyCycle","BurnedArea","GFED4.1S","JRA3Q_CH4_fbc7d07","Model Period Mean (complement)","MeanState","global","scalar","%","0.0159576","75.0"
"HydrologyCycle","BurnedArea","GFED4.1S","JRA3Q_CH4_fbc7d07","Spatial Distribution Score","MeanState","global","score","1","0.219405","75.0"
"HydrologyCycle","BurnedArea","GFED4.1S","JRA3Q_CH4_fbc7d07","Phase Shift","MeanState","global","scalar","months","3.23362","75.0"
"HydrologyCycle","BurnedArea","GFED4.1S","JRA3Q_CH4_fbc7d07","Seasonal Cycle Score","MeanState","global","score","1","0.451383","75.0"
"HydrologyCycle","BurnedArea","GFED4.1S","JRA3Q_CH4_fbc7d07","Bias","MeanState","global","scalar","%","-0.206053","75.0"
"HydrologyCycle","BurnedArea","GFED4.1S","JRA3Q_CH4_fbc7d07","Bias Score","MeanState","global","score","1","0.630802","75.0"
"HydrologyCycle","BurnedArea","GFED4.1S","JRA3Q_CH4_fbc7d07","RMSE","MeanState","global","scalar","%","0.667464","75.0"
"HydrologyCycle","BurnedArea","GFED4.1S","JRA3Q_CH4_fbc7d07","RMSE Score","MeanState","global","score","1","0.666637","75.0"
"HydrologyCycle","BurnedArea","GFED4.1S","JRA3Q_CH4_fbc7d07","Overall Score","MeanState","global","score","1","0.526973","75.0"
"HydrologyCycle","Runoff","LORA","TRENDY_CRUJRAv15_S3_fbc7d07","Benchmark Period Mean (intersection)","MeanState","global","scalar","mm d-1","0.816857","75.0"
"HydrologyCycle","Runoff","LORA","TRENDY_CRUJRAv15_S3_fbc7d07","Benchmark Period Mean (complement)","MeanState","global","scalar","mm d-1","0.815953","75.0"
"HydrologyCycle","Runoff","LORA","TRENDY_CRUJRAv15_S3_fbc7d07","Period Mean (original grids)","MeanState","global","scalar","mm d-1","0.78219","75.0"
"HydrologyCycle","Runoff","LORA","TRENDY_CRUJRAv15_S3_fbc7d07","Model Period Mean (intersection)","MeanState","global","scalar","mm d-1","0.741895","75.0"
"HydrologyCycle","Runoff","LORA","TRENDY_CRUJRAv15_S3_fbc7d07","Model Period Mean (complement)","MeanState","global","scalar","mm d-1","1.36878","75.0"
"HydrologyCycle","Runoff","LORA","TRENDY_CRUJRAv15_S3_fbc7d07","Spatial Distribution Score","MeanState","global","score","1","0.926962","75.0"
"HydrologyCycle","Runoff","LORA","TRENDY_CRUJRAv15_S3_fbc7d07","Phase Shift","MeanState","global","scalar","months","1.10025","75.0"
"HydrologyCycle","Runoff","LORA","TRENDY_CRUJRAv15_S3_fbc7d07","Seasonal Cycle Score","MeanState","global","score","1","0.883723","75.0"
"HydrologyCycle","Runoff","LORA","TRENDY_CRUJRAv15_S3_fbc7d07","Bias","MeanState","global","scalar","mm d-1","-0.0749623","75.0"
"HydrologyCycle","Runoff","LORA","TRENDY_CRUJRAv15_S3_fbc7d07","Bias Score","MeanState","global","score","1","0.659167","75.0"
"HydrologyCycle","Runoff","LORA","TRENDY_CRUJRAv15_S3_fbc7d07","RMSE","MeanState","global","scalar","mm d-1","0.676667","75.0"
"HydrologyCycle","Runoff","LORA","TRENDY_CRUJRAv15_S3_fbc7d07","RMSE Score","MeanState","global","score","1","0.529244","75.0"
"HydrologyCycle","Runoff","LORA","TRENDY_CRUJRAv15_S3_fbc7d07","Overall Score","MeanState","global","score","1","0.705668","75.0"
"HydrologyCycle","Runoff","LORA","TRENDYv15_CRU410_S3","Benchmark Period Mean (intersection)","MeanState","global","scalar","mm d-1","0.816857","75.0"
"HydrologyCycle","Runoff","LORA","TRENDYv15_CRU410_S3","Benchmark Period Mean (complement)","MeanState","global","scalar","mm d-1","0.815953","75.0"
"HydrologyCycle","Runoff","LORA","TRENDYv15_CRU410_S3","Period Mean (original grids)","MeanState","global","scalar","mm d-1","0.955194","75.0"
"HydrologyCycle","Runoff","LORA","TRENDYv15_CRU410_S3","Model Period Mean (intersection)","MeanState","global","scalar","mm d-1","0.91074","75.0"
"HydrologyCycle","Runoff","LORA","TRENDYv15_CRU410_S3","Model Period Mean (complement)","MeanState","global","scalar","mm d-1","1.60233","75.0"
"HydrologyCycle","Runoff","LORA","TRENDYv15_CRU410_S3","Spatial Distribution Score","MeanState","global","score","1","0.937319","75.0"
"HydrologyCycle","Runoff","LORA","TRENDYv15_CRU410_S3","Phase Shift","MeanState","global","scalar","months","1.04571","75.0"
"HydrologyCycle","Runoff","LORA","TRENDYv15_CRU410_S3","Seasonal Cycle Score","MeanState","global","score","1","0.894257","75.0"
"HydrologyCycle","Runoff","LORA","TRENDYv15_CRU410_S3","Bias","MeanState","global","scalar","mm d-1","0.0938828","75.0"
"HydrologyCycle","Runoff","LORA","TRENDYv15_CRU410_S3","Bias Score","MeanState","global","score","1","0.651866","75.0"
"HydrologyCycle","Runoff","LORA","TRENDYv15_CRU410_S3","RMSE","MeanState","global","scalar","mm d-1","0.814007","75.0"
"HydrologyCycle","Runoff","LORA","TRENDYv15_CRU410_S3","RMSE Score","MeanState","global","score","1","0.476319","75.0"
"HydrologyCycle","Runoff","LORA","TRENDYv15_CRU410_S3","Overall Score","MeanState","global","score","1","0.687216","75.0"
"HydrologyCycle","Runoff","LORA","MERRA2_CH4_fbc7d07","Benchmark Period Mean (intersection)","MeanState","global","scalar","mm d-1","0.816857","75.0"
"HydrologyCycle","Runoff","LORA","MERRA2_CH4_fbc7d07","Benchmark Period Mean (complement)","MeanState","global","scalar","mm d-1","0.815953","75.0"
"HydrologyCycle","Runoff","LORA","MERRA2_CH4_fbc7d07","Period Mean (original grids)","MeanState","global","scalar","mm d-1","0.830258","75.0"
"HydrologyCycle","Runoff","LORA","MERRA2_CH4_fbc7d07","Model Period Mean (intersection)","MeanState","global","scalar","mm d-1","0.788279","75.0"
"HydrologyCycle","Runoff","LORA","MERRA2_CH4_fbc7d07","Model Period Mean (complement)","MeanState","global","scalar","mm d-1","1.44138","75.0"
"HydrologyCycle","Runoff","LORA","MERRA2_CH4_fbc7d07","Spatial Distribution Score","MeanState","global","score","1","0.858396","75.0"
"HydrologyCycle","Runoff","LORA","MERRA2_CH4_fbc7d07","Phase Shift","MeanState","global","scalar","months","1.09812","75.0"
"HydrologyCycle","Runoff","LORA","MERRA2_CH4_fbc7d07","Seasonal Cycle Score","MeanState","global","score","1","0.871595","75.0"
"HydrologyCycle","Runoff","LORA","MERRA2_CH4_fbc7d07","Bias","MeanState","global","scalar","mm d-1","-0.0285783","75.0"
"HydrologyCycle","Runoff","LORA","MERRA2_CH4_fbc7d07","Bias Score","MeanState","global","score","1","0.621058","75.0"
"HydrologyCycle","Runoff","LORA","MERRA2_CH4_fbc7d07","RMSE","MeanState","global","scalar","mm d-1","0.778464","75.0"
"HydrologyCycle","Runoff","LORA","MERRA2_CH4_fbc7d07","RMSE Score","MeanState","global","score","1","0.506138","75.0"
"HydrologyCycle","Runoff","LORA","MERRA2_CH4_fbc7d07","Overall Score","MeanState","global","score","1","0.672665","75.0"
"HydrologyCycle","Runoff","LORA","JRA3Q_CH4_fbc7d07","Benchmark Period Mean (intersection)","MeanState","global","scalar","mm d-1","0.816857","75.0"
"HydrologyCycle","Runoff","LORA","JRA3Q_CH4_fbc7d07","Benchmark Period Mean (complement)","MeanState","global","scalar","mm d-1","0.815953","75.0"
"HydrologyCycle","Runoff","LORA","JRA3Q_CH4_fbc7d07","Period Mean (original grids)","MeanState","global","scalar","mm d-1","1.05084","75.0"
"HydrologyCycle","Runoff","LORA","JRA3Q_CH4_fbc7d07","Model Period Mean (intersection)","MeanState","global","scalar","mm d-1","1.01843","75.0"
"HydrologyCycle","Runoff","LORA","JRA3Q_CH4_fbc7d07","Model Period Mean (complement)","MeanState","global","scalar","mm d-1","1.52266","75.0"
"HydrologyCycle","Runoff","LORA","JRA3Q_CH4_fbc7d07","Spatial Distribution Score","MeanState","global","score","1","0.89419","75.0"
"HydrologyCycle","Runoff","LORA","JRA3Q_CH4_fbc7d07","Phase Shift","MeanState","global","scalar","months","1.2269","75.0"
"HydrologyCycle","Runoff","LORA","JRA3Q_CH4_fbc7d07","Seasonal Cycle Score","MeanState","global","score","1","0.851791","75.0"
"HydrologyCycle","Runoff","LORA","JRA3Q_CH4_fbc7d07","Bias","MeanState","global","scalar","mm d-1","0.201576","75.0"
"HydrologyCycle","Runoff","LORA","JRA3Q_CH4_fbc7d07","Bias Score","MeanState","global","score","1","0.62009","75.0"
"HydrologyCycle","Runoff","LORA","JRA3Q_CH4_fbc7d07","RMSE","MeanState","global","scalar","mm d-1","0.936926","75.0"
"HydrologyCycle","Runoff","LORA","JRA3Q_CH4_fbc7d07","RMSE Score","MeanState","global","score","1","0.461889","75.0"
"HydrologyCycle","Runoff","LORA","JRA3Q_CH4_fbc7d07","Overall Score","MeanState","global","score","1","0.65797","75.0"
"HydrologyCycle","Runoff","LORA","NMIP3_SH1_fbc7d07","Benchmark Period Mean (intersection)","MeanState","global","scalar","mm d-1","0.816857","75.0"
"HydrologyCycle","Runoff","LORA","NMIP3_SH1_fbc7d07","Benchmark Period Mean (complement)","MeanState","global","scalar","mm d-1","0.815953","75.0"
"HydrologyCycle","Runoff","LORA","NMIP3_SH1_fbc7d07","Period Mean (original grids)","MeanState","global","scalar","mm d-1","0.777925","75.0"
"HydrologyCycle","Runoff","LORA","NMIP3_SH1_fbc7d07","Model Period Mean (intersection)","MeanState","global","scalar","mm d-1","0.738108","75.0"
"HydrologyCycle","Runoff","LORA","NMIP3_SH1_fbc7d07","Model Period Mean (complement)","MeanState","global","scalar","mm d-1","1.35757","75.0"
"HydrologyCycle","Runoff","LORA","NMIP3_SH1_fbc7d07","Spatial Distribution Score","MeanState","global","score","1","0.925309","75.0"
"HydrologyCycle","Runoff","LORA","NMIP3_SH1_fbc7d07","Phase Shift","MeanState","global","scalar","months","1.08373","75.0"
"HydrologyCycle","Runoff","LORA","NMIP3_SH1_fbc7d07","Seasonal Cycle Score","MeanState","global","score","1","0.886864","75.0"
"HydrologyCycle","Runoff","LORA","NMIP3_SH1_fbc7d07","Bias","MeanState","global","scalar","mm d-1","-0.0787493","75.0"
"HydrologyCycle","Runoff","LORA","NMIP3_SH1_fbc7d07","Bias Score","MeanState","global","score","1","0.658292","75.0"
"HydrologyCycle","Runoff","LORA","NMIP3_SH1_fbc7d07","RMSE","MeanState","global","scalar","mm d-1","0.670856","75.0"
"HydrologyCycle","Runoff","LORA","NMIP3_SH1_fbc7d07","RMSE Score","MeanState","global","score","1","0.532959","75.0"
"HydrologyCycle","Runoff","LORA","NMIP3_SH1_fbc7d07","Overall Score","MeanState","global","score","1","0.707276","75.0"
"HydrologyCycle","Runoff","LORA","ERA5_CH4_fbc7d07","Benchmark Period Mean (intersection)","MeanState","global","scalar","mm d-1","0.816857","75.0"
"HydrologyCycle","Runoff","LORA","ERA5_CH4_fbc7d07","Benchmark Period Mean (complement)","MeanState","global","scalar","mm d-1","0.815953","75.0"
"HydrologyCycle","Runoff","LORA","ERA5_CH4_fbc7d07","Period Mean (original grids)","MeanState","global","scalar","mm d-1","1.10481","75.0"
"HydrologyCycle","Runoff","LORA","ERA5_CH4_fbc7d07","Model Period Mean (intersection)","MeanState","global","scalar","mm d-1","1.06626","75.0"
"HydrologyCycle","Runoff","LORA","ERA5_CH4_fbc7d07","Model Period Mean (complement)","MeanState","global","scalar","mm d-1","1.66597","75.0"
"HydrologyCycle","Runoff","LORA","ERA5_CH4_fbc7d07","Spatial Distribution Score","MeanState","global","score","1","0.828998","75.0"
"HydrologyCycle","Runoff","LORA","ERA5_CH4_fbc7d07","Phase Shift","MeanState","global","scalar","months","1.18277","75.0"
"HydrologyCycle","Runoff","LORA","ERA5_CH4_fbc7d07","Seasonal Cycle Score","MeanState","global","score","1","0.86945","75.0"
"HydrologyCycle","Runoff","LORA","ERA5_CH4_fbc7d07","Bias","MeanState","global","scalar","mm d-1","0.249403","75.0"
"HydrologyCycle","Runoff","LORA","ERA5_CH4_fbc7d07","Bias Score","MeanState","global","score","1","0.63567","75.0"
"HydrologyCycle","Runoff","LORA","ERA5_CH4_fbc7d07","RMSE","MeanState","global","scalar","mm d-1","0.908526","75.0"
"HydrologyCycle","Runoff","LORA","ERA5_CH4_fbc7d07","RMSE Score","MeanState","global","score","1","0.467924","75.0"
"HydrologyCycle","Runoff","LORA","ERA5_CH4_fbc7d07","Overall Score","MeanState","global","score","1","0.653993","75.0"
"HydrologyCycle","Runoff","LORA","TRENDY_CRU_S3_7a1fa06","Benchmark Period Mean (intersection)","MeanState","global","scalar","mm d-1","0.816857","75.0"
"HydrologyCycle","Runoff","LORA","TRENDY_CRU_S3_7a1fa06","Benchmark Period Mean (complement)","MeanState","global","scalar","mm d-1","0.815953","75.0"
"HydrologyCycle","Runoff","LORA","TRENDY_CRU_S3_7a1fa06","Period Mean (original grids)","MeanState","global","scalar","mm d-1","0.928951","75.0"
"HydrologyCycle","Runoff","LORA","TRENDY_CRU_S3_7a1fa06","Model Period Mean (intersection)","MeanState","global","scalar","mm d-1","0.884023","75.0"
"HydrologyCycle","Runoff","LORA","TRENDY_CRU_S3_7a1fa06","Model Period Mean (complement)","MeanState","global","scalar","mm d-1","1.58299","75.0"
"HydrologyCycle","Runoff","LORA","TRENDY_CRU_S3_7a1fa06","Spatial Distribution Score","MeanState","global","score","1","0.938573","75.0"
"HydrologyCycle","Runoff","LORA","TRENDY_CRU_S3_7a1fa06","Phase Shift","MeanState","global","scalar","months","1.0509","75.0"
"HydrologyCycle","Runoff","LORA","TRENDY_CRU_S3_7a1fa06","Seasonal Cycle Score","MeanState","global","score","1","0.892529","75.0"
"HydrologyCycle","Runoff","LORA","TRENDY_CRU_S3_7a1fa06","Bias","MeanState","global","scalar","mm d-1","0.0671661","75.0"
"HydrologyCycle","Runoff","LORA","TRENDY_CRU_S3_7a1fa06","Bias Score","MeanState","global","score","1","0.655314","75.0"
"HydrologyCycle","Runoff","LORA","TRENDY_CRU_S3_7a1fa06","RMSE","MeanState","global","scalar","mm d-1","0.792538","75.0"
"HydrologyCycle","Runoff","LORA","TRENDY_CRU_S3_7a1fa06","RMSE Score","MeanState","global","score","1","0.481548","75.0"
"HydrologyCycle","Runoff","LORA","TRENDY_CRU_S3_7a1fa06","Overall Score","MeanState","global","score","1","0.689903","75.0"
"HydrologyCycle","Runoff","LORA","TRENDYv14_CRU_S3","Benchmark Period Mean (intersection)","MeanState","global","scalar","mm d-1","0.816857","75.0"
"HydrologyCycle","Runoff","LORA","TRENDYv14_CRU_S3","Benchmark Period Mean (complement)","MeanState","global","scalar","mm d-1","0.815953","75.0"
"HydrologyCycle","Runoff","LORA","TRENDYv14_CRU_S3","Period Mean (original grids)","MeanState","global","scalar","mm d-1","0.961634","75.0"
"HydrologyCycle","Runoff","LORA","TRENDYv14_CRU_S3","Model Period Mean (intersection)","MeanState","global","scalar","mm d-1","0.917101","75.0"
"HydrologyCycle","Runoff","LORA","TRENDYv14_CRU_S3","Model Period Mean (complement)","MeanState","global","scalar","mm d-1","1.60993","75.0"
"HydrologyCycle","Runoff","LORA","TRENDYv14_CRU_S3","Spatial Distribution Score","MeanState","global","score","1","0.939558","75.0"
"HydrologyCycle","Runoff","LORA","TRENDYv14_CRU_S3","Phase Shift","MeanState","global","scalar","months","1.10278","75.0"
"HydrologyCycle","Runoff","LORA","TRENDYv14_CRU_S3","Seasonal Cycle Score","MeanState","global","score","1","0.8841","75.0"
"HydrologyCycle","Runoff","LORA","TRENDYv14_CRU_S3","Bias","MeanState","global","scalar","mm d-1","0.100244","75.0"
"HydrologyCycle","Runoff","LORA","TRENDYv14_CRU_S3","Bias Score","MeanState","global","score","1","0.656633","75.0"
"HydrologyCycle","Runoff","LORA","TRENDYv14_CRU_S3","RMSE","MeanState","global","scalar","mm d-1","0.818637","75.0"
"HydrologyCycle","Runoff","LORA","TRENDYv14_CRU_S3","RMSE Score","MeanState","global","score","1","0.470753","75.0"
"HydrologyCycle","Runoff","LORA","TRENDYv14_CRU_S3","Overall Score","MeanState","global","score","1","0.684359","75.0"
"HydrologyCycle","Runoff","LORA","TRENDYv13_CRU_S3","Benchmark Period Mean (intersection)","MeanState","global","scalar","mm d-1","0.816857","75.0"
"HydrologyCycle","Runoff","LORA","TRENDYv13_CRU_S3","Benchmark Period Mean (complement)","MeanState","global","scalar","mm d-1","0.815953","75.0"
"HydrologyCycle","Runoff","LORA","TRENDYv13_CRU_S3","Period Mean (original grids)","MeanState","global","scalar","mm d-1","0.955539","75.0"
"HydrologyCycle","Runoff","LORA","TRENDYv13_CRU_S3","Model Period Mean (intersection)","MeanState","global","scalar","mm d-1","0.911146","75.0"
"HydrologyCycle","Runoff","LORA","TRENDYv13_CRU_S3","Model Period Mean (complement)","MeanState","global","scalar","mm d-1","1.6018","75.0"
"HydrologyCycle","Runoff","LORA","TRENDYv13_CRU_S3","Spatial Distribution Score","MeanState","global","score","1","0.937218","75.0"
"HydrologyCycle","Runoff","LORA","TRENDYv13_CRU_S3","Phase Shift","MeanState","global","scalar","months","1.04946","75.0"
"HydrologyCycle","Runoff","LORA","TRENDYv13_CRU_S3","Seasonal Cycle Score","MeanState","global","score","1","0.893783","75.0"
"HydrologyCycle","Runoff","LORA","TRENDYv13_CRU_S3","Bias","MeanState","global","scalar","mm d-1","0.0942892","75.0"
"HydrologyCycle","Runoff","LORA","TRENDYv13_CRU_S3","Bias Score","MeanState","global","score","1","0.651792","75.0"
"HydrologyCycle","Runoff","LORA","TRENDYv13_CRU_S3","RMSE","MeanState","global","scalar","mm d-1","0.8142","75.0"
"HydrologyCycle","Runoff","LORA","TRENDYv13_CRU_S3","RMSE Score","MeanState","global","score","1","0.476271","75.0"
"HydrologyCycle","Runoff","LORA","TRENDYv13_CRU_S3","Overall Score","MeanState","global","score","1","0.687067","75.0"
"HydrologyCycle","Runoff","Dai","ERA5_CH4_fbc7d07","Period Mean","MeanState","global","scalar","mm d-1","1.18721","75.0"
"HydrologyCycle","Runoff","Dai","ERA5_CH4_fbc7d07","Bias","MeanState","global","scalar","mm d-1","0.361807","75.0"
"HydrologyCycle","Runoff","Dai","ERA5_CH4_fbc7d07","Bias Score","MeanState","global","score","1","0.721033","75.0"
"HydrologyCycle","Runoff","Dai","ERA5_CH4_fbc7d07","Interannual Variability Score","MeanState","global","score","1","0.50764","75.0"
"HydrologyCycle","Runoff","Dai","ERA5_CH4_fbc7d07","Spatial Distribution Score","MeanState","global","score","1","0.936883","75.0"
"HydrologyCycle","Runoff","Dai","ERA5_CH4_fbc7d07","Overall Score","MeanState","global","score","1","0.721852","75.0"
"HydrologyCycle","Runoff","Dai","TRENDY_CRUJRAv15_S3_fbc7d07","Period Mean","MeanState","global","scalar","mm d-1","0.743553","75.0"
"HydrologyCycle","Runoff","Dai","TRENDY_CRUJRAv15_S3_fbc7d07","Bias","MeanState","global","scalar","mm d-1","-0.0818549","75.0"
"HydrologyCycle","Runoff","Dai","TRENDY_CRUJRAv15_S3_fbc7d07","Bias Score","MeanState","global","score","1","0.7833","75.0"
"HydrologyCycle","Runoff","Dai","TRENDY_CRUJRAv15_S3_fbc7d07","Interannual Variability Score","MeanState","global","score","1","0.599091","75.0"
"HydrologyCycle","Runoff","Dai","TRENDY_CRUJRAv15_S3_fbc7d07","Spatial Distribution Score","MeanState","global","score","1","0.94427","75.0"
"HydrologyCycle","Runoff","Dai","TRENDY_CRUJRAv15_S3_fbc7d07","Overall Score","MeanState","global","score","1","0.775554","75.0"
"HydrologyCycle","Runoff","Dai","JRA3Q_CH4_fbc7d07","Period Mean","MeanState","global","scalar","mm d-1","1.14033","75.0"
"HydrologyCycle","Runoff","Dai","JRA3Q_CH4_fbc7d07","Bias","MeanState","global","scalar","mm d-1","0.314926","75.0"
"HydrologyCycle","Runoff","Dai","JRA3Q_CH4_fbc7d07","Bias Score","MeanState","global","score","1","0.755458","75.0"
"HydrologyCycle","Runoff","Dai","JRA3Q_CH4_fbc7d07","Interannual Variability Score","MeanState","global","score","1","0.511659","75.0"
"HydrologyCycle","Runoff","Dai","JRA3Q_CH4_fbc7d07","Spatial Distribution Score","MeanState","global","score","1","0.932516","75.0"
"HydrologyCycle","Runoff","Dai","JRA3Q_CH4_fbc7d07","Overall Score","MeanState","global","score","1","0.733211","75.0"
"HydrologyCycle","Runoff","Dai","NMIP3_SH1_fbc7d07","Period Mean","MeanState","global","scalar","mm d-1","0.73779","75.0"
"HydrologyCycle","Runoff","Dai","NMIP3_SH1_fbc7d07","Bias","MeanState","global","scalar","mm d-1","-0.0876182","75.0"
"HydrologyCycle","Runoff","Dai","NMIP3_SH1_fbc7d07","Bias Score","MeanState","global","score","1","0.781316","75.0"
"HydrologyCycle","Runoff","Dai","NMIP3_SH1_fbc7d07","Interannual Variability Score","MeanState","global","score","1","0.594807","75.0"
"HydrologyCycle","Runoff","Dai","NMIP3_SH1_fbc7d07","Spatial Distribution Score","MeanState","global","score","1","0.943534","75.0"
"HydrologyCycle","Runoff","Dai","NMIP3_SH1_fbc7d07","Overall Score","MeanState","global","score","1","0.773219","75.0"
"HydrologyCycle","Runoff","Dai","TRENDYv15_CRU410_S3","Period Mean","MeanState","global","scalar","mm d-1","0.867778","75.0"
"HydrologyCycle","Runoff","Dai","TRENDYv15_CRU410_S3","Bias","MeanState","global","scalar","mm d-1","0.04237","75.0"
"HydrologyCycle","Runoff","Dai","TRENDYv15_CRU410_S3","Bias Score","MeanState","global","score","1","0.771615","75.0"
"HydrologyCycle","Runoff","Dai","TRENDYv15_CRU410_S3","Interannual Variability Score","MeanState","global","score","1","0.574537","75.0"
"HydrologyCycle","Runoff","Dai","TRENDYv15_CRU410_S3","Spatial Distribution Score","MeanState","global","score","1","0.954872","75.0"
"HydrologyCycle","Runoff","Dai","TRENDYv15_CRU410_S3","Overall Score","MeanState","global","score","1","0.767008","75.0"
"HydrologyCycle","Runoff","Dai","TRENDY_CRU_S3_7a1fa06","Period Mean","MeanState","global","scalar","mm d-1","0.842012","75.0"
"HydrologyCycle","Runoff","Dai","TRENDY_CRU_S3_7a1fa06","Bias","MeanState","global","scalar","mm d-1","0.016604","75.0"
"HydrologyCycle","Runoff","Dai","TRENDY_CRU_S3_7a1fa06","Bias Score","MeanState","global","score","1","0.776637","75.0"
"HydrologyCycle","Runoff","Dai","TRENDY_CRU_S3_7a1fa06","Interannual Variability Score","MeanState","global","score","1","0.579361","75.0"
"HydrologyCycle","Runoff","Dai","TRENDY_CRU_S3_7a1fa06","Spatial Distribution Score","MeanState","global","score","1","0.957415","75.0"
"HydrologyCycle","Runoff","Dai","TRENDY_CRU_S3_7a1fa06","Overall Score","MeanState","global","score","1","0.771137","75.0"
"HydrologyCycle","Runoff","Dai","TRENDYv13_CRU_S3","Period Mean","MeanState","global","scalar","mm d-1","0.870596","75.0"
"HydrologyCycle","Runoff","Dai","TRENDYv13_CRU_S3","Bias","MeanState","global","scalar","mm d-1","0.0451882","75.0"
"HydrologyCycle","Runoff","Dai","TRENDYv13_CRU_S3","Bias Score","MeanState","global","score","1","0.771102","75.0"
"HydrologyCycle","Runoff","Dai","TRENDYv13_CRU_S3","Interannual Variability Score","MeanState","global","score","1","0.570545","75.0"
"HydrologyCycle","Runoff","Dai","TRENDYv13_CRU_S3","Spatial Distribution Score","MeanState","global","score","1","0.954792","75.0"
"HydrologyCycle","Runoff","Dai","TRENDYv13_CRU_S3","Overall Score","MeanState","global","score","1","0.76548","75.0"
"HydrologyCycle","Runoff","Dai","MERRA2_CH4_fbc7d07","Period Mean","MeanState","global","scalar","mm d-1","0.836612","75.0"
"HydrologyCycle","Runoff","Dai","MERRA2_CH4_fbc7d07","Bias","MeanState","global","scalar","mm d-1","0.0112039","75.0"
"HydrologyCycle","Runoff","Dai","MERRA2_CH4_fbc7d07","Bias Score","MeanState","global","score","1","0.691813","75.0"
"HydrologyCycle","Runoff","Dai","MERRA2_CH4_fbc7d07","Interannual Variability Score","MeanState","global","score","1","0.527002","75.0"
"HydrologyCycle","Runoff","Dai","MERRA2_CH4_fbc7d07","Spatial Distribution Score","MeanState","global","score","1","0.712514","75.0"
"HydrologyCycle","Runoff","Dai","MERRA2_CH4_fbc7d07","Overall Score","MeanState","global","score","1","0.643776","75.0"
"HydrologyCycle","Runoff","Dai","TRENDYv14_CRU_S3","Period Mean","MeanState","global","scalar","mm d-1","0.88271","75.0"
"HydrologyCycle","Runoff","Dai","TRENDYv14_CRU_S3","Bias","MeanState","global","scalar","mm d-1","0.057302","75.0"
"HydrologyCycle","Runoff","Dai","TRENDYv14_CRU_S3","Bias Score","MeanState","global","score","1","0.78385","75.0"
"HydrologyCycle","Runoff","Dai","TRENDYv14_CRU_S3","Interannual Variability Score","MeanState","global","score","1","0.573192","75.0"
"HydrologyCycle","Runoff","Dai","TRENDYv14_CRU_S3","Spatial Distribution Score","MeanState","global","score","1","0.95794","75.0"
"HydrologyCycle","Runoff","Dai","TRENDYv14_CRU_S3","Overall Score","MeanState","global","score","1","0.771661","75.0"
"HydrologyCycle","Runoff","CLASS","TRENDYv14_CRU_S3","Benchmark Period Mean (intersection)","MeanState","global","scalar","mm d-1","0.724101","125.0"
"HydrologyCycle","Runoff","CLASS","TRENDYv14_CRU_S3","Benchmark Period Mean (complement)","MeanState","global","scalar","mm d-1","1.07634","125.0"
"HydrologyCycle","Runoff","CLASS","TRENDYv14_CRU_S3","Period Mean (original grids)","MeanState","global","scalar","mm d-1","0.973832","125.0"
"HydrologyCycle","Runoff","CLASS","TRENDYv14_CRU_S3","Model Period Mean (intersection)","MeanState","global","scalar","mm d-1","0.909138","125.0"
"HydrologyCycle","Runoff","CLASS","TRENDYv14_CRU_S3","Model Period Mean (complement)","MeanState","global","scalar","mm d-1","1.47473","125.0"
"HydrologyCycle","Runoff","CLASS","TRENDYv14_CRU_S3","Spatial Distribution Score","MeanState","global","score","1","0.934154","125.0"
"HydrologyCycle","Runoff","CLASS","TRENDYv14_CRU_S3","Phase Shift","MeanState","global","scalar","months","1.4069","125.0"
"HydrologyCycle","Runoff","CLASS","TRENDYv14_CRU_S3","Seasonal Cycle Score","MeanState","global","score","1","0.841545","125.0"
"HydrologyCycle","Runoff","CLASS","TRENDYv14_CRU_S3","Bias","MeanState","global","scalar","mm d-1","0.185037","125.0"
"HydrologyCycle","Runoff","CLASS","TRENDYv14_CRU_S3","Bias Score","MeanState","global","score","1","0.652075","125.0"
"HydrologyCycle","Runoff","CLASS","TRENDYv14_CRU_S3","RMSE","MeanState","global","scalar","mm d-1","0.837023","125.0"
"HydrologyCycle","Runoff","CLASS","TRENDYv14_CRU_S3","RMSE Score","MeanState","global","score","1","0.387493","125.0"
"HydrologyCycle","Runoff","CLASS","TRENDYv14_CRU_S3","Overall Score","MeanState","global","score","1","0.640552","125.0"
"HydrologyCycle","Runoff","CLASS","TRENDY_CRUJRAv15_S3_fbc7d07","Benchmark Period Mean (intersection)","MeanState","global","scalar","mm d-1","0.724101","125.0"
"HydrologyCycle","Runoff","CLASS","TRENDY_CRUJRAv15_S3_fbc7d07","Benchmark Period Mean (complement)","MeanState","global","scalar","mm d-1","1.07634","125.0"
"HydrologyCycle","Runoff","CLASS","TRENDY_CRUJRAv15_S3_fbc7d07","Period Mean (original grids)","MeanState","global","scalar","mm d-1","0.796438","125.0"
"HydrologyCycle","Runoff","CLASS","TRENDY_CRUJRAv15_S3_fbc7d07","Model Period Mean (intersection)","MeanState","global","scalar","mm d-1","0.739286","125.0"
"HydrologyCycle","Runoff","CLASS","TRENDY_CRUJRAv15_S3_fbc7d07","Model Period Mean (complement)","MeanState","global","scalar","mm d-1","1.23894","125.0"
"HydrologyCycle","Runoff","CLASS","TRENDY_CRUJRAv15_S3_fbc7d07","Spatial Distribution Score","MeanState","global","score","1","0.960454","125.0"
"HydrologyCycle","Runoff","CLASS","TRENDY_CRUJRAv15_S3_fbc7d07","Phase Shift","MeanState","global","scalar","months","1.34011","125.0"
"HydrologyCycle","Runoff","CLASS","TRENDY_CRUJRAv15_S3_fbc7d07","Seasonal Cycle Score","MeanState","global","score","1","0.855711","125.0"
"HydrologyCycle","Runoff","CLASS","TRENDY_CRUJRAv15_S3_fbc7d07","Bias","MeanState","global","scalar","mm d-1","0.0151854","125.0"
"HydrologyCycle","Runoff","CLASS","TRENDY_CRUJRAv15_S3_fbc7d07","Bias Score","MeanState","global","score","1","0.676937","125.0"
"HydrologyCycle","Runoff","CLASS","TRENDY_CRUJRAv15_S3_fbc7d07","RMSE","MeanState","global","scalar","mm d-1","0.637632","125.0"
"HydrologyCycle","Runoff","CLASS","TRENDY_CRUJRAv15_S3_fbc7d07","RMSE Score","MeanState","global","score","1","0.460013","125.0"
"HydrologyCycle","Runoff","CLASS","TRENDY_CRUJRAv15_S3_fbc7d07","Overall Score","MeanState","global","score","1","0.682626","125.0"
"HydrologyCycle","Runoff","CLASS","TRENDYv13_CRU_S3","Benchmark Period Mean (intersection)","MeanState","global","scalar","mm d-1","0.724101","125.0"
"HydrologyCycle","Runoff","CLASS","TRENDYv13_CRU_S3","Benchmark Period Mean (complement)","MeanState","global","scalar","mm d-1","1.07634","125.0"
"HydrologyCycle","Runoff","CLASS","TRENDYv13_CRU_S3","Period Mean (original grids)","MeanState","global","scalar","mm d-1","0.964164","125.0"
"HydrologyCycle","Runoff","CLASS","TRENDYv13_CRU_S3","Model Period Mean (intersection)","MeanState","global","scalar","mm d-1","0.899917","125.0"
"HydrologyCycle","Runoff","CLASS","TRENDYv13_CRU_S3","Model Period Mean (complement)","MeanState","global","scalar","mm d-1","1.4616","125.0"
"HydrologyCycle","Runoff","CLASS","TRENDYv13_CRU_S3","Spatial Distribution Score","MeanState","global","score","1","0.931842","125.0"
"HydrologyCycle","Runoff","CLASS","TRENDYv13_CRU_S3","Phase Shift","MeanState","global","scalar","months","1.30499","125.0"
"HydrologyCycle","Runoff","CLASS","TRENDYv13_CRU_S3","Seasonal Cycle Score","MeanState","global","score","1","0.852595","125.0"
"HydrologyCycle","Runoff","CLASS","TRENDYv13_CRU_S3","Bias","MeanState","global","scalar","mm d-1","0.175817","125.0"
"HydrologyCycle","Runoff","CLASS","TRENDYv13_CRU_S3","Bias Score","MeanState","global","score","1","0.647523","125.0"
"HydrologyCycle","Runoff","CLASS","TRENDYv13_CRU_S3","RMSE","MeanState","global","scalar","mm d-1","0.81444","125.0"
"HydrologyCycle","Runoff","CLASS","TRENDYv13_CRU_S3","RMSE Score","MeanState","global","score","1","0.396713","125.0"
"HydrologyCycle","Runoff","CLASS","TRENDYv13_CRU_S3","Overall Score","MeanState","global","score","1","0.645077","125.0"
"HydrologyCycle","Runoff","CLASS","TRENDY_CRU_S3_7a1fa06","Benchmark Period Mean (intersection)","MeanState","global","scalar","mm d-1","0.724101","125.0"
"HydrologyCycle","Runoff","CLASS","TRENDY_CRU_S3_7a1fa06","Benchmark Period Mean (complement)","MeanState","global","scalar","mm d-1","1.07634","125.0"
"HydrologyCycle","Runoff","CLASS","TRENDY_CRU_S3_7a1fa06","Period Mean (original grids)","MeanState","global","scalar","mm d-1","0.940408","125.0"
"HydrologyCycle","Runoff","CLASS","TRENDY_CRU_S3_7a1fa06","Model Period Mean (intersection)","MeanState","global","scalar","mm d-1","0.875849","125.0"
"HydrologyCycle","Runoff","CLASS","TRENDY_CRU_S3_7a1fa06","Model Period Mean (complement)","MeanState","global","scalar","mm d-1","1.44026","125.0"
"HydrologyCycle","Runoff","CLASS","TRENDY_CRU_S3_7a1fa06","Spatial Distribution Score","MeanState","global","score","1","0.934702","125.0"
"HydrologyCycle","Runoff","CLASS","TRENDY_CRU_S3_7a1fa06","Phase Shift","MeanState","global","scalar","months","1.29877","125.0"
"HydrologyCycle","Runoff","CLASS","TRENDY_CRU_S3_7a1fa06","Seasonal Cycle Score","MeanState","global","score","1","0.853455","125.0"
"HydrologyCycle","Runoff","CLASS","TRENDY_CRU_S3_7a1fa06","Bias","MeanState","global","scalar","mm d-1","0.151749","125.0"
"HydrologyCycle","Runoff","CLASS","TRENDY_CRU_S3_7a1fa06","Bias Score","MeanState","global","score","1","0.653429","125.0"
"HydrologyCycle","Runoff","CLASS","TRENDY_CRU_S3_7a1fa06","RMSE","MeanState","global","scalar","mm d-1","0.790133","125.0"
"HydrologyCycle","Runoff","CLASS","TRENDY_CRU_S3_7a1fa06","RMSE Score","MeanState","global","score","1","0.403146","125.0"
"HydrologyCycle","Runoff","CLASS","TRENDY_CRU_S3_7a1fa06","Overall Score","MeanState","global","score","1","0.649576","125.0"
"HydrologyCycle","Runoff","CLASS","MERRA2_CH4_fbc7d07","Benchmark Period Mean (intersection)","MeanState","global","scalar","mm d-1","0.724101","125.0"
"HydrologyCycle","Runoff","CLASS","MERRA2_CH4_fbc7d07","Benchmark Period Mean (complement)","MeanState","global","scalar","mm d-1","1.07634","125.0"
"HydrologyCycle","Runoff","CLASS","MERRA2_CH4_fbc7d07","Period Mean (original grids)","MeanState","global","scalar","mm d-1","0.80657","125.0"
"HydrologyCycle","Runoff","CLASS","MERRA2_CH4_fbc7d07","Model Period Mean (intersection)","MeanState","global","scalar","mm d-1","0.735004","125.0"
"HydrologyCycle","Runoff","CLASS","MERRA2_CH4_fbc7d07","Model Period Mean (complement)","MeanState","global","scalar","mm d-1","1.36068","125.0"
"HydrologyCycle","Runoff","CLASS","MERRA2_CH4_fbc7d07","Spatial Distribution Score","MeanState","global","score","1","0.887509","125.0"
"HydrologyCycle","Runoff","CLASS","MERRA2_CH4_fbc7d07","Phase Shift","MeanState","global","scalar","months","1.4039","125.0"
"HydrologyCycle","Runoff","CLASS","MERRA2_CH4_fbc7d07","Seasonal Cycle Score","MeanState","global","score","1","0.831663","125.0"
"HydrologyCycle","Runoff","CLASS","MERRA2_CH4_fbc7d07","Bias","MeanState","global","scalar","mm d-1","0.0109034","125.0"
"HydrologyCycle","Runoff","CLASS","MERRA2_CH4_fbc7d07","Bias Score","MeanState","global","score","1","0.585265","125.0"
"HydrologyCycle","Runoff","CLASS","MERRA2_CH4_fbc7d07","RMSE","MeanState","global","scalar","mm d-1","0.800449","125.0"
"HydrologyCycle","Runoff","CLASS","MERRA2_CH4_fbc7d07","RMSE Score","MeanState","global","score","1","0.43836","125.0"
"HydrologyCycle","Runoff","CLASS","MERRA2_CH4_fbc7d07","Overall Score","MeanState","global","score","1","0.636232","125.0"
"HydrologyCycle","Runoff","CLASS","ERA5_CH4_fbc7d07","Benchmark Period Mean (intersection)","MeanState","global","scalar","mm d-1","0.724101","125.0"
"HydrologyCycle","Runoff","CLASS","ERA5_CH4_fbc7d07","Benchmark Period Mean (complement)","MeanState","global","scalar","mm d-1","1.07634","125.0"
"HydrologyCycle","Runoff","CLASS","ERA5_CH4_fbc7d07","Period Mean (original grids)","MeanState","global","scalar","mm d-1","1.0639","125.0"
"HydrologyCycle","Runoff","CLASS","ERA5_CH4_fbc7d07","Model Period Mean (intersection)","MeanState","global","scalar","mm d-1","0.998327","125.0"
"HydrologyCycle","Runoff","CLASS","ERA5_CH4_fbc7d07","Model Period Mean (complement)","MeanState","global","scalar","mm d-1","1.57162","125.0"
"HydrologyCycle","Runoff","CLASS","ERA5_CH4_fbc7d07","Spatial Distribution Score","MeanState","global","score","1","0.785843","125.0"
"HydrologyCycle","Runoff","CLASS","ERA5_CH4_fbc7d07","Phase Shift","MeanState","global","scalar","months","1.47958","125.0"
"HydrologyCycle","Runoff","CLASS","ERA5_CH4_fbc7d07","Seasonal Cycle Score","MeanState","global","score","1","0.833194","125.0"
"HydrologyCycle","Runoff","CLASS","ERA5_CH4_fbc7d07","Bias","MeanState","global","scalar","mm d-1","0.274226","125.0"
"HydrologyCycle","Runoff","CLASS","ERA5_CH4_fbc7d07","Bias Score","MeanState","global","score","1","0.59998","125.0"
"HydrologyCycle","Runoff","CLASS","ERA5_CH4_fbc7d07","RMSE","MeanState","global","scalar","mm d-1","0.92574","125.0"
"HydrologyCycle","Runoff","CLASS","ERA5_CH4_fbc7d07","RMSE Score","MeanState","global","score","1","0.391294","125.0"
"HydrologyCycle","Runoff","CLASS","ERA5_CH4_fbc7d07","Overall Score","MeanState","global","score","1","0.600321","125.0"
"HydrologyCycle","Runoff","CLASS","JRA3Q_CH4_fbc7d07","Benchmark Period Mean (intersection)","MeanState","global","scalar","mm d-1","0.724101","125.0"
"HydrologyCycle","Runoff","CLASS","JRA3Q_CH4_fbc7d07","Benchmark Period Mean (complement)","MeanState","global","scalar","mm d-1","1.07634","125.0"
"HydrologyCycle","Runoff","CLASS","JRA3Q_CH4_fbc7d07","Period Mean (original grids)","MeanState","global","scalar","mm d-1","1.01831","125.0"
"HydrologyCycle","Runoff","CLASS","JRA3Q_CH4_fbc7d07","Model Period Mean (intersection)","MeanState","global","scalar","mm d-1","0.961998","125.0"
"HydrologyCycle","Runoff","CLASS","JRA3Q_CH4_fbc7d07","Model Period Mean (complement)","MeanState","global","scalar","mm d-1","1.45433","125.0"
"HydrologyCycle","Runoff","CLASS","JRA3Q_CH4_fbc7d07","Spatial Distribution Score","MeanState","global","score","1","0.879443","125.0"
"HydrologyCycle","Runoff","CLASS","JRA3Q_CH4_fbc7d07","Phase Shift","MeanState","global","scalar","months","1.51561","125.0"
"HydrologyCycle","Runoff","CLASS","JRA3Q_CH4_fbc7d07","Seasonal Cycle Score","MeanState","global","score","1","0.808456","125.0"
"HydrologyCycle","Runoff","CLASS","JRA3Q_CH4_fbc7d07","Bias","MeanState","global","scalar","mm d-1","0.237897","125.0"
"HydrologyCycle","Runoff","CLASS","JRA3Q_CH4_fbc7d07","Bias Score","MeanState","global","score","1","0.60302","125.0"
"HydrologyCycle","Runoff","CLASS","JRA3Q_CH4_fbc7d07","RMSE","MeanState","global","scalar","mm d-1","0.912099","125.0"
"HydrologyCycle","Runoff","CLASS","JRA3Q_CH4_fbc7d07","RMSE Score","MeanState","global","score","1","0.39571","125.0"
"HydrologyCycle","Runoff","CLASS","JRA3Q_CH4_fbc7d07","Overall Score","MeanState","global","score","1","0.616468","125.0"
"HydrologyCycle","Runoff","CLASS","NMIP3_SH1_fbc7d07","Benchmark Period Mean (intersection)","MeanState","global","scalar","mm d-1","0.724101","125.0"
"HydrologyCycle","Runoff","CLASS","NMIP3_SH1_fbc7d07","Benchmark Period Mean (complement)","MeanState","global","scalar","mm d-1","1.07634","125.0"
"HydrologyCycle","Runoff","CLASS","NMIP3_SH1_fbc7d07","Period Mean (original grids)","MeanState","global","scalar","mm d-1","0.791725","125.0"
"HydrologyCycle","Runoff","CLASS","NMIP3_SH1_fbc7d07","Model Period Mean (intersection)","MeanState","global","scalar","mm d-1","0.735058","125.0"
"HydrologyCycle","Runoff","CLASS","NMIP3_SH1_fbc7d07","Model Period Mean (complement)","MeanState","global","scalar","mm d-1","1.23047","125.0"
"HydrologyCycle","Runoff","CLASS","NMIP3_SH1_fbc7d07","Spatial Distribution Score","MeanState","global","score","1","0.960254","125.0"
"HydrologyCycle","Runoff","CLASS","NMIP3_SH1_fbc7d07","Phase Shift","MeanState","global","scalar","months","1.33696","125.0"
"HydrologyCycle","Runoff","CLASS","NMIP3_SH1_fbc7d07","Seasonal Cycle Score","MeanState","global","score","1","0.858567","125.0"
"HydrologyCycle","Runoff","CLASS","NMIP3_SH1_fbc7d07","Bias","MeanState","global","scalar","mm d-1","0.0109574","125.0"
"HydrologyCycle","Runoff","CLASS","NMIP3_SH1_fbc7d07","Bias Score","MeanState","global","score","1","0.677056","125.0"
"HydrologyCycle","Runoff","CLASS","NMIP3_SH1_fbc7d07","RMSE","MeanState","global","scalar","mm d-1","0.632004","125.0"
"HydrologyCycle","Runoff","CLASS","NMIP3_SH1_fbc7d07","RMSE Score","MeanState","global","score","1","0.46316","125.0"
"HydrologyCycle","Runoff","CLASS","NMIP3_SH1_fbc7d07","Overall Score","MeanState","global","score","1","0.684439","125.0"
"HydrologyCycle","Runoff","CLASS","TRENDYv15_CRU410_S3","Benchmark Period Mean (intersection)","MeanState","global","scalar","mm d-1","0.724101","125.0"
"HydrologyCycle","Runoff","CLASS","TRENDYv15_CRU410_S3","Benchmark Period Mean (complement)","MeanState","global","scalar","mm d-1","1.07634","125.0"
"HydrologyCycle","Runoff","CLASS","TRENDYv15_CRU410_S3","Period Mean (original grids)","MeanState","global","scalar","mm d-1","0.967168","125.0"
"HydrologyCycle","Runoff","CLASS","TRENDYv15_CRU410_S3","Model Period Mean (intersection)","MeanState","global","scalar","mm d-1","0.902692","125.0"
"HydrologyCycle","Runoff","CLASS","TRENDYv15_CRU410_S3","Model Period Mean (complement)","MeanState","global","scalar","mm d-1","1.46638","125.0"
"HydrologyCycle","Runoff","CLASS","TRENDYv15_CRU410_S3","Spatial Distribution Score","MeanState","global","score","1","0.931597","125.0"
"HydrologyCycle","Runoff","CLASS","TRENDYv15_CRU410_S3","Phase Shift","MeanState","global","scalar","months","1.29808","125.0"
"HydrologyCycle","Runoff","CLASS","TRENDYv15_CRU410_S3","Seasonal Cycle Score","MeanState","global","score","1","0.853622","125.0"
"HydrologyCycle","Runoff","CLASS","TRENDYv15_CRU410_S3","Bias","MeanState","global","scalar","mm d-1","0.178591","125.0"
"HydrologyCycle","Runoff","CLASS","TRENDYv15_CRU410_S3","Bias Score","MeanState","global","score","1","0.647767","125.0"
"HydrologyCycle","Runoff","CLASS","TRENDYv15_CRU410_S3","RMSE","MeanState","global","scalar","mm d-1","0.815537","125.0"
"HydrologyCycle","Runoff","CLASS","TRENDYv15_CRU410_S3","RMSE Score","MeanState","global","score","1","0.396841","125.0"
"HydrologyCycle","Runoff","CLASS","TRENDYv15_CRU410_S3","Overall Score","MeanState","global","score","1","0.645334","125.0"
"HydrologyCycle","Evapotranspiration","MOD16A2","TRENDY_CRU_S3_7a1fa06","Benchmark Period Mean (intersection)","MeanState","global","scalar","mm d-1","1.55798","75.0"
"HydrologyCycle","Evapotranspiration","MOD16A2","TRENDY_CRU_S3_7a1fa06","Benchmark Period Mean (complement)","MeanState","global","scalar","mm d-1","2.12689","75.0"
"HydrologyCycle","Evapotranspiration","MOD16A2","TRENDY_CRU_S3_7a1fa06","Period Mean (original grids)","MeanState","global","scalar","mm d-1","1.28493","75.0"
"HydrologyCycle","Evapotranspiration","MOD16A2","TRENDY_CRU_S3_7a1fa06","Model Period Mean (intersection)","MeanState","global","scalar","mm d-1","1.48701","75.0"
"HydrologyCycle","Evapotranspiration","MOD16A2","TRENDY_CRU_S3_7a1fa06","Model Period Mean (complement)","MeanState","global","scalar","mm d-1","0.237403","75.0"
"HydrologyCycle","Evapotranspiration","MOD16A2","TRENDY_CRU_S3_7a1fa06","Spatial Distribution Score","MeanState","global","score","1","0.934734","75.0"
"HydrologyCycle","Evapotranspiration","MOD16A2","TRENDY_CRU_S3_7a1fa06","Phase Shift","MeanState","global","scalar","months","1.26387","75.0"
"HydrologyCycle","Evapotranspiration","MOD16A2","TRENDY_CRU_S3_7a1fa06","Seasonal Cycle Score","MeanState","global","score","1","0.810652","75.0"
"HydrologyCycle","Evapotranspiration","MOD16A2","TRENDY_CRU_S3_7a1fa06","Bias","MeanState","global","scalar","mm d-1","-0.0709695","75.0"
"HydrologyCycle","Evapotranspiration","MOD16A2","TRENDY_CRU_S3_7a1fa06","Bias Score","MeanState","global","score","1","0.540573","75.0"
"HydrologyCycle","Evapotranspiration","MOD16A2","TRENDY_CRU_S3_7a1fa06","RMSE","MeanState","global","scalar","mm d-1","0.606657","75.0"
"HydrologyCycle","Evapotranspiration","MOD16A2","TRENDY_CRU_S3_7a1fa06","RMSE Score","MeanState","global","score","1","0.564644","75.0"
"HydrologyCycle","Evapotranspiration","MOD16A2","TRENDY_CRU_S3_7a1fa06","Overall Score","MeanState","global","score","1","0.683049","75.0"
"HydrologyCycle","Evapotranspiration","MOD16A2","TRENDYv15_CRU410_S3","Benchmark Period Mean (intersection)","MeanState","global","scalar","mm d-1","1.55798","75.0"
"HydrologyCycle","Evapotranspiration","MOD16A2","TRENDYv15_CRU410_S3","Benchmark Period Mean (complement)","MeanState","global","scalar","mm d-1","2.12689","75.0"
"HydrologyCycle","Evapotranspiration","MOD16A2","TRENDYv15_CRU410_S3","Period Mean (original grids)","MeanState","global","scalar","mm d-1","1.25862","75.0"
"HydrologyCycle","Evapotranspiration","MOD16A2","TRENDYv15_CRU410_S3","Model Period Mean (intersection)","MeanState","global","scalar","mm d-1","1.45639","75.0"
"HydrologyCycle","Evapotranspiration","MOD16A2","TRENDYv15_CRU410_S3","Model Period Mean (complement)","MeanState","global","scalar","mm d-1","0.233391","75.0"
"HydrologyCycle","Evapotranspiration","MOD16A2","TRENDYv15_CRU410_S3","Spatial Distribution Score","MeanState","global","score","1","0.924373","75.0"
"HydrologyCycle","Evapotranspiration","MOD16A2","TRENDYv15_CRU410_S3","Phase Shift","MeanState","global","scalar","months","1.2838","75.0"
"HydrologyCycle","Evapotranspiration","MOD16A2","TRENDYv15_CRU410_S3","Seasonal Cycle Score","MeanState","global","score","1","0.812628","75.0"
"HydrologyCycle","Evapotranspiration","MOD16A2","TRENDYv15_CRU410_S3","Bias","MeanState","global","scalar","mm d-1","-0.101588","75.0"
"HydrologyCycle","Evapotranspiration","MOD16A2","TRENDYv15_CRU410_S3","Bias Score","MeanState","global","score","1","0.534018","75.0"
"HydrologyCycle","Evapotranspiration","MOD16A2","TRENDYv15_CRU410_S3","RMSE","MeanState","global","scalar","mm d-1","0.614113","75.0"
"HydrologyCycle","Evapotranspiration","MOD16A2","TRENDYv15_CRU410_S3","RMSE Score","MeanState","global","score","1","0.557537","75.0"
"HydrologyCycle","Evapotranspiration","MOD16A2","TRENDYv15_CRU410_S3","Overall Score","MeanState","global","score","1","0.677219","75.0"
"HydrologyCycle","Evapotranspiration","MOD16A2","TRENDYv13_CRU_S3","Benchmark Period Mean (intersection)","MeanState","global","scalar","mm d-1","1.55798","75.0"
"HydrologyCycle","Evapotranspiration","MOD16A2","TRENDYv13_CRU_S3","Benchmark Period Mean (complement)","MeanState","global","scalar","mm d-1","2.12689","75.0"
"HydrologyCycle","Evapotranspiration","MOD16A2","TRENDYv13_CRU_S3","Period Mean (original grids)","MeanState","global","scalar","mm d-1","1.09893","75.0"
"HydrologyCycle","Evapotranspiration","MOD16A2","TRENDYv13_CRU_S3","Model Period Mean (intersection)","MeanState","global","scalar","mm d-1","1.2677","75.0"
"HydrologyCycle","Evapotranspiration","MOD16A2","TRENDYv13_CRU_S3","Model Period Mean (complement)","MeanState","global","scalar","mm d-1","0.224043","75.0"
"HydrologyCycle","Evapotranspiration","MOD16A2","TRENDYv13_CRU_S3","Spatial Distribution Score","MeanState","global","score","1","0.807274","75.0"
"HydrologyCycle","Evapotranspiration","MOD16A2","TRENDYv13_CRU_S3","Phase Shift","MeanState","global","scalar","months","1.37093","75.0"
"HydrologyCycle","Evapotranspiration","MOD16A2","TRENDYv13_CRU_S3","Seasonal Cycle Score","MeanState","global","score","1","0.798617","75.0"
"HydrologyCycle","Evapotranspiration","MOD16A2","TRENDYv13_CRU_S3","Bias","MeanState","global","scalar","mm d-1","-0.290281","75.0"
"HydrologyCycle","Evapotranspiration","MOD16A2","TRENDYv13_CRU_S3","Bias Score","MeanState","global","score","1","0.454627","75.0"
"HydrologyCycle","Evapotranspiration","MOD16A2","TRENDYv13_CRU_S3","RMSE","MeanState","global","scalar","mm d-1","0.719531","75.0"
"HydrologyCycle","Evapotranspiration","MOD16A2","TRENDYv13_CRU_S3","RMSE Score","MeanState","global","score","1","0.550883","75.0"
"HydrologyCycle","Evapotranspiration","MOD16A2","TRENDYv13_CRU_S3","Overall Score","MeanState","global","score","1","0.632457","75.0"
"HydrologyCycle","Evapotranspiration","MOD16A2","MERRA2_CH4_fbc7d07","Benchmark Period Mean (intersection)","MeanState","global","scalar","mm d-1","1.55798","75.0"
"HydrologyCycle","Evapotranspiration","MOD16A2","MERRA2_CH4_fbc7d07","Benchmark Period Mean (complement)","MeanState","global","scalar","mm d-1","2.12689","75.0"
"HydrologyCycle","Evapotranspiration","MOD16A2","MERRA2_CH4_fbc7d07","Period Mean (original grids)","MeanState","global","scalar","mm d-1","1.32362","75.0"
"HydrologyCycle","Evapotranspiration","MOD16A2","MERRA2_CH4_fbc7d07","Model Period Mean (intersection)","MeanState","global","scalar","mm d-1","1.53891","75.0"
"HydrologyCycle","Evapotranspiration","MOD16A2","MERRA2_CH4_fbc7d07","Model Period Mean (complement)","MeanState","global","scalar","mm d-1","0.207581","75.0"
"HydrologyCycle","Evapotranspiration","MOD16A2","MERRA2_CH4_fbc7d07","Spatial Distribution Score","MeanState","global","score","1","0.973991","75.0"
"HydrologyCycle","Evapotranspiration","MOD16A2","MERRA2_CH4_fbc7d07","Phase Shift","MeanState","global","scalar","months","1.18134","75.0"
"HydrologyCycle","Evapotranspiration","MOD16A2","MERRA2_CH4_fbc7d07","Seasonal Cycle Score","MeanState","global","score","1","0.803226","75.0"
"HydrologyCycle","Evapotranspiration","MOD16A2","MERRA2_CH4_fbc7d07","Bias","MeanState","global","scalar","mm d-1","-0.0190674","75.0"
"HydrologyCycle","Evapotranspiration","MOD16A2","MERRA2_CH4_fbc7d07","Bias Score","MeanState","global","score","1","0.596399","75.0"
"HydrologyCycle","Evapotranspiration","MOD16A2","MERRA2_CH4_fbc7d07","RMSE","MeanState","global","scalar","mm d-1","0.600975","75.0"
"HydrologyCycle","Evapotranspiration","MOD16A2","MERRA2_CH4_fbc7d07","RMSE Score","MeanState","global","score","1","0.512492","75.0"
"HydrologyCycle","Evapotranspiration","MOD16A2","MERRA2_CH4_fbc7d07","Overall Score","MeanState","global","score","1","0.67972","75.0"
"HydrologyCycle","Evapotranspiration","MOD16A2","TRENDYv14_CRU_S3","Benchmark Period Mean (intersection)","MeanState","global","scalar","mm d-1","1.55798","75.0"
"HydrologyCycle","Evapotranspiration","MOD16A2","TRENDYv14_CRU_S3","Benchmark Period Mean (complement)","MeanState","global","scalar","mm d-1","2.12689","75.0"
"HydrologyCycle","Evapotranspiration","MOD16A2","TRENDYv14_CRU_S3","Period Mean (original grids)","MeanState","global","scalar","mm d-1","1.25192","75.0"
"HydrologyCycle","Evapotranspiration","MOD16A2","TRENDYv14_CRU_S3","Model Period Mean (intersection)","MeanState","global","scalar","mm d-1","1.44853","75.0"
"HydrologyCycle","Evapotranspiration","MOD16A2","TRENDYv14_CRU_S3","Model Period Mean (complement)","MeanState","global","scalar","mm d-1","0.232766","75.0"
"HydrologyCycle","Evapotranspiration","MOD16A2","TRENDYv14_CRU_S3","Spatial Distribution Score","MeanState","global","score","1","0.933341","75.0"
"HydrologyCycle","Evapotranspiration","MOD16A2","TRENDYv14_CRU_S3","Phase Shift","MeanState","global","scalar","months","1.21103","75.0"
"HydrologyCycle","Evapotranspiration","MOD16A2","TRENDYv14_CRU_S3","Seasonal Cycle Score","MeanState","global","score","1","0.818173","75.0"
"HydrologyCycle","Evapotranspiration","MOD16A2","TRENDYv14_CRU_S3","Bias","MeanState","global","scalar","mm d-1","-0.10945","75.0"
"HydrologyCycle","Evapotranspiration","MOD16A2","TRENDYv14_CRU_S3","Bias Score","MeanState","global","score","1","0.529217","75.0"
"HydrologyCycle","Evapotranspiration","MOD16A2","TRENDYv14_CRU_S3","RMSE","MeanState","global","scalar","mm d-1","0.607498","75.0"
"HydrologyCycle","Evapotranspiration","MOD16A2","TRENDYv14_CRU_S3","RMSE Score","MeanState","global","score","1","0.564943","75.0"
"HydrologyCycle","Evapotranspiration","MOD16A2","TRENDYv14_CRU_S3","Overall Score","MeanState","global","score","1","0.682123","75.0"
"HydrologyCycle","Evapotranspiration","MOD16A2","JRA3Q_CH4_fbc7d07","Benchmark Period Mean (intersection)","MeanState","global","scalar","mm d-1","1.55798","75.0"
"HydrologyCycle","Evapotranspiration","MOD16A2","JRA3Q_CH4_fbc7d07","Benchmark Period Mean (complement)","MeanState","global","scalar","mm d-1","2.12689","75.0"
"HydrologyCycle","Evapotranspiration","MOD16A2","JRA3Q_CH4_fbc7d07","Period Mean (original grids)","MeanState","global","scalar","mm d-1","1.5298","75.0"
"HydrologyCycle","Evapotranspiration","MOD16A2","JRA3Q_CH4_fbc7d07","Model Period Mean (intersection)","MeanState","global","scalar","mm d-1","1.78125","75.0"
"HydrologyCycle","Evapotranspiration","MOD16A2","JRA3Q_CH4_fbc7d07","Model Period Mean (complement)","MeanState","global","scalar","mm d-1","0.226306","75.0"
"HydrologyCycle","Evapotranspiration","MOD16A2","JRA3Q_CH4_fbc7d07","Spatial Distribution Score","MeanState","global","score","1","0.957693","75.0"
"HydrologyCycle","Evapotranspiration","MOD16A2","JRA3Q_CH4_fbc7d07","Phase Shift","MeanState","global","scalar","months","1.32136","75.0"
"HydrologyCycle","Evapotranspiration","MOD16A2","JRA3Q_CH4_fbc7d07","Seasonal Cycle Score","MeanState","global","score","1","0.775401","75.0"
"HydrologyCycle","Evapotranspiration","MOD16A2","JRA3Q_CH4_fbc7d07","Bias","MeanState","global","scalar","mm d-1","0.22327","75.0"
"HydrologyCycle","Evapotranspiration","MOD16A2","JRA3Q_CH4_fbc7d07","Bias Score","MeanState","global","score","1","0.560193","75.0"
"HydrologyCycle","Evapotranspiration","MOD16A2","JRA3Q_CH4_fbc7d07","RMSE","MeanState","global","scalar","mm d-1","0.714282","75.0"
"HydrologyCycle","Evapotranspiration","MOD16A2","JRA3Q_CH4_fbc7d07","RMSE Score","MeanState","global","score","1","0.459126","75.0"
"HydrologyCycle","Evapotranspiration","MOD16A2","JRA3Q_CH4_fbc7d07","Overall Score","MeanState","global","score","1","0.642308","75.0"
"HydrologyCycle","Evapotranspiration","MOD16A2","NMIP3_SH1_fbc7d07","Benchmark Period Mean (intersection)","MeanState","global","scalar","mm d-1","1.55798","75.0"
"HydrologyCycle","Evapotranspiration","MOD16A2","NMIP3_SH1_fbc7d07","Benchmark Period Mean (complement)","MeanState","global","scalar","mm d-1","2.12689","75.0"
"HydrologyCycle","Evapotranspiration","MOD16A2","NMIP3_SH1_fbc7d07","Period Mean (original grids)","MeanState","global","scalar","mm d-1","1.41129","75.0"
"HydrologyCycle","Evapotranspiration","MOD16A2","NMIP3_SH1_fbc7d07","Model Period Mean (intersection)","MeanState","global","scalar","mm d-1","1.63556","75.0"
"HydrologyCycle","Evapotranspiration","MOD16A2","NMIP3_SH1_fbc7d07","Model Period Mean (complement)","MeanState","global","scalar","mm d-1","0.248694","75.0"
"HydrologyCycle","Evapotranspiration","MOD16A2","NMIP3_SH1_fbc7d07","Spatial Distribution Score","MeanState","global","score","1","0.981475","75.0"
"HydrologyCycle","Evapotranspiration","MOD16A2","NMIP3_SH1_fbc7d07","Phase Shift","MeanState","global","scalar","months","1.33907","75.0"
"HydrologyCycle","Evapotranspiration","MOD16A2","NMIP3_SH1_fbc7d07","Seasonal Cycle Score","MeanState","global","score","1","0.798812","75.0"
"HydrologyCycle","Evapotranspiration","MOD16A2","NMIP3_SH1_fbc7d07","Bias","MeanState","global","scalar","mm d-1","0.0775848","75.0"
"HydrologyCycle","Evapotranspiration","MOD16A2","NMIP3_SH1_fbc7d07","Bias Score","MeanState","global","score","1","0.59257","75.0"
"HydrologyCycle","Evapotranspiration","MOD16A2","NMIP3_SH1_fbc7d07","RMSE","MeanState","global","scalar","mm d-1","0.638275","75.0"
"HydrologyCycle","Evapotranspiration","MOD16A2","NMIP3_SH1_fbc7d07","RMSE Score","MeanState","global","score","1","0.473717","75.0"
"HydrologyCycle","Evapotranspiration","MOD16A2","NMIP3_SH1_fbc7d07","Overall Score","MeanState","global","score","1","0.664058","75.0"
"HydrologyCycle","Evapotranspiration","MOD16A2","TRENDY_CRUJRAv15_S3_fbc7d07","Benchmark Period Mean (intersection)","MeanState","global","scalar","mm d-1","1.55798","75.0"
"HydrologyCycle","Evapotranspiration","MOD16A2","TRENDY_CRUJRAv15_S3_fbc7d07","Benchmark Period Mean (complement)","MeanState","global","scalar","mm d-1","2.12689","75.0"
"HydrologyCycle","Evapotranspiration","MOD16A2","TRENDY_CRUJRAv15_S3_fbc7d07","Period Mean (original grids)","MeanState","global","scalar","mm d-1","1.42643","75.0"
"HydrologyCycle","Evapotranspiration","MOD16A2","TRENDY_CRUJRAv15_S3_fbc7d07","Model Period Mean (intersection)","MeanState","global","scalar","mm d-1","1.65328","75.0"
"HydrologyCycle","Evapotranspiration","MOD16A2","TRENDY_CRUJRAv15_S3_fbc7d07","Model Period Mean (complement)","MeanState","global","scalar","mm d-1","0.25042","75.0"
"HydrologyCycle","Evapotranspiration","MOD16A2","TRENDY_CRUJRAv15_S3_fbc7d07","Spatial Distribution Score","MeanState","global","score","1","0.981612","75.0"
"HydrologyCycle","Evapotranspiration","MOD16A2","TRENDY_CRUJRAv15_S3_fbc7d07","Phase Shift","MeanState","global","scalar","months","1.34455","75.0"
"HydrologyCycle","Evapotranspiration","MOD16A2","TRENDY_CRUJRAv15_S3_fbc7d07","Seasonal Cycle Score","MeanState","global","score","1","0.799567","75.0"
"HydrologyCycle","Evapotranspiration","MOD16A2","TRENDY_CRUJRAv15_S3_fbc7d07","Bias","MeanState","global","scalar","mm d-1","0.0953067","75.0"
"HydrologyCycle","Evapotranspiration","MOD16A2","TRENDY_CRUJRAv15_S3_fbc7d07","Bias Score","MeanState","global","score","1","0.590604","75.0"
"HydrologyCycle","Evapotranspiration","MOD16A2","TRENDY_CRUJRAv15_S3_fbc7d07","RMSE","MeanState","global","scalar","mm d-1","0.646437","75.0"
"HydrologyCycle","Evapotranspiration","MOD16A2","TRENDY_CRUJRAv15_S3_fbc7d07","RMSE Score","MeanState","global","score","1","0.469632","75.0"
"HydrologyCycle","Evapotranspiration","MOD16A2","TRENDY_CRUJRAv15_S3_fbc7d07","Overall Score","MeanState","global","score","1","0.66221","75.0"
"HydrologyCycle","Evapotranspiration","MOD16A2","ERA5_CH4_fbc7d07","Benchmark Period Mean (intersection)","MeanState","global","scalar","mm d-1","1.55798","75.0"
"HydrologyCycle","Evapotranspiration","MOD16A2","ERA5_CH4_fbc7d07","Benchmark Period Mean (complement)","MeanState","global","scalar","mm d-1","2.12689","75.0"
"HydrologyCycle","Evapotranspiration","MOD16A2","ERA5_CH4_fbc7d07","Period Mean (original grids)","MeanState","global","scalar","mm d-1","1.36947","75.0"
"HydrologyCycle","Evapotranspiration","MOD16A2","ERA5_CH4_fbc7d07","Model Period Mean (intersection)","MeanState","global","scalar","mm d-1","1.59298","75.0"
"HydrologyCycle","Evapotranspiration","MOD16A2","ERA5_CH4_fbc7d07","Model Period Mean (complement)","MeanState","global","scalar","mm d-1","0.210806","75.0"
"HydrologyCycle","Evapotranspiration","MOD16A2","ERA5_CH4_fbc7d07","Spatial Distribution Score","MeanState","global","score","1","0.980642","75.0"
"HydrologyCycle","Evapotranspiration","MOD16A2","ERA5_CH4_fbc7d07","Phase Shift","MeanState","global","scalar","months","1.17556","75.0"
"HydrologyCycle","Evapotranspiration","MOD16A2","ERA5_CH4_fbc7d07","Seasonal Cycle Score","MeanState","global","score","1","0.814672","75.0"
"HydrologyCycle","Evapotranspiration","MOD16A2","ERA5_CH4_fbc7d07","Bias","MeanState","global","scalar","mm d-1","0.0350044","75.0"
"HydrologyCycle","Evapotranspiration","MOD16A2","ERA5_CH4_fbc7d07","Bias Score","MeanState","global","score","1","0.609971","75.0"
"HydrologyCycle","Evapotranspiration","MOD16A2","ERA5_CH4_fbc7d07","RMSE","MeanState","global","scalar","mm d-1","0.597016","75.0"
"HydrologyCycle","Evapotranspiration","MOD16A2","ERA5_CH4_fbc7d07","RMSE Score","MeanState","global","score","1","0.512657","75.0"
"HydrologyCycle","Evapotranspiration","MOD16A2","ERA5_CH4_fbc7d07","Overall Score","MeanState","global","score","1","0.68612","75.0"
"HydrologyCycle","Evapotranspiration","GLEAMv3.3a","TRENDYv14_CRU_S3","Benchmark Period Mean (intersection)","MeanState","global","scalar","mm d-1","1.44892","75.0"
"HydrologyCycle","Evapotranspiration","GLEAMv3.3a","TRENDYv14_CRU_S3","Benchmark Period Mean (complement)","MeanState","global","scalar","mm d-1","0.647636","75.0"
"HydrologyCycle","Evapotranspiration","GLEAMv3.3a","TRENDYv14_CRU_S3","Period Mean (original grids)","MeanState","global","scalar","mm d-1","1.24208","75.0"
"HydrologyCycle","Evapotranspiration","GLEAMv3.3a","TRENDYv14_CRU_S3","Model Period Mean (intersection)","MeanState","global","scalar","mm d-1","1.24053","75.0"
"HydrologyCycle","Evapotranspiration","GLEAMv3.3a","TRENDYv14_CRU_S3","Model Period Mean (complement)","MeanState","global","scalar","mm d-1","1.35992","75.0"
"HydrologyCycle","Evapotranspiration","GLEAMv3.3a","TRENDYv14_CRU_S3","Spatial Distribution Score","MeanState","global","score","1","0.923658","75.0"
"HydrologyCycle","Evapotranspiration","GLEAMv3.3a","TRENDYv14_CRU_S3","Phase Shift","MeanState","global","scalar","months","1.03343","75.0"
"HydrologyCycle","Evapotranspiration","GLEAMv3.3a","TRENDYv14_CRU_S3","Seasonal Cycle Score","MeanState","global","score","1","0.778795","75.0"
"HydrologyCycle","Evapotranspiration","GLEAMv3.3a","TRENDYv14_CRU_S3","Bias","MeanState","global","scalar","mm d-1","-0.20839","75.0"
"HydrologyCycle","Evapotranspiration","GLEAMv3.3a","TRENDYv14_CRU_S3","Bias Score","MeanState","global","score","1","0.589919","75.0"
"HydrologyCycle","Evapotranspiration","GLEAMv3.3a","TRENDYv14_CRU_S3","RMSE","MeanState","global","scalar","mm d-1","0.464369","75.0"
"HydrologyCycle","Evapotranspiration","GLEAMv3.3a","TRENDYv14_CRU_S3","RMSE Score","MeanState","global","score","1","0.636724","75.0"
"HydrologyCycle","Evapotranspiration","GLEAMv3.3a","TRENDYv14_CRU_S3","Overall Score","MeanState","global","score","1","0.713164","75.0"
"HydrologyCycle","Evapotranspiration","GLEAMv3.3a","NMIP3_SH1_fbc7d07","Benchmark Period Mean (intersection)","MeanState","global","scalar","mm d-1","1.44892","75.0"
"HydrologyCycle","Evapotranspiration","GLEAMv3.3a","NMIP3_SH1_fbc7d07","Benchmark Period Mean (complement)","MeanState","global","scalar","mm d-1","0.647636","75.0"
"HydrologyCycle","Evapotranspiration","GLEAMv3.3a","NMIP3_SH1_fbc7d07","Period Mean (original grids)","MeanState","global","scalar","mm d-1","1.40314","75.0"
"HydrologyCycle","Evapotranspiration","GLEAMv3.3a","NMIP3_SH1_fbc7d07","Model Period Mean (intersection)","MeanState","global","scalar","mm d-1","1.40023","75.0"
"HydrologyCycle","Evapotranspiration","GLEAMv3.3a","NMIP3_SH1_fbc7d07","Model Period Mean (complement)","MeanState","global","scalar","mm d-1","1.62416","75.0"
"HydrologyCycle","Evapotranspiration","GLEAMv3.3a","NMIP3_SH1_fbc7d07","Spatial Distribution Score","MeanState","global","score","1","0.982143","75.0"
"HydrologyCycle","Evapotranspiration","GLEAMv3.3a","NMIP3_SH1_fbc7d07","Phase Shift","MeanState","global","scalar","months","1.00816","75.0"
"HydrologyCycle","Evapotranspiration","GLEAMv3.3a","NMIP3_SH1_fbc7d07","Seasonal Cycle Score","MeanState","global","score","1","0.803291","75.0"
"HydrologyCycle","Evapotranspiration","GLEAMv3.3a","NMIP3_SH1_fbc7d07","Bias","MeanState","global","scalar","mm d-1","-0.0486875","75.0"
"HydrologyCycle","Evapotranspiration","GLEAMv3.3a","NMIP3_SH1_fbc7d07","Bias Score","MeanState","global","score","1","0.6816","75.0"
"HydrologyCycle","Evapotranspiration","GLEAMv3.3a","NMIP3_SH1_fbc7d07","RMSE","MeanState","global","scalar","mm d-1","0.439771","75.0"
"HydrologyCycle","Evapotranspiration","GLEAMv3.3a","NMIP3_SH1_fbc7d07","RMSE Score","MeanState","global","score","1","0.569546","75.0"
"HydrologyCycle","Evapotranspiration","GLEAMv3.3a","NMIP3_SH1_fbc7d07","Overall Score","MeanState","global","score","1","0.721225","75.0"
"HydrologyCycle","Evapotranspiration","GLEAMv3.3a","JRA3Q_CH4_fbc7d07","Benchmark Period Mean (intersection)","MeanState","global","scalar","mm d-1","1.44892","75.0"
"HydrologyCycle","Evapotranspiration","GLEAMv3.3a","JRA3Q_CH4_fbc7d07","Benchmark Period Mean (complement)","MeanState","global","scalar","mm d-1","0.647636","75.0"
"HydrologyCycle","Evapotranspiration","GLEAMv3.3a","JRA3Q_CH4_fbc7d07","Period Mean (original grids)","MeanState","global","scalar","mm d-1","1.53727","75.0"
"HydrologyCycle","Evapotranspiration","GLEAMv3.3a","JRA3Q_CH4_fbc7d07","Model Period Mean (intersection)","MeanState","global","scalar","mm d-1","1.53634","75.0"
"HydrologyCycle","Evapotranspiration","GLEAMv3.3a","JRA3Q_CH4_fbc7d07","Model Period Mean (complement)","MeanState","global","scalar","mm d-1","1.60783","75.0"
"HydrologyCycle","Evapotranspiration","GLEAMv3.3a","JRA3Q_CH4_fbc7d07","Spatial Distribution Score","MeanState","global","score","1","0.976119","75.0"
"HydrologyCycle","Evapotranspiration","GLEAMv3.3a","JRA3Q_CH4_fbc7d07","Phase Shift","MeanState","global","scalar","months","0.830362","75.0"
"HydrologyCycle","Evapotranspiration","GLEAMv3.3a","JRA3Q_CH4_fbc7d07","Seasonal Cycle Score","MeanState","global","score","1","0.854906","75.0"
"HydrologyCycle","Evapotranspiration","GLEAMv3.3a","JRA3Q_CH4_fbc7d07","Bias","MeanState","global","scalar","mm d-1","0.0874237","75.0"
"HydrologyCycle","Evapotranspiration","GLEAMv3.3a","JRA3Q_CH4_fbc7d07","Bias Score","MeanState","global","score","1","0.636785","75.0"
"HydrologyCycle","Evapotranspiration","GLEAMv3.3a","JRA3Q_CH4_fbc7d07","RMSE","MeanState","global","scalar","mm d-1","0.530321","75.0"
"HydrologyCycle","Evapotranspiration","GLEAMv3.3a","JRA3Q_CH4_fbc7d07","RMSE Score","MeanState","global","score","1","0.553103","75.0"
"HydrologyCycle","Evapotranspiration","GLEAMv3.3a","JRA3Q_CH4_fbc7d07","Overall Score","MeanState","global","score","1","0.714803","75.0"
"HydrologyCycle","Evapotranspiration","GLEAMv3.3a","TRENDYv13_CRU_S3","Benchmark Period Mean (intersection)","MeanState","global","scalar","mm d-1","1.44892","75.0"
"HydrologyCycle","Evapotranspiration","GLEAMv3.3a","TRENDYv13_CRU_S3","Benchmark Period Mean (complement)","MeanState","global","scalar","mm d-1","0.647636","75.0"
"HydrologyCycle","Evapotranspiration","GLEAMv3.3a","TRENDYv13_CRU_S3","Period Mean (original grids)","MeanState","global","scalar","mm d-1","1.09231","75.0"
"HydrologyCycle","Evapotranspiration","GLEAMv3.3a","TRENDYv13_CRU_S3","Model Period Mean (intersection)","MeanState","global","scalar","mm d-1","1.09151","75.0"
"HydrologyCycle","Evapotranspiration","GLEAMv3.3a","TRENDYv13_CRU_S3","Model Period Mean (complement)","MeanState","global","scalar","mm d-1","1.15268","75.0"
"HydrologyCycle","Evapotranspiration","GLEAMv3.3a","TRENDYv13_CRU_S3","Spatial Distribution Score","MeanState","global","score","1","0.805345","75.0"
"HydrologyCycle","Evapotranspiration","GLEAMv3.3a","TRENDYv13_CRU_S3","Phase Shift","MeanState","global","scalar","months","1.11107","75.0"
"HydrologyCycle","Evapotranspiration","GLEAMv3.3a","TRENDYv13_CRU_S3","Seasonal Cycle Score","MeanState","global","score","1","0.765763","75.0"
"HydrologyCycle","Evapotranspiration","GLEAMv3.3a","TRENDYv13_CRU_S3","Bias","MeanState","global","scalar","mm d-1","-0.357402","75.0"
"HydrologyCycle","Evapotranspiration","GLEAMv3.3a","TRENDYv13_CRU_S3","Bias Score","MeanState","global","score","1","0.512861","75.0"
"HydrologyCycle","Evapotranspiration","GLEAMv3.3a","TRENDYv13_CRU_S3","RMSE","MeanState","global","scalar","mm d-1","0.573237","75.0"
"HydrologyCycle","Evapotranspiration","GLEAMv3.3a","TRENDYv13_CRU_S3","RMSE Score","MeanState","global","score","1","0.59644","75.0"
"HydrologyCycle","Evapotranspiration","GLEAMv3.3a","TRENDYv13_CRU_S3","Overall Score","MeanState","global","score","1","0.65537","75.0"
"HydrologyCycle","Evapotranspiration","GLEAMv3.3a","TRENDY_CRU_S3_7a1fa06","Benchmark Period Mean (intersection)","MeanState","global","scalar","mm d-1","1.44892","75.0"
"HydrologyCycle","Evapotranspiration","GLEAMv3.3a","TRENDY_CRU_S3_7a1fa06","Benchmark Period Mean (complement)","MeanState","global","scalar","mm d-1","0.647636","75.0"
"HydrologyCycle","Evapotranspiration","GLEAMv3.3a","TRENDY_CRU_S3_7a1fa06","Period Mean (original grids)","MeanState","global","scalar","mm d-1","1.27458","75.0"
"HydrologyCycle","Evapotranspiration","GLEAMv3.3a","TRENDY_CRU_S3_7a1fa06","Model Period Mean (intersection)","MeanState","global","scalar","mm d-1","1.27299","75.0"
"HydrologyCycle","Evapotranspiration","GLEAMv3.3a","TRENDY_CRU_S3_7a1fa06","Model Period Mean (complement)","MeanState","global","scalar","mm d-1","1.39545","75.0"
"HydrologyCycle","Evapotranspiration","GLEAMv3.3a","TRENDY_CRU_S3_7a1fa06","Spatial Distribution Score","MeanState","global","score","1","0.928552","75.0"
"HydrologyCycle","Evapotranspiration","GLEAMv3.3a","TRENDY_CRU_S3_7a1fa06","Phase Shift","MeanState","global","scalar","months","1.01037","75.0"
"HydrologyCycle","Evapotranspiration","GLEAMv3.3a","TRENDY_CRU_S3_7a1fa06","Seasonal Cycle Score","MeanState","global","score","1","0.786248","75.0"
"HydrologyCycle","Evapotranspiration","GLEAMv3.3a","TRENDY_CRU_S3_7a1fa06","Bias","MeanState","global","scalar","mm d-1","-0.175929","75.0"
"HydrologyCycle","Evapotranspiration","GLEAMv3.3a","TRENDY_CRU_S3_7a1fa06","Bias Score","MeanState","global","score","1","0.603796","75.0"
"HydrologyCycle","Evapotranspiration","GLEAMv3.3a","TRENDY_CRU_S3_7a1fa06","RMSE","MeanState","global","scalar","mm d-1","0.430405","75.0"
"HydrologyCycle","Evapotranspiration","GLEAMv3.3a","TRENDY_CRU_S3_7a1fa06","RMSE Score","MeanState","global","score","1","0.653058","75.0"
"HydrologyCycle","Evapotranspiration","GLEAMv3.3a","TRENDY_CRU_S3_7a1fa06","Overall Score","MeanState","global","score","1","0.724942","75.0"
"HydrologyCycle","Evapotranspiration","GLEAMv3.3a","MERRA2_CH4_fbc7d07","Benchmark Period Mean (intersection)","MeanState","global","scalar","mm d-1","1.44892","75.0"
"HydrologyCycle","Evapotranspiration","GLEAMv3.3a","MERRA2_CH4_fbc7d07","Benchmark Period Mean (complement)","MeanState","global","scalar","mm d-1","0.647636","75.0"
"HydrologyCycle","Evapotranspiration","GLEAMv3.3a","MERRA2_CH4_fbc7d07","Period Mean (original grids)","MeanState","global","scalar","mm d-1","1.34","75.0"
"HydrologyCycle","Evapotranspiration","GLEAMv3.3a","MERRA2_CH4_fbc7d07","Model Period Mean (intersection)","MeanState","global","scalar","mm d-1","1.33957","75.0"
"HydrologyCycle","Evapotranspiration","GLEAMv3.3a","MERRA2_CH4_fbc7d07","Model Period Mean (complement)","MeanState","global","scalar","mm d-1","1.37258","75.0"
"HydrologyCycle","Evapotranspiration","GLEAMv3.3a","MERRA2_CH4_fbc7d07","Spatial Distribution Score","MeanState","global","score","1","0.975771","75.0"
"HydrologyCycle","Evapotranspiration","GLEAMv3.3a","MERRA2_CH4_fbc7d07","Phase Shift","MeanState","global","scalar","months","0.918765","75.0"
"HydrologyCycle","Evapotranspiration","GLEAMv3.3a","MERRA2_CH4_fbc7d07","Seasonal Cycle Score","MeanState","global","score","1","0.832288","75.0"
"HydrologyCycle","Evapotranspiration","GLEAMv3.3a","MERRA2_CH4_fbc7d07","Bias","MeanState","global","scalar","mm d-1","-0.109346","75.0"
"HydrologyCycle","Evapotranspiration","GLEAMv3.3a","MERRA2_CH4_fbc7d07","Bias Score","MeanState","global","score","1","0.663277","75.0"
"HydrologyCycle","Evapotranspiration","GLEAMv3.3a","MERRA2_CH4_fbc7d07","RMSE","MeanState","global","scalar","mm d-1","0.46282","75.0"
"HydrologyCycle","Evapotranspiration","GLEAMv3.3a","MERRA2_CH4_fbc7d07","RMSE Score","MeanState","global","score","1","0.57895","75.0"
"HydrologyCycle","Evapotranspiration","GLEAMv3.3a","MERRA2_CH4_fbc7d07","Overall Score","MeanState","global","score","1","0.725847","75.0"
"HydrologyCycle","Evapotranspiration","GLEAMv3.3a","ERA5_CH4_fbc7d07","Benchmark Period Mean (intersection)","MeanState","global","scalar","mm d-1","1.44892","75.0"
"HydrologyCycle","Evapotranspiration","GLEAMv3.3a","ERA5_CH4_fbc7d07","Benchmark Period Mean (complement)","MeanState","global","scalar","mm d-1","0.647636","75.0"
"HydrologyCycle","Evapotranspiration","GLEAMv3.3a","ERA5_CH4_fbc7d07","Period Mean (original grids)","MeanState","global","scalar","mm d-1","1.38784","75.0"
"HydrologyCycle","Evapotranspiration","GLEAMv3.3a","ERA5_CH4_fbc7d07","Model Period Mean (intersection)","MeanState","global","scalar","mm d-1","1.38656","75.0"
"HydrologyCycle","Evapotranspiration","GLEAMv3.3a","ERA5_CH4_fbc7d07","Model Period Mean (complement)","MeanState","global","scalar","mm d-1","1.48473","75.0"
"HydrologyCycle","Evapotranspiration","GLEAMv3.3a","ERA5_CH4_fbc7d07","Spatial Distribution Score","MeanState","global","score","1","0.982017","75.0"
"HydrologyCycle","Evapotranspiration","GLEAMv3.3a","ERA5_CH4_fbc7d07","Phase Shift","MeanState","global","scalar","months","0.854683","75.0"
"HydrologyCycle","Evapotranspiration","GLEAMv3.3a","ERA5_CH4_fbc7d07","Seasonal Cycle Score","MeanState","global","score","1","0.824576","75.0"
"HydrologyCycle","Evapotranspiration","GLEAMv3.3a","ERA5_CH4_fbc7d07","Bias","MeanState","global","scalar","mm d-1","-0.062352","75.0"
"HydrologyCycle","Evapotranspiration","GLEAMv3.3a","ERA5_CH4_fbc7d07","Bias Score","MeanState","global","score","1","0.694307","75.0"
"HydrologyCycle","Evapotranspiration","GLEAMv3.3a","ERA5_CH4_fbc7d07","RMSE","MeanState","global","scalar","mm d-1","0.441822","75.0"
"HydrologyCycle","Evapotranspiration","GLEAMv3.3a","ERA5_CH4_fbc7d07","RMSE Score","MeanState","global","score","1","0.605922","75.0"
"HydrologyCycle","Evapotranspiration","GLEAMv3.3a","ERA5_CH4_fbc7d07","Overall Score","MeanState","global","score","1","0.742549","75.0"
"HydrologyCycle","Evapotranspiration","GLEAMv3.3a","TRENDY_CRUJRAv15_S3_fbc7d07","Benchmark Period Mean (intersection)","MeanState","global","scalar","mm d-1","1.44892","75.0"
"HydrologyCycle","Evapotranspiration","GLEAMv3.3a","TRENDY_CRUJRAv15_S3_fbc7d07","Benchmark Period Mean (complement)","MeanState","global","scalar","mm d-1","0.647636","75.0"
"HydrologyCycle","Evapotranspiration","GLEAMv3.3a","TRENDY_CRUJRAv15_S3_fbc7d07","Period Mean (original grids)","MeanState","global","scalar","mm d-1","1.41742","75.0"
"HydrologyCycle","Evapotranspiration","GLEAMv3.3a","TRENDY_CRUJRAv15_S3_fbc7d07","Model Period Mean (intersection)","MeanState","global","scalar","mm d-1","1.41451","75.0"
"HydrologyCycle","Evapotranspiration","GLEAMv3.3a","TRENDY_CRUJRAv15_S3_fbc7d07","Model Period Mean (complement)","MeanState","global","scalar","mm d-1","1.6388","75.0"
"HydrologyCycle","Evapotranspiration","GLEAMv3.3a","TRENDY_CRUJRAv15_S3_fbc7d07","Spatial Distribution Score","MeanState","global","score","1","0.983377","75.0"
"HydrologyCycle","Evapotranspiration","GLEAMv3.3a","TRENDY_CRUJRAv15_S3_fbc7d07","Phase Shift","MeanState","global","scalar","months","1.01624","75.0"
"HydrologyCycle","Evapotranspiration","GLEAMv3.3a","TRENDY_CRUJRAv15_S3_fbc7d07","Seasonal Cycle Score","MeanState","global","score","1","0.801395","75.0"
"HydrologyCycle","Evapotranspiration","GLEAMv3.3a","TRENDY_CRUJRAv15_S3_fbc7d07","Bias","MeanState","global","scalar","mm d-1","-0.03441","75.0"
"HydrologyCycle","Evapotranspiration","GLEAMv3.3a","TRENDY_CRUJRAv15_S3_fbc7d07","Bias Score","MeanState","global","score","1","0.680208","75.0"
"HydrologyCycle","Evapotranspiration","GLEAMv3.3a","TRENDY_CRUJRAv15_S3_fbc7d07","RMSE","MeanState","global","scalar","mm d-1","0.443444","75.0"
"HydrologyCycle","Evapotranspiration","GLEAMv3.3a","TRENDY_CRUJRAv15_S3_fbc7d07","RMSE Score","MeanState","global","score","1","0.567207","75.0"
"HydrologyCycle","Evapotranspiration","GLEAMv3.3a","TRENDY_CRUJRAv15_S3_fbc7d07","Overall Score","MeanState","global","score","1","0.719879","75.0"
"HydrologyCycle","Evapotranspiration","GLEAMv3.3a","TRENDYv15_CRU410_S3","Benchmark Period Mean (intersection)","MeanState","global","scalar","mm d-1","1.44892","75.0"
"HydrologyCycle","Evapotranspiration","GLEAMv3.3a","TRENDYv15_CRU410_S3","Benchmark Period Mean (complement)","MeanState","global","scalar","mm d-1","0.647636","75.0"
"HydrologyCycle","Evapotranspiration","GLEAMv3.3a","TRENDYv15_CRU410_S3","Period Mean (original grids)","MeanState","global","scalar","mm d-1","1.24864","75.0"
"HydrologyCycle","Evapotranspiration","GLEAMv3.3a","TRENDYv15_CRU410_S3","Model Period Mean (intersection)","MeanState","global","scalar","mm d-1","1.24701","75.0"
"HydrologyCycle","Evapotranspiration","GLEAMv3.3a","TRENDYv15_CRU410_S3","Model Period Mean (complement)","MeanState","global","scalar","mm d-1","1.37255","75.0"
"HydrologyCycle","Evapotranspiration","GLEAMv3.3a","TRENDYv15_CRU410_S3","Spatial Distribution Score","MeanState","global","score","1","0.917971","75.0"
"HydrologyCycle","Evapotranspiration","GLEAMv3.3a","TRENDYv15_CRU410_S3","Phase Shift","MeanState","global","scalar","months","1.04646","75.0"
"HydrologyCycle","Evapotranspiration","GLEAMv3.3a","TRENDYv15_CRU410_S3","Seasonal Cycle Score","MeanState","global","score","1","0.777247","75.0"
"HydrologyCycle","Evapotranspiration","GLEAMv3.3a","TRENDYv15_CRU410_S3","Bias","MeanState","global","scalar","mm d-1","-0.201905","75.0"
"HydrologyCycle","Evapotranspiration","GLEAMv3.3a","TRENDYv15_CRU410_S3","Bias Score","MeanState","global","score","1","0.59269","75.0"
"HydrologyCycle","Evapotranspiration","GLEAMv3.3a","TRENDYv15_CRU410_S3","RMSE","MeanState","global","scalar","mm d-1","0.444046","75.0"
"HydrologyCycle","Evapotranspiration","GLEAMv3.3a","TRENDYv15_CRU410_S3","RMSE Score","MeanState","global","score","1","0.646207","75.0"
"HydrologyCycle","Evapotranspiration","GLEAMv3.3a","TRENDYv15_CRU410_S3","Overall Score","MeanState","global","score","1","0.716064","75.0"
"HydrologyCycle","Evapotranspiration","MODIS","ERA5_CH4_fbc7d07","Benchmark Period Mean (intersection)","MeanState","global","scalar","mm d-1","1.55764","75.0"
"HydrologyCycle","Evapotranspiration","MODIS","ERA5_CH4_fbc7d07","Benchmark Period Mean (complement)","MeanState","global","scalar","mm d-1","2.12771","75.0"
"HydrologyCycle","Evapotranspiration","MODIS","ERA5_CH4_fbc7d07","Period Mean (original grids)","MeanState","global","scalar","mm d-1","1.37025","75.0"
"HydrologyCycle","Evapotranspiration","MODIS","ERA5_CH4_fbc7d07","Model Period Mean (intersection)","MeanState","global","scalar","mm d-1","1.5939","75.0"
"HydrologyCycle","Evapotranspiration","MODIS","ERA5_CH4_fbc7d07","Model Period Mean (complement)","MeanState","global","scalar","mm d-1","0.210984","75.0"
"HydrologyCycle","Evapotranspiration","MODIS","ERA5_CH4_fbc7d07","Spatial Distribution Score","MeanState","global","score","1","0.980628","75.0"
"HydrologyCycle","Evapotranspiration","MODIS","ERA5_CH4_fbc7d07","Phase Shift","MeanState","global","scalar","months","1.18285","75.0"
"HydrologyCycle","Evapotranspiration","MODIS","ERA5_CH4_fbc7d07","Seasonal Cycle Score","MeanState","global","score","1","0.81415","75.0"
"HydrologyCycle","Evapotranspiration","MODIS","ERA5_CH4_fbc7d07","Bias","MeanState","global","scalar","mm d-1","0.0362606","75.0"
"HydrologyCycle","Evapotranspiration","MODIS","ERA5_CH4_fbc7d07","Bias Score","MeanState","global","score","1","0.610128","75.0"
"HydrologyCycle","Evapotranspiration","MODIS","ERA5_CH4_fbc7d07","RMSE","MeanState","global","scalar","mm d-1","0.598076","75.0"
"HydrologyCycle","Evapotranspiration","MODIS","ERA5_CH4_fbc7d07","RMSE Score","MeanState","global","score","1","0.512211","75.0"
"HydrologyCycle","Evapotranspiration","MODIS","ERA5_CH4_fbc7d07","Overall Score","MeanState","global","score","1","0.685866","75.0"
"HydrologyCycle","Evapotranspiration","MODIS","TRENDYv15_CRU410_S3","Benchmark Period Mean (intersection)","MeanState","global","scalar","mm d-1","1.55764","75.0"
"HydrologyCycle","Evapotranspiration","MODIS","TRENDYv15_CRU410_S3","Benchmark Period Mean (complement)","MeanState","global","scalar","mm d-1","2.12771","75.0"
"HydrologyCycle","Evapotranspiration","MODIS","TRENDYv15_CRU410_S3","Period Mean (original grids)","MeanState","global","scalar","mm d-1","1.25836","75.0"
"HydrologyCycle","Evapotranspiration","MODIS","TRENDYv15_CRU410_S3","Model Period Mean (intersection)","MeanState","global","scalar","mm d-1","1.45615","75.0"
"HydrologyCycle","Evapotranspiration","MODIS","TRENDYv15_CRU410_S3","Model Period Mean (complement)","MeanState","global","scalar","mm d-1","0.233099","75.0"
"HydrologyCycle","Evapotranspiration","MODIS","TRENDYv15_CRU410_S3","Spatial Distribution Score","MeanState","global","score","1","0.924855","75.0"
"HydrologyCycle","Evapotranspiration","MODIS","TRENDYv15_CRU410_S3","Phase Shift","MeanState","global","scalar","months","1.28658","75.0"
"HydrologyCycle","Evapotranspiration","MODIS","TRENDYv15_CRU410_S3","Seasonal Cycle Score","MeanState","global","score","1","0.812228","75.0"
"HydrologyCycle","Evapotranspiration","MODIS","TRENDYv15_CRU410_S3","Bias","MeanState","global","scalar","mm d-1","-0.101492","75.0"
"HydrologyCycle","Evapotranspiration","MODIS","TRENDYv15_CRU410_S3","Bias Score","MeanState","global","score","1","0.534271","75.0"
"HydrologyCycle","Evapotranspiration","MODIS","TRENDYv15_CRU410_S3","RMSE","MeanState","global","scalar","mm d-1","0.613132","75.0"
"HydrologyCycle","Evapotranspiration","MODIS","TRENDYv15_CRU410_S3","RMSE Score","MeanState","global","score","1","0.558213","75.0"
"HydrologyCycle","Evapotranspiration","MODIS","TRENDYv15_CRU410_S3","Overall Score","MeanState","global","score","1","0.677556","75.0"
"HydrologyCycle","Evapotranspiration","MODIS","TRENDYv14_CRU_S3","Benchmark Period Mean (intersection)","MeanState","global","scalar","mm d-1","1.55764","75.0"
"HydrologyCycle","Evapotranspiration","MODIS","TRENDYv14_CRU_S3","Benchmark Period Mean (complement)","MeanState","global","scalar","mm d-1","2.12771","75.0"
"HydrologyCycle","Evapotranspiration","MODIS","TRENDYv14_CRU_S3","Period Mean (original grids)","MeanState","global","scalar","mm d-1","1.25162","75.0"
"HydrologyCycle","Evapotranspiration","MODIS","TRENDYv14_CRU_S3","Model Period Mean (intersection)","MeanState","global","scalar","mm d-1","1.44824","75.0"
"HydrologyCycle","Evapotranspiration","MODIS","TRENDYv14_CRU_S3","Model Period Mean (complement)","MeanState","global","scalar","mm d-1","0.232431","75.0"
"HydrologyCycle","Evapotranspiration","MODIS","TRENDYv14_CRU_S3","Spatial Distribution Score","MeanState","global","score","1","0.933832","75.0"
"HydrologyCycle","Evapotranspiration","MODIS","TRENDYv14_CRU_S3","Phase Shift","MeanState","global","scalar","months","1.21673","75.0"
"HydrologyCycle","Evapotranspiration","MODIS","TRENDYv14_CRU_S3","Seasonal Cycle Score","MeanState","global","score","1","0.817189","75.0"
"HydrologyCycle","Evapotranspiration","MODIS","TRENDYv14_CRU_S3","Bias","MeanState","global","scalar","mm d-1","-0.109401","75.0"
"HydrologyCycle","Evapotranspiration","MODIS","TRENDYv14_CRU_S3","Bias Score","MeanState","global","score","1","0.529397","75.0"
"HydrologyCycle","Evapotranspiration","MODIS","TRENDYv14_CRU_S3","RMSE","MeanState","global","scalar","mm d-1","0.607041","75.0"
"HydrologyCycle","Evapotranspiration","MODIS","TRENDYv14_CRU_S3","RMSE Score","MeanState","global","score","1","0.565388","75.0"
"HydrologyCycle","Evapotranspiration","MODIS","TRENDYv14_CRU_S3","Overall Score","MeanState","global","score","1","0.682239","75.0"
"HydrologyCycle","Evapotranspiration","MODIS","TRENDY_CRUJRAv15_S3_fbc7d07","Benchmark Period Mean (intersection)","MeanState","global","scalar","mm d-1","1.55764","75.0"
"HydrologyCycle","Evapotranspiration","MODIS","TRENDY_CRUJRAv15_S3_fbc7d07","Benchmark Period Mean (complement)","MeanState","global","scalar","mm d-1","2.12771","75.0"
"HydrologyCycle","Evapotranspiration","MODIS","TRENDY_CRUJRAv15_S3_fbc7d07","Period Mean (original grids)","MeanState","global","scalar","mm d-1","1.42605","75.0"
"HydrologyCycle","Evapotranspiration","MODIS","TRENDY_CRUJRAv15_S3_fbc7d07","Model Period Mean (intersection)","MeanState","global","scalar","mm d-1","1.65293","75.0"
"HydrologyCycle","Evapotranspiration","MODIS","TRENDY_CRUJRAv15_S3_fbc7d07","Model Period Mean (complement)","MeanState","global","scalar","mm d-1","0.250019","75.0"
"HydrologyCycle","Evapotranspiration","MODIS","TRENDY_CRUJRAv15_S3_fbc7d07","Spatial Distribution Score","MeanState","global","score","1","0.9816","75.0"
"HydrologyCycle","Evapotranspiration","MODIS","TRENDY_CRUJRAv15_S3_fbc7d07","Phase Shift","MeanState","global","scalar","months","1.34177","75.0"
"HydrologyCycle","Evapotranspiration","MODIS","TRENDY_CRUJRAv15_S3_fbc7d07","Seasonal Cycle Score","MeanState","global","score","1","0.799459","75.0"
"HydrologyCycle","Evapotranspiration","MODIS","TRENDY_CRUJRAv15_S3_fbc7d07","Bias","MeanState","global","scalar","mm d-1","0.0952862","75.0"
"HydrologyCycle","Evapotranspiration","MODIS","TRENDY_CRUJRAv15_S3_fbc7d07","Bias Score","MeanState","global","score","1","0.591708","75.0"
"HydrologyCycle","Evapotranspiration","MODIS","TRENDY_CRUJRAv15_S3_fbc7d07","RMSE","MeanState","global","scalar","mm d-1","0.646192","75.0"
"HydrologyCycle","Evapotranspiration","MODIS","TRENDY_CRUJRAv15_S3_fbc7d07","RMSE Score","MeanState","global","score","1","0.469417","75.0"
"HydrologyCycle","Evapotranspiration","MODIS","TRENDY_CRUJRAv15_S3_fbc7d07","Overall Score","MeanState","global","score","1","0.66232","75.0"
"HydrologyCycle","Evapotranspiration","MODIS","TRENDY_CRU_S3_7a1fa06","Benchmark Period Mean (intersection)","MeanState","global","scalar","mm d-1","1.55764","75.0"
"HydrologyCycle","Evapotranspiration","MODIS","TRENDY_CRU_S3_7a1fa06","Benchmark Period Mean (complement)","MeanState","global","scalar","mm d-1","2.12771","75.0"
"HydrologyCycle","Evapotranspiration","MODIS","TRENDY_CRU_S3_7a1fa06","Period Mean (original grids)","MeanState","global","scalar","mm d-1","1.2846","75.0"
"HydrologyCycle","Evapotranspiration","MODIS","TRENDY_CRU_S3_7a1fa06","Model Period Mean (intersection)","MeanState","global","scalar","mm d-1","1.48669","75.0"
"HydrologyCycle","Evapotranspiration","MODIS","TRENDY_CRU_S3_7a1fa06","Model Period Mean (complement)","MeanState","global","scalar","mm d-1","0.237099","75.0"
"HydrologyCycle","Evapotranspiration","MODIS","TRENDY_CRU_S3_7a1fa06","Spatial Distribution Score","MeanState","global","score","1","0.935125","75.0"
"HydrologyCycle","Evapotranspiration","MODIS","TRENDY_CRU_S3_7a1fa06","Phase Shift","MeanState","global","scalar","months","1.26644","75.0"
"HydrologyCycle","Evapotranspiration","MODIS","TRENDY_CRU_S3_7a1fa06","Seasonal Cycle Score","MeanState","global","score","1","0.809658","75.0"
"HydrologyCycle","Evapotranspiration","MODIS","TRENDY_CRU_S3_7a1fa06","Bias","MeanState","global","scalar","mm d-1","-0.0709546","75.0"
"HydrologyCycle","Evapotranspiration","MODIS","TRENDY_CRU_S3_7a1fa06","Bias Score","MeanState","global","score","1","0.540948","75.0"
"HydrologyCycle","Evapotranspiration","MODIS","TRENDY_CRU_S3_7a1fa06","RMSE","MeanState","global","scalar","mm d-1","0.605681","75.0"
"HydrologyCycle","Evapotranspiration","MODIS","TRENDY_CRU_S3_7a1fa06","RMSE Score","MeanState","global","score","1","0.564956","75.0"
"HydrologyCycle","Evapotranspiration","MODIS","TRENDY_CRU_S3_7a1fa06","Overall Score","MeanState","global","score","1","0.683129","75.0"
"HydrologyCycle","Evapotranspiration","MODIS","JRA3Q_CH4_fbc7d07","Benchmark Period Mean (intersection)","MeanState","global","scalar","mm d-1","1.55764","75.0"
"HydrologyCycle","Evapotranspiration","MODIS","JRA3Q_CH4_fbc7d07","Benchmark Period Mean (complement)","MeanState","global","scalar","mm d-1","2.12771","75.0"
"HydrologyCycle","Evapotranspiration","MODIS","JRA3Q_CH4_fbc7d07","Period Mean (original grids)","MeanState","global","scalar","mm d-1","1.5289","75.0"
"HydrologyCycle","Evapotranspiration","MODIS","JRA3Q_CH4_fbc7d07","Model Period Mean (intersection)","MeanState","global","scalar","mm d-1","1.7802","75.0"
"HydrologyCycle","Evapotranspiration","MODIS","JRA3Q_CH4_fbc7d07","Model Period Mean (complement)","MeanState","global","scalar","mm d-1","0.226267","75.0"
"HydrologyCycle","Evapotranspiration","MODIS","JRA3Q_CH4_fbc7d07","Spatial Distribution Score","MeanState","global","score","1","0.957601","75.0"
"HydrologyCycle","Evapotranspiration","MODIS","JRA3Q_CH4_fbc7d07","Phase Shift","MeanState","global","scalar","months","1.32684","75.0"
"HydrologyCycle","Evapotranspiration","MODIS","JRA3Q_CH4_fbc7d07","Seasonal Cycle Score","MeanState","global","score","1","0.7739","75.0"
"HydrologyCycle","Evapotranspiration","MODIS","JRA3Q_CH4_fbc7d07","Bias","MeanState","global","scalar","mm d-1","0.222558","75.0"
"HydrologyCycle","Evapotranspiration","MODIS","JRA3Q_CH4_fbc7d07","Bias Score","MeanState","global","score","1","0.560258","75.0"
"HydrologyCycle","Evapotranspiration","MODIS","JRA3Q_CH4_fbc7d07","RMSE","MeanState","global","scalar","mm d-1","0.713608","75.0"
"HydrologyCycle","Evapotranspiration","MODIS","JRA3Q_CH4_fbc7d07","RMSE Score","MeanState","global","score","1","0.458701","75.0"
"HydrologyCycle","Evapotranspiration","MODIS","JRA3Q_CH4_fbc7d07","Overall Score","MeanState","global","score","1","0.641832","75.0"
"HydrologyCycle","Evapotranspiration","MODIS","NMIP3_SH1_fbc7d07","Benchmark Period Mean (intersection)","MeanState","global","scalar","mm d-1","1.55764","75.0"
"HydrologyCycle","Evapotranspiration","MODIS","NMIP3_SH1_fbc7d07","Benchmark Period Mean (complement)","MeanState","global","scalar","mm d-1","2.12771","75.0"
"HydrologyCycle","Evapotranspiration","MODIS","NMIP3_SH1_fbc7d07","Period Mean (original grids)","MeanState","global","scalar","mm d-1","1.4106","75.0"
"HydrologyCycle","Evapotranspiration","MODIS","NMIP3_SH1_fbc7d07","Model Period Mean (intersection)","MeanState","global","scalar","mm d-1","1.63485","75.0"
"HydrologyCycle","Evapotranspiration","MODIS","NMIP3_SH1_fbc7d07","Model Period Mean (complement)","MeanState","global","scalar","mm d-1","0.248207","75.0"
"HydrologyCycle","Evapotranspiration","MODIS","NMIP3_SH1_fbc7d07","Spatial Distribution Score","MeanState","global","score","1","0.981501","75.0"
"HydrologyCycle","Evapotranspiration","MODIS","NMIP3_SH1_fbc7d07","Phase Shift","MeanState","global","scalar","months","1.33463","75.0"
"HydrologyCycle","Evapotranspiration","MODIS","NMIP3_SH1_fbc7d07","Seasonal Cycle Score","MeanState","global","score","1","0.799304","75.0"
"HydrologyCycle","Evapotranspiration","MODIS","NMIP3_SH1_fbc7d07","Bias","MeanState","global","scalar","mm d-1","0.077208","75.0"
"HydrologyCycle","Evapotranspiration","MODIS","NMIP3_SH1_fbc7d07","Bias Score","MeanState","global","score","1","0.593567","75.0"
"HydrologyCycle","Evapotranspiration","MODIS","NMIP3_SH1_fbc7d07","RMSE","MeanState","global","scalar","mm d-1","0.637966","75.0"
"HydrologyCycle","Evapotranspiration","MODIS","NMIP3_SH1_fbc7d07","RMSE Score","MeanState","global","score","1","0.473474","75.0"
"HydrologyCycle","Evapotranspiration","MODIS","NMIP3_SH1_fbc7d07","Overall Score","MeanState","global","score","1","0.664264","75.0"
"HydrologyCycle","Evapotranspiration","MODIS","MERRA2_CH4_fbc7d07","Benchmark Period Mean (intersection)","MeanState","global","scalar","mm d-1","1.55764","75.0"
"HydrologyCycle","Evapotranspiration","MODIS","MERRA2_CH4_fbc7d07","Benchmark Period Mean (complement)","MeanState","global","scalar","mm d-1","2.12771","75.0"
"HydrologyCycle","Evapotranspiration","MODIS","MERRA2_CH4_fbc7d07","Period Mean (original grids)","MeanState","global","scalar","mm d-1","1.32326","75.0"
"HydrologyCycle","Evapotranspiration","MODIS","MERRA2_CH4_fbc7d07","Model Period Mean (intersection)","MeanState","global","scalar","mm d-1","1.53846","75.0"
"HydrologyCycle","Evapotranspiration","MODIS","MERRA2_CH4_fbc7d07","Model Period Mean (complement)","MeanState","global","scalar","mm d-1","0.207788","75.0"
"HydrologyCycle","Evapotranspiration","MODIS","MERRA2_CH4_fbc7d07","Spatial Distribution Score","MeanState","global","score","1","0.974255","75.0"
"HydrologyCycle","Evapotranspiration","MODIS","MERRA2_CH4_fbc7d07","Phase Shift","MeanState","global","scalar","months","1.19345","75.0"
"HydrologyCycle","Evapotranspiration","MODIS","MERRA2_CH4_fbc7d07","Seasonal Cycle Score","MeanState","global","score","1","0.799524","75.0"
"HydrologyCycle","Evapotranspiration","MODIS","MERRA2_CH4_fbc7d07","Bias","MeanState","global","scalar","mm d-1","-0.0191775","75.0"
"HydrologyCycle","Evapotranspiration","MODIS","MERRA2_CH4_fbc7d07","Bias Score","MeanState","global","score","1","0.597893","75.0"
"HydrologyCycle","Evapotranspiration","MODIS","MERRA2_CH4_fbc7d07","RMSE","MeanState","global","scalar","mm d-1","0.600511","75.0"
"HydrologyCycle","Evapotranspiration","MODIS","MERRA2_CH4_fbc7d07","RMSE Score","MeanState","global","score","1","0.512285","75.0"
"HydrologyCycle","Evapotranspiration","MODIS","MERRA2_CH4_fbc7d07","Overall Score","MeanState","global","score","1","0.679249","75.0"
"HydrologyCycle","Evapotranspiration","MODIS","TRENDYv13_CRU_S3","Benchmark Period Mean (intersection)","MeanState","global","scalar","mm d-1","1.55764","75.0"
"HydrologyCycle","Evapotranspiration","MODIS","TRENDYv13_CRU_S3","Benchmark Period Mean (complement)","MeanState","global","scalar","mm d-1","2.12771","75.0"
"HydrologyCycle","Evapotranspiration","MODIS","TRENDYv13_CRU_S3","Period Mean (original grids)","MeanState","global","scalar","mm d-1","1.09864","75.0"
"HydrologyCycle","Evapotranspiration","MODIS","TRENDYv13_CRU_S3","Model Period Mean (intersection)","MeanState","global","scalar","mm d-1","1.26741","75.0"
"HydrologyCycle","Evapotranspiration","MODIS","TRENDYv13_CRU_S3","Model Period Mean (complement)","MeanState","global","scalar","mm d-1","0.223804","75.0"
"HydrologyCycle","Evapotranspiration","MODIS","TRENDYv13_CRU_S3","Spatial Distribution Score","MeanState","global","score","1","0.807741","75.0"
"HydrologyCycle","Evapotranspiration","MODIS","TRENDYv13_CRU_S3","Phase Shift","MeanState","global","scalar","months","1.37423","75.0"
"HydrologyCycle","Evapotranspiration","MODIS","TRENDYv13_CRU_S3","Seasonal Cycle Score","MeanState","global","score","1","0.798185","75.0"
"HydrologyCycle","Evapotranspiration","MODIS","TRENDYv13_CRU_S3","Bias","MeanState","global","scalar","mm d-1","-0.290228","75.0"
"HydrologyCycle","Evapotranspiration","MODIS","TRENDYv13_CRU_S3","Bias Score","MeanState","global","score","1","0.454243","75.0"
"HydrologyCycle","Evapotranspiration","MODIS","TRENDYv13_CRU_S3","RMSE","MeanState","global","scalar","mm d-1","0.718992","75.0"
"HydrologyCycle","Evapotranspiration","MODIS","TRENDYv13_CRU_S3","RMSE Score","MeanState","global","score","1","0.550997","75.0"
"HydrologyCycle","Evapotranspiration","MODIS","TRENDYv13_CRU_S3","Overall Score","MeanState","global","score","1","0.632433","75.0"
"EcosystemandCarbonCycle","Biomass","Saatchi","TRENDY_CRUJRAv15_S3_fbc7d07","Benchmark Period Mean (intersection)","MeanState","global","scalar","Pg","344.349","100.0"
"EcosystemandCarbonCycle","Biomass","Saatchi","TRENDY_CRUJRAv15_S3_fbc7d07","Benchmark Period Mean (complement)","MeanState","global","scalar","Pg","4.57545","100.0"
"EcosystemandCarbonCycle","Biomass","Saatchi","TRENDY_CRUJRAv15_S3_fbc7d07","Period Mean (original grids)","MeanState","global","scalar","Pg","575.661","100.0"
"EcosystemandCarbonCycle","Biomass","Saatchi","TRENDY_CRUJRAv15_S3_fbc7d07","Model Period Mean (intersection)","MeanState","global","scalar","Pg","329.082","100.0"
"EcosystemandCarbonCycle","Biomass","Saatchi","TRENDY_CRUJRAv15_S3_fbc7d07","Model Period Mean (complement)","MeanState","global","scalar","Pg","246.579","100.0"
"EcosystemandCarbonCycle","Biomass","Saatchi","TRENDY_CRUJRAv15_S3_fbc7d07","Spatial Distribution Score","MeanState","global","score","1","0.88908","100.0"
"EcosystemandCarbonCycle","Biomass","Saatchi","TRENDY_CRUJRAv15_S3_fbc7d07","Bias","MeanState","global","scalar","kg m-2","-0.229512","100.0"
"EcosystemandCarbonCycle","Biomass","Saatchi","TRENDY_CRUJRAv15_S3_fbc7d07","Bias Score","MeanState","global","score","1","0.629484","100.0"
"EcosystemandCarbonCycle","Biomass","Saatchi","TRENDY_CRUJRAv15_S3_fbc7d07","Overall Score","MeanState","global","score","1","0.759282","100.0"
"EcosystemandCarbonCycle","Biomass","Saatchi","NMIP3_SH1_fbc7d07","Benchmark Period Mean (intersection)","MeanState","global","scalar","Pg","344.349","100.0"
"EcosystemandCarbonCycle","Biomass","Saatchi","NMIP3_SH1_fbc7d07","Benchmark Period Mean (complement)","MeanState","global","scalar","Pg","4.57545","100.0"
"EcosystemandCarbonCycle","Biomass","Saatchi","NMIP3_SH1_fbc7d07","Period Mean (original grids)","MeanState","global","scalar","Pg","477.375","100.0"
"EcosystemandCarbonCycle","Biomass","Saatchi","NMIP3_SH1_fbc7d07","Model Period Mean (intersection)","MeanState","global","scalar","Pg","290.882","100.0"
"EcosystemandCarbonCycle","Biomass","Saatchi","NMIP3_SH1_fbc7d07","Model Period Mean (complement)","MeanState","global","scalar","Pg","186.493","100.0"
"EcosystemandCarbonCycle","Biomass","Saatchi","NMIP3_SH1_fbc7d07","Spatial Distribution Score","MeanState","global","score","1","0.877573","100.0"
"EcosystemandCarbonCycle","Biomass","Saatchi","NMIP3_SH1_fbc7d07","Bias","MeanState","global","scalar","kg m-2","-0.803764","100.0"
"EcosystemandCarbonCycle","Biomass","Saatchi","NMIP3_SH1_fbc7d07","Bias Score","MeanState","global","score","1","0.611249","100.0"
"EcosystemandCarbonCycle","Biomass","Saatchi","NMIP3_SH1_fbc7d07","Overall Score","MeanState","global","score","1","0.744411","100.0"
"EcosystemandCarbonCycle","Biomass","Saatchi","JRA3Q_CH4_fbc7d07","Benchmark Period Mean (intersection)","MeanState","global","scalar","Pg","344.349","100.0"
"EcosystemandCarbonCycle","Biomass","Saatchi","JRA3Q_CH4_fbc7d07","Benchmark Period Mean (complement)","MeanState","global","scalar","Pg","4.57545","100.0"
"EcosystemandCarbonCycle","Biomass","Saatchi","JRA3Q_CH4_fbc7d07","Period Mean (original grids)","MeanState","global","scalar","Pg","759.542","100.0"
"EcosystemandCarbonCycle","Biomass","Saatchi","JRA3Q_CH4_fbc7d07","Model Period Mean (intersection)","MeanState","global","scalar","Pg","520.355","100.0"
"EcosystemandCarbonCycle","Biomass","Saatchi","JRA3Q_CH4_fbc7d07","Model Period Mean (complement)","MeanState","global","scalar","Pg","239.187","100.0"
"EcosystemandCarbonCycle","Biomass","Saatchi","JRA3Q_CH4_fbc7d07","Spatial Distribution Score","MeanState","global","score","1","0.783694","100.0"
"EcosystemandCarbonCycle","Biomass","Saatchi","JRA3Q_CH4_fbc7d07","Bias","MeanState","global","scalar","kg m-2","2.64591","100.0"
"EcosystemandCarbonCycle","Biomass","Saatchi","JRA3Q_CH4_fbc7d07","Bias Score","MeanState","global","score","1","0.553752","100.0"
"EcosystemandCarbonCycle","Biomass","Saatchi","JRA3Q_CH4_fbc7d07","Overall Score","MeanState","global","score","1","0.668723","100.0"
"EcosystemandCarbonCycle","Biomass","Saatchi","ERA5_CH4_fbc7d07","Benchmark Period Mean (intersection)","MeanState","global","scalar","Pg","344.349","100.0"
"EcosystemandCarbonCycle","Biomass","Saatchi","ERA5_CH4_fbc7d07","Benchmark Period Mean (complement)","MeanState","global","scalar","Pg","4.57545","100.0"
"EcosystemandCarbonCycle","Biomass","Saatchi","ERA5_CH4_fbc7d07","Period Mean (original grids)","MeanState","global","scalar","Pg","742.441","100.0"
"EcosystemandCarbonCycle","Biomass","Saatchi","ERA5_CH4_fbc7d07","Model Period Mean (intersection)","MeanState","global","scalar","Pg","497.832","100.0"
"EcosystemandCarbonCycle","Biomass","Saatchi","ERA5_CH4_fbc7d07","Model Period Mean (complement)","MeanState","global","scalar","Pg","244.609","100.0"
"EcosystemandCarbonCycle","Biomass","Saatchi","ERA5_CH4_fbc7d07","Spatial Distribution Score","MeanState","global","score","1","0.826392","100.0"
"EcosystemandCarbonCycle","Biomass","Saatchi","ERA5_CH4_fbc7d07","Bias","MeanState","global","scalar","kg m-2","2.30732","100.0"
"EcosystemandCarbonCycle","Biomass","Saatchi","ERA5_CH4_fbc7d07","Bias Score","MeanState","global","score","1","0.592344","100.0"
"EcosystemandCarbonCycle","Biomass","Saatchi","ERA5_CH4_fbc7d07","Overall Score","MeanState","global","score","1","0.709368","100.0"
"EcosystemandCarbonCycle","Biomass","Saatchi","TRENDYv15_CRU410_S3","Benchmark Period Mean (intersection)","MeanState","global","scalar","Pg","344.349","100.0"
"EcosystemandCarbonCycle","Biomass","Saatchi","TRENDYv15_CRU410_S3","Benchmark Period Mean (complement)","MeanState","global","scalar","Pg","4.57545","100.0"
"EcosystemandCarbonCycle","Biomass","Saatchi","TRENDYv15_CRU410_S3","Period Mean (original grids)","MeanState","global","scalar","Pg","617.143","100.0"
"EcosystemandCarbonCycle","Biomass","Saatchi","TRENDYv15_CRU410_S3","Model Period Mean (intersection)","MeanState","global","scalar","Pg","346.739","100.0"
"EcosystemandCarbonCycle","Biomass","Saatchi","TRENDYv15_CRU410_S3","Model Period Mean (complement)","MeanState","global","scalar","Pg","270.404","100.0"
"EcosystemandCarbonCycle","Biomass","Saatchi","TRENDYv15_CRU410_S3","Spatial Distribution Score","MeanState","global","score","1","0.902881","100.0"
"EcosystemandCarbonCycle","Biomass","Saatchi","TRENDYv15_CRU410_S3","Bias","MeanState","global","scalar","kg m-2","0.0359387","100.0"
"EcosystemandCarbonCycle","Biomass","Saatchi","TRENDYv15_CRU410_S3","Bias Score","MeanState","global","score","1","0.643013","100.0"
"EcosystemandCarbonCycle","Biomass","Saatchi","TRENDYv15_CRU410_S3","Overall Score","MeanState","global","score","1","0.772947","100.0"
"EcosystemandCarbonCycle","Biomass","Saatchi","TRENDYv13_CRU_S3","Benchmark Period Mean (intersection)","MeanState","global","scalar","Pg","344.349","100.0"
"EcosystemandCarbonCycle","Biomass","Saatchi","TRENDYv13_CRU_S3","Benchmark Period Mean (complement)","MeanState","global","scalar","Pg","4.57545","100.0"
"EcosystemandCarbonCycle","Biomass","Saatchi","TRENDYv13_CRU_S3","Period Mean (original grids)","MeanState","global","scalar","Pg","609.865","100.0"
"EcosystemandCarbonCycle","Biomass","Saatchi","TRENDYv13_CRU_S3","Model Period Mean (intersection)","MeanState","global","scalar","Pg","338.722","100.0"
"EcosystemandCarbonCycle","Biomass","Saatchi","TRENDYv13_CRU_S3","Model Period Mean (complement)","MeanState","global","scalar","Pg","271.143","100.0"
"EcosystemandCarbonCycle","Biomass","Saatchi","TRENDYv13_CRU_S3","Spatial Distribution Score","MeanState","global","score","1","0.905967","100.0"
"EcosystemandCarbonCycle","Biomass","Saatchi","TRENDYv13_CRU_S3","Bias","MeanState","global","scalar","kg m-2","-0.0845882","100.0"
"EcosystemandCarbonCycle","Biomass","Saatchi","TRENDYv13_CRU_S3","Bias Score","MeanState","global","score","1","0.640395","100.0"
"EcosystemandCarbonCycle","Biomass","Saatchi","TRENDYv13_CRU_S3","Overall Score","MeanState","global","score","1","0.773181","100.0"
"EcosystemandCarbonCycle","Biomass","Saatchi","TRENDYv14_CRU_S3","Benchmark Period Mean (intersection)","MeanState","global","scalar","Pg","344.349","100.0"
"EcosystemandCarbonCycle","Biomass","Saatchi","TRENDYv14_CRU_S3","Benchmark Period Mean (complement)","MeanState","global","scalar","Pg","4.57545","100.0"
"EcosystemandCarbonCycle","Biomass","Saatchi","TRENDYv14_CRU_S3","Period Mean (original grids)","MeanState","global","scalar","Pg","631.978","100.0"
"EcosystemandCarbonCycle","Biomass","Saatchi","TRENDYv14_CRU_S3","Model Period Mean (intersection)","MeanState","global","scalar","Pg","383.251","100.0"
"EcosystemandCarbonCycle","Biomass","Saatchi","TRENDYv14_CRU_S3","Model Period Mean (complement)","MeanState","global","scalar","Pg","248.727","100.0"
"EcosystemandCarbonCycle","Biomass","Saatchi","TRENDYv14_CRU_S3","Spatial Distribution Score","MeanState","global","score","1","0.87608","100.0"
"EcosystemandCarbonCycle","Biomass","Saatchi","TRENDYv14_CRU_S3","Bias","MeanState","global","scalar","kg m-2","0.584823","100.0"
"EcosystemandCarbonCycle","Biomass","Saatchi","TRENDYv14_CRU_S3","Bias Score","MeanState","global","score","1","0.627279","100.0"
"EcosystemandCarbonCycle","Biomass","Saatchi","TRENDYv14_CRU_S3","Overall Score","MeanState","global","score","1","0.75168","100.0"
"EcosystemandCarbonCycle","Biomass","Saatchi","MERRA2_CH4_fbc7d07","Benchmark Period Mean (intersection)","MeanState","global","scalar","Pg","344.349","100.0"
"EcosystemandCarbonCycle","Biomass","Saatchi","MERRA2_CH4_fbc7d07","Benchmark Period Mean (complement)","MeanState","global","scalar","Pg","4.57545","100.0"
"EcosystemandCarbonCycle","Biomass","Saatchi","MERRA2_CH4_fbc7d07","Period Mean (original grids)","MeanState","global","scalar","Pg","631.191","100.0"
"EcosystemandCarbonCycle","Biomass","Saatchi","MERRA2_CH4_fbc7d07","Model Period Mean (intersection)","MeanState","global","scalar","Pg","412.854","100.0"
"EcosystemandCarbonCycle","Biomass","Saatchi","MERRA2_CH4_fbc7d07","Model Period Mean (complement)","MeanState","global","scalar","Pg","218.337","100.0"
"EcosystemandCarbonCycle","Biomass","Saatchi","MERRA2_CH4_fbc7d07","Spatial Distribution Score","MeanState","global","score","1","0.885242","100.0"
"EcosystemandCarbonCycle","Biomass","Saatchi","MERRA2_CH4_fbc7d07","Bias","MeanState","global","scalar","kg m-2","1.02985","100.0"
"EcosystemandCarbonCycle","Biomass","Saatchi","MERRA2_CH4_fbc7d07","Bias Score","MeanState","global","score","1","0.613271","100.0"
"EcosystemandCarbonCycle","Biomass","Saatchi","MERRA2_CH4_fbc7d07","Overall Score","MeanState","global","score","1","0.749256","100.0"
"EcosystemandCarbonCycle","Biomass","Saatchi","TRENDY_CRU_S3_7a1fa06","Benchmark Period Mean (intersection)","MeanState","global","scalar","Pg","344.349","100.0"
"EcosystemandCarbonCycle","Biomass","Saatchi","TRENDY_CRU_S3_7a1fa06","Benchmark Period Mean (complement)","MeanState","global","scalar","Pg","4.57545","100.0"
"EcosystemandCarbonCycle","Biomass","Saatchi","TRENDY_CRU_S3_7a1fa06","Period Mean (original grids)","MeanState","global","scalar","Pg","616.535","100.0"
"EcosystemandCarbonCycle","Biomass","Saatchi","TRENDY_CRU_S3_7a1fa06","Model Period Mean (intersection)","MeanState","global","scalar","Pg","344.185","100.0"
"EcosystemandCarbonCycle","Biomass","Saatchi","TRENDY_CRU_S3_7a1fa06","Model Period Mean (complement)","MeanState","global","scalar","Pg","272.35","100.0"
"EcosystemandCarbonCycle","Biomass","Saatchi","TRENDY_CRU_S3_7a1fa06","Spatial Distribution Score","MeanState","global","score","1","0.900826","100.0"
"EcosystemandCarbonCycle","Biomass","Saatchi","TRENDY_CRU_S3_7a1fa06","Bias","MeanState","global","scalar","kg m-2","-0.00246556","100.0"
"EcosystemandCarbonCycle","Biomass","Saatchi","TRENDY_CRU_S3_7a1fa06","Bias Score","MeanState","global","score","1","0.645518","100.0"
"EcosystemandCarbonCycle","Biomass","Saatchi","TRENDY_CRU_S3_7a1fa06","Overall Score","MeanState","global","score","1","0.773172","100.0"
"EcosystemandCarbonCycle","Biomass","XuSaatchi","ERA5_CH4_fbc7d07","Benchmark Period Mean (intersection)","MeanState","global","scalar","Pg","474.84","100.0"
"EcosystemandCarbonCycle","Biomass","XuSaatchi","ERA5_CH4_fbc7d07","Benchmark Period Mean (complement)","MeanState","global","scalar","Pg","6.85758","100.0"
"EcosystemandCarbonCycle","Biomass","XuSaatchi","ERA5_CH4_fbc7d07","Period Mean (original grids)","MeanState","global","scalar","Pg","741.083","100.0"
"EcosystemandCarbonCycle","Biomass","XuSaatchi","ERA5_CH4_fbc7d07","Model Period Mean (intersection)","MeanState","global","scalar","Pg","741.079","100.0"
"EcosystemandCarbonCycle","Biomass","XuSaatchi","ERA5_CH4_fbc7d07","Model Period Mean (complement)","MeanState","global","scalar","Pg","0.00409656","100.0"
"EcosystemandCarbonCycle","Biomass","XuSaatchi","ERA5_CH4_fbc7d07","Spatial Distribution Score","MeanState","global","score","1","0.83949","100.0"
"EcosystemandCarbonCycle","Biomass","XuSaatchi","ERA5_CH4_fbc7d07","Bias","MeanState","global","scalar","kg m-2","2.00167","100.0"
"EcosystemandCarbonCycle","Biomass","XuSaatchi","ERA5_CH4_fbc7d07","Bias Score","MeanState","global","score","1","0.0350181","100.0"
"EcosystemandCarbonCycle","Biomass","XuSaatchi","ERA5_CH4_fbc7d07","Overall Score","MeanState","global","score","1","0.437254","100.0"
"EcosystemandCarbonCycle","Biomass","XuSaatchi","TRENDY_CRUJRAv15_S3_fbc7d07","Benchmark Period Mean (intersection)","MeanState","global","scalar","Pg","474.84","100.0"
"EcosystemandCarbonCycle","Biomass","XuSaatchi","TRENDY_CRUJRAv15_S3_fbc7d07","Benchmark Period Mean (complement)","MeanState","global","scalar","Pg","6.85758","100.0"
"EcosystemandCarbonCycle","Biomass","XuSaatchi","TRENDY_CRUJRAv15_S3_fbc7d07","Period Mean (original grids)","MeanState","global","scalar","Pg","587.6","100.0"
"EcosystemandCarbonCycle","Biomass","XuSaatchi","TRENDY_CRUJRAv15_S3_fbc7d07","Model Period Mean (intersection)","MeanState","global","scalar","Pg","587.598","100.0"
"EcosystemandCarbonCycle","Biomass","XuSaatchi","TRENDY_CRUJRAv15_S3_fbc7d07","Model Period Mean (complement)","MeanState","global","scalar","Pg","0.00127228","100.0"
"EcosystemandCarbonCycle","Biomass","XuSaatchi","TRENDY_CRUJRAv15_S3_fbc7d07","Spatial Distribution Score","MeanState","global","score","1","0.890899","100.0"
"EcosystemandCarbonCycle","Biomass","XuSaatchi","TRENDY_CRUJRAv15_S3_fbc7d07","Bias","MeanState","global","scalar","kg m-2","0.869284","100.0"
"EcosystemandCarbonCycle","Biomass","XuSaatchi","TRENDY_CRUJRAv15_S3_fbc7d07","Bias Score","MeanState","global","score","1","0.0327729","100.0"
"EcosystemandCarbonCycle","Biomass","XuSaatchi","TRENDY_CRUJRAv15_S3_fbc7d07","Overall Score","MeanState","global","score","1","0.461836","100.0"
"EcosystemandCarbonCycle","Biomass","XuSaatchi","TRENDYv15_CRU410_S3","Benchmark Period Mean (intersection)","MeanState","global","scalar","Pg","474.84","100.0"
"EcosystemandCarbonCycle","Biomass","XuSaatchi","TRENDYv15_CRU410_S3","Benchmark Period Mean (complement)","MeanState","global","scalar","Pg","6.85758","100.0"
"EcosystemandCarbonCycle","Biomass","XuSaatchi","TRENDYv15_CRU410_S3","Period Mean (original grids)","MeanState","global","scalar","Pg","629.044","100.0"
"EcosystemandCarbonCycle","Biomass","XuSaatchi","TRENDYv15_CRU410_S3","Model Period Mean (intersection)","MeanState","global","scalar","Pg","629.042","100.0"
"EcosystemandCarbonCycle","Biomass","XuSaatchi","TRENDYv15_CRU410_S3","Model Period Mean (complement)","MeanState","global","scalar","Pg","0.00245808","100.0"
"EcosystemandCarbonCycle","Biomass","XuSaatchi","TRENDYv15_CRU410_S3","Spatial Distribution Score","MeanState","global","score","1","0.895452","100.0"
"EcosystemandCarbonCycle","Biomass","XuSaatchi","TRENDYv15_CRU410_S3","Bias","MeanState","global","scalar","kg m-2","1.17595","100.0"
"EcosystemandCarbonCycle","Biomass","XuSaatchi","TRENDYv15_CRU410_S3","Bias Score","MeanState","global","score","1","0.0330611","100.0"
"EcosystemandCarbonCycle","Biomass","XuSaatchi","TRENDYv15_CRU410_S3","Overall Score","MeanState","global","score","1","0.464257","100.0"
"EcosystemandCarbonCycle","Biomass","XuSaatchi","JRA3Q_CH4_fbc7d07","Benchmark Period Mean (intersection)","MeanState","global","scalar","Pg","474.84","100.0"
"EcosystemandCarbonCycle","Biomass","XuSaatchi","JRA3Q_CH4_fbc7d07","Benchmark Period Mean (complement)","MeanState","global","scalar","Pg","6.85758","100.0"
"EcosystemandCarbonCycle","Biomass","XuSaatchi","JRA3Q_CH4_fbc7d07","Period Mean (original grids)","MeanState","global","scalar","Pg","777.627","100.0"
"EcosystemandCarbonCycle","Biomass","XuSaatchi","JRA3Q_CH4_fbc7d07","Model Period Mean (intersection)","MeanState","global","scalar","Pg","777.617","100.0"
"EcosystemandCarbonCycle","Biomass","XuSaatchi","JRA3Q_CH4_fbc7d07","Model Period Mean (complement)","MeanState","global","scalar","Pg","0.00957712","100.0"
"EcosystemandCarbonCycle","Biomass","XuSaatchi","JRA3Q_CH4_fbc7d07","Spatial Distribution Score","MeanState","global","score","1","0.809883","100.0"
"EcosystemandCarbonCycle","Biomass","XuSaatchi","JRA3Q_CH4_fbc7d07","Bias","MeanState","global","scalar","kg m-2","2.27235","100.0"
"EcosystemandCarbonCycle","Biomass","XuSaatchi","JRA3Q_CH4_fbc7d07","Bias Score","MeanState","global","score","1","0.0321012","100.0"
"EcosystemandCarbonCycle","Biomass","XuSaatchi","JRA3Q_CH4_fbc7d07","Overall Score","MeanState","global","score","1","0.420992","100.0"
"EcosystemandCarbonCycle","Biomass","XuSaatchi","NMIP3_SH1_fbc7d07","Benchmark Period Mean (intersection)","MeanState","global","scalar","Pg","474.84","100.0"
"EcosystemandCarbonCycle","Biomass","XuSaatchi","NMIP3_SH1_fbc7d07","Benchmark Period Mean (complement)","MeanState","global","scalar","Pg","6.85758","100.0"
"EcosystemandCarbonCycle","Biomass","XuSaatchi","NMIP3_SH1_fbc7d07","Period Mean (original grids)","MeanState","global","scalar","Pg","486.57","100.0"
"EcosystemandCarbonCycle","Biomass","XuSaatchi","NMIP3_SH1_fbc7d07","Model Period Mean (intersection)","MeanState","global","scalar","Pg","486.566","100.0"
"EcosystemandCarbonCycle","Biomass","XuSaatchi","NMIP3_SH1_fbc7d07","Model Period Mean (complement)","MeanState","global","scalar","Pg","0.00406015","100.0"
"EcosystemandCarbonCycle","Biomass","XuSaatchi","NMIP3_SH1_fbc7d07","Spatial Distribution Score","MeanState","global","score","1","0.898413","100.0"
"EcosystemandCarbonCycle","Biomass","XuSaatchi","NMIP3_SH1_fbc7d07","Bias","MeanState","global","scalar","kg m-2","0.120933","100.0"
"EcosystemandCarbonCycle","Biomass","XuSaatchi","NMIP3_SH1_fbc7d07","Bias Score","MeanState","global","score","1","0.0378459","100.0"
"EcosystemandCarbonCycle","Biomass","XuSaatchi","NMIP3_SH1_fbc7d07","Overall Score","MeanState","global","score","1","0.468129","100.0"
"EcosystemandCarbonCycle","Biomass","XuSaatchi","TRENDYv13_CRU_S3","Benchmark Period Mean (intersection)","MeanState","global","scalar","Pg","474.84","100.0"
"EcosystemandCarbonCycle","Biomass","XuSaatchi","TRENDYv13_CRU_S3","Benchmark Period Mean (complement)","MeanState","global","scalar","Pg","6.85758","100.0"
"EcosystemandCarbonCycle","Biomass","XuSaatchi","TRENDYv13_CRU_S3","Period Mean (original grids)","MeanState","global","scalar","Pg","624.248","100.0"
"EcosystemandCarbonCycle","Biomass","XuSaatchi","TRENDYv13_CRU_S3","Model Period Mean (intersection)","MeanState","global","scalar","Pg","624.245","100.0"
"EcosystemandCarbonCycle","Biomass","XuSaatchi","TRENDYv13_CRU_S3","Model Period Mean (complement)","MeanState","global","scalar","Pg","0.00246328","100.0"
"EcosystemandCarbonCycle","Biomass","XuSaatchi","TRENDYv13_CRU_S3","Spatial Distribution Score","MeanState","global","score","1","0.896176","100.0"
"EcosystemandCarbonCycle","Biomass","XuSaatchi","TRENDYv13_CRU_S3","Bias","MeanState","global","scalar","kg m-2","1.14073","100.0"
"EcosystemandCarbonCycle","Biomass","XuSaatchi","TRENDYv13_CRU_S3","Bias Score","MeanState","global","score","1","0.0326192","100.0"
"EcosystemandCarbonCycle","Biomass","XuSaatchi","TRENDYv13_CRU_S3","Overall Score","MeanState","global","score","1","0.464398","100.0"
"EcosystemandCarbonCycle","Biomass","XuSaatchi","TRENDYv14_CRU_S3","Benchmark Period Mean (intersection)","MeanState","global","scalar","Pg","474.84","100.0"
"EcosystemandCarbonCycle","Biomass","XuSaatchi","TRENDYv14_CRU_S3","Benchmark Period Mean (complement)","MeanState","global","scalar","Pg","6.85758","100.0"
"EcosystemandCarbonCycle","Biomass","XuSaatchi","TRENDYv14_CRU_S3","Period Mean (original grids)","MeanState","global","scalar","Pg","645.234","100.0"
"EcosystemandCarbonCycle","Biomass","XuSaatchi","TRENDYv14_CRU_S3","Model Period Mean (intersection)","MeanState","global","scalar","Pg","645.23","100.0"
"EcosystemandCarbonCycle","Biomass","XuSaatchi","TRENDYv14_CRU_S3","Model Period Mean (complement)","MeanState","global","scalar","Pg","0.0034109","100.0"
"EcosystemandCarbonCycle","Biomass","XuSaatchi","TRENDYv14_CRU_S3","Spatial Distribution Score","MeanState","global","score","1","0.898897","100.0"
"EcosystemandCarbonCycle","Biomass","XuSaatchi","TRENDYv14_CRU_S3","Bias","MeanState","global","scalar","kg m-2","1.29399","100.0"
"EcosystemandCarbonCycle","Biomass","XuSaatchi","TRENDYv14_CRU_S3","Bias Score","MeanState","global","score","1","0.0356303","100.0"
"EcosystemandCarbonCycle","Biomass","XuSaatchi","TRENDYv14_CRU_S3","Overall Score","MeanState","global","score","1","0.467264","100.0"
"EcosystemandCarbonCycle","Biomass","XuSaatchi","TRENDY_CRU_S3_7a1fa06","Benchmark Period Mean (intersection)","MeanState","global","scalar","Pg","474.84","100.0"
"EcosystemandCarbonCycle","Biomass","XuSaatchi","TRENDY_CRU_S3_7a1fa06","Benchmark Period Mean (complement)","MeanState","global","scalar","Pg","6.85758","100.0"
"EcosystemandCarbonCycle","Biomass","XuSaatchi","TRENDY_CRU_S3_7a1fa06","Period Mean (original grids)","MeanState","global","scalar","Pg","627.014","100.0"
"EcosystemandCarbonCycle","Biomass","XuSaatchi","TRENDY_CRU_S3_7a1fa06","Model Period Mean (intersection)","MeanState","global","scalar","Pg","627.012","100.0"
"EcosystemandCarbonCycle","Biomass","XuSaatchi","TRENDY_CRU_S3_7a1fa06","Model Period Mean (complement)","MeanState","global","scalar","Pg","0.00278014","100.0"
"EcosystemandCarbonCycle","Biomass","XuSaatchi","TRENDY_CRU_S3_7a1fa06","Spatial Distribution Score","MeanState","global","score","1","0.893229","100.0"
"EcosystemandCarbonCycle","Biomass","XuSaatchi","TRENDY_CRU_S3_7a1fa06","Bias","MeanState","global","scalar","kg m-2","1.16042","100.0"
"EcosystemandCarbonCycle","Biomass","XuSaatchi","TRENDY_CRU_S3_7a1fa06","Bias Score","MeanState","global","score","1","0.0332144","100.0"
"EcosystemandCarbonCycle","Biomass","XuSaatchi","TRENDY_CRU_S3_7a1fa06","Overall Score","MeanState","global","score","1","0.463221","100.0"
"EcosystemandCarbonCycle","Biomass","XuSaatchi","MERRA2_CH4_fbc7d07","Benchmark Period Mean (intersection)","MeanState","global","scalar","Pg","474.84","100.0"
"EcosystemandCarbonCycle","Biomass","XuSaatchi","MERRA2_CH4_fbc7d07","Benchmark Period Mean (complement)","MeanState","global","scalar","Pg","6.85758","100.0"
"EcosystemandCarbonCycle","Biomass","XuSaatchi","MERRA2_CH4_fbc7d07","Period Mean (original grids)","MeanState","global","scalar","Pg","624.63","100.0"
"EcosystemandCarbonCycle","Biomass","XuSaatchi","MERRA2_CH4_fbc7d07","Model Period Mean (intersection)","MeanState","global","scalar","Pg","624.619","100.0"
"EcosystemandCarbonCycle","Biomass","XuSaatchi","MERRA2_CH4_fbc7d07","Model Period Mean (complement)","MeanState","global","scalar","Pg","0.0103458","100.0"
"EcosystemandCarbonCycle","Biomass","XuSaatchi","MERRA2_CH4_fbc7d07","Spatial Distribution Score","MeanState","global","score","1","0.886798","100.0"
"EcosystemandCarbonCycle","Biomass","XuSaatchi","MERRA2_CH4_fbc7d07","Bias","MeanState","global","scalar","kg m-2","1.14276","100.0"
"EcosystemandCarbonCycle","Biomass","XuSaatchi","MERRA2_CH4_fbc7d07","Bias Score","MeanState","global","score","1","0.0383272","100.0"
"EcosystemandCarbonCycle","Biomass","XuSaatchi","MERRA2_CH4_fbc7d07","Overall Score","MeanState","global","score","1","0.462563","100.0"
"EcosystemandCarbonCycle","Biomass","ESACCI","TRENDY_CRU_S3_7a1fa06","Benchmark Period Mean (intersection)","MeanState","global","scalar","Pg","392.026","100.0"
"EcosystemandCarbonCycle","Biomass","ESACCI","TRENDY_CRU_S3_7a1fa06","Benchmark Period Mean (complement)","MeanState","global","scalar","Pg","7.12147","100.0"
"EcosystemandCarbonCycle","Biomass","ESACCI","TRENDY_CRU_S3_7a1fa06","Period Mean (original grids)","MeanState","global","scalar","Pg","627.261","100.0"
"EcosystemandCarbonCycle","Biomass","ESACCI","TRENDY_CRU_S3_7a1fa06","Model Period Mean (intersection)","MeanState","global","scalar","Pg","627.261","100.0"
"EcosystemandCarbonCycle","Biomass","ESACCI","TRENDY_CRU_S3_7a1fa06","Model Period Mean (complement)","MeanState","global","scalar","Pg","nan","100.0"
"EcosystemandCarbonCycle","Biomass","ESACCI","TRENDY_CRU_S3_7a1fa06","Spatial Distribution Score","MeanState","global","score","1","0.869866","100.0"
"EcosystemandCarbonCycle","Biomass","ESACCI","TRENDY_CRU_S3_7a1fa06","Bias","MeanState","global","scalar","kg m-2","1.76734","100.0"
"EcosystemandCarbonCycle","Biomass","ESACCI","TRENDY_CRU_S3_7a1fa06","Bias Score","MeanState","global","score","1","0.640165","100.0"
"EcosystemandCarbonCycle","Biomass","ESACCI","TRENDY_CRU_S3_7a1fa06","Overall Score","MeanState","global","score","1","0.755016","100.0"
"EcosystemandCarbonCycle","Biomass","ESACCI","ERA5_CH4_fbc7d07","Benchmark Period Mean (intersection)","MeanState","global","scalar","Pg","392.026","100.0"
"EcosystemandCarbonCycle","Biomass","ESACCI","ERA5_CH4_fbc7d07","Benchmark Period Mean (complement)","MeanState","global","scalar","Pg","7.12147","100.0"
"EcosystemandCarbonCycle","Biomass","ESACCI","ERA5_CH4_fbc7d07","Period Mean (original grids)","MeanState","global","scalar","Pg","739.3","100.0"
"EcosystemandCarbonCycle","Biomass","ESACCI","ERA5_CH4_fbc7d07","Model Period Mean (intersection)","MeanState","global","scalar","Pg","739.3","100.0"
"EcosystemandCarbonCycle","Biomass","ESACCI","ERA5_CH4_fbc7d07","Model Period Mean (complement)","MeanState","global","scalar","Pg","nan","100.0"
"EcosystemandCarbonCycle","Biomass","ESACCI","ERA5_CH4_fbc7d07","Spatial Distribution Score","MeanState","global","score","1","0.827202","100.0"
"EcosystemandCarbonCycle","Biomass","ESACCI","ERA5_CH4_fbc7d07","Bias","MeanState","global","scalar","kg m-2","2.59513","100.0"
"EcosystemandCarbonCycle","Biomass","ESACCI","ERA5_CH4_fbc7d07","Bias Score","MeanState","global","score","1","0.605427","100.0"
"EcosystemandCarbonCycle","Biomass","ESACCI","ERA5_CH4_fbc7d07","Overall Score","MeanState","global","score","1","0.716314","100.0"
"EcosystemandCarbonCycle","Biomass","ESACCI","JRA3Q_CH4_fbc7d07","Benchmark Period Mean (intersection)","MeanState","global","scalar","Pg","392.026","100.0"
"EcosystemandCarbonCycle","Biomass","ESACCI","JRA3Q_CH4_fbc7d07","Benchmark Period Mean (complement)","MeanState","global","scalar","Pg","7.12147","100.0"
"EcosystemandCarbonCycle","Biomass","ESACCI","JRA3Q_CH4_fbc7d07","Period Mean (original grids)","MeanState","global","scalar","Pg","777.561","100.0"
"EcosystemandCarbonCycle","Biomass","ESACCI","JRA3Q_CH4_fbc7d07","Model Period Mean (intersection)","MeanState","global","scalar","Pg","777.561","100.0"
"EcosystemandCarbonCycle","Biomass","ESACCI","JRA3Q_CH4_fbc7d07","Model Period Mean (complement)","MeanState","global","scalar","Pg","nan","100.0"
"EcosystemandCarbonCycle","Biomass","ESACCI","JRA3Q_CH4_fbc7d07","Spatial Distribution Score","MeanState","global","score","1","0.806277","100.0"
"EcosystemandCarbonCycle","Biomass","ESACCI","JRA3Q_CH4_fbc7d07","Bias","MeanState","global","scalar","kg m-2","2.87841","100.0"
"EcosystemandCarbonCycle","Biomass","ESACCI","JRA3Q_CH4_fbc7d07","Bias Score","MeanState","global","score","1","0.589732","100.0"
"EcosystemandCarbonCycle","Biomass","ESACCI","JRA3Q_CH4_fbc7d07","Overall Score","MeanState","global","score","1","0.698005","100.0"
"EcosystemandCarbonCycle","Biomass","ESACCI","NMIP3_SH1_fbc7d07","Benchmark Period Mean (intersection)","MeanState","global","scalar","Pg","392.026","100.0"
"EcosystemandCarbonCycle","Biomass","ESACCI","NMIP3_SH1_fbc7d07","Benchmark Period Mean (complement)","MeanState","global","scalar","Pg","7.12147","100.0"
"EcosystemandCarbonCycle","Biomass","ESACCI","NMIP3_SH1_fbc7d07","Period Mean (original grids)","MeanState","global","scalar","Pg","487.633","100.0"
"EcosystemandCarbonCycle","Biomass","ESACCI","NMIP3_SH1_fbc7d07","Model Period Mean (intersection)","MeanState","global","scalar","Pg","487.633","100.0"
"EcosystemandCarbonCycle","Biomass","ESACCI","NMIP3_SH1_fbc7d07","Model Period Mean (complement)","MeanState","global","scalar","Pg","nan","100.0"
"EcosystemandCarbonCycle","Biomass","ESACCI","NMIP3_SH1_fbc7d07","Spatial Distribution Score","MeanState","global","score","1","0.89146","100.0"
"EcosystemandCarbonCycle","Biomass","ESACCI","NMIP3_SH1_fbc7d07","Bias","MeanState","global","scalar","kg m-2","0.732125","100.0"
"EcosystemandCarbonCycle","Biomass","ESACCI","NMIP3_SH1_fbc7d07","Bias Score","MeanState","global","score","1","0.644776","100.0"
"EcosystemandCarbonCycle","Biomass","ESACCI","NMIP3_SH1_fbc7d07","Overall Score","MeanState","global","score","1","0.768118","100.0"
"EcosystemandCarbonCycle","Biomass","ESACCI","MERRA2_CH4_fbc7d07","Benchmark Period Mean (intersection)","MeanState","global","scalar","Pg","392.026","100.0"
"EcosystemandCarbonCycle","Biomass","ESACCI","MERRA2_CH4_fbc7d07","Benchmark Period Mean (complement)","MeanState","global","scalar","Pg","7.12147","100.0"
"EcosystemandCarbonCycle","Biomass","ESACCI","MERRA2_CH4_fbc7d07","Period Mean (original grids)","MeanState","global","scalar","Pg","621.285","100.0"
"EcosystemandCarbonCycle","Biomass","ESACCI","MERRA2_CH4_fbc7d07","Model Period Mean (intersection)","MeanState","global","scalar","Pg","621.285","100.0"
"EcosystemandCarbonCycle","Biomass","ESACCI","MERRA2_CH4_fbc7d07","Model Period Mean (complement)","MeanState","global","scalar","Pg","nan","100.0"
"EcosystemandCarbonCycle","Biomass","ESACCI","MERRA2_CH4_fbc7d07","Spatial Distribution Score","MeanState","global","score","1","0.864591","100.0"
"EcosystemandCarbonCycle","Biomass","ESACCI","MERRA2_CH4_fbc7d07","Bias","MeanState","global","scalar","kg m-2","1.72146","100.0"
"EcosystemandCarbonCycle","Biomass","ESACCI","MERRA2_CH4_fbc7d07","Bias Score","MeanState","global","score","1","0.611377","100.0"
"EcosystemandCarbonCycle","Biomass","ESACCI","MERRA2_CH4_fbc7d07","Overall Score","MeanState","global","score","1","0.737984","100.0"
"EcosystemandCarbonCycle","Biomass","ESACCI","TRENDY_CRUJRAv15_S3_fbc7d07","Benchmark Period Mean (intersection)","MeanState","global","scalar","Pg","392.026","100.0"
"EcosystemandCarbonCycle","Biomass","ESACCI","TRENDY_CRUJRAv15_S3_fbc7d07","Benchmark Period Mean (complement)","MeanState","global","scalar","Pg","7.12147","100.0"
"EcosystemandCarbonCycle","Biomass","ESACCI","TRENDY_CRUJRAv15_S3_fbc7d07","Period Mean (original grids)","MeanState","global","scalar","Pg","588.621","100.0"
"EcosystemandCarbonCycle","Biomass","ESACCI","TRENDY_CRUJRAv15_S3_fbc7d07","Model Period Mean (intersection)","MeanState","global","scalar","Pg","588.621","100.0"
"EcosystemandCarbonCycle","Biomass","ESACCI","TRENDY_CRUJRAv15_S3_fbc7d07","Model Period Mean (complement)","MeanState","global","scalar","Pg","nan","100.0"
"EcosystemandCarbonCycle","Biomass","ESACCI","TRENDY_CRUJRAv15_S3_fbc7d07","Spatial Distribution Score","MeanState","global","score","1","0.873685","100.0"
"EcosystemandCarbonCycle","Biomass","ESACCI","TRENDY_CRUJRAv15_S3_fbc7d07","Bias","MeanState","global","scalar","kg m-2","1.48101","100.0"
"EcosystemandCarbonCycle","Biomass","ESACCI","TRENDY_CRUJRAv15_S3_fbc7d07","Bias Score","MeanState","global","score","1","0.639274","100.0"
"EcosystemandCarbonCycle","Biomass","ESACCI","TRENDY_CRUJRAv15_S3_fbc7d07","Overall Score","MeanState","global","score","1","0.756479","100.0"
"EcosystemandCarbonCycle","Biomass","ESACCI","TRENDYv15_CRU410_S3","Benchmark Period Mean (intersection)","MeanState","global","scalar","Pg","392.026","100.0"
"EcosystemandCarbonCycle","Biomass","ESACCI","TRENDYv15_CRU410_S3","Benchmark Period Mean (complement)","MeanState","global","scalar","Pg","7.12147","100.0"
"EcosystemandCarbonCycle","Biomass","ESACCI","TRENDYv15_CRU410_S3","Period Mean (original grids)","MeanState","global","scalar","Pg","629.585","100.0"
"EcosystemandCarbonCycle","Biomass","ESACCI","TRENDYv15_CRU410_S3","Model Period Mean (intersection)","MeanState","global","scalar","Pg","629.585","100.0"
"EcosystemandCarbonCycle","Biomass","ESACCI","TRENDYv15_CRU410_S3","Model Period Mean (complement)","MeanState","global","scalar","Pg","nan","100.0"
"EcosystemandCarbonCycle","Biomass","ESACCI","TRENDYv15_CRU410_S3","Spatial Distribution Score","MeanState","global","score","1","0.872789","100.0"
"EcosystemandCarbonCycle","Biomass","ESACCI","TRENDYv15_CRU410_S3","Bias","MeanState","global","scalar","kg m-2","1.78451","100.0"
"EcosystemandCarbonCycle","Biomass","ESACCI","TRENDYv15_CRU410_S3","Bias Score","MeanState","global","score","1","0.637764","100.0"
"EcosystemandCarbonCycle","Biomass","ESACCI","TRENDYv15_CRU410_S3","Overall Score","MeanState","global","score","1","0.755277","100.0"
"EcosystemandCarbonCycle","Biomass","ESACCI","TRENDYv13_CRU_S3","Benchmark Period Mean (intersection)","MeanState","global","scalar","Pg","392.026","100.0"
"EcosystemandCarbonCycle","Biomass","ESACCI","TRENDYv13_CRU_S3","Benchmark Period Mean (complement)","MeanState","global","scalar","Pg","7.12147","100.0"
"EcosystemandCarbonCycle","Biomass","ESACCI","TRENDYv13_CRU_S3","Period Mean (original grids)","MeanState","global","scalar","Pg","625.3","100.0"
"EcosystemandCarbonCycle","Biomass","ESACCI","TRENDYv13_CRU_S3","Model Period Mean (intersection)","MeanState","global","scalar","Pg","625.3","100.0"
"EcosystemandCarbonCycle","Biomass","ESACCI","TRENDYv13_CRU_S3","Model Period Mean (complement)","MeanState","global","scalar","Pg","nan","100.0"
"EcosystemandCarbonCycle","Biomass","ESACCI","TRENDYv13_CRU_S3","Spatial Distribution Score","MeanState","global","score","1","0.87308","100.0"
"EcosystemandCarbonCycle","Biomass","ESACCI","TRENDYv13_CRU_S3","Bias","MeanState","global","scalar","kg m-2","1.75284","100.0"
"EcosystemandCarbonCycle","Biomass","ESACCI","TRENDYv13_CRU_S3","Bias Score","MeanState","global","score","1","0.636545","100.0"
"EcosystemandCarbonCycle","Biomass","ESACCI","TRENDYv13_CRU_S3","Overall Score","MeanState","global","score","1","0.754813","100.0"
"EcosystemandCarbonCycle","Biomass","ESACCI","TRENDYv14_CRU_S3","Benchmark Period Mean (intersection)","MeanState","global","scalar","Pg","392.026","100.0"
"EcosystemandCarbonCycle","Biomass","ESACCI","TRENDYv14_CRU_S3","Benchmark Period Mean (complement)","MeanState","global","scalar","Pg","7.12147","100.0"
"EcosystemandCarbonCycle","Biomass","ESACCI","TRENDYv14_CRU_S3","Period Mean (original grids)","MeanState","global","scalar","Pg","645.748","100.0"
"EcosystemandCarbonCycle","Biomass","ESACCI","TRENDYv14_CRU_S3","Model Period Mean (intersection)","MeanState","global","scalar","Pg","645.748","100.0"
"EcosystemandCarbonCycle","Biomass","ESACCI","TRENDYv14_CRU_S3","Model Period Mean (complement)","MeanState","global","scalar","Pg","nan","100.0"
"EcosystemandCarbonCycle","Biomass","ESACCI","TRENDYv14_CRU_S3","Spatial Distribution Score","MeanState","global","score","1","0.883963","100.0"
"EcosystemandCarbonCycle","Biomass","ESACCI","TRENDYv14_CRU_S3","Bias","MeanState","global","scalar","kg m-2","1.90342","100.0"
"EcosystemandCarbonCycle","Biomass","ESACCI","TRENDYv14_CRU_S3","Bias Score","MeanState","global","score","1","0.645531","100.0"
"EcosystemandCarbonCycle","Biomass","ESACCI","TRENDYv14_CRU_S3","Overall Score","MeanState","global","score","1","0.764747","100.0"
"EcosystemandCarbonCycle","Biomass","Thurner","TRENDYv15_CRU410_S3","Benchmark Period Mean (intersection)","MeanState","global","scalar","Pg","164.017","100.0"
"EcosystemandCarbonCycle","Biomass","Thurner","TRENDYv15_CRU410_S3","Benchmark Period Mean (complement)","MeanState","global","scalar","Pg","10.308","100.0"
"EcosystemandCarbonCycle","Biomass","Thurner","TRENDYv15_CRU410_S3","Period Mean (original grids)","MeanState","global","scalar","Pg","620.02","100.0"
"EcosystemandCarbonCycle","Biomass","Thurner","TRENDYv15_CRU410_S3","Model Period Mean (intersection)","MeanState","global","scalar","Pg","270.327","100.0"
"EcosystemandCarbonCycle","Biomass","Thurner","TRENDYv15_CRU410_S3","Model Period Mean (complement)","MeanState","global","scalar","Pg","349.693","100.0"
"EcosystemandCarbonCycle","Biomass","Thurner","TRENDYv15_CRU410_S3","Spatial Distribution Score","MeanState","global","score","1","0.659597","100.0"
"EcosystemandCarbonCycle","Biomass","Thurner","TRENDYv15_CRU410_S3","Bias","MeanState","global","scalar","kg m-2","2.35384","100.0"
"EcosystemandCarbonCycle","Biomass","Thurner","TRENDYv15_CRU410_S3","Bias Score","MeanState","global","score","1","0.512121","100.0"
"EcosystemandCarbonCycle","Biomass","Thurner","TRENDYv15_CRU410_S3","Overall Score","MeanState","global","score","1","0.585859","100.0"
"EcosystemandCarbonCycle","Biomass","Thurner","TRENDYv14_CRU_S3","Benchmark Period Mean (intersection)","MeanState","global","scalar","Pg","164.017","100.0"
"EcosystemandCarbonCycle","Biomass","Thurner","TRENDYv14_CRU_S3","Benchmark Period Mean (complement)","MeanState","global","scalar","Pg","10.308","100.0"
"EcosystemandCarbonCycle","Biomass","Thurner","TRENDYv14_CRU_S3","Period Mean (original grids)","MeanState","global","scalar","Pg","635.17","100.0"
"EcosystemandCarbonCycle","Biomass","Thurner","TRENDYv14_CRU_S3","Model Period Mean (intersection)","MeanState","global","scalar","Pg","250.092","100.0"
"EcosystemandCarbonCycle","Biomass","Thurner","TRENDYv14_CRU_S3","Model Period Mean (complement)","MeanState","global","scalar","Pg","385.078","100.0"
"EcosystemandCarbonCycle","Biomass","Thurner","TRENDYv14_CRU_S3","Spatial Distribution Score","MeanState","global","score","1","0.747991","100.0"
"EcosystemandCarbonCycle","Biomass","Thurner","TRENDYv14_CRU_S3","Bias","MeanState","global","scalar","kg m-2","1.9058","100.0"
"EcosystemandCarbonCycle","Biomass","Thurner","TRENDYv14_CRU_S3","Bias Score","MeanState","global","score","1","0.549135","100.0"
"EcosystemandCarbonCycle","Biomass","Thurner","TRENDYv14_CRU_S3","Overall Score","MeanState","global","score","1","0.648563","100.0"
"EcosystemandCarbonCycle","Biomass","Thurner","TRENDYv13_CRU_S3","Benchmark Period Mean (intersection)","MeanState","global","scalar","Pg","164.017","100.0"
"EcosystemandCarbonCycle","Biomass","Thurner","TRENDYv13_CRU_S3","Benchmark Period Mean (complement)","MeanState","global","scalar","Pg","10.308","100.0"
"EcosystemandCarbonCycle","Biomass","Thurner","TRENDYv13_CRU_S3","Period Mean (original grids)","MeanState","global","scalar","Pg","613.476","100.0"
"EcosystemandCarbonCycle","Biomass","Thurner","TRENDYv13_CRU_S3","Model Period Mean (intersection)","MeanState","global","scalar","Pg","271.271","100.0"
"EcosystemandCarbonCycle","Biomass","Thurner","TRENDYv13_CRU_S3","Model Period Mean (complement)","MeanState","global","scalar","Pg","342.206","100.0"
"EcosystemandCarbonCycle","Biomass","Thurner","TRENDYv13_CRU_S3","Spatial Distribution Score","MeanState","global","score","1","0.660019","100.0"
"EcosystemandCarbonCycle","Biomass","Thurner","TRENDYv13_CRU_S3","Bias","MeanState","global","scalar","kg m-2","2.37472","100.0"
"EcosystemandCarbonCycle","Biomass","Thurner","TRENDYv13_CRU_S3","Bias Score","MeanState","global","score","1","0.514449","100.0"
"EcosystemandCarbonCycle","Biomass","Thurner","TRENDYv13_CRU_S3","Overall Score","MeanState","global","score","1","0.587234","100.0"
"EcosystemandCarbonCycle","Biomass","Thurner","MERRA2_CH4_fbc7d07","Benchmark Period Mean (intersection)","MeanState","global","scalar","Pg","164.017","100.0"
"EcosystemandCarbonCycle","Biomass","Thurner","MERRA2_CH4_fbc7d07","Benchmark Period Mean (complement)","MeanState","global","scalar","Pg","10.308","100.0"
"EcosystemandCarbonCycle","Biomass","Thurner","MERRA2_CH4_fbc7d07","Period Mean (original grids)","MeanState","global","scalar","Pg","627.462","100.0"
"EcosystemandCarbonCycle","Biomass","Thurner","MERRA2_CH4_fbc7d07","Model Period Mean (intersection)","MeanState","global","scalar","Pg","222.251","100.0"
"EcosystemandCarbonCycle","Biomass","Thurner","MERRA2_CH4_fbc7d07","Model Period Mean (complement)","MeanState","global","scalar","Pg","405.211","100.0"
"EcosystemandCarbonCycle","Biomass","Thurner","MERRA2_CH4_fbc7d07","Spatial Distribution Score","MeanState","global","score","1","0.763183","100.0"
"EcosystemandCarbonCycle","Biomass","Thurner","MERRA2_CH4_fbc7d07","Bias","MeanState","global","scalar","kg m-2","1.28937","100.0"
"EcosystemandCarbonCycle","Biomass","Thurner","MERRA2_CH4_fbc7d07","Bias Score","MeanState","global","score","1","0.588684","100.0"
"EcosystemandCarbonCycle","Biomass","Thurner","MERRA2_CH4_fbc7d07","Overall Score","MeanState","global","score","1","0.675934","100.0"
"EcosystemandCarbonCycle","Biomass","Thurner","JRA3Q_CH4_fbc7d07","Benchmark Period Mean (intersection)","MeanState","global","scalar","Pg","164.017","100.0"
"EcosystemandCarbonCycle","Biomass","Thurner","JRA3Q_CH4_fbc7d07","Benchmark Period Mean (complement)","MeanState","global","scalar","Pg","10.308","100.0"
"EcosystemandCarbonCycle","Biomass","Thurner","JRA3Q_CH4_fbc7d07","Period Mean (original grids)","MeanState","global","scalar","Pg","764.38","100.0"
"EcosystemandCarbonCycle","Biomass","Thurner","JRA3Q_CH4_fbc7d07","Model Period Mean (intersection)","MeanState","global","scalar","Pg","246.049","100.0"
"EcosystemandCarbonCycle","Biomass","Thurner","JRA3Q_CH4_fbc7d07","Model Period Mean (complement)","MeanState","global","scalar","Pg","518.331","100.0"
"EcosystemandCarbonCycle","Biomass","Thurner","JRA3Q_CH4_fbc7d07","Spatial Distribution Score","MeanState","global","score","1","0.757699","100.0"
"EcosystemandCarbonCycle","Biomass","Thurner","JRA3Q_CH4_fbc7d07","Bias","MeanState","global","scalar","kg m-2","1.81628","100.0"
"EcosystemandCarbonCycle","Biomass","Thurner","JRA3Q_CH4_fbc7d07","Bias Score","MeanState","global","score","1","0.56544","100.0"
"EcosystemandCarbonCycle","Biomass","Thurner","JRA3Q_CH4_fbc7d07","Overall Score","MeanState","global","score","1","0.661569","100.0"
"EcosystemandCarbonCycle","Biomass","Thurner","TRENDY_CRU_S3_7a1fa06","Benchmark Period Mean (intersection)","MeanState","global","scalar","Pg","164.017","100.0"
"EcosystemandCarbonCycle","Biomass","Thurner","TRENDY_CRU_S3_7a1fa06","Benchmark Period Mean (complement)","MeanState","global","scalar","Pg","10.308","100.0"
"EcosystemandCarbonCycle","Biomass","Thurner","TRENDY_CRU_S3_7a1fa06","Period Mean (original grids)","MeanState","global","scalar","Pg","618.998","100.0"
"EcosystemandCarbonCycle","Biomass","Thurner","TRENDY_CRU_S3_7a1fa06","Model Period Mean (intersection)","MeanState","global","scalar","Pg","270.826","100.0"
"EcosystemandCarbonCycle","Biomass","Thurner","TRENDY_CRU_S3_7a1fa06","Model Period Mean (complement)","MeanState","global","scalar","Pg","348.172","100.0"
"EcosystemandCarbonCycle","Biomass","Thurner","TRENDY_CRU_S3_7a1fa06","Spatial Distribution Score","MeanState","global","score","1","0.632193","100.0"
"EcosystemandCarbonCycle","Biomass","Thurner","TRENDY_CRU_S3_7a1fa06","Bias","MeanState","global","scalar","kg m-2","2.36488","100.0"
"EcosystemandCarbonCycle","Biomass","Thurner","TRENDY_CRU_S3_7a1fa06","Bias Score","MeanState","global","score","1","0.499603","100.0"
"EcosystemandCarbonCycle","Biomass","Thurner","TRENDY_CRU_S3_7a1fa06","Overall Score","MeanState","global","score","1","0.565898","100.0"
"EcosystemandCarbonCycle","Biomass","Thurner","NMIP3_SH1_fbc7d07","Benchmark Period Mean (intersection)","MeanState","global","scalar","Pg","164.017","100.0"
"EcosystemandCarbonCycle","Biomass","Thurner","NMIP3_SH1_fbc7d07","Benchmark Period Mean (complement)","MeanState","global","scalar","Pg","10.308","100.0"
"EcosystemandCarbonCycle","Biomass","Thurner","NMIP3_SH1_fbc7d07","Period Mean (original grids)","MeanState","global","scalar","Pg","479.667","100.0"
"EcosystemandCarbonCycle","Biomass","Thurner","NMIP3_SH1_fbc7d07","Model Period Mean (intersection)","MeanState","global","scalar","Pg","186.778","100.0"
"EcosystemandCarbonCycle","Biomass","Thurner","NMIP3_SH1_fbc7d07","Model Period Mean (complement)","MeanState","global","scalar","Pg","292.889","100.0"
"EcosystemandCarbonCycle","Biomass","Thurner","NMIP3_SH1_fbc7d07","Spatial Distribution Score","MeanState","global","score","1","0.720905","100.0"
"EcosystemandCarbonCycle","Biomass","Thurner","NMIP3_SH1_fbc7d07","Bias","MeanState","global","scalar","kg m-2","0.50396","100.0"
"EcosystemandCarbonCycle","Biomass","Thurner","NMIP3_SH1_fbc7d07","Bias Score","MeanState","global","score","1","0.544534","100.0"
"EcosystemandCarbonCycle","Biomass","Thurner","NMIP3_SH1_fbc7d07","Overall Score","MeanState","global","score","1","0.632719","100.0"
"EcosystemandCarbonCycle","Biomass","Thurner","TRENDY_CRUJRAv15_S3_fbc7d07","Benchmark Period Mean (intersection)","MeanState","global","scalar","Pg","164.017","100.0"
"EcosystemandCarbonCycle","Biomass","Thurner","TRENDY_CRUJRAv15_S3_fbc7d07","Benchmark Period Mean (complement)","MeanState","global","scalar","Pg","10.308","100.0"
"EcosystemandCarbonCycle","Biomass","Thurner","TRENDY_CRUJRAv15_S3_fbc7d07","Period Mean (original grids)","MeanState","global","scalar","Pg","578.437","100.0"
"EcosystemandCarbonCycle","Biomass","Thurner","TRENDY_CRUJRAv15_S3_fbc7d07","Model Period Mean (intersection)","MeanState","global","scalar","Pg","245.192","100.0"
"EcosystemandCarbonCycle","Biomass","Thurner","TRENDY_CRUJRAv15_S3_fbc7d07","Model Period Mean (complement)","MeanState","global","scalar","Pg","333.245","100.0"
"EcosystemandCarbonCycle","Biomass","Thurner","TRENDY_CRUJRAv15_S3_fbc7d07","Spatial Distribution Score","MeanState","global","score","1","0.650995","100.0"
"EcosystemandCarbonCycle","Biomass","Thurner","TRENDY_CRUJRAv15_S3_fbc7d07","Bias","MeanState","global","scalar","kg m-2","1.79731","100.0"
"EcosystemandCarbonCycle","Biomass","Thurner","TRENDY_CRUJRAv15_S3_fbc7d07","Bias Score","MeanState","global","score","1","0.510718","100.0"
"EcosystemandCarbonCycle","Biomass","Thurner","TRENDY_CRUJRAv15_S3_fbc7d07","Overall Score","MeanState","global","score","1","0.580856","100.0"
"EcosystemandCarbonCycle","Biomass","Thurner","ERA5_CH4_fbc7d07","Benchmark Period Mean (intersection)","MeanState","global","scalar","Pg","164.017","100.0"
"EcosystemandCarbonCycle","Biomass","Thurner","ERA5_CH4_fbc7d07","Benchmark Period Mean (complement)","MeanState","global","scalar","Pg","10.308","100.0"
"EcosystemandCarbonCycle","Biomass","Thurner","ERA5_CH4_fbc7d07","Period Mean (original grids)","MeanState","global","scalar","Pg","742.245","100.0"
"EcosystemandCarbonCycle","Biomass","Thurner","ERA5_CH4_fbc7d07","Model Period Mean (intersection)","MeanState","global","scalar","Pg","248.253","100.0"
"EcosystemandCarbonCycle","Biomass","Thurner","ERA5_CH4_fbc7d07","Model Period Mean (complement)","MeanState","global","scalar","Pg","493.992","100.0"
"EcosystemandCarbonCycle","Biomass","Thurner","ERA5_CH4_fbc7d07","Spatial Distribution Score","MeanState","global","score","1","0.738232","100.0"
"EcosystemandCarbonCycle","Biomass","Thurner","ERA5_CH4_fbc7d07","Bias","MeanState","global","scalar","kg m-2","1.8651","100.0"
"EcosystemandCarbonCycle","Biomass","Thurner","ERA5_CH4_fbc7d07","Bias Score","MeanState","global","score","1","0.561632","100.0"
"EcosystemandCarbonCycle","Biomass","Thurner","ERA5_CH4_fbc7d07","Overall Score","MeanState","global","score","1","0.649932","100.0"
"EcosystemandCarbonCycle","GrossPrimaryProductivity","WECANN","MERRA2_CH4_fbc7d07","Benchmark Period Mean (intersection)","MeanState","global","scalar","Pg yr-1","114.05","75.0"
"EcosystemandCarbonCycle","GrossPrimaryProductivity","WECANN","MERRA2_CH4_fbc7d07","Benchmark Period Mean (complement)","MeanState","global","scalar","Pg yr-1","1.89796","75.0"
"EcosystemandCarbonCycle","GrossPrimaryProductivity","WECANN","MERRA2_CH4_fbc7d07","Period Mean (original grids)","MeanState","global","scalar","Pg yr-1","153.769","75.0"
"EcosystemandCarbonCycle","GrossPrimaryProductivity","WECANN","MERRA2_CH4_fbc7d07","Model Period Mean (intersection)","MeanState","global","scalar","Pg yr-1","147.205","75.0"
"EcosystemandCarbonCycle","GrossPrimaryProductivity","WECANN","MERRA2_CH4_fbc7d07","Model Period Mean (complement)","MeanState","global","scalar","Pg yr-1","6.56378","75.0"
"EcosystemandCarbonCycle","GrossPrimaryProductivity","WECANN","MERRA2_CH4_fbc7d07","Spatial Distribution Score","MeanState","global","score","1","0.918409","75.0"
"EcosystemandCarbonCycle","GrossPrimaryProductivity","WECANN","MERRA2_CH4_fbc7d07","Phase Shift","MeanState","global","scalar","months","1.50162","75.0"
"EcosystemandCarbonCycle","GrossPrimaryProductivity","WECANN","MERRA2_CH4_fbc7d07","Seasonal Cycle Score","MeanState","global","score","1","0.766107","75.0"
"EcosystemandCarbonCycle","GrossPrimaryProductivity","WECANN","MERRA2_CH4_fbc7d07","Bias","MeanState","global","scalar","g m-2 d-1","0.708123","75.0"
"EcosystemandCarbonCycle","GrossPrimaryProductivity","WECANN","MERRA2_CH4_fbc7d07","Bias Score","MeanState","global","score","1","0.507275","75.0"
"EcosystemandCarbonCycle","GrossPrimaryProductivity","WECANN","MERRA2_CH4_fbc7d07","RMSE","MeanState","global","scalar","g m-2 d-1","1.69211","75.0"
"EcosystemandCarbonCycle","GrossPrimaryProductivity","WECANN","MERRA2_CH4_fbc7d07","RMSE Score","MeanState","global","score","1","0.427234","75.0"
"EcosystemandCarbonCycle","GrossPrimaryProductivity","WECANN","MERRA2_CH4_fbc7d07","Overall Score","MeanState","global","score","1","0.609252","75.0"
"EcosystemandCarbonCycle","GrossPrimaryProductivity","WECANN","TRENDYv15_CRU410_S3","Benchmark Period Mean (intersection)","MeanState","global","scalar","Pg yr-1","114.05","75.0"
"EcosystemandCarbonCycle","GrossPrimaryProductivity","WECANN","TRENDYv15_CRU410_S3","Benchmark Period Mean (complement)","MeanState","global","scalar","Pg yr-1","1.89796","75.0"
"EcosystemandCarbonCycle","GrossPrimaryProductivity","WECANN","TRENDYv15_CRU410_S3","Period Mean (original grids)","MeanState","global","scalar","Pg yr-1","143.325","75.0"
"EcosystemandCarbonCycle","GrossPrimaryProductivity","WECANN","TRENDYv15_CRU410_S3","Model Period Mean (intersection)","MeanState","global","scalar","Pg yr-1","136.909","75.0"
"EcosystemandCarbonCycle","GrossPrimaryProductivity","WECANN","TRENDYv15_CRU410_S3","Model Period Mean (complement)","MeanState","global","scalar","Pg yr-1","6.41583","75.0"
"EcosystemandCarbonCycle","GrossPrimaryProductivity","WECANN","TRENDYv15_CRU410_S3","Spatial Distribution Score","MeanState","global","score","1","0.958101","75.0"
"EcosystemandCarbonCycle","GrossPrimaryProductivity","WECANN","TRENDYv15_CRU410_S3","Phase Shift","MeanState","global","scalar","months","1.54486","75.0"
"EcosystemandCarbonCycle","GrossPrimaryProductivity","WECANN","TRENDYv15_CRU410_S3","Seasonal Cycle Score","MeanState","global","score","1","0.727238","75.0"
"EcosystemandCarbonCycle","GrossPrimaryProductivity","WECANN","TRENDYv15_CRU410_S3","Bias","MeanState","global","scalar","g m-2 d-1","0.48821","75.0"
"EcosystemandCarbonCycle","GrossPrimaryProductivity","WECANN","TRENDYv15_CRU410_S3","Bias Score","MeanState","global","score","1","0.572234","75.0"
"EcosystemandCarbonCycle","GrossPrimaryProductivity","WECANN","TRENDYv15_CRU410_S3","RMSE","MeanState","global","scalar","g m-2 d-1","1.54761","75.0"
"EcosystemandCarbonCycle","GrossPrimaryProductivity","WECANN","TRENDYv15_CRU410_S3","RMSE Score","MeanState","global","score","1","0.466162","75.0"
"EcosystemandCarbonCycle","GrossPrimaryProductivity","WECANN","TRENDYv15_CRU410_S3","Overall Score","MeanState","global","score","1","0.63798","75.0"
"EcosystemandCarbonCycle","GrossPrimaryProductivity","WECANN","TRENDYv13_CRU_S3","Benchmark Period Mean (intersection)","MeanState","global","scalar","Pg yr-1","114.05","75.0"
"EcosystemandCarbonCycle","GrossPrimaryProductivity","WECANN","TRENDYv13_CRU_S3","Benchmark Period Mean (complement)","MeanState","global","scalar","Pg yr-1","1.89796","75.0"
"EcosystemandCarbonCycle","GrossPrimaryProductivity","WECANN","TRENDYv13_CRU_S3","Period Mean (original grids)","MeanState","global","scalar","Pg yr-1","143.813","75.0"
"EcosystemandCarbonCycle","GrossPrimaryProductivity","WECANN","TRENDYv13_CRU_S3","Model Period Mean (intersection)","MeanState","global","scalar","Pg yr-1","137.381","75.0"
"EcosystemandCarbonCycle","GrossPrimaryProductivity","WECANN","TRENDYv13_CRU_S3","Model Period Mean (complement)","MeanState","global","scalar","Pg yr-1","6.43285","75.0"
"EcosystemandCarbonCycle","GrossPrimaryProductivity","WECANN","TRENDYv13_CRU_S3","Spatial Distribution Score","MeanState","global","score","1","0.957009","75.0"
"EcosystemandCarbonCycle","GrossPrimaryProductivity","WECANN","TRENDYv13_CRU_S3","Phase Shift","MeanState","global","scalar","months","1.55156","75.0"
"EcosystemandCarbonCycle","GrossPrimaryProductivity","WECANN","TRENDYv13_CRU_S3","Seasonal Cycle Score","MeanState","global","score","1","0.725398","75.0"
"EcosystemandCarbonCycle","GrossPrimaryProductivity","WECANN","TRENDYv13_CRU_S3","Bias","MeanState","global","scalar","g m-2 d-1","0.498288","75.0"
"EcosystemandCarbonCycle","GrossPrimaryProductivity","WECANN","TRENDYv13_CRU_S3","Bias Score","MeanState","global","score","1","0.570222","75.0"
"EcosystemandCarbonCycle","GrossPrimaryProductivity","WECANN","TRENDYv13_CRU_S3","RMSE","MeanState","global","scalar","g m-2 d-1","1.55859","75.0"
"EcosystemandCarbonCycle","GrossPrimaryProductivity","WECANN","TRENDYv13_CRU_S3","RMSE Score","MeanState","global","score","1","0.463796","75.0"
"EcosystemandCarbonCycle","GrossPrimaryProductivity","WECANN","TRENDYv13_CRU_S3","Overall Score","MeanState","global","score","1","0.636044","75.0"
"EcosystemandCarbonCycle","GrossPrimaryProductivity","WECANN","TRENDYv14_CRU_S3","Benchmark Period Mean (intersection)","MeanState","global","scalar","Pg yr-1","114.05","75.0"
"EcosystemandCarbonCycle","GrossPrimaryProductivity","WECANN","TRENDYv14_CRU_S3","Benchmark Period Mean (complement)","MeanState","global","scalar","Pg yr-1","1.89796","75.0"
"EcosystemandCarbonCycle","GrossPrimaryProductivity","WECANN","TRENDYv14_CRU_S3","Period Mean (original grids)","MeanState","global","scalar","Pg yr-1","144.881","75.0"
"EcosystemandCarbonCycle","GrossPrimaryProductivity","WECANN","TRENDYv14_CRU_S3","Model Period Mean (intersection)","MeanState","global","scalar","Pg yr-1","138.397","75.0"
"EcosystemandCarbonCycle","GrossPrimaryProductivity","WECANN","TRENDYv14_CRU_S3","Model Period Mean (complement)","MeanState","global","scalar","Pg yr-1","6.48481","75.0"
"EcosystemandCarbonCycle","GrossPrimaryProductivity","WECANN","TRENDYv14_CRU_S3","Spatial Distribution Score","MeanState","global","score","1","0.957522","75.0"
"EcosystemandCarbonCycle","GrossPrimaryProductivity","WECANN","TRENDYv14_CRU_S3","Phase Shift","MeanState","global","scalar","months","1.62358","75.0"
"EcosystemandCarbonCycle","GrossPrimaryProductivity","WECANN","TRENDYv14_CRU_S3","Seasonal Cycle Score","MeanState","global","score","1","0.716089","75.0"
"EcosystemandCarbonCycle","GrossPrimaryProductivity","WECANN","TRENDYv14_CRU_S3","Bias","MeanState","global","scalar","g m-2 d-1","0.519989","75.0"
"EcosystemandCarbonCycle","GrossPrimaryProductivity","WECANN","TRENDYv14_CRU_S3","Bias Score","MeanState","global","score","1","0.568559","75.0"
"EcosystemandCarbonCycle","GrossPrimaryProductivity","WECANN","TRENDYv14_CRU_S3","RMSE","MeanState","global","scalar","g m-2 d-1","1.55796","75.0"
"EcosystemandCarbonCycle","GrossPrimaryProductivity","WECANN","TRENDYv14_CRU_S3","RMSE Score","MeanState","global","score","1","0.461419","75.0"
"EcosystemandCarbonCycle","GrossPrimaryProductivity","WECANN","TRENDYv14_CRU_S3","Overall Score","MeanState","global","score","1","0.633001","75.0"
"EcosystemandCarbonCycle","GrossPrimaryProductivity","WECANN","TRENDY_CRU_S3_7a1fa06","Benchmark Period Mean (intersection)","MeanState","global","scalar","Pg yr-1","114.05","75.0"
"EcosystemandCarbonCycle","GrossPrimaryProductivity","WECANN","TRENDY_CRU_S3_7a1fa06","Benchmark Period Mean (complement)","MeanState","global","scalar","Pg yr-1","1.89796","75.0"
"EcosystemandCarbonCycle","GrossPrimaryProductivity","WECANN","TRENDY_CRU_S3_7a1fa06","Period Mean (original grids)","MeanState","global","scalar","Pg yr-1","153.008","75.0"
"EcosystemandCarbonCycle","GrossPrimaryProductivity","WECANN","TRENDY_CRU_S3_7a1fa06","Model Period Mean (intersection)","MeanState","global","scalar","Pg yr-1","146.251","75.0"
"EcosystemandCarbonCycle","GrossPrimaryProductivity","WECANN","TRENDY_CRU_S3_7a1fa06","Model Period Mean (complement)","MeanState","global","scalar","Pg yr-1","6.7564","75.0"
"EcosystemandCarbonCycle","GrossPrimaryProductivity","WECANN","TRENDY_CRU_S3_7a1fa06","Spatial Distribution Score","MeanState","global","score","1","0.945463","75.0"
"EcosystemandCarbonCycle","GrossPrimaryProductivity","WECANN","TRENDY_CRU_S3_7a1fa06","Phase Shift","MeanState","global","scalar","months","1.59319","75.0"
"EcosystemandCarbonCycle","GrossPrimaryProductivity","WECANN","TRENDY_CRU_S3_7a1fa06","Seasonal Cycle Score","MeanState","global","score","1","0.704876","75.0"
"EcosystemandCarbonCycle","GrossPrimaryProductivity","WECANN","TRENDY_CRU_S3_7a1fa06","Bias","MeanState","global","scalar","g m-2 d-1","0.687745","75.0"
"EcosystemandCarbonCycle","GrossPrimaryProductivity","WECANN","TRENDY_CRU_S3_7a1fa06","Bias Score","MeanState","global","score","1","0.539786","75.0"
"EcosystemandCarbonCycle","GrossPrimaryProductivity","WECANN","TRENDY_CRU_S3_7a1fa06","RMSE","MeanState","global","scalar","g m-2 d-1","1.62446","75.0"
"EcosystemandCarbonCycle","GrossPrimaryProductivity","WECANN","TRENDY_CRU_S3_7a1fa06","RMSE Score","MeanState","global","score","1","0.472089","75.0"
"EcosystemandCarbonCycle","GrossPrimaryProductivity","WECANN","TRENDY_CRU_S3_7a1fa06","Overall Score","MeanState","global","score","1","0.626861","75.0"
"EcosystemandCarbonCycle","GrossPrimaryProductivity","WECANN","ERA5_CH4_fbc7d07","Benchmark Period Mean (intersection)","MeanState","global","scalar","Pg yr-1","114.05","75.0"
"EcosystemandCarbonCycle","GrossPrimaryProductivity","WECANN","ERA5_CH4_fbc7d07","Benchmark Period Mean (complement)","MeanState","global","scalar","Pg yr-1","1.89796","75.0"
"EcosystemandCarbonCycle","GrossPrimaryProductivity","WECANN","ERA5_CH4_fbc7d07","Period Mean (original grids)","MeanState","global","scalar","Pg yr-1","156.167","75.0"
"EcosystemandCarbonCycle","GrossPrimaryProductivity","WECANN","ERA5_CH4_fbc7d07","Model Period Mean (intersection)","MeanState","global","scalar","Pg yr-1","149.365","75.0"
"EcosystemandCarbonCycle","GrossPrimaryProductivity","WECANN","ERA5_CH4_fbc7d07","Model Period Mean (complement)","MeanState","global","scalar","Pg yr-1","6.80231","75.0"
"EcosystemandCarbonCycle","GrossPrimaryProductivity","WECANN","ERA5_CH4_fbc7d07","Spatial Distribution Score","MeanState","global","score","1","0.91091","75.0"
"EcosystemandCarbonCycle","GrossPrimaryProductivity","WECANN","ERA5_CH4_fbc7d07","Phase Shift","MeanState","global","scalar","months","1.45006","75.0"
"EcosystemandCarbonCycle","GrossPrimaryProductivity","WECANN","ERA5_CH4_fbc7d07","Seasonal Cycle Score","MeanState","global","score","1","0.763885","75.0"
"EcosystemandCarbonCycle","GrossPrimaryProductivity","WECANN","ERA5_CH4_fbc7d07","Bias","MeanState","global","scalar","g m-2 d-1","0.754238","75.0"
"EcosystemandCarbonCycle","GrossPrimaryProductivity","WECANN","ERA5_CH4_fbc7d07","Bias Score","MeanState","global","score","1","0.502119","75.0"
"EcosystemandCarbonCycle","GrossPrimaryProductivity","WECANN","ERA5_CH4_fbc7d07","RMSE","MeanState","global","scalar","g m-2 d-1","1.68394","75.0"
"EcosystemandCarbonCycle","GrossPrimaryProductivity","WECANN","ERA5_CH4_fbc7d07","RMSE Score","MeanState","global","score","1","0.451523","75.0"
"EcosystemandCarbonCycle","GrossPrimaryProductivity","WECANN","ERA5_CH4_fbc7d07","Overall Score","MeanState","global","score","1","0.615992","75.0"
"EcosystemandCarbonCycle","GrossPrimaryProductivity","WECANN","TRENDY_CRUJRAv15_S3_fbc7d07","Benchmark Period Mean (intersection)","MeanState","global","scalar","Pg yr-1","114.05","75.0"
"EcosystemandCarbonCycle","GrossPrimaryProductivity","WECANN","TRENDY_CRUJRAv15_S3_fbc7d07","Benchmark Period Mean (complement)","MeanState","global","scalar","Pg yr-1","1.89796","75.0"
"EcosystemandCarbonCycle","GrossPrimaryProductivity","WECANN","TRENDY_CRUJRAv15_S3_fbc7d07","Period Mean (original grids)","MeanState","global","scalar","Pg yr-1","158.862","75.0"
"EcosystemandCarbonCycle","GrossPrimaryProductivity","WECANN","TRENDY_CRUJRAv15_S3_fbc7d07","Model Period Mean (intersection)","MeanState","global","scalar","Pg yr-1","151.616","75.0"
"EcosystemandCarbonCycle","GrossPrimaryProductivity","WECANN","TRENDY_CRUJRAv15_S3_fbc7d07","Model Period Mean (complement)","MeanState","global","scalar","Pg yr-1","7.24589","75.0"
"EcosystemandCarbonCycle","GrossPrimaryProductivity","WECANN","TRENDY_CRUJRAv15_S3_fbc7d07","Spatial Distribution Score","MeanState","global","score","1","0.915503","75.0"
"EcosystemandCarbonCycle","GrossPrimaryProductivity","WECANN","TRENDY_CRUJRAv15_S3_fbc7d07","Phase Shift","MeanState","global","scalar","months","1.54658","75.0"
"EcosystemandCarbonCycle","GrossPrimaryProductivity","WECANN","TRENDY_CRUJRAv15_S3_fbc7d07","Seasonal Cycle Score","MeanState","global","score","1","0.751593","75.0"
"EcosystemandCarbonCycle","GrossPrimaryProductivity","WECANN","TRENDY_CRUJRAv15_S3_fbc7d07","Bias","MeanState","global","scalar","g m-2 d-1","0.802331","75.0"
"EcosystemandCarbonCycle","GrossPrimaryProductivity","WECANN","TRENDY_CRUJRAv15_S3_fbc7d07","Bias Score","MeanState","global","score","1","0.49597","75.0"
"EcosystemandCarbonCycle","GrossPrimaryProductivity","WECANN","TRENDY_CRUJRAv15_S3_fbc7d07","RMSE","MeanState","global","scalar","g m-2 d-1","1.69571","75.0"
"EcosystemandCarbonCycle","GrossPrimaryProductivity","WECANN","TRENDY_CRUJRAv15_S3_fbc7d07","RMSE Score","MeanState","global","score","1","0.46277","75.0"
"EcosystemandCarbonCycle","GrossPrimaryProductivity","WECANN","TRENDY_CRUJRAv15_S3_fbc7d07","Overall Score","MeanState","global","score","1","0.617721","75.0"
"EcosystemandCarbonCycle","GrossPrimaryProductivity","WECANN","JRA3Q_CH4_fbc7d07","Benchmark Period Mean (intersection)","MeanState","global","scalar","Pg yr-1","114.05","75.0"
"EcosystemandCarbonCycle","GrossPrimaryProductivity","WECANN","JRA3Q_CH4_fbc7d07","Benchmark Period Mean (complement)","MeanState","global","scalar","Pg yr-1","1.89796","75.0"
"EcosystemandCarbonCycle","GrossPrimaryProductivity","WECANN","JRA3Q_CH4_fbc7d07","Period Mean (original grids)","MeanState","global","scalar","Pg yr-1","169.486","75.0"
"EcosystemandCarbonCycle","GrossPrimaryProductivity","WECANN","JRA3Q_CH4_fbc7d07","Model Period Mean (intersection)","MeanState","global","scalar","Pg yr-1","162.35","75.0"
"EcosystemandCarbonCycle","GrossPrimaryProductivity","WECANN","JRA3Q_CH4_fbc7d07","Model Period Mean (complement)","MeanState","global","scalar","Pg yr-1","7.13512","75.0"
"EcosystemandCarbonCycle","GrossPrimaryProductivity","WECANN","JRA3Q_CH4_fbc7d07","Spatial Distribution Score","MeanState","global","score","1","0.85319","75.0"
"EcosystemandCarbonCycle","GrossPrimaryProductivity","WECANN","JRA3Q_CH4_fbc7d07","Phase Shift","MeanState","global","scalar","months","1.39777","75.0"
"EcosystemandCarbonCycle","GrossPrimaryProductivity","WECANN","JRA3Q_CH4_fbc7d07","Seasonal Cycle Score","MeanState","global","score","1","0.785948","75.0"
"EcosystemandCarbonCycle","GrossPrimaryProductivity","WECANN","JRA3Q_CH4_fbc7d07","Bias","MeanState","global","scalar","g m-2 d-1","1.03159","75.0"
"EcosystemandCarbonCycle","GrossPrimaryProductivity","WECANN","JRA3Q_CH4_fbc7d07","Bias Score","MeanState","global","score","1","0.386827","75.0"
"EcosystemandCarbonCycle","GrossPrimaryProductivity","WECANN","JRA3Q_CH4_fbc7d07","RMSE","MeanState","global","scalar","g m-2 d-1","1.96623","75.0"
"EcosystemandCarbonCycle","GrossPrimaryProductivity","WECANN","JRA3Q_CH4_fbc7d07","RMSE Score","MeanState","global","score","1","0.438148","75.0"
"EcosystemandCarbonCycle","GrossPrimaryProductivity","WECANN","JRA3Q_CH4_fbc7d07","Overall Score","MeanState","global","score","1","0.580452","75.0"
"EcosystemandCarbonCycle","GrossPrimaryProductivity","WECANN","NMIP3_SH1_fbc7d07","Benchmark Period Mean (intersection)","MeanState","global","scalar","Pg yr-1","114.05","75.0"
"EcosystemandCarbonCycle","GrossPrimaryProductivity","WECANN","NMIP3_SH1_fbc7d07","Benchmark Period Mean (complement)","MeanState","global","scalar","Pg yr-1","1.89796","75.0"
"EcosystemandCarbonCycle","GrossPrimaryProductivity","WECANN","NMIP3_SH1_fbc7d07","Period Mean (original grids)","MeanState","global","scalar","Pg yr-1","128.764","75.0"
"EcosystemandCarbonCycle","GrossPrimaryProductivity","WECANN","NMIP3_SH1_fbc7d07","Model Period Mean (intersection)","MeanState","global","scalar","Pg yr-1","122.647","75.0"
"EcosystemandCarbonCycle","GrossPrimaryProductivity","WECANN","NMIP3_SH1_fbc7d07","Model Period Mean (complement)","MeanState","global","scalar","Pg yr-1","6.11792","75.0"
"EcosystemandCarbonCycle","GrossPrimaryProductivity","WECANN","NMIP3_SH1_fbc7d07","Spatial Distribution Score","MeanState","global","score","1","0.959661","75.0"
"EcosystemandCarbonCycle","GrossPrimaryProductivity","WECANN","NMIP3_SH1_fbc7d07","Phase Shift","MeanState","global","scalar","months","1.47023","75.0"
"EcosystemandCarbonCycle","GrossPrimaryProductivity","WECANN","NMIP3_SH1_fbc7d07","Seasonal Cycle Score","MeanState","global","score","1","0.76932","75.0"
"EcosystemandCarbonCycle","GrossPrimaryProductivity","WECANN","NMIP3_SH1_fbc7d07","Bias","MeanState","global","scalar","g m-2 d-1","0.183603","75.0"
"EcosystemandCarbonCycle","GrossPrimaryProductivity","WECANN","NMIP3_SH1_fbc7d07","Bias Score","MeanState","global","score","1","0.618617","75.0"
"EcosystemandCarbonCycle","GrossPrimaryProductivity","WECANN","NMIP3_SH1_fbc7d07","RMSE","MeanState","global","scalar","g m-2 d-1","1.20802","75.0"
"EcosystemandCarbonCycle","GrossPrimaryProductivity","WECANN","NMIP3_SH1_fbc7d07","RMSE Score","MeanState","global","score","1","0.537734","75.0"
"EcosystemandCarbonCycle","GrossPrimaryProductivity","WECANN","NMIP3_SH1_fbc7d07","Overall Score","MeanState","global","score","1","0.684613","75.0"
"EcosystemandCarbonCycle","GrossPrimaryProductivity","FLUXCOM","TRENDYv14_CRU_S3","Benchmark Period Mean (intersection)","MeanState","global","scalar","Pg yr-1","113.71","75.0"
"EcosystemandCarbonCycle","GrossPrimaryProductivity","FLUXCOM","TRENDYv14_CRU_S3","Benchmark Period Mean (complement)","MeanState","global","scalar","Pg yr-1","nan","75.0"
"EcosystemandCarbonCycle","GrossPrimaryProductivity","FLUXCOM","TRENDYv14_CRU_S3","Period Mean (original grids)","MeanState","global","scalar","Pg yr-1","139.179","75.0"
"EcosystemandCarbonCycle","GrossPrimaryProductivity","FLUXCOM","TRENDYv14_CRU_S3","Model Period Mean (intersection)","MeanState","global","scalar","Pg yr-1","138.818","75.0"
"EcosystemandCarbonCycle","GrossPrimaryProductivity","FLUXCOM","TRENDYv14_CRU_S3","Model Period Mean (complement)","MeanState","global","scalar","Pg yr-1","0.361564","75.0"
"EcosystemandCarbonCycle","GrossPrimaryProductivity","FLUXCOM","TRENDYv14_CRU_S3","Spatial Distribution Score","MeanState","global","score","1","0.921557","75.0"
"EcosystemandCarbonCycle","GrossPrimaryProductivity","FLUXCOM","TRENDYv14_CRU_S3","Phase Shift","MeanState","global","scalar","months","1.38191","75.0"
"EcosystemandCarbonCycle","GrossPrimaryProductivity","FLUXCOM","TRENDYv14_CRU_S3","Seasonal Cycle Score","MeanState","global","score","1","0.755924","75.0"
"EcosystemandCarbonCycle","GrossPrimaryProductivity","FLUXCOM","TRENDYv14_CRU_S3","Bias","MeanState","global","scalar","g m-2 d-1","0.577398","75.0"
"EcosystemandCarbonCycle","GrossPrimaryProductivity","FLUXCOM","TRENDYv14_CRU_S3","Bias Score","MeanState","global","score","1","0.489655","75.0"
"EcosystemandCarbonCycle","GrossPrimaryProductivity","FLUXCOM","TRENDYv14_CRU_S3","RMSE","MeanState","global","scalar","g m-2 d-1","1.73693","75.0"
"EcosystemandCarbonCycle","GrossPrimaryProductivity","FLUXCOM","TRENDYv14_CRU_S3","RMSE Score","MeanState","global","score","1","0.457906","75.0"
"EcosystemandCarbonCycle","GrossPrimaryProductivity","FLUXCOM","TRENDYv14_CRU_S3","Overall Score","MeanState","global","score","1","0.61659","75.0"
"EcosystemandCarbonCycle","GrossPrimaryProductivity","FLUXCOM","TRENDYv14_CRU_S3","Evapotranspiration|GLEAMv3.3a Hellinger Distance","Relationships","global","scalar","1","0.415306","75.0"
"EcosystemandCarbonCycle","GrossPrimaryProductivity","FLUXCOM","TRENDYv14_CRU_S3","Evapotranspiration|GLEAMv3.3a Score","Relationships","global","score","1","0.712106","75.0"
"EcosystemandCarbonCycle","GrossPrimaryProductivity","FLUXCOM","TRENDYv14_CRU_S3","Overall Score","Relationships","global","score","1","0.712106","75.0"
"EcosystemandCarbonCycle","GrossPrimaryProductivity","FLUXCOM","TRENDYv15_CRU410_S3","Benchmark Period Mean (intersection)","MeanState","global","scalar","Pg yr-1","113.71","75.0"
"EcosystemandCarbonCycle","GrossPrimaryProductivity","FLUXCOM","TRENDYv15_CRU410_S3","Benchmark Period Mean (complement)","MeanState","global","scalar","Pg yr-1","nan","75.0"
"EcosystemandCarbonCycle","GrossPrimaryProductivity","FLUXCOM","TRENDYv15_CRU410_S3","Period Mean (original grids)","MeanState","global","scalar","Pg yr-1","137.871","75.0"
"EcosystemandCarbonCycle","GrossPrimaryProductivity","FLUXCOM","TRENDYv15_CRU410_S3","Model Period Mean (intersection)","MeanState","global","scalar","Pg yr-1","137.556","75.0"
"EcosystemandCarbonCycle","GrossPrimaryProductivity","FLUXCOM","TRENDYv15_CRU410_S3","Model Period Mean (complement)","MeanState","global","scalar","Pg yr-1","0.314834","75.0"
"EcosystemandCarbonCycle","GrossPrimaryProductivity","FLUXCOM","TRENDYv15_CRU410_S3","Spatial Distribution Score","MeanState","global","score","1","0.915636","75.0"
"EcosystemandCarbonCycle","GrossPrimaryProductivity","FLUXCOM","TRENDYv15_CRU410_S3","Phase Shift","MeanState","global","scalar","months","1.33687","75.0"
"EcosystemandCarbonCycle","GrossPrimaryProductivity","FLUXCOM","TRENDYv15_CRU410_S3","Seasonal Cycle Score","MeanState","global","score","1","0.762931","75.0"
"EcosystemandCarbonCycle","GrossPrimaryProductivity","FLUXCOM","TRENDYv15_CRU410_S3","Bias","MeanState","global","scalar","g m-2 d-1","0.548382","75.0"
"EcosystemandCarbonCycle","GrossPrimaryProductivity","FLUXCOM","TRENDYv15_CRU410_S3","Bias Score","MeanState","global","score","1","0.491735","75.0"
"EcosystemandCarbonCycle","GrossPrimaryProductivity","FLUXCOM","TRENDYv15_CRU410_S3","RMSE","MeanState","global","scalar","g m-2 d-1","1.71959","75.0"
"EcosystemandCarbonCycle","GrossPrimaryProductivity","FLUXCOM","TRENDYv15_CRU410_S3","RMSE Score","MeanState","global","score","1","0.46298","75.0"
"EcosystemandCarbonCycle","GrossPrimaryProductivity","FLUXCOM","TRENDYv15_CRU410_S3","Overall Score","MeanState","global","score","1","0.619252","75.0"
"EcosystemandCarbonCycle","GrossPrimaryProductivity","FLUXCOM","TRENDYv15_CRU410_S3","Evapotranspiration|GLEAMv3.3a Hellinger Distance","Relationships","global","scalar","1","0.42027","75.0"
"EcosystemandCarbonCycle","GrossPrimaryProductivity","FLUXCOM","TRENDYv15_CRU410_S3","Evapotranspiration|GLEAMv3.3a Score","Relationships","global","score","1","0.720092","75.0"
"EcosystemandCarbonCycle","GrossPrimaryProductivity","FLUXCOM","TRENDYv15_CRU410_S3","Overall Score","Relationships","global","score","1","0.720092","75.0"
"EcosystemandCarbonCycle","GrossPrimaryProductivity","FLUXCOM","TRENDYv13_CRU_S3","Benchmark Period Mean (intersection)","MeanState","global","scalar","Pg yr-1","113.71","75.0"
"EcosystemandCarbonCycle","GrossPrimaryProductivity","FLUXCOM","TRENDYv13_CRU_S3","Benchmark Period Mean (complement)","MeanState","global","scalar","Pg yr-1","nan","75.0"
"EcosystemandCarbonCycle","GrossPrimaryProductivity","FLUXCOM","TRENDYv13_CRU_S3","Period Mean (original grids)","MeanState","global","scalar","Pg yr-1","138.09","75.0"
"EcosystemandCarbonCycle","GrossPrimaryProductivity","FLUXCOM","TRENDYv13_CRU_S3","Model Period Mean (intersection)","MeanState","global","scalar","Pg yr-1","137.772","75.0"
"EcosystemandCarbonCycle","GrossPrimaryProductivity","FLUXCOM","TRENDYv13_CRU_S3","Model Period Mean (complement)","MeanState","global","scalar","Pg yr-1","0.317565","75.0"
"EcosystemandCarbonCycle","GrossPrimaryProductivity","FLUXCOM","TRENDYv13_CRU_S3","Spatial Distribution Score","MeanState","global","score","1","0.916047","75.0"
"EcosystemandCarbonCycle","GrossPrimaryProductivity","FLUXCOM","TRENDYv13_CRU_S3","Phase Shift","MeanState","global","scalar","months","1.33562","75.0"
"EcosystemandCarbonCycle","GrossPrimaryProductivity","FLUXCOM","TRENDYv13_CRU_S3","Seasonal Cycle Score","MeanState","global","score","1","0.763641","75.0"
"EcosystemandCarbonCycle","GrossPrimaryProductivity","FLUXCOM","TRENDYv13_CRU_S3","Bias","MeanState","global","scalar","g m-2 d-1","0.553354","75.0"
"EcosystemandCarbonCycle","GrossPrimaryProductivity","FLUXCOM","TRENDYv13_CRU_S3","Bias Score","MeanState","global","score","1","0.492031","75.0"
"EcosystemandCarbonCycle","GrossPrimaryProductivity","FLUXCOM","TRENDYv13_CRU_S3","RMSE","MeanState","global","scalar","g m-2 d-1","1.72612","75.0"
"EcosystemandCarbonCycle","GrossPrimaryProductivity","FLUXCOM","TRENDYv13_CRU_S3","RMSE Score","MeanState","global","score","1","0.461162","75.0"
"EcosystemandCarbonCycle","GrossPrimaryProductivity","FLUXCOM","TRENDYv13_CRU_S3","Overall Score","MeanState","global","score","1","0.618809","75.0"
"EcosystemandCarbonCycle","GrossPrimaryProductivity","FLUXCOM","TRENDYv13_CRU_S3","Evapotranspiration|GLEAMv3.3a Hellinger Distance","Relationships","global","scalar","1","0.388822","75.0"
"EcosystemandCarbonCycle","GrossPrimaryProductivity","FLUXCOM","TRENDYv13_CRU_S3","Evapotranspiration|GLEAMv3.3a Score","Relationships","global","score","1","0.556565","75.0"
"EcosystemandCarbonCycle","GrossPrimaryProductivity","FLUXCOM","TRENDYv13_CRU_S3","Overall Score","Relationships","global","score","1","0.556565","75.0"
"EcosystemandCarbonCycle","GrossPrimaryProductivity","FLUXCOM","TRENDY_CRU_S3_7a1fa06","Benchmark Period Mean (intersection)","MeanState","global","scalar","Pg yr-1","113.71","75.0"
"EcosystemandCarbonCycle","GrossPrimaryProductivity","FLUXCOM","TRENDY_CRU_S3_7a1fa06","Benchmark Period Mean (complement)","MeanState","global","scalar","Pg yr-1","nan","75.0"
"EcosystemandCarbonCycle","GrossPrimaryProductivity","FLUXCOM","TRENDY_CRU_S3_7a1fa06","Period Mean (original grids)","MeanState","global","scalar","Pg yr-1","147.296","75.0"
"EcosystemandCarbonCycle","GrossPrimaryProductivity","FLUXCOM","TRENDY_CRU_S3_7a1fa06","Model Period Mean (intersection)","MeanState","global","scalar","Pg yr-1","146.935","75.0"
"EcosystemandCarbonCycle","GrossPrimaryProductivity","FLUXCOM","TRENDY_CRU_S3_7a1fa06","Model Period Mean (complement)","MeanState","global","scalar","Pg yr-1","0.361535","75.0"
"EcosystemandCarbonCycle","GrossPrimaryProductivity","FLUXCOM","TRENDY_CRU_S3_7a1fa06","Spatial Distribution Score","MeanState","global","score","1","0.934011","75.0"
"EcosystemandCarbonCycle","GrossPrimaryProductivity","FLUXCOM","TRENDY_CRU_S3_7a1fa06","Phase Shift","MeanState","global","scalar","months","1.33987","75.0"
"EcosystemandCarbonCycle","GrossPrimaryProductivity","FLUXCOM","TRENDY_CRU_S3_7a1fa06","Seasonal Cycle Score","MeanState","global","score","1","0.763233","75.0"
"EcosystemandCarbonCycle","GrossPrimaryProductivity","FLUXCOM","TRENDY_CRU_S3_7a1fa06","Bias","MeanState","global","scalar","g m-2 d-1","0.764058","75.0"
"EcosystemandCarbonCycle","GrossPrimaryProductivity","FLUXCOM","TRENDY_CRU_S3_7a1fa06","Bias Score","MeanState","global","score","1","0.473547","75.0"
"EcosystemandCarbonCycle","GrossPrimaryProductivity","FLUXCOM","TRENDY_CRU_S3_7a1fa06","RMSE","MeanState","global","scalar","g m-2 d-1","1.80986","75.0"
"EcosystemandCarbonCycle","GrossPrimaryProductivity","FLUXCOM","TRENDY_CRU_S3_7a1fa06","RMSE Score","MeanState","global","score","1","0.46795","75.0"
"EcosystemandCarbonCycle","GrossPrimaryProductivity","FLUXCOM","TRENDY_CRU_S3_7a1fa06","Overall Score","MeanState","global","score","1","0.621338","75.0"
"EcosystemandCarbonCycle","GrossPrimaryProductivity","FLUXCOM","TRENDY_CRU_S3_7a1fa06","Evapotranspiration|GLEAMv3.3a Hellinger Distance","Relationships","global","scalar","1","0.413978","75.0"
"EcosystemandCarbonCycle","GrossPrimaryProductivity","FLUXCOM","TRENDY_CRU_S3_7a1fa06","Evapotranspiration|GLEAMv3.3a Score","Relationships","global","score","1","0.682809","75.0"
"EcosystemandCarbonCycle","GrossPrimaryProductivity","FLUXCOM","TRENDY_CRU_S3_7a1fa06","Overall Score","Relationships","global","score","1","0.682809","75.0"
"EcosystemandCarbonCycle","GrossPrimaryProductivity","FLUXCOM","MERRA2_CH4_fbc7d07","Benchmark Period Mean (intersection)","MeanState","global","scalar","Pg yr-1","113.71","75.0"
"EcosystemandCarbonCycle","GrossPrimaryProductivity","FLUXCOM","MERRA2_CH4_fbc7d07","Benchmark Period Mean (complement)","MeanState","global","scalar","Pg yr-1","nan","75.0"
"EcosystemandCarbonCycle","GrossPrimaryProductivity","FLUXCOM","MERRA2_CH4_fbc7d07","Period Mean (original grids)","MeanState","global","scalar","Pg yr-1","147.4","75.0"
"EcosystemandCarbonCycle","GrossPrimaryProductivity","FLUXCOM","MERRA2_CH4_fbc7d07","Model Period Mean (intersection)","MeanState","global","scalar","Pg yr-1","147.16","75.0"
"EcosystemandCarbonCycle","GrossPrimaryProductivity","FLUXCOM","MERRA2_CH4_fbc7d07","Model Period Mean (complement)","MeanState","global","scalar","Pg yr-1","0.239588","75.0"
"EcosystemandCarbonCycle","GrossPrimaryProductivity","FLUXCOM","MERRA2_CH4_fbc7d07","Spatial Distribution Score","MeanState","global","score","1","0.962134","75.0"
"EcosystemandCarbonCycle","GrossPrimaryProductivity","FLUXCOM","MERRA2_CH4_fbc7d07","Phase Shift","MeanState","global","scalar","months","1.31638","75.0"
"EcosystemandCarbonCycle","GrossPrimaryProductivity","FLUXCOM","MERRA2_CH4_fbc7d07","Seasonal Cycle Score","MeanState","global","score","1","0.791991","75.0"
"EcosystemandCarbonCycle","GrossPrimaryProductivity","FLUXCOM","MERRA2_CH4_fbc7d07","Bias","MeanState","global","scalar","g m-2 d-1","0.769239","75.0"
"EcosystemandCarbonCycle","GrossPrimaryProductivity","FLUXCOM","MERRA2_CH4_fbc7d07","Bias Score","MeanState","global","score","1","0.496793","75.0"
"EcosystemandCarbonCycle","GrossPrimaryProductivity","FLUXCOM","MERRA2_CH4_fbc7d07","RMSE","MeanState","global","scalar","g m-2 d-1","1.76397","75.0"
"EcosystemandCarbonCycle","GrossPrimaryProductivity","FLUXCOM","MERRA2_CH4_fbc7d07","RMSE Score","MeanState","global","score","1","0.426972","75.0"
"EcosystemandCarbonCycle","GrossPrimaryProductivity","FLUXCOM","MERRA2_CH4_fbc7d07","Overall Score","MeanState","global","score","1","0.620972","75.0"
"EcosystemandCarbonCycle","GrossPrimaryProductivity","FLUXCOM","MERRA2_CH4_fbc7d07","Evapotranspiration|GLEAMv3.3a Hellinger Distance","Relationships","global","scalar","1","0.439737","75.0"
"EcosystemandCarbonCycle","GrossPrimaryProductivity","FLUXCOM","MERRA2_CH4_fbc7d07","Evapotranspiration|GLEAMv3.3a Score","Relationships","global","score","1","0.770587","75.0"
"EcosystemandCarbonCycle","GrossPrimaryProductivity","FLUXCOM","MERRA2_CH4_fbc7d07","Overall Score","Relationships","global","score","1","0.770587","75.0"
"EcosystemandCarbonCycle","GrossPrimaryProductivity","FLUXCOM","ERA5_CH4_fbc7d07","Benchmark Period Mean (intersection)","MeanState","global","scalar","Pg yr-1","113.71","75.0"
"EcosystemandCarbonCycle","GrossPrimaryProductivity","FLUXCOM","ERA5_CH4_fbc7d07","Benchmark Period Mean (complement)","MeanState","global","scalar","Pg yr-1","nan","75.0"
"EcosystemandCarbonCycle","GrossPrimaryProductivity","FLUXCOM","ERA5_CH4_fbc7d07","Period Mean (original grids)","MeanState","global","scalar","Pg yr-1","153.164","75.0"
"EcosystemandCarbonCycle","GrossPrimaryProductivity","FLUXCOM","ERA5_CH4_fbc7d07","Model Period Mean (intersection)","MeanState","global","scalar","Pg yr-1","152.934","75.0"
"EcosystemandCarbonCycle","GrossPrimaryProductivity","FLUXCOM","ERA5_CH4_fbc7d07","Model Period Mean (complement)","MeanState","global","scalar","Pg yr-1","0.229826","75.0"
"EcosystemandCarbonCycle","GrossPrimaryProductivity","FLUXCOM","ERA5_CH4_fbc7d07","Spatial Distribution Score","MeanState","global","score","1","0.961282","75.0"
"EcosystemandCarbonCycle","GrossPrimaryProductivity","FLUXCOM","ERA5_CH4_fbc7d07","Phase Shift","MeanState","global","scalar","months","1.22891","75.0"
"EcosystemandCarbonCycle","GrossPrimaryProductivity","FLUXCOM","ERA5_CH4_fbc7d07","Seasonal Cycle Score","MeanState","global","score","1","0.824147","75.0"
"EcosystemandCarbonCycle","GrossPrimaryProductivity","FLUXCOM","ERA5_CH4_fbc7d07","Bias","MeanState","global","scalar","g m-2 d-1","0.902017","75.0"
"EcosystemandCarbonCycle","GrossPrimaryProductivity","FLUXCOM","ERA5_CH4_fbc7d07","Bias Score","MeanState","global","score","1","0.513709","75.0"
"EcosystemandCarbonCycle","GrossPrimaryProductivity","FLUXCOM","ERA5_CH4_fbc7d07","RMSE","MeanState","global","scalar","g m-2 d-1","1.79716","75.0"
"EcosystemandCarbonCycle","GrossPrimaryProductivity","FLUXCOM","ERA5_CH4_fbc7d07","RMSE Score","MeanState","global","score","1","0.463863","75.0"
"EcosystemandCarbonCycle","GrossPrimaryProductivity","FLUXCOM","ERA5_CH4_fbc7d07","Overall Score","MeanState","global","score","1","0.645372","75.0"
"EcosystemandCarbonCycle","GrossPrimaryProductivity","FLUXCOM","ERA5_CH4_fbc7d07","Evapotranspiration|GLEAMv3.3a Hellinger Distance","Relationships","global","scalar","1","0.432509","75.0"
"EcosystemandCarbonCycle","GrossPrimaryProductivity","FLUXCOM","ERA5_CH4_fbc7d07","Evapotranspiration|GLEAMv3.3a Score","Relationships","global","score","1","0.768519","75.0"
"EcosystemandCarbonCycle","GrossPrimaryProductivity","FLUXCOM","ERA5_CH4_fbc7d07","Overall Score","Relationships","global","score","1","0.768519","75.0"
"EcosystemandCarbonCycle","GrossPrimaryProductivity","FLUXCOM","NMIP3_SH1_fbc7d07","Benchmark Period Mean (intersection)","MeanState","global","scalar","Pg yr-1","113.71","75.0"
"EcosystemandCarbonCycle","GrossPrimaryProductivity","FLUXCOM","NMIP3_SH1_fbc7d07","Benchmark Period Mean (complement)","MeanState","global","scalar","Pg yr-1","nan","75.0"
"EcosystemandCarbonCycle","GrossPrimaryProductivity","FLUXCOM","NMIP3_SH1_fbc7d07","Period Mean (original grids)","MeanState","global","scalar","Pg yr-1","123.465","75.0"
"EcosystemandCarbonCycle","GrossPrimaryProductivity","FLUXCOM","NMIP3_SH1_fbc7d07","Model Period Mean (intersection)","MeanState","global","scalar","Pg yr-1","123.136","75.0"
"EcosystemandCarbonCycle","GrossPrimaryProductivity","FLUXCOM","NMIP3_SH1_fbc7d07","Model Period Mean (complement)","MeanState","global","scalar","Pg yr-1","0.328908","75.0"
"EcosystemandCarbonCycle","GrossPrimaryProductivity","FLUXCOM","NMIP3_SH1_fbc7d07","Spatial Distribution Score","MeanState","global","score","1","0.951069","75.0"
"EcosystemandCarbonCycle","GrossPrimaryProductivity","FLUXCOM","NMIP3_SH1_fbc7d07","Phase Shift","MeanState","global","scalar","months","1.157","75.0"
"EcosystemandCarbonCycle","GrossPrimaryProductivity","FLUXCOM","NMIP3_SH1_fbc7d07","Seasonal Cycle Score","MeanState","global","score","1","0.847477","75.0"
"EcosystemandCarbonCycle","GrossPrimaryProductivity","FLUXCOM","NMIP3_SH1_fbc7d07","Bias","MeanState","global","scalar","g m-2 d-1","0.216764","75.0"
"EcosystemandCarbonCycle","GrossPrimaryProductivity","FLUXCOM","NMIP3_SH1_fbc7d07","Bias Score","MeanState","global","score","1","0.577614","75.0"
"EcosystemandCarbonCycle","GrossPrimaryProductivity","FLUXCOM","NMIP3_SH1_fbc7d07","RMSE","MeanState","global","scalar","g m-2 d-1","1.25007","75.0"
"EcosystemandCarbonCycle","GrossPrimaryProductivity","FLUXCOM","NMIP3_SH1_fbc7d07","RMSE Score","MeanState","global","score","1","0.516559","75.0"
"EcosystemandCarbonCycle","GrossPrimaryProductivity","FLUXCOM","NMIP3_SH1_fbc7d07","Overall Score","MeanState","global","score","1","0.681856","75.0"
"EcosystemandCarbonCycle","GrossPrimaryProductivity","FLUXCOM","NMIP3_SH1_fbc7d07","Evapotranspiration|GLEAMv3.3a Hellinger Distance","Relationships","global","scalar","1","0.592146","75.0"
"EcosystemandCarbonCycle","GrossPrimaryProductivity","FLUXCOM","NMIP3_SH1_fbc7d07","Evapotranspiration|GLEAMv3.3a Score","Relationships","global","score","1","0.903091","75.0"
"EcosystemandCarbonCycle","GrossPrimaryProductivity","FLUXCOM","NMIP3_SH1_fbc7d07","Overall Score","Relationships","global","score","1","0.903091","75.0"
"EcosystemandCarbonCycle","GrossPrimaryProductivity","FLUXCOM","TRENDY_CRUJRAv15_S3_fbc7d07","Benchmark Period Mean (intersection)","MeanState","global","scalar","Pg yr-1","113.71","75.0"
"EcosystemandCarbonCycle","GrossPrimaryProductivity","FLUXCOM","TRENDY_CRUJRAv15_S3_fbc7d07","Benchmark Period Mean (complement)","MeanState","global","scalar","Pg yr-1","nan","75.0"
"EcosystemandCarbonCycle","GrossPrimaryProductivity","FLUXCOM","TRENDY_CRUJRAv15_S3_fbc7d07","Period Mean (original grids)","MeanState","global","scalar","Pg yr-1","152.464","75.0"
"EcosystemandCarbonCycle","GrossPrimaryProductivity","FLUXCOM","TRENDY_CRUJRAv15_S3_fbc7d07","Model Period Mean (intersection)","MeanState","global","scalar","Pg yr-1","152.053","75.0"
"EcosystemandCarbonCycle","GrossPrimaryProductivity","FLUXCOM","TRENDY_CRUJRAv15_S3_fbc7d07","Model Period Mean (complement)","MeanState","global","scalar","Pg yr-1","0.411213","75.0"
"EcosystemandCarbonCycle","GrossPrimaryProductivity","FLUXCOM","TRENDY_CRUJRAv15_S3_fbc7d07","Spatial Distribution Score","MeanState","global","score","1","0.962461","75.0"
"EcosystemandCarbonCycle","GrossPrimaryProductivity","FLUXCOM","TRENDY_CRUJRAv15_S3_fbc7d07","Phase Shift","MeanState","global","scalar","months","1.2708","75.0"
"EcosystemandCarbonCycle","GrossPrimaryProductivity","FLUXCOM","TRENDY_CRUJRAv15_S3_fbc7d07","Seasonal Cycle Score","MeanState","global","score","1","0.831824","75.0"
"EcosystemandCarbonCycle","GrossPrimaryProductivity","FLUXCOM","TRENDY_CRUJRAv15_S3_fbc7d07","Bias","MeanState","global","scalar","g m-2 d-1","0.881758","75.0"
"EcosystemandCarbonCycle","GrossPrimaryProductivity","FLUXCOM","TRENDY_CRUJRAv15_S3_fbc7d07","Bias Score","MeanState","global","score","1","0.507692","75.0"
"EcosystemandCarbonCycle","GrossPrimaryProductivity","FLUXCOM","TRENDY_CRUJRAv15_S3_fbc7d07","RMSE","MeanState","global","scalar","g m-2 d-1","1.75148","75.0"
"EcosystemandCarbonCycle","GrossPrimaryProductivity","FLUXCOM","TRENDY_CRUJRAv15_S3_fbc7d07","RMSE Score","MeanState","global","score","1","0.454455","75.0"
"EcosystemandCarbonCycle","GrossPrimaryProductivity","FLUXCOM","TRENDY_CRUJRAv15_S3_fbc7d07","Overall Score","MeanState","global","score","1","0.642177","75.0"
"EcosystemandCarbonCycle","GrossPrimaryProductivity","FLUXCOM","TRENDY_CRUJRAv15_S3_fbc7d07","Evapotranspiration|GLEAMv3.3a Hellinger Distance","Relationships","global","scalar","1","0.450382","75.0"
"EcosystemandCarbonCycle","GrossPrimaryProductivity","FLUXCOM","TRENDY_CRUJRAv15_S3_fbc7d07","Evapotranspiration|GLEAMv3.3a Score","Relationships","global","score","1","0.784583","75.0"
"EcosystemandCarbonCycle","GrossPrimaryProductivity","FLUXCOM","TRENDY_CRUJRAv15_S3_fbc7d07","Overall Score","Relationships","global","score","1","0.784583","75.0"
"EcosystemandCarbonCycle","GrossPrimaryProductivity","FLUXCOM","JRA3Q_CH4_fbc7d07","Benchmark Period Mean (intersection)","MeanState","global","scalar","Pg yr-1","113.71","75.0"
"EcosystemandCarbonCycle","GrossPrimaryProductivity","FLUXCOM","JRA3Q_CH4_fbc7d07","Benchmark Period Mean (complement)","MeanState","global","scalar","Pg yr-1","nan","75.0"
"EcosystemandCarbonCycle","GrossPrimaryProductivity","FLUXCOM","JRA3Q_CH4_fbc7d07","Period Mean (original grids)","MeanState","global","scalar","Pg yr-1","163.834","75.0"
"EcosystemandCarbonCycle","GrossPrimaryProductivity","FLUXCOM","JRA3Q_CH4_fbc7d07","Model Period Mean (intersection)","MeanState","global","scalar","Pg yr-1","163.557","75.0"
"EcosystemandCarbonCycle","GrossPrimaryProductivity","FLUXCOM","JRA3Q_CH4_fbc7d07","Model Period Mean (complement)","MeanState","global","scalar","Pg yr-1","0.276307","75.0"
"EcosystemandCarbonCycle","GrossPrimaryProductivity","FLUXCOM","JRA3Q_CH4_fbc7d07","Spatial Distribution Score","MeanState","global","score","1","0.962102","75.0"
"EcosystemandCarbonCycle","GrossPrimaryProductivity","FLUXCOM","JRA3Q_CH4_fbc7d07","Phase Shift","MeanState","global","scalar","months","1.1649","75.0"
"EcosystemandCarbonCycle","GrossPrimaryProductivity","FLUXCOM","JRA3Q_CH4_fbc7d07","Seasonal Cycle Score","MeanState","global","score","1","0.82746","75.0"
"EcosystemandCarbonCycle","GrossPrimaryProductivity","FLUXCOM","JRA3Q_CH4_fbc7d07","Bias","MeanState","global","scalar","g m-2 d-1","1.14632","75.0"
"EcosystemandCarbonCycle","GrossPrimaryProductivity","FLUXCOM","JRA3Q_CH4_fbc7d07","Bias Score","MeanState","global","score","1","0.478226","75.0"
"EcosystemandCarbonCycle","GrossPrimaryProductivity","FLUXCOM","JRA3Q_CH4_fbc7d07","RMSE","MeanState","global","scalar","g m-2 d-1","1.94274","75.0"
"EcosystemandCarbonCycle","GrossPrimaryProductivity","FLUXCOM","JRA3Q_CH4_fbc7d07","RMSE Score","MeanState","global","score","1","0.452694","75.0"
"EcosystemandCarbonCycle","GrossPrimaryProductivity","FLUXCOM","JRA3Q_CH4_fbc7d07","Overall Score","MeanState","global","score","1","0.634635","75.0"
"EcosystemandCarbonCycle","GrossPrimaryProductivity","FLUXCOM","JRA3Q_CH4_fbc7d07","Evapotranspiration|GLEAMv3.3a Hellinger Distance","Relationships","global","scalar","1","0.463211","75.0"
"EcosystemandCarbonCycle","GrossPrimaryProductivity","FLUXCOM","JRA3Q_CH4_fbc7d07","Evapotranspiration|GLEAMv3.3a Score","Relationships","global","score","1","0.777062","75.0"
"EcosystemandCarbonCycle","GrossPrimaryProductivity","FLUXCOM","JRA3Q_CH4_fbc7d07","Overall Score","Relationships","global","score","1","0.777062","75.0"
"EcosystemandCarbonCycle","GrossPrimaryProductivity","FLUXNET2015","TRENDY_CRU_S3_7a1fa06","Period Mean (original grids)","MeanState","global","scalar","g m-2 d-1","3.7238","45.0"
"EcosystemandCarbonCycle","GrossPrimaryProductivity","FLUXNET2015","TRENDY_CRU_S3_7a1fa06","Bias","MeanState","global","scalar","g m-2 d-1","0.370277","45.0"
"EcosystemandCarbonCycle","GrossPrimaryProductivity","FLUXNET2015","TRENDY_CRU_S3_7a1fa06","Bias Score","MeanState","global","score","1","0.648351","45.0"
"EcosystemandCarbonCycle","GrossPrimaryProductivity","FLUXNET2015","TRENDY_CRU_S3_7a1fa06","Phase Shift","MeanState","global","scalar","months","1.15487","45.0"
"EcosystemandCarbonCycle","GrossPrimaryProductivity","FLUXNET2015","TRENDY_CRU_S3_7a1fa06","Seasonal Cycle Score","MeanState","global","score","1","0.862264","45.0"
"EcosystemandCarbonCycle","GrossPrimaryProductivity","FLUXNET2015","TRENDY_CRU_S3_7a1fa06","RMSE","MeanState","global","scalar","g m-2 d-1","2.74778","45.0"
"EcosystemandCarbonCycle","GrossPrimaryProductivity","FLUXNET2015","TRENDY_CRU_S3_7a1fa06","RMSE Score","MeanState","global","score","1","0.427002","45.0"
"EcosystemandCarbonCycle","GrossPrimaryProductivity","FLUXNET2015","TRENDY_CRU_S3_7a1fa06","Overall Score","MeanState","global","score","1","0.591155","45.0"
"EcosystemandCarbonCycle","GrossPrimaryProductivity","FLUXNET2015","TRENDYv15_CRU410_S3","Period Mean (original grids)","MeanState","global","scalar","g m-2 d-1","3.54197","45.0"
"EcosystemandCarbonCycle","GrossPrimaryProductivity","FLUXNET2015","TRENDYv15_CRU410_S3","Bias","MeanState","global","scalar","g m-2 d-1","0.188454","45.0"
"EcosystemandCarbonCycle","GrossPrimaryProductivity","FLUXNET2015","TRENDYv15_CRU410_S3","Bias Score","MeanState","global","score","1","0.652496","45.0"
"EcosystemandCarbonCycle","GrossPrimaryProductivity","FLUXNET2015","TRENDYv15_CRU410_S3","Phase Shift","MeanState","global","scalar","months","1.15149","45.0"
"EcosystemandCarbonCycle","GrossPrimaryProductivity","FLUXNET2015","TRENDYv15_CRU410_S3","Seasonal Cycle Score","MeanState","global","score","1","0.869687","45.0"
"EcosystemandCarbonCycle","GrossPrimaryProductivity","FLUXNET2015","TRENDYv15_CRU410_S3","RMSE","MeanState","global","scalar","g m-2 d-1","2.71158","45.0"
"EcosystemandCarbonCycle","GrossPrimaryProductivity","FLUXNET2015","TRENDYv15_CRU410_S3","RMSE Score","MeanState","global","score","1","0.430443","45.0"
"EcosystemandCarbonCycle","GrossPrimaryProductivity","FLUXNET2015","TRENDYv15_CRU410_S3","Overall Score","MeanState","global","score","1","0.595767","45.0"
"EcosystemandCarbonCycle","GrossPrimaryProductivity","FLUXNET2015","TRENDYv14_CRU_S3","Period Mean (original grids)","MeanState","global","scalar","g m-2 d-1","3.60813","45.0"
"EcosystemandCarbonCycle","GrossPrimaryProductivity","FLUXNET2015","TRENDYv14_CRU_S3","Bias","MeanState","global","scalar","g m-2 d-1","0.254608","45.0"
"EcosystemandCarbonCycle","GrossPrimaryProductivity","FLUXNET2015","TRENDYv14_CRU_S3","Bias Score","MeanState","global","score","1","0.660497","45.0"
"EcosystemandCarbonCycle","GrossPrimaryProductivity","FLUXNET2015","TRENDYv14_CRU_S3","Phase Shift","MeanState","global","scalar","months","1.10635","45.0"
"EcosystemandCarbonCycle","GrossPrimaryProductivity","FLUXNET2015","TRENDYv14_CRU_S3","Seasonal Cycle Score","MeanState","global","score","1","0.878809","45.0"
"EcosystemandCarbonCycle","GrossPrimaryProductivity","FLUXNET2015","TRENDYv14_CRU_S3","RMSE","MeanState","global","scalar","g m-2 d-1","2.7217","45.0"
"EcosystemandCarbonCycle","GrossPrimaryProductivity","FLUXNET2015","TRENDYv14_CRU_S3","RMSE Score","MeanState","global","score","1","0.425618","45.0"
"EcosystemandCarbonCycle","GrossPrimaryProductivity","FLUXNET2015","TRENDYv14_CRU_S3","Overall Score","MeanState","global","score","1","0.597636","45.0"
"EcosystemandCarbonCycle","GrossPrimaryProductivity","FLUXNET2015","TRENDYv13_CRU_S3","Period Mean (original grids)","MeanState","global","scalar","g m-2 d-1","3.56249","45.0"
"EcosystemandCarbonCycle","GrossPrimaryProductivity","FLUXNET2015","TRENDYv13_CRU_S3","Bias","MeanState","global","scalar","g m-2 d-1","0.208974","45.0"
"EcosystemandCarbonCycle","GrossPrimaryProductivity","FLUXNET2015","TRENDYv13_CRU_S3","Bias Score","MeanState","global","score","1","0.651718","45.0"
"EcosystemandCarbonCycle","GrossPrimaryProductivity","FLUXNET2015","TRENDYv13_CRU_S3","Phase Shift","MeanState","global","scalar","months","1.16601","45.0"
"EcosystemandCarbonCycle","GrossPrimaryProductivity","FLUXNET2015","TRENDYv13_CRU_S3","Seasonal Cycle Score","MeanState","global","score","1","0.877049","45.0"
"EcosystemandCarbonCycle","GrossPrimaryProductivity","FLUXNET2015","TRENDYv13_CRU_S3","RMSE","MeanState","global","scalar","g m-2 d-1","2.72041","45.0"
"EcosystemandCarbonCycle","GrossPrimaryProductivity","FLUXNET2015","TRENDYv13_CRU_S3","RMSE Score","MeanState","global","score","1","0.428339","45.0"
"EcosystemandCarbonCycle","GrossPrimaryProductivity","FLUXNET2015","TRENDYv13_CRU_S3","Overall Score","MeanState","global","score","1","0.596361","45.0"
"EcosystemandCarbonCycle","GrossPrimaryProductivity","FLUXNET2015","MERRA2_CH4_fbc7d07","Period Mean (original grids)","MeanState","global","scalar","g m-2 d-1","3.83422","45.0"
"EcosystemandCarbonCycle","GrossPrimaryProductivity","FLUXNET2015","MERRA2_CH4_fbc7d07","Bias","MeanState","global","scalar","g m-2 d-1","0.480703","45.0"
"EcosystemandCarbonCycle","GrossPrimaryProductivity","FLUXNET2015","MERRA2_CH4_fbc7d07","Bias Score","MeanState","global","score","1","0.650161","45.0"
"EcosystemandCarbonCycle","GrossPrimaryProductivity","FLUXNET2015","MERRA2_CH4_fbc7d07","Phase Shift","MeanState","global","scalar","months","1.39076","45.0"
"EcosystemandCarbonCycle","GrossPrimaryProductivity","FLUXNET2015","MERRA2_CH4_fbc7d07","Seasonal Cycle Score","MeanState","global","score","1","0.803594","45.0"
"EcosystemandCarbonCycle","GrossPrimaryProductivity","FLUXNET2015","MERRA2_CH4_fbc7d07","RMSE","MeanState","global","scalar","g m-2 d-1","2.83438","45.0"
"EcosystemandCarbonCycle","GrossPrimaryProductivity","FLUXNET2015","MERRA2_CH4_fbc7d07","RMSE Score","MeanState","global","score","1","0.397344","45.0"
"EcosystemandCarbonCycle","GrossPrimaryProductivity","FLUXNET2015","MERRA2_CH4_fbc7d07","Overall Score","MeanState","global","score","1","0.562111","45.0"
"EcosystemandCarbonCycle","GrossPrimaryProductivity","FLUXNET2015","JRA3Q_CH4_fbc7d07","Period Mean (original grids)","MeanState","global","scalar","g m-2 d-1","4.01725","45.0"
"EcosystemandCarbonCycle","GrossPrimaryProductivity","FLUXNET2015","JRA3Q_CH4_fbc7d07","Bias","MeanState","global","scalar","g m-2 d-1","0.663734","45.0"
"EcosystemandCarbonCycle","GrossPrimaryProductivity","FLUXNET2015","JRA3Q_CH4_fbc7d07","Bias Score","MeanState","global","score","1","0.64675","45.0"
"EcosystemandCarbonCycle","GrossPrimaryProductivity","FLUXNET2015","JRA3Q_CH4_fbc7d07","Phase Shift","MeanState","global","scalar","months","1.09662","45.0"
"EcosystemandCarbonCycle","GrossPrimaryProductivity","FLUXNET2015","JRA3Q_CH4_fbc7d07","Seasonal Cycle Score","MeanState","global","score","1","0.866491","45.0"
"EcosystemandCarbonCycle","GrossPrimaryProductivity","FLUXNET2015","JRA3Q_CH4_fbc7d07","RMSE","MeanState","global","scalar","g m-2 d-1","2.87071","45.0"
"EcosystemandCarbonCycle","GrossPrimaryProductivity","FLUXNET2015","JRA3Q_CH4_fbc7d07","RMSE Score","MeanState","global","score","1","0.41043","45.0"
"EcosystemandCarbonCycle","GrossPrimaryProductivity","FLUXNET2015","JRA3Q_CH4_fbc7d07","Overall Score","MeanState","global","score","1","0.583525","45.0"
"EcosystemandCarbonCycle","GrossPrimaryProductivity","FLUXNET2015","NMIP3_SH1_fbc7d07","Period Mean (original grids)","MeanState","global","scalar","g m-2 d-1","2.80776","45.0"
"EcosystemandCarbonCycle","GrossPrimaryProductivity","FLUXNET2015","NMIP3_SH1_fbc7d07","Bias","MeanState","global","scalar","g m-2 d-1","-0.545757","45.0"
"EcosystemandCarbonCycle","GrossPrimaryProductivity","FLUXNET2015","NMIP3_SH1_fbc7d07","Bias Score","MeanState","global","score","1","0.625985","45.0"
"EcosystemandCarbonCycle","GrossPrimaryProductivity","FLUXNET2015","NMIP3_SH1_fbc7d07","Phase Shift","MeanState","global","scalar","months","1.26221","45.0"
"EcosystemandCarbonCycle","GrossPrimaryProductivity","FLUXNET2015","NMIP3_SH1_fbc7d07","Seasonal Cycle Score","MeanState","global","score","1","0.856987","45.0"
"EcosystemandCarbonCycle","GrossPrimaryProductivity","FLUXNET2015","NMIP3_SH1_fbc7d07","RMSE","MeanState","global","scalar","g m-2 d-1","2.44142","45.0"
"EcosystemandCarbonCycle","GrossPrimaryProductivity","FLUXNET2015","NMIP3_SH1_fbc7d07","RMSE Score","MeanState","global","score","1","0.453218","45.0"
"EcosystemandCarbonCycle","GrossPrimaryProductivity","FLUXNET2015","NMIP3_SH1_fbc7d07","Overall Score","MeanState","global","score","1","0.597352","45.0"
"EcosystemandCarbonCycle","GrossPrimaryProductivity","FLUXNET2015","TRENDY_CRUJRAv15_S3_fbc7d07","Period Mean (original grids)","MeanState","global","scalar","g m-2 d-1","3.70114","45.0"
"EcosystemandCarbonCycle","GrossPrimaryProductivity","FLUXNET2015","TRENDY_CRUJRAv15_S3_fbc7d07","Bias","MeanState","global","scalar","g m-2 d-1","0.347617","45.0"
"EcosystemandCarbonCycle","GrossPrimaryProductivity","FLUXNET2015","TRENDY_CRUJRAv15_S3_fbc7d07","Bias Score","MeanState","global","score","1","0.652758","45.0"
"EcosystemandCarbonCycle","GrossPrimaryProductivity","FLUXNET2015","TRENDY_CRUJRAv15_S3_fbc7d07","Phase Shift","MeanState","global","scalar","months","1.33721","45.0"
"EcosystemandCarbonCycle","GrossPrimaryProductivity","FLUXNET2015","TRENDY_CRUJRAv15_S3_fbc7d07","Seasonal Cycle Score","MeanState","global","score","1","0.837861","45.0"
"EcosystemandCarbonCycle","GrossPrimaryProductivity","FLUXNET2015","TRENDY_CRUJRAv15_S3_fbc7d07","RMSE","MeanState","global","scalar","g m-2 d-1","2.77969","45.0"
"EcosystemandCarbonCycle","GrossPrimaryProductivity","FLUXNET2015","TRENDY_CRUJRAv15_S3_fbc7d07","RMSE Score","MeanState","global","score","1","0.411694","45.0"
"EcosystemandCarbonCycle","GrossPrimaryProductivity","FLUXNET2015","TRENDY_CRUJRAv15_S3_fbc7d07","Overall Score","MeanState","global","score","1","0.578502","45.0"
"EcosystemandCarbonCycle","GrossPrimaryProductivity","FLUXNET2015","ERA5_CH4_fbc7d07","Period Mean (original grids)","MeanState","global","scalar","g m-2 d-1","3.78837","45.0"
"EcosystemandCarbonCycle","GrossPrimaryProductivity","FLUXNET2015","ERA5_CH4_fbc7d07","Bias","MeanState","global","scalar","g m-2 d-1","0.434855","45.0"
"EcosystemandCarbonCycle","GrossPrimaryProductivity","FLUXNET2015","ERA5_CH4_fbc7d07","Bias Score","MeanState","global","score","1","0.652511","45.0"
"EcosystemandCarbonCycle","GrossPrimaryProductivity","FLUXNET2015","ERA5_CH4_fbc7d07","Phase Shift","MeanState","global","scalar","months","1.24167","45.0"
"EcosystemandCarbonCycle","GrossPrimaryProductivity","FLUXNET2015","ERA5_CH4_fbc7d07","Seasonal Cycle Score","MeanState","global","score","1","0.851828","45.0"
"EcosystemandCarbonCycle","GrossPrimaryProductivity","FLUXNET2015","ERA5_CH4_fbc7d07","RMSE","MeanState","global","scalar","g m-2 d-1","2.75443","45.0"
"EcosystemandCarbonCycle","GrossPrimaryProductivity","FLUXNET2015","ERA5_CH4_fbc7d07","RMSE Score","MeanState","global","score","1","0.417019","45.0"
"EcosystemandCarbonCycle","GrossPrimaryProductivity","FLUXNET2015","ERA5_CH4_fbc7d07","Overall Score","MeanState","global","score","1","0.584594","45.0"
"EcosystemandCarbonCycle","SoilCarbon","NCSCDV22","NMIP3_SH1_fbc7d07","Benchmark Period Mean (intersection)","MeanState","global","scalar","Pg","463.537","60.0"
"EcosystemandCarbonCycle","SoilCarbon","NCSCDV22","NMIP3_SH1_fbc7d07","Benchmark Period Mean (complement)","MeanState","global","scalar","Pg","9.30841","60.0"
"EcosystemandCarbonCycle","SoilCarbon","NCSCDV22","NMIP3_SH1_fbc7d07","Period Mean (original grids)","MeanState","global","scalar","Pg","1442.85","60.0"
"EcosystemandCarbonCycle","SoilCarbon","NCSCDV22","NMIP3_SH1_fbc7d07","Model Period Mean (intersection)","MeanState","global","scalar","Pg","505.03","60.0"
"EcosystemandCarbonCycle","SoilCarbon","NCSCDV22","NMIP3_SH1_fbc7d07","Model Period Mean (complement)","MeanState","global","scalar","Pg","937.817","60.0"
"EcosystemandCarbonCycle","SoilCarbon","NCSCDV22","NMIP3_SH1_fbc7d07","Spatial Distribution Score","MeanState","global","score","1","0.867349","60.0"
"EcosystemandCarbonCycle","SoilCarbon","NCSCDV22","NMIP3_SH1_fbc7d07","Bias","MeanState","global","scalar","kg m-2","1.89125","60.0"
"EcosystemandCarbonCycle","SoilCarbon","NCSCDV22","NMIP3_SH1_fbc7d07","Bias Score","MeanState","global","score","1","0.663279","60.0"
"EcosystemandCarbonCycle","SoilCarbon","NCSCDV22","NMIP3_SH1_fbc7d07","Overall Score","MeanState","global","score","1","0.765314","60.0"
"EcosystemandCarbonCycle","SoilCarbon","NCSCDV22","JRA3Q_CH4_fbc7d07","Benchmark Period Mean (intersection)","MeanState","global","scalar","Pg","463.537","60.0"
"EcosystemandCarbonCycle","SoilCarbon","NCSCDV22","JRA3Q_CH4_fbc7d07","Benchmark Period Mean (complement)","MeanState","global","scalar","Pg","9.30841","60.0"
"EcosystemandCarbonCycle","SoilCarbon","NCSCDV22","JRA3Q_CH4_fbc7d07","Period Mean (original grids)","MeanState","global","scalar","Pg","1415.31","60.0"
"EcosystemandCarbonCycle","SoilCarbon","NCSCDV22","JRA3Q_CH4_fbc7d07","Model Period Mean (intersection)","MeanState","global","scalar","Pg","496.601","60.0"
"EcosystemandCarbonCycle","SoilCarbon","NCSCDV22","JRA3Q_CH4_fbc7d07","Model Period Mean (complement)","MeanState","global","scalar","Pg","918.713","60.0"
"EcosystemandCarbonCycle","SoilCarbon","NCSCDV22","JRA3Q_CH4_fbc7d07","Spatial Distribution Score","MeanState","global","score","1","0.86015","60.0"
"EcosystemandCarbonCycle","SoilCarbon","NCSCDV22","JRA3Q_CH4_fbc7d07","Bias","MeanState","global","scalar","kg m-2","1.50703","60.0"
"EcosystemandCarbonCycle","SoilCarbon","NCSCDV22","JRA3Q_CH4_fbc7d07","Bias Score","MeanState","global","score","1","0.642444","60.0"
"EcosystemandCarbonCycle","SoilCarbon","NCSCDV22","JRA3Q_CH4_fbc7d07","Overall Score","MeanState","global","score","1","0.751297","60.0"
"EcosystemandCarbonCycle","SoilCarbon","NCSCDV22","ERA5_CH4_fbc7d07","Benchmark Period Mean (intersection)","MeanState","global","scalar","Pg","463.537","60.0"
"EcosystemandCarbonCycle","SoilCarbon","NCSCDV22","ERA5_CH4_fbc7d07","Benchmark Period Mean (complement)","MeanState","global","scalar","Pg","9.30841","60.0"
"EcosystemandCarbonCycle","SoilCarbon","NCSCDV22","ERA5_CH4_fbc7d07","Period Mean (original grids)","MeanState","global","scalar","Pg","1345.05","60.0"
"EcosystemandCarbonCycle","SoilCarbon","NCSCDV22","ERA5_CH4_fbc7d07","Model Period Mean (intersection)","MeanState","global","scalar","Pg","457.252","60.0"
"EcosystemandCarbonCycle","SoilCarbon","NCSCDV22","ERA5_CH4_fbc7d07","Model Period Mean (complement)","MeanState","global","scalar","Pg","887.796","60.0"
"EcosystemandCarbonCycle","SoilCarbon","NCSCDV22","ERA5_CH4_fbc7d07","Spatial Distribution Score","MeanState","global","score","1","0.830787","60.0"
"EcosystemandCarbonCycle","SoilCarbon","NCSCDV22","ERA5_CH4_fbc7d07","Bias","MeanState","global","scalar","kg m-2","-0.286498","60.0"
"EcosystemandCarbonCycle","SoilCarbon","NCSCDV22","ERA5_CH4_fbc7d07","Bias Score","MeanState","global","score","1","0.644614","60.0"
"EcosystemandCarbonCycle","SoilCarbon","NCSCDV22","ERA5_CH4_fbc7d07","Overall Score","MeanState","global","score","1","0.737701","60.0"
"EcosystemandCarbonCycle","SoilCarbon","NCSCDV22","TRENDY_CRUJRAv15_S3_fbc7d07","Benchmark Period Mean (intersection)","MeanState","global","scalar","Pg","463.537","60.0"
"EcosystemandCarbonCycle","SoilCarbon","NCSCDV22","TRENDY_CRUJRAv15_S3_fbc7d07","Benchmark Period Mean (complement)","MeanState","global","scalar","Pg","9.30841","60.0"
"EcosystemandCarbonCycle","SoilCarbon","NCSCDV22","TRENDY_CRUJRAv15_S3_fbc7d07","Period Mean (original grids)","MeanState","global","scalar","Pg","1375.71","60.0"
"EcosystemandCarbonCycle","SoilCarbon","NCSCDV22","TRENDY_CRUJRAv15_S3_fbc7d07","Model Period Mean (intersection)","MeanState","global","scalar","Pg","549.019","60.0"
"EcosystemandCarbonCycle","SoilCarbon","NCSCDV22","TRENDY_CRUJRAv15_S3_fbc7d07","Model Period Mean (complement)","MeanState","global","scalar","Pg","826.687","60.0"
"EcosystemandCarbonCycle","SoilCarbon","NCSCDV22","TRENDY_CRUJRAv15_S3_fbc7d07","Spatial Distribution Score","MeanState","global","score","1","0.894617","60.0"
"EcosystemandCarbonCycle","SoilCarbon","NCSCDV22","TRENDY_CRUJRAv15_S3_fbc7d07","Bias","MeanState","global","scalar","kg m-2","3.89625","60.0"
"EcosystemandCarbonCycle","SoilCarbon","NCSCDV22","TRENDY_CRUJRAv15_S3_fbc7d07","Bias Score","MeanState","global","score","1","0.661679","60.0"
"EcosystemandCarbonCycle","SoilCarbon","NCSCDV22","TRENDY_CRUJRAv15_S3_fbc7d07","Overall Score","MeanState","global","score","1","0.778148","60.0"
"EcosystemandCarbonCycle","SoilCarbon","NCSCDV22","MERRA2_CH4_fbc7d07","Benchmark Period Mean (intersection)","MeanState","global","scalar","Pg","463.537","60.0"
"EcosystemandCarbonCycle","SoilCarbon","NCSCDV22","MERRA2_CH4_fbc7d07","Benchmark Period Mean (complement)","MeanState","global","scalar","Pg","9.30841","60.0"
"EcosystemandCarbonCycle","SoilCarbon","NCSCDV22","MERRA2_CH4_fbc7d07","Period Mean (original grids)","MeanState","global","scalar","Pg","1351.51","60.0"
"EcosystemandCarbonCycle","SoilCarbon","NCSCDV22","MERRA2_CH4_fbc7d07","Model Period Mean (intersection)","MeanState","global","scalar","Pg","493.303","60.0"
"EcosystemandCarbonCycle","SoilCarbon","NCSCDV22","MERRA2_CH4_fbc7d07","Model Period Mean (complement)","MeanState","global","scalar","Pg","858.207","60.0"
"EcosystemandCarbonCycle","SoilCarbon","NCSCDV22","MERRA2_CH4_fbc7d07","Spatial Distribution Score","MeanState","global","score","1","0.862744","60.0"
"EcosystemandCarbonCycle","SoilCarbon","NCSCDV22","MERRA2_CH4_fbc7d07","Bias","MeanState","global","scalar","kg m-2","1.35671","60.0"
"EcosystemandCarbonCycle","SoilCarbon","NCSCDV22","MERRA2_CH4_fbc7d07","Bias Score","MeanState","global","score","1","0.654455","60.0"
"EcosystemandCarbonCycle","SoilCarbon","NCSCDV22","MERRA2_CH4_fbc7d07","Overall Score","MeanState","global","score","1","0.7586","60.0"
"EcosystemandCarbonCycle","SoilCarbon","NCSCDV22","TRENDY_CRU_S3_7a1fa06","Benchmark Period Mean (intersection)","MeanState","global","scalar","Pg","463.537","60.0"
"EcosystemandCarbonCycle","SoilCarbon","NCSCDV22","TRENDY_CRU_S3_7a1fa06","Benchmark Period Mean (complement)","MeanState","global","scalar","Pg","9.30841","60.0"
"EcosystemandCarbonCycle","SoilCarbon","NCSCDV22","TRENDY_CRU_S3_7a1fa06","Period Mean (original grids)","MeanState","global","scalar","Pg","1346.51","60.0"
"EcosystemandCarbonCycle","SoilCarbon","NCSCDV22","TRENDY_CRU_S3_7a1fa06","Model Period Mean (intersection)","MeanState","global","scalar","Pg","508.017","60.0"
"EcosystemandCarbonCycle","SoilCarbon","NCSCDV22","TRENDY_CRU_S3_7a1fa06","Model Period Mean (complement)","MeanState","global","scalar","Pg","838.497","60.0"
"EcosystemandCarbonCycle","SoilCarbon","NCSCDV22","TRENDY_CRU_S3_7a1fa06","Spatial Distribution Score","MeanState","global","score","1","0.884508","60.0"
"EcosystemandCarbonCycle","SoilCarbon","NCSCDV22","TRENDY_CRU_S3_7a1fa06","Bias","MeanState","global","scalar","kg m-2","2.02739","60.0"
"EcosystemandCarbonCycle","SoilCarbon","NCSCDV22","TRENDY_CRU_S3_7a1fa06","Bias Score","MeanState","global","score","1","0.640753","60.0"
"EcosystemandCarbonCycle","SoilCarbon","NCSCDV22","TRENDY_CRU_S3_7a1fa06","Overall Score","MeanState","global","score","1","0.76263","60.0"
"EcosystemandCarbonCycle","SoilCarbon","NCSCDV22","TRENDYv15_CRU410_S3","Benchmark Period Mean (intersection)","MeanState","global","scalar","Pg","463.537","60.0"
"EcosystemandCarbonCycle","SoilCarbon","NCSCDV22","TRENDYv15_CRU410_S3","Benchmark Period Mean (complement)","MeanState","global","scalar","Pg","9.30841","60.0"
"EcosystemandCarbonCycle","SoilCarbon","NCSCDV22","TRENDYv15_CRU410_S3","Period Mean (original grids)","MeanState","global","scalar","Pg","1315.19","60.0"
"EcosystemandCarbonCycle","SoilCarbon","NCSCDV22","TRENDYv15_CRU410_S3","Model Period Mean (intersection)","MeanState","global","scalar","Pg","512.681","60.0"
"EcosystemandCarbonCycle","SoilCarbon","NCSCDV22","TRENDYv15_CRU410_S3","Model Period Mean (complement)","MeanState","global","scalar","Pg","802.505","60.0"
"EcosystemandCarbonCycle","SoilCarbon","NCSCDV22","TRENDYv15_CRU410_S3","Spatial Distribution Score","MeanState","global","score","1","0.885545","60.0"
"EcosystemandCarbonCycle","SoilCarbon","NCSCDV22","TRENDYv15_CRU410_S3","Bias","MeanState","global","scalar","kg m-2","2.23995","60.0"
"EcosystemandCarbonCycle","SoilCarbon","NCSCDV22","TRENDYv15_CRU410_S3","Bias Score","MeanState","global","score","1","0.640536","60.0"
"EcosystemandCarbonCycle","SoilCarbon","NCSCDV22","TRENDYv15_CRU410_S3","Overall Score","MeanState","global","score","1","0.76304","60.0"
"EcosystemandCarbonCycle","SoilCarbon","NCSCDV22","TRENDYv13_CRU_S3","Benchmark Period Mean (intersection)","MeanState","global","scalar","Pg","463.537","60.0"
"EcosystemandCarbonCycle","SoilCarbon","NCSCDV22","TRENDYv13_CRU_S3","Benchmark Period Mean (complement)","MeanState","global","scalar","Pg","9.30841","60.0"
"EcosystemandCarbonCycle","SoilCarbon","NCSCDV22","TRENDYv13_CRU_S3","Period Mean (original grids)","MeanState","global","scalar","Pg","1312.07","60.0"
"EcosystemandCarbonCycle","SoilCarbon","NCSCDV22","TRENDYv13_CRU_S3","Model Period Mean (intersection)","MeanState","global","scalar","Pg","511.068","60.0"
"EcosystemandCarbonCycle","SoilCarbon","NCSCDV22","TRENDYv13_CRU_S3","Model Period Mean (complement)","MeanState","global","scalar","Pg","801.006","60.0"
"EcosystemandCarbonCycle","SoilCarbon","NCSCDV22","TRENDYv13_CRU_S3","Spatial Distribution Score","MeanState","global","score","1","0.885315","60.0"
"EcosystemandCarbonCycle","SoilCarbon","NCSCDV22","TRENDYv13_CRU_S3","Bias","MeanState","global","scalar","kg m-2","2.16647","60.0"
"EcosystemandCarbonCycle","SoilCarbon","NCSCDV22","TRENDYv13_CRU_S3","Bias Score","MeanState","global","score","1","0.640895","60.0"
"EcosystemandCarbonCycle","SoilCarbon","NCSCDV22","TRENDYv13_CRU_S3","Overall Score","MeanState","global","score","1","0.763105","60.0"
"EcosystemandCarbonCycle","SoilCarbon","NCSCDV22","TRENDYv14_CRU_S3","Benchmark Period Mean (intersection)","MeanState","global","scalar","Pg","463.537","60.0"
"EcosystemandCarbonCycle","SoilCarbon","NCSCDV22","TRENDYv14_CRU_S3","Benchmark Period Mean (complement)","MeanState","global","scalar","Pg","9.30841","60.0"
"EcosystemandCarbonCycle","SoilCarbon","NCSCDV22","TRENDYv14_CRU_S3","Period Mean (original grids)","MeanState","global","scalar","Pg","1912.33","60.0"
"EcosystemandCarbonCycle","SoilCarbon","NCSCDV22","TRENDYv14_CRU_S3","Model Period Mean (intersection)","MeanState","global","scalar","Pg","668.144","60.0"
"EcosystemandCarbonCycle","SoilCarbon","NCSCDV22","TRENDYv14_CRU_S3","Model Period Mean (complement)","MeanState","global","scalar","Pg","1244.19","60.0"
"EcosystemandCarbonCycle","SoilCarbon","NCSCDV22","TRENDYv14_CRU_S3","Spatial Distribution Score","MeanState","global","score","1","0.857466","60.0"
"EcosystemandCarbonCycle","SoilCarbon","NCSCDV22","TRENDYv14_CRU_S3","Bias","MeanState","global","scalar","kg m-2","9.32598","60.0"
"EcosystemandCarbonCycle","SoilCarbon","NCSCDV22","TRENDYv14_CRU_S3","Bias Score","MeanState","global","score","1","0.600979","60.0"
"EcosystemandCarbonCycle","SoilCarbon","NCSCDV22","TRENDYv14_CRU_S3","Overall Score","MeanState","global","score","1","0.729223","60.0"
"EcosystemandCarbonCycle","SoilCarbon","HWSD","TRENDY_CRU_S3_7a1fa06","Benchmark Period Mean (intersection)","MeanState","global","scalar","Pg","1233.83","75.0"
"EcosystemandCarbonCycle","SoilCarbon","HWSD","TRENDY_CRU_S3_7a1fa06","Benchmark Period Mean (complement)","MeanState","global","scalar","Pg","100.195","75.0"
"EcosystemandCarbonCycle","SoilCarbon","HWSD","TRENDY_CRU_S3_7a1fa06","Period Mean (original grids)","MeanState","global","scalar","Pg","1346.51","75.0"
"EcosystemandCarbonCycle","SoilCarbon","HWSD","TRENDY_CRU_S3_7a1fa06","Model Period Mean (intersection)","MeanState","global","scalar","Pg","1346.25","75.0"
"EcosystemandCarbonCycle","SoilCarbon","HWSD","TRENDY_CRU_S3_7a1fa06","Model Period Mean (complement)","MeanState","global","scalar","Pg","0.266583","75.0"
"EcosystemandCarbonCycle","SoilCarbon","HWSD","TRENDY_CRU_S3_7a1fa06","Spatial Distribution Score","MeanState","global","score","1","0.695423","75.0"
"EcosystemandCarbonCycle","SoilCarbon","HWSD","TRENDY_CRU_S3_7a1fa06","Bias","MeanState","global","scalar","kg m-2","0.846459","75.0"
"EcosystemandCarbonCycle","SoilCarbon","HWSD","TRENDY_CRU_S3_7a1fa06","Bias Score","MeanState","global","score","1","0.595079","75.0"
"EcosystemandCarbonCycle","SoilCarbon","HWSD","TRENDY_CRU_S3_7a1fa06","Overall Score","MeanState","global","score","1","0.645251","75.0"
"EcosystemandCarbonCycle","SoilCarbon","HWSD","MERRA2_CH4_fbc7d07","Benchmark Period Mean (intersection)","MeanState","global","scalar","Pg","1233.83","75.0"
"EcosystemandCarbonCycle","SoilCarbon","HWSD","MERRA2_CH4_fbc7d07","Benchmark Period Mean (complement)","MeanState","global","scalar","Pg","100.195","75.0"
"EcosystemandCarbonCycle","SoilCarbon","HWSD","MERRA2_CH4_fbc7d07","Period Mean (original grids)","MeanState","global","scalar","Pg","1351.51","75.0"
"EcosystemandCarbonCycle","SoilCarbon","HWSD","MERRA2_CH4_fbc7d07","Model Period Mean (intersection)","MeanState","global","scalar","Pg","1351.27","75.0"
"EcosystemandCarbonCycle","SoilCarbon","HWSD","MERRA2_CH4_fbc7d07","Model Period Mean (complement)","MeanState","global","scalar","Pg","0.244294","75.0"
"EcosystemandCarbonCycle","SoilCarbon","HWSD","MERRA2_CH4_fbc7d07","Spatial Distribution Score","MeanState","global","score","1","0.77604","75.0"
"EcosystemandCarbonCycle","SoilCarbon","HWSD","MERRA2_CH4_fbc7d07","Bias","MeanState","global","scalar","kg m-2","0.88424","75.0"
"EcosystemandCarbonCycle","SoilCarbon","HWSD","MERRA2_CH4_fbc7d07","Bias Score","MeanState","global","score","1","0.62343","75.0"
"EcosystemandCarbonCycle","SoilCarbon","HWSD","MERRA2_CH4_fbc7d07","Overall Score","MeanState","global","score","1","0.699735","75.0"
"EcosystemandCarbonCycle","SoilCarbon","HWSD","ERA5_CH4_fbc7d07","Benchmark Period Mean (intersection)","MeanState","global","scalar","Pg","1233.83","75.0"
"EcosystemandCarbonCycle","SoilCarbon","HWSD","ERA5_CH4_fbc7d07","Benchmark Period Mean (complement)","MeanState","global","scalar","Pg","100.195","75.0"
"EcosystemandCarbonCycle","SoilCarbon","HWSD","ERA5_CH4_fbc7d07","Period Mean (original grids)","MeanState","global","scalar","Pg","1345.05","75.0"
"EcosystemandCarbonCycle","SoilCarbon","HWSD","ERA5_CH4_fbc7d07","Model Period Mean (intersection)","MeanState","global","scalar","Pg","1344.85","75.0"
"EcosystemandCarbonCycle","SoilCarbon","HWSD","ERA5_CH4_fbc7d07","Model Period Mean (complement)","MeanState","global","scalar","Pg","0.199593","75.0"
"EcosystemandCarbonCycle","SoilCarbon","HWSD","ERA5_CH4_fbc7d07","Spatial Distribution Score","MeanState","global","score","1","0.797409","75.0"
"EcosystemandCarbonCycle","SoilCarbon","HWSD","ERA5_CH4_fbc7d07","Bias","MeanState","global","scalar","kg m-2","0.835919","75.0"
"EcosystemandCarbonCycle","SoilCarbon","HWSD","ERA5_CH4_fbc7d07","Bias Score","MeanState","global","score","1","0.619496","75.0"
"EcosystemandCarbonCycle","SoilCarbon","HWSD","ERA5_CH4_fbc7d07","Overall Score","MeanState","global","score","1","0.708453","75.0"
"EcosystemandCarbonCycle","SoilCarbon","HWSD","NMIP3_SH1_fbc7d07","Benchmark Period Mean (intersection)","MeanState","global","scalar","Pg","1233.83","75.0"
"EcosystemandCarbonCycle","SoilCarbon","HWSD","NMIP3_SH1_fbc7d07","Benchmark Period Mean (complement)","MeanState","global","scalar","Pg","100.195","75.0"
"EcosystemandCarbonCycle","SoilCarbon","HWSD","NMIP3_SH1_fbc7d07","Period Mean (original grids)","MeanState","global","scalar","Pg","1442.85","75.0"
"EcosystemandCarbonCycle","SoilCarbon","HWSD","NMIP3_SH1_fbc7d07","Model Period Mean (intersection)","MeanState","global","scalar","Pg","1441.18","75.0"
"EcosystemandCarbonCycle","SoilCarbon","HWSD","NMIP3_SH1_fbc7d07","Model Period Mean (complement)","MeanState","global","scalar","Pg","1.66734","75.0"
"EcosystemandCarbonCycle","SoilCarbon","HWSD","NMIP3_SH1_fbc7d07","Spatial Distribution Score","MeanState","global","score","1","0.738194","75.0"
"EcosystemandCarbonCycle","SoilCarbon","HWSD","NMIP3_SH1_fbc7d07","Bias","MeanState","global","scalar","kg m-2","1.56129","75.0"
"EcosystemandCarbonCycle","SoilCarbon","HWSD","NMIP3_SH1_fbc7d07","Bias Score","MeanState","global","score","1","0.601664","75.0"
"EcosystemandCarbonCycle","SoilCarbon","HWSD","NMIP3_SH1_fbc7d07","Overall Score","MeanState","global","score","1","0.669929","75.0"
"EcosystemandCarbonCycle","SoilCarbon","HWSD","JRA3Q_CH4_fbc7d07","Benchmark Period Mean (intersection)","MeanState","global","scalar","Pg","1233.83","75.0"
"EcosystemandCarbonCycle","SoilCarbon","HWSD","JRA3Q_CH4_fbc7d07","Benchmark Period Mean (complement)","MeanState","global","scalar","Pg","100.195","75.0"
"EcosystemandCarbonCycle","SoilCarbon","HWSD","JRA3Q_CH4_fbc7d07","Period Mean (original grids)","MeanState","global","scalar","Pg","1415.31","75.0"
"EcosystemandCarbonCycle","SoilCarbon","HWSD","JRA3Q_CH4_fbc7d07","Model Period Mean (intersection)","MeanState","global","scalar","Pg","1415.12","75.0"
"EcosystemandCarbonCycle","SoilCarbon","HWSD","JRA3Q_CH4_fbc7d07","Model Period Mean (complement)","MeanState","global","scalar","Pg","0.197623","75.0"
"EcosystemandCarbonCycle","SoilCarbon","HWSD","JRA3Q_CH4_fbc7d07","Spatial Distribution Score","MeanState","global","score","1","0.760845","75.0"
"EcosystemandCarbonCycle","SoilCarbon","HWSD","JRA3Q_CH4_fbc7d07","Bias","MeanState","global","scalar","kg m-2","1.36503","75.0"
"EcosystemandCarbonCycle","SoilCarbon","HWSD","JRA3Q_CH4_fbc7d07","Bias Score","MeanState","global","score","1","0.614786","75.0"
"EcosystemandCarbonCycle","SoilCarbon","HWSD","JRA3Q_CH4_fbc7d07","Overall Score","MeanState","global","score","1","0.687816","75.0"
"EcosystemandCarbonCycle","SoilCarbon","HWSD","TRENDYv14_CRU_S3","Benchmark Period Mean (intersection)","MeanState","global","scalar","Pg","1233.83","75.0"
"EcosystemandCarbonCycle","SoilCarbon","HWSD","TRENDYv14_CRU_S3","Benchmark Period Mean (complement)","MeanState","global","scalar","Pg","100.195","75.0"
"EcosystemandCarbonCycle","SoilCarbon","HWSD","TRENDYv14_CRU_S3","Period Mean (original grids)","MeanState","global","scalar","Pg","1912.33","75.0"
"EcosystemandCarbonCycle","SoilCarbon","HWSD","TRENDYv14_CRU_S3","Model Period Mean (intersection)","MeanState","global","scalar","Pg","1911.84","75.0"
"EcosystemandCarbonCycle","SoilCarbon","HWSD","TRENDYv14_CRU_S3","Model Period Mean (complement)","MeanState","global","scalar","Pg","0.490779","75.0"
"EcosystemandCarbonCycle","SoilCarbon","HWSD","TRENDYv14_CRU_S3","Spatial Distribution Score","MeanState","global","score","1","0.539822","75.0"
"EcosystemandCarbonCycle","SoilCarbon","HWSD","TRENDYv14_CRU_S3","Bias","MeanState","global","scalar","kg m-2","5.10528","75.0"
"EcosystemandCarbonCycle","SoilCarbon","HWSD","TRENDYv14_CRU_S3","Bias Score","MeanState","global","score","1","0.541966","75.0"
"EcosystemandCarbonCycle","SoilCarbon","HWSD","TRENDYv14_CRU_S3","Overall Score","MeanState","global","score","1","0.540894","75.0"
"EcosystemandCarbonCycle","SoilCarbon","HWSD","TRENDYv13_CRU_S3","Benchmark Period Mean (intersection)","MeanState","global","scalar","Pg","1233.83","75.0"
"EcosystemandCarbonCycle","SoilCarbon","HWSD","TRENDYv13_CRU_S3","Benchmark Period Mean (complement)","MeanState","global","scalar","Pg","100.195","75.0"
"EcosystemandCarbonCycle","SoilCarbon","HWSD","TRENDYv13_CRU_S3","Period Mean (original grids)","MeanState","global","scalar","Pg","1312.07","75.0"
"EcosystemandCarbonCycle","SoilCarbon","HWSD","TRENDYv13_CRU_S3","Model Period Mean (intersection)","MeanState","global","scalar","Pg","1311.82","75.0"
"EcosystemandCarbonCycle","SoilCarbon","HWSD","TRENDYv13_CRU_S3","Model Period Mean (complement)","MeanState","global","scalar","Pg","0.253485","75.0"
"EcosystemandCarbonCycle","SoilCarbon","HWSD","TRENDYv13_CRU_S3","Spatial Distribution Score","MeanState","global","score","1","0.686355","75.0"
"EcosystemandCarbonCycle","SoilCarbon","HWSD","TRENDYv13_CRU_S3","Bias","MeanState","global","scalar","kg m-2","0.587226","75.0"
"EcosystemandCarbonCycle","SoilCarbon","HWSD","TRENDYv13_CRU_S3","Bias Score","MeanState","global","score","1","0.590102","75.0"
"EcosystemandCarbonCycle","SoilCarbon","HWSD","TRENDYv13_CRU_S3","Overall Score","MeanState","global","score","1","0.638228","75.0"
"EcosystemandCarbonCycle","SoilCarbon","HWSD","TRENDYv15_CRU410_S3","Benchmark Period Mean (intersection)","MeanState","global","scalar","Pg","1233.83","75.0"
"EcosystemandCarbonCycle","SoilCarbon","HWSD","TRENDYv15_CRU410_S3","Benchmark Period Mean (complement)","MeanState","global","scalar","Pg","100.195","75.0"
"EcosystemandCarbonCycle","SoilCarbon","HWSD","TRENDYv15_CRU410_S3","Period Mean (original grids)","MeanState","global","scalar","Pg","1315.19","75.0"
"EcosystemandCarbonCycle","SoilCarbon","HWSD","TRENDYv15_CRU410_S3","Model Period Mean (intersection)","MeanState","global","scalar","Pg","1314.93","75.0"
"EcosystemandCarbonCycle","SoilCarbon","HWSD","TRENDYv15_CRU410_S3","Model Period Mean (complement)","MeanState","global","scalar","Pg","0.254307","75.0"
"EcosystemandCarbonCycle","SoilCarbon","HWSD","TRENDYv15_CRU410_S3","Spatial Distribution Score","MeanState","global","score","1","0.68475","75.0"
"EcosystemandCarbonCycle","SoilCarbon","HWSD","TRENDYv15_CRU410_S3","Bias","MeanState","global","scalar","kg m-2","0.610653","75.0"
"EcosystemandCarbonCycle","SoilCarbon","HWSD","TRENDYv15_CRU410_S3","Bias Score","MeanState","global","score","1","0.589779","75.0"
"EcosystemandCarbonCycle","SoilCarbon","HWSD","TRENDYv15_CRU410_S3","Overall Score","MeanState","global","score","1","0.637264","75.0"
"EcosystemandCarbonCycle","SoilCarbon","HWSD","TRENDY_CRUJRAv15_S3_fbc7d07","Benchmark Period Mean (intersection)","MeanState","global","scalar","Pg","1233.83","75.0"
"EcosystemandCarbonCycle","SoilCarbon","HWSD","TRENDY_CRUJRAv15_S3_fbc7d07","Benchmark Period Mean (complement)","MeanState","global","scalar","Pg","100.195","75.0"
"EcosystemandCarbonCycle","SoilCarbon","HWSD","TRENDY_CRUJRAv15_S3_fbc7d07","Period Mean (original grids)","MeanState","global","scalar","Pg","1375.71","75.0"
"EcosystemandCarbonCycle","SoilCarbon","HWSD","TRENDY_CRUJRAv15_S3_fbc7d07","Model Period Mean (intersection)","MeanState","global","scalar","Pg","1375.33","75.0"
"EcosystemandCarbonCycle","SoilCarbon","HWSD","TRENDY_CRUJRAv15_S3_fbc7d07","Model Period Mean (complement)","MeanState","global","scalar","Pg","0.376176","75.0"
"EcosystemandCarbonCycle","SoilCarbon","HWSD","TRENDY_CRUJRAv15_S3_fbc7d07","Spatial Distribution Score","MeanState","global","score","1","0.676161","75.0"
"EcosystemandCarbonCycle","SoilCarbon","HWSD","TRENDY_CRUJRAv15_S3_fbc7d07","Bias","MeanState","global","scalar","kg m-2","1.06544","75.0"
"EcosystemandCarbonCycle","SoilCarbon","HWSD","TRENDY_CRUJRAv15_S3_fbc7d07","Bias Score","MeanState","global","score","1","0.604432","75.0"
"EcosystemandCarbonCycle","SoilCarbon","HWSD","TRENDY_CRUJRAv15_S3_fbc7d07","Overall Score","MeanState","global","score","1","0.640297","75.0"
"EcosystemandCarbonCycle","EcosystemRespiration","FLUXNET2015","MERRA2_CH4_fbc7d07","Period Mean (original grids)","MeanState","global","scalar","g m-2 d-1","3.75694","24.0"
"EcosystemandCarbonCycle","EcosystemRespiration","FLUXNET2015","MERRA2_CH4_fbc7d07","Bias","MeanState","global","scalar","g m-2 d-1","1.06293","24.0"
"EcosystemandCarbonCycle","EcosystemRespiration","FLUXNET2015","MERRA2_CH4_fbc7d07","Bias Score","MeanState","global","score","1","0.488031","24.0"
"EcosystemandCarbonCycle","EcosystemRespiration","FLUXNET2015","MERRA2_CH4_fbc7d07","Phase Shift","MeanState","global","scalar","months","0.854868","24.0"
"EcosystemandCarbonCycle","EcosystemRespiration","FLUXNET2015","MERRA2_CH4_fbc7d07","Seasonal Cycle Score","MeanState","global","score","1","0.893821","24.0"
"EcosystemandCarbonCycle","EcosystemRespiration","FLUXNET2015","MERRA2_CH4_fbc7d07","RMSE","MeanState","global","scalar","g m-2 d-1","2.16783","24.0"
"EcosystemandCarbonCycle","EcosystemRespiration","FLUXNET2015","MERRA2_CH4_fbc7d07","RMSE Score","MeanState","global","score","1","0.421292","24.0"
"EcosystemandCarbonCycle","EcosystemRespiration","FLUXNET2015","MERRA2_CH4_fbc7d07","Overall Score","MeanState","global","score","1","0.556109","24.0"
"EcosystemandCarbonCycle","EcosystemRespiration","FLUXNET2015","ERA5_CH4_fbc7d07","Period Mean (original grids)","MeanState","global","scalar","g m-2 d-1","3.74055","24.0"
"EcosystemandCarbonCycle","EcosystemRespiration","FLUXNET2015","ERA5_CH4_fbc7d07","Bias","MeanState","global","scalar","g m-2 d-1","1.04654","24.0"
"EcosystemandCarbonCycle","EcosystemRespiration","FLUXNET2015","ERA5_CH4_fbc7d07","Bias Score","MeanState","global","score","1","0.486716","24.0"
"EcosystemandCarbonCycle","EcosystemRespiration","FLUXNET2015","ERA5_CH4_fbc7d07","Phase Shift","MeanState","global","scalar","months","0.885809","24.0"
"EcosystemandCarbonCycle","EcosystemRespiration","FLUXNET2015","ERA5_CH4_fbc7d07","Seasonal Cycle Score","MeanState","global","score","1","0.897129","24.0"
"EcosystemandCarbonCycle","EcosystemRespiration","FLUXNET2015","ERA5_CH4_fbc7d07","RMSE","MeanState","global","scalar","g m-2 d-1","2.12875","24.0"
"EcosystemandCarbonCycle","EcosystemRespiration","FLUXNET2015","ERA5_CH4_fbc7d07","RMSE Score","MeanState","global","score","1","0.430546","24.0"
"EcosystemandCarbonCycle","EcosystemRespiration","FLUXNET2015","ERA5_CH4_fbc7d07","Overall Score","MeanState","global","score","1","0.561234","24.0"
"EcosystemandCarbonCycle","EcosystemRespiration","FLUXNET2015","TRENDY_CRUJRAv15_S3_fbc7d07","Period Mean (original grids)","MeanState","global","scalar","g m-2 d-1","3.65632","24.0"
"EcosystemandCarbonCycle","EcosystemRespiration","FLUXNET2015","TRENDY_CRUJRAv15_S3_fbc7d07","Bias","MeanState","global","scalar","g m-2 d-1","0.962313","24.0"
"EcosystemandCarbonCycle","EcosystemRespiration","FLUXNET2015","TRENDY_CRUJRAv15_S3_fbc7d07","Bias Score","MeanState","global","score","1","0.484174","24.0"
"EcosystemandCarbonCycle","EcosystemRespiration","FLUXNET2015","TRENDY_CRUJRAv15_S3_fbc7d07","Phase Shift","MeanState","global","scalar","months","0.947937","24.0"
"EcosystemandCarbonCycle","EcosystemRespiration","FLUXNET2015","TRENDY_CRUJRAv15_S3_fbc7d07","Seasonal Cycle Score","MeanState","global","score","1","0.883316","24.0"
"EcosystemandCarbonCycle","EcosystemRespiration","FLUXNET2015","TRENDY_CRUJRAv15_S3_fbc7d07","RMSE","MeanState","global","scalar","g m-2 d-1","2.23883","24.0"
"EcosystemandCarbonCycle","EcosystemRespiration","FLUXNET2015","TRENDY_CRUJRAv15_S3_fbc7d07","RMSE Score","MeanState","global","score","1","0.407262","24.0"
"EcosystemandCarbonCycle","EcosystemRespiration","FLUXNET2015","TRENDY_CRUJRAv15_S3_fbc7d07","Overall Score","MeanState","global","score","1","0.545503","24.0"
"EcosystemandCarbonCycle","EcosystemRespiration","FLUXNET2015","JRA3Q_CH4_fbc7d07","Period Mean (original grids)","MeanState","global","scalar","g m-2 d-1","3.94749","24.0"
"EcosystemandCarbonCycle","EcosystemRespiration","FLUXNET2015","JRA3Q_CH4_fbc7d07","Bias","MeanState","global","scalar","g m-2 d-1","1.25349","24.0"
"EcosystemandCarbonCycle","EcosystemRespiration","FLUXNET2015","JRA3Q_CH4_fbc7d07","Bias Score","MeanState","global","score","1","0.476714","24.0"
"EcosystemandCarbonCycle","EcosystemRespiration","FLUXNET2015","JRA3Q_CH4_fbc7d07","Phase Shift","MeanState","global","scalar","months","0.82038","24.0"
"EcosystemandCarbonCycle","EcosystemRespiration","FLUXNET2015","JRA3Q_CH4_fbc7d07","Seasonal Cycle Score","MeanState","global","score","1","0.900766","24.0"
"EcosystemandCarbonCycle","EcosystemRespiration","FLUXNET2015","JRA3Q_CH4_fbc7d07","RMSE","MeanState","global","scalar","g m-2 d-1","2.27649","24.0"
"EcosystemandCarbonCycle","EcosystemRespiration","FLUXNET2015","JRA3Q_CH4_fbc7d07","RMSE Score","MeanState","global","score","1","0.414463","24.0"
"EcosystemandCarbonCycle","EcosystemRespiration","FLUXNET2015","JRA3Q_CH4_fbc7d07","Overall Score","MeanState","global","score","1","0.551602","24.0"
"EcosystemandCarbonCycle","EcosystemRespiration","FLUXNET2015","TRENDY_CRU_S3_7a1fa06","Period Mean (original grids)","MeanState","global","scalar","g m-2 d-1","3.69285","24.0"
"EcosystemandCarbonCycle","EcosystemRespiration","FLUXNET2015","TRENDY_CRU_S3_7a1fa06","Bias","MeanState","global","scalar","g m-2 d-1","0.998847","24.0"
"EcosystemandCarbonCycle","EcosystemRespiration","FLUXNET2015","TRENDY_CRU_S3_7a1fa06","Bias Score","MeanState","global","score","1","0.476824","24.0"
"EcosystemandCarbonCycle","EcosystemRespiration","FLUXNET2015","TRENDY_CRU_S3_7a1fa06","Phase Shift","MeanState","global","scalar","months","0.912871","24.0"
"EcosystemandCarbonCycle","EcosystemRespiration","FLUXNET2015","TRENDY_CRU_S3_7a1fa06","Seasonal Cycle Score","MeanState","global","score","1","0.899071","24.0"
"EcosystemandCarbonCycle","EcosystemRespiration","FLUXNET2015","TRENDY_CRU_S3_7a1fa06","RMSE","MeanState","global","scalar","g m-2 d-1","2.28645","24.0"
"EcosystemandCarbonCycle","EcosystemRespiration","FLUXNET2015","TRENDY_CRU_S3_7a1fa06","RMSE Score","MeanState","global","score","1","0.407034","24.0"
"EcosystemandCarbonCycle","EcosystemRespiration","FLUXNET2015","TRENDY_CRU_S3_7a1fa06","Overall Score","MeanState","global","score","1","0.547491","24.0"
"EcosystemandCarbonCycle","EcosystemRespiration","FLUXNET2015","NMIP3_SH1_fbc7d07","Period Mean (original grids)","MeanState","global","scalar","g m-2 d-1","2.62102","24.0"
"EcosystemandCarbonCycle","EcosystemRespiration","FLUXNET2015","NMIP3_SH1_fbc7d07","Bias","MeanState","global","scalar","g m-2 d-1","-0.0729911","24.0"
"EcosystemandCarbonCycle","EcosystemRespiration","FLUXNET2015","NMIP3_SH1_fbc7d07","Bias Score","MeanState","global","score","1","0.575734","24.0"
"EcosystemandCarbonCycle","EcosystemRespiration","FLUXNET2015","NMIP3_SH1_fbc7d07","Phase Shift","MeanState","global","scalar","months","0.952228","24.0"
"EcosystemandCarbonCycle","EcosystemRespiration","FLUXNET2015","NMIP3_SH1_fbc7d07","Seasonal Cycle Score","MeanState","global","score","1","0.862832","24.0"
"EcosystemandCarbonCycle","EcosystemRespiration","FLUXNET2015","NMIP3_SH1_fbc7d07","RMSE","MeanState","global","scalar","g m-2 d-1","1.64856","24.0"
"EcosystemandCarbonCycle","EcosystemRespiration","FLUXNET2015","NMIP3_SH1_fbc7d07","RMSE Score","MeanState","global","score","1","0.468658","24.0"
"EcosystemandCarbonCycle","EcosystemRespiration","FLUXNET2015","NMIP3_SH1_fbc7d07","Overall Score","MeanState","global","score","1","0.59397","24.0"
"EcosystemandCarbonCycle","EcosystemRespiration","FLUXNET2015","TRENDYv13_CRU_S3","Period Mean (original grids)","MeanState","global","scalar","g m-2 d-1","3.50816","24.0"
"EcosystemandCarbonCycle","EcosystemRespiration","FLUXNET2015","TRENDYv13_CRU_S3","Bias","MeanState","global","scalar","g m-2 d-1","0.814156","24.0"
"EcosystemandCarbonCycle","EcosystemRespiration","FLUXNET2015","TRENDYv13_CRU_S3","Bias Score","MeanState","global","score","1","0.498927","24.0"
"EcosystemandCarbonCycle","EcosystemRespiration","FLUXNET2015","TRENDYv13_CRU_S3","Phase Shift","MeanState","global","scalar","months","0.963861","24.0"
"EcosystemandCarbonCycle","EcosystemRespiration","FLUXNET2015","TRENDYv13_CRU_S3","Seasonal Cycle Score","MeanState","global","score","1","0.876239","24.0"
"EcosystemandCarbonCycle","EcosystemRespiration","FLUXNET2015","TRENDYv13_CRU_S3","RMSE","MeanState","global","scalar","g m-2 d-1","2.17497","24.0"
"EcosystemandCarbonCycle","EcosystemRespiration","FLUXNET2015","TRENDYv13_CRU_S3","RMSE Score","MeanState","global","score","1","0.419148","24.0"
"EcosystemandCarbonCycle","EcosystemRespiration","FLUXNET2015","TRENDYv13_CRU_S3","Overall Score","MeanState","global","score","1","0.553365","24.0"
"EcosystemandCarbonCycle","EcosystemRespiration","FLUXNET2015","TRENDYv14_CRU_S3","Period Mean (original grids)","MeanState","global","scalar","g m-2 d-1","3.53257","24.0"
"EcosystemandCarbonCycle","EcosystemRespiration","FLUXNET2015","TRENDYv14_CRU_S3","Bias","MeanState","global","scalar","g m-2 d-1","0.838564","24.0"
"EcosystemandCarbonCycle","EcosystemRespiration","FLUXNET2015","TRENDYv14_CRU_S3","Bias Score","MeanState","global","score","1","0.503189","24.0"
"EcosystemandCarbonCycle","EcosystemRespiration","FLUXNET2015","TRENDYv14_CRU_S3","Phase Shift","MeanState","global","scalar","months","0.958828","24.0"
"EcosystemandCarbonCycle","EcosystemRespiration","FLUXNET2015","TRENDYv14_CRU_S3","Seasonal Cycle Score","MeanState","global","score","1","0.873595","24.0"
"EcosystemandCarbonCycle","EcosystemRespiration","FLUXNET2015","TRENDYv14_CRU_S3","RMSE","MeanState","global","scalar","g m-2 d-1","2.07476","24.0"
"EcosystemandCarbonCycle","EcosystemRespiration","FLUXNET2015","TRENDYv14_CRU_S3","RMSE Score","MeanState","global","score","1","0.433068","24.0"
"EcosystemandCarbonCycle","EcosystemRespiration","FLUXNET2015","TRENDYv14_CRU_S3","Overall Score","MeanState","global","score","1","0.56073","24.0"
"EcosystemandCarbonCycle","EcosystemRespiration","FLUXNET2015","TRENDYv15_CRU410_S3","Period Mean (original grids)","MeanState","global","scalar","g m-2 d-1","3.49442","24.0"
"EcosystemandCarbonCycle","EcosystemRespiration","FLUXNET2015","TRENDYv15_CRU410_S3","Bias","MeanState","global","scalar","g m-2 d-1","0.800411","24.0"
"EcosystemandCarbonCycle","EcosystemRespiration","FLUXNET2015","TRENDYv15_CRU410_S3","Bias Score","MeanState","global","score","1","0.502325","24.0"
"EcosystemandCarbonCycle","EcosystemRespiration","FLUXNET2015","TRENDYv15_CRU410_S3","Phase Shift","MeanState","global","scalar","months","0.968729","24.0"
"EcosystemandCarbonCycle","EcosystemRespiration","FLUXNET2015","TRENDYv15_CRU410_S3","Seasonal Cycle Score","MeanState","global","score","1","0.876736","24.0"
"EcosystemandCarbonCycle","EcosystemRespiration","FLUXNET2015","TRENDYv15_CRU410_S3","RMSE","MeanState","global","scalar","g m-2 d-1","2.17175","24.0"
"EcosystemandCarbonCycle","EcosystemRespiration","FLUXNET2015","TRENDYv15_CRU410_S3","RMSE Score","MeanState","global","score","1","0.419824","24.0"
"EcosystemandCarbonCycle","EcosystemRespiration","FLUXNET2015","TRENDYv15_CRU410_S3","Overall Score","MeanState","global","score","1","0.554677","24.0"
"EcosystemandCarbonCycle","EcosystemRespiration","FLUXCOM","MERRA2_CH4_fbc7d07","Benchmark Period Mean (intersection)","MeanState","global","scalar","Pg yr-1","95.6684","16.0"
"EcosystemandCarbonCycle","EcosystemRespiration","FLUXCOM","MERRA2_CH4_fbc7d07","Benchmark Period Mean (complement)","MeanState","global","scalar","Pg yr-1","nan","16.0"
"EcosystemandCarbonCycle","EcosystemRespiration","FLUXCOM","MERRA2_CH4_fbc7d07","Period Mean (original grids)","MeanState","global","scalar","Pg yr-1","143.842","16.0"
"EcosystemandCarbonCycle","EcosystemRespiration","FLUXCOM","MERRA2_CH4_fbc7d07","Model Period Mean (intersection)","MeanState","global","scalar","Pg yr-1","143.608","16.0"
"EcosystemandCarbonCycle","EcosystemRespiration","FLUXCOM","MERRA2_CH4_fbc7d07","Model Period Mean (complement)","MeanState","global","scalar","Pg yr-1","0.233745","16.0"
"EcosystemandCarbonCycle","EcosystemRespiration","FLUXCOM","MERRA2_CH4_fbc7d07","Spatial Distribution Score","MeanState","global","score","1","0.887544","16.0"
"EcosystemandCarbonCycle","EcosystemRespiration","FLUXCOM","MERRA2_CH4_fbc7d07","Phase Shift","MeanState","global","scalar","months","0.942349","16.0"
"EcosystemandCarbonCycle","EcosystemRespiration","FLUXCOM","MERRA2_CH4_fbc7d07","Seasonal Cycle Score","MeanState","global","score","1","0.8525","16.0"
"EcosystemandCarbonCycle","EcosystemRespiration","FLUXCOM","MERRA2_CH4_fbc7d07","Bias","MeanState","global","scalar","g m-2 d-1","1.10246","16.0"
"EcosystemandCarbonCycle","EcosystemRespiration","FLUXCOM","MERRA2_CH4_fbc7d07","Bias Score","MeanState","global","score","1","0.290228","16.0"
"EcosystemandCarbonCycle","EcosystemRespiration","FLUXCOM","MERRA2_CH4_fbc7d07","RMSE","MeanState","global","scalar","g m-2 d-1","1.65326","16.0"
"EcosystemandCarbonCycle","EcosystemRespiration","FLUXCOM","MERRA2_CH4_fbc7d07","RMSE Score","MeanState","global","score","1","0.356096","16.0"
"EcosystemandCarbonCycle","EcosystemRespiration","FLUXCOM","MERRA2_CH4_fbc7d07","Overall Score","MeanState","global","score","1","0.548493","16.0"
"EcosystemandCarbonCycle","EcosystemRespiration","FLUXCOM","TRENDY_CRUJRAv15_S3_fbc7d07","Benchmark Period Mean (intersection)","MeanState","global","scalar","Pg yr-1","95.6684","16.0"
"EcosystemandCarbonCycle","EcosystemRespiration","FLUXCOM","TRENDY_CRUJRAv15_S3_fbc7d07","Benchmark Period Mean (complement)","MeanState","global","scalar","Pg yr-1","nan","16.0"
"EcosystemandCarbonCycle","EcosystemRespiration","FLUXCOM","TRENDY_CRUJRAv15_S3_fbc7d07","Period Mean (original grids)","MeanState","global","scalar","Pg yr-1","150.784","16.0"
"EcosystemandCarbonCycle","EcosystemRespiration","FLUXCOM","TRENDY_CRUJRAv15_S3_fbc7d07","Model Period Mean (intersection)","MeanState","global","scalar","Pg yr-1","150.392","16.0"
"EcosystemandCarbonCycle","EcosystemRespiration","FLUXCOM","TRENDY_CRUJRAv15_S3_fbc7d07","Model Period Mean (complement)","MeanState","global","scalar","Pg yr-1","0.391556","16.0"
"EcosystemandCarbonCycle","EcosystemRespiration","FLUXCOM","TRENDY_CRUJRAv15_S3_fbc7d07","Spatial Distribution Score","MeanState","global","score","1","0.895416","16.0"
"EcosystemandCarbonCycle","EcosystemRespiration","FLUXCOM","TRENDY_CRUJRAv15_S3_fbc7d07","Phase Shift","MeanState","global","scalar","months","0.844489","16.0"
"EcosystemandCarbonCycle","EcosystemRespiration","FLUXCOM","TRENDY_CRUJRAv15_S3_fbc7d07","Seasonal Cycle Score","MeanState","global","score","1","0.863138","16.0"
"EcosystemandCarbonCycle","EcosystemRespiration","FLUXCOM","TRENDY_CRUJRAv15_S3_fbc7d07","Bias","MeanState","global","scalar","g m-2 d-1","1.25846","16.0"
"EcosystemandCarbonCycle","EcosystemRespiration","FLUXCOM","TRENDY_CRUJRAv15_S3_fbc7d07","Bias Score","MeanState","global","score","1","0.271084","16.0"
"EcosystemandCarbonCycle","EcosystemRespiration","FLUXCOM","TRENDY_CRUJRAv15_S3_fbc7d07","RMSE","MeanState","global","scalar","g m-2 d-1","1.89194","16.0"
"EcosystemandCarbonCycle","EcosystemRespiration","FLUXCOM","TRENDY_CRUJRAv15_S3_fbc7d07","RMSE Score","MeanState","global","score","1","0.333954","16.0"
"EcosystemandCarbonCycle","EcosystemRespiration","FLUXCOM","TRENDY_CRUJRAv15_S3_fbc7d07","Overall Score","MeanState","global","score","1","0.539509","16.0"
"EcosystemandCarbonCycle","EcosystemRespiration","FLUXCOM","NMIP3_SH1_fbc7d07","Benchmark Period Mean (intersection)","MeanState","global","scalar","Pg yr-1","95.6684","16.0"
"EcosystemandCarbonCycle","EcosystemRespiration","FLUXCOM","NMIP3_SH1_fbc7d07","Benchmark Period Mean (complement)","MeanState","global","scalar","Pg yr-1","nan","16.0"
"EcosystemandCarbonCycle","EcosystemRespiration","FLUXCOM","NMIP3_SH1_fbc7d07","Period Mean (original grids)","MeanState","global","scalar","Pg yr-1","115.725","16.0"
"EcosystemandCarbonCycle","EcosystemRespiration","FLUXCOM","NMIP3_SH1_fbc7d07","Model Period Mean (intersection)","MeanState","global","scalar","Pg yr-1","115.403","16.0"
"EcosystemandCarbonCycle","EcosystemRespiration","FLUXCOM","NMIP3_SH1_fbc7d07","Model Period Mean (complement)","MeanState","global","scalar","Pg yr-1","0.322052","16.0"
"EcosystemandCarbonCycle","EcosystemRespiration","FLUXCOM","NMIP3_SH1_fbc7d07","Spatial Distribution Score","MeanState","global","score","1","0.957502","16.0"
"EcosystemandCarbonCycle","EcosystemRespiration","FLUXCOM","NMIP3_SH1_fbc7d07","Phase Shift","MeanState","global","scalar","months","1.03299","16.0"
"EcosystemandCarbonCycle","EcosystemRespiration","FLUXCOM","NMIP3_SH1_fbc7d07","Seasonal Cycle Score","MeanState","global","score","1","0.784725","16.0"
"EcosystemandCarbonCycle","EcosystemRespiration","FLUXCOM","NMIP3_SH1_fbc7d07","Bias","MeanState","global","scalar","g m-2 d-1","0.453822","16.0"
"EcosystemandCarbonCycle","EcosystemRespiration","FLUXCOM","NMIP3_SH1_fbc7d07","Bias Score","MeanState","global","score","1","0.465948","16.0"
"EcosystemandCarbonCycle","EcosystemRespiration","FLUXCOM","NMIP3_SH1_fbc7d07","RMSE","MeanState","global","scalar","g m-2 d-1","1.1395","16.0"
"EcosystemandCarbonCycle","EcosystemRespiration","FLUXCOM","NMIP3_SH1_fbc7d07","RMSE Score","MeanState","global","score","1","0.456432","16.0"
"EcosystemandCarbonCycle","EcosystemRespiration","FLUXCOM","NMIP3_SH1_fbc7d07","Overall Score","MeanState","global","score","1","0.624208","16.0"
"EcosystemandCarbonCycle","EcosystemRespiration","FLUXCOM","TRENDY_CRU_S3_7a1fa06","Benchmark Period Mean (intersection)","MeanState","global","scalar","Pg yr-1","95.6684","16.0"
"EcosystemandCarbonCycle","EcosystemRespiration","FLUXCOM","TRENDY_CRU_S3_7a1fa06","Benchmark Period Mean (complement)","MeanState","global","scalar","Pg yr-1","nan","16.0"
"EcosystemandCarbonCycle","EcosystemRespiration","FLUXCOM","TRENDY_CRU_S3_7a1fa06","Period Mean (original grids)","MeanState","global","scalar","Pg yr-1","145.99","16.0"
"EcosystemandCarbonCycle","EcosystemRespiration","FLUXCOM","TRENDY_CRU_S3_7a1fa06","Model Period Mean (intersection)","MeanState","global","scalar","Pg yr-1","145.639","16.0"
"EcosystemandCarbonCycle","EcosystemRespiration","FLUXCOM","TRENDY_CRU_S3_7a1fa06","Model Period Mean (complement)","MeanState","global","scalar","Pg yr-1","0.350948","16.0"
"EcosystemandCarbonCycle","EcosystemRespiration","FLUXCOM","TRENDY_CRU_S3_7a1fa06","Spatial Distribution Score","MeanState","global","score","1","0.929203","16.0"
"EcosystemandCarbonCycle","EcosystemRespiration","FLUXCOM","TRENDY_CRU_S3_7a1fa06","Phase Shift","MeanState","global","scalar","months","0.867414","16.0"
"EcosystemandCarbonCycle","EcosystemRespiration","FLUXCOM","TRENDY_CRU_S3_7a1fa06","Seasonal Cycle Score","MeanState","global","score","1","0.853473","16.0"
"EcosystemandCarbonCycle","EcosystemRespiration","FLUXCOM","TRENDY_CRU_S3_7a1fa06","Bias","MeanState","global","scalar","g m-2 d-1","1.14915","16.0"
"EcosystemandCarbonCycle","EcosystemRespiration","FLUXCOM","TRENDY_CRU_S3_7a1fa06","Bias Score","MeanState","global","score","1","0.308386","16.0"
"EcosystemandCarbonCycle","EcosystemRespiration","FLUXCOM","TRENDY_CRU_S3_7a1fa06","RMSE","MeanState","global","scalar","g m-2 d-1","1.7687","16.0"
"EcosystemandCarbonCycle","EcosystemRespiration","FLUXCOM","TRENDY_CRU_S3_7a1fa06","RMSE Score","MeanState","global","score","1","0.408234","16.0"
"EcosystemandCarbonCycle","EcosystemRespiration","FLUXCOM","TRENDY_CRU_S3_7a1fa06","Overall Score","MeanState","global","score","1","0.581506","16.0"
"EcosystemandCarbonCycle","EcosystemRespiration","FLUXCOM","JRA3Q_CH4_fbc7d07","Benchmark Period Mean (intersection)","MeanState","global","scalar","Pg yr-1","95.6684","16.0"
"EcosystemandCarbonCycle","EcosystemRespiration","FLUXCOM","JRA3Q_CH4_fbc7d07","Benchmark Period Mean (complement)","MeanState","global","scalar","Pg yr-1","nan","16.0"
"EcosystemandCarbonCycle","EcosystemRespiration","FLUXCOM","JRA3Q_CH4_fbc7d07","Period Mean (original grids)","MeanState","global","scalar","Pg yr-1","159.947","16.0"
"EcosystemandCarbonCycle","EcosystemRespiration","FLUXCOM","JRA3Q_CH4_fbc7d07","Model Period Mean (intersection)","MeanState","global","scalar","Pg yr-1","159.68","16.0"
"EcosystemandCarbonCycle","EcosystemRespiration","FLUXCOM","JRA3Q_CH4_fbc7d07","Model Period Mean (complement)","MeanState","global","scalar","Pg yr-1","0.266671","16.0"
"EcosystemandCarbonCycle","EcosystemRespiration","FLUXCOM","JRA3Q_CH4_fbc7d07","Spatial Distribution Score","MeanState","global","score","1","0.83005","16.0"
"EcosystemandCarbonCycle","EcosystemRespiration","FLUXCOM","JRA3Q_CH4_fbc7d07","Phase Shift","MeanState","global","scalar","months","0.915976","16.0"
"EcosystemandCarbonCycle","EcosystemRespiration","FLUXCOM","JRA3Q_CH4_fbc7d07","Seasonal Cycle Score","MeanState","global","score","1","0.857606","16.0"
"EcosystemandCarbonCycle","EcosystemRespiration","FLUXCOM","JRA3Q_CH4_fbc7d07","Bias","MeanState","global","scalar","g m-2 d-1","1.47206","16.0"
"EcosystemandCarbonCycle","EcosystemRespiration","FLUXCOM","JRA3Q_CH4_fbc7d07","Bias Score","MeanState","global","score","1","0.206387","16.0"
"EcosystemandCarbonCycle","EcosystemRespiration","FLUXCOM","JRA3Q_CH4_fbc7d07","RMSE","MeanState","global","scalar","g m-2 d-1","1.98423","16.0"
"EcosystemandCarbonCycle","EcosystemRespiration","FLUXCOM","JRA3Q_CH4_fbc7d07","RMSE Score","MeanState","global","score","1","0.33062","16.0"
"EcosystemandCarbonCycle","EcosystemRespiration","FLUXCOM","JRA3Q_CH4_fbc7d07","Overall Score","MeanState","global","score","1","0.511057","16.0"
"EcosystemandCarbonCycle","EcosystemRespiration","FLUXCOM","ERA5_CH4_fbc7d07","Benchmark Period Mean (intersection)","MeanState","global","scalar","Pg yr-1","95.6684","16.0"
"EcosystemandCarbonCycle","EcosystemRespiration","FLUXCOM","ERA5_CH4_fbc7d07","Benchmark Period Mean (complement)","MeanState","global","scalar","Pg yr-1","nan","16.0"
"EcosystemandCarbonCycle","EcosystemRespiration","FLUXCOM","ERA5_CH4_fbc7d07","Period Mean (original grids)","MeanState","global","scalar","Pg yr-1","149.977","16.0"
"EcosystemandCarbonCycle","EcosystemRespiration","FLUXCOM","ERA5_CH4_fbc7d07","Model Period Mean (intersection)","MeanState","global","scalar","Pg yr-1","149.763","16.0"
"EcosystemandCarbonCycle","EcosystemRespiration","FLUXCOM","ERA5_CH4_fbc7d07","Model Period Mean (complement)","MeanState","global","scalar","Pg yr-1","0.214864","16.0"
"EcosystemandCarbonCycle","EcosystemRespiration","FLUXCOM","ERA5_CH4_fbc7d07","Spatial Distribution Score","MeanState","global","score","1","0.876512","16.0"
"EcosystemandCarbonCycle","EcosystemRespiration","FLUXCOM","ERA5_CH4_fbc7d07","Phase Shift","MeanState","global","scalar","months","0.908834","16.0"
"EcosystemandCarbonCycle","EcosystemRespiration","FLUXCOM","ERA5_CH4_fbc7d07","Seasonal Cycle Score","MeanState","global","score","1","0.866718","16.0"
"EcosystemandCarbonCycle","EcosystemRespiration","FLUXCOM","ERA5_CH4_fbc7d07","Bias","MeanState","global","scalar","g m-2 d-1","1.24399","16.0"
"EcosystemandCarbonCycle","EcosystemRespiration","FLUXCOM","ERA5_CH4_fbc7d07","Bias Score","MeanState","global","score","1","0.281922","16.0"
"EcosystemandCarbonCycle","EcosystemRespiration","FLUXCOM","ERA5_CH4_fbc7d07","RMSE","MeanState","global","scalar","g m-2 d-1","1.75401","16.0"
"EcosystemandCarbonCycle","EcosystemRespiration","FLUXCOM","ERA5_CH4_fbc7d07","RMSE Score","MeanState","global","score","1","0.3912","16.0"
"EcosystemandCarbonCycle","EcosystemRespiration","FLUXCOM","ERA5_CH4_fbc7d07","Overall Score","MeanState","global","score","1","0.56151","16.0"
"EcosystemandCarbonCycle","EcosystemRespiration","FLUXCOM","TRENDYv15_CRU410_S3","Benchmark Period Mean (intersection)","MeanState","global","scalar","Pg yr-1","95.6684","16.0"
"EcosystemandCarbonCycle","EcosystemRespiration","FLUXCOM","TRENDYv15_CRU410_S3","Benchmark Period Mean (complement)","MeanState","global","scalar","Pg yr-1","nan","16.0"
"EcosystemandCarbonCycle","EcosystemRespiration","FLUXCOM","TRENDYv15_CRU410_S3","Period Mean (original grids)","MeanState","global","scalar","Pg yr-1","136.174","16.0"
"EcosystemandCarbonCycle","EcosystemRespiration","FLUXCOM","TRENDYv15_CRU410_S3","Model Period Mean (intersection)","MeanState","global","scalar","Pg yr-1","135.869","16.0"
"EcosystemandCarbonCycle","EcosystemRespiration","FLUXCOM","TRENDYv15_CRU410_S3","Model Period Mean (complement)","MeanState","global","scalar","Pg yr-1","0.304274","16.0"
"EcosystemandCarbonCycle","EcosystemRespiration","FLUXCOM","TRENDYv15_CRU410_S3","Spatial Distribution Score","MeanState","global","score","1","0.947702","16.0"
"EcosystemandCarbonCycle","EcosystemRespiration","FLUXCOM","TRENDYv15_CRU410_S3","Phase Shift","MeanState","global","scalar","months","0.898442","16.0"
"EcosystemandCarbonCycle","EcosystemRespiration","FLUXCOM","TRENDYv15_CRU410_S3","Seasonal Cycle Score","MeanState","global","score","1","0.844791","16.0"
"EcosystemandCarbonCycle","EcosystemRespiration","FLUXCOM","TRENDYv15_CRU410_S3","Bias","MeanState","global","scalar","g m-2 d-1","0.924492","16.0"
"EcosystemandCarbonCycle","EcosystemRespiration","FLUXCOM","TRENDYv15_CRU410_S3","Bias Score","MeanState","global","score","1","0.360935","16.0"
"EcosystemandCarbonCycle","EcosystemRespiration","FLUXCOM","TRENDYv15_CRU410_S3","RMSE","MeanState","global","scalar","g m-2 d-1","1.5843","16.0"
"EcosystemandCarbonCycle","EcosystemRespiration","FLUXCOM","TRENDYv15_CRU410_S3","RMSE Score","MeanState","global","score","1","0.423054","16.0"
"EcosystemandCarbonCycle","EcosystemRespiration","FLUXCOM","TRENDYv15_CRU410_S3","Overall Score","MeanState","global","score","1","0.599907","16.0"
"EcosystemandCarbonCycle","EcosystemRespiration","FLUXCOM","TRENDYv14_CRU_S3","Benchmark Period Mean (intersection)","MeanState","global","scalar","Pg yr-1","95.6684","16.0"
"EcosystemandCarbonCycle","EcosystemRespiration","FLUXCOM","TRENDYv14_CRU_S3","Benchmark Period Mean (complement)","MeanState","global","scalar","Pg yr-1","nan","16.0"
"EcosystemandCarbonCycle","EcosystemRespiration","FLUXCOM","TRENDYv14_CRU_S3","Period Mean (original grids)","MeanState","global","scalar","Pg yr-1","135.963","16.0"
"EcosystemandCarbonCycle","EcosystemRespiration","FLUXCOM","TRENDYv14_CRU_S3","Model Period Mean (intersection)","MeanState","global","scalar","Pg yr-1","135.62","16.0"
"EcosystemandCarbonCycle","EcosystemRespiration","FLUXCOM","TRENDYv14_CRU_S3","Model Period Mean (complement)","MeanState","global","scalar","Pg yr-1","0.342806","16.0"
"EcosystemandCarbonCycle","EcosystemRespiration","FLUXCOM","TRENDYv14_CRU_S3","Spatial Distribution Score","MeanState","global","score","1","0.946591","16.0"
"EcosystemandCarbonCycle","EcosystemRespiration","FLUXCOM","TRENDYv14_CRU_S3","Phase Shift","MeanState","global","scalar","months","1.02567","16.0"
"EcosystemandCarbonCycle","EcosystemRespiration","FLUXCOM","TRENDYv14_CRU_S3","Seasonal Cycle Score","MeanState","global","score","1","0.829114","16.0"
"EcosystemandCarbonCycle","EcosystemRespiration","FLUXCOM","TRENDYv14_CRU_S3","Bias","MeanState","global","scalar","g m-2 d-1","0.918765","16.0"
"EcosystemandCarbonCycle","EcosystemRespiration","FLUXCOM","TRENDYv14_CRU_S3","Bias Score","MeanState","global","score","1","0.361165","16.0"
"EcosystemandCarbonCycle","EcosystemRespiration","FLUXCOM","TRENDYv14_CRU_S3","RMSE","MeanState","global","scalar","g m-2 d-1","1.51577","16.0"
"EcosystemandCarbonCycle","EcosystemRespiration","FLUXCOM","TRENDYv14_CRU_S3","RMSE Score","MeanState","global","score","1","0.417885","16.0"
"EcosystemandCarbonCycle","EcosystemRespiration","FLUXCOM","TRENDYv14_CRU_S3","Overall Score","MeanState","global","score","1","0.594528","16.0"
"EcosystemandCarbonCycle","EcosystemRespiration","FLUXCOM","TRENDYv13_CRU_S3","Benchmark Period Mean (intersection)","MeanState","global","scalar","Pg yr-1","95.6684","16.0"
"EcosystemandCarbonCycle","EcosystemRespiration","FLUXCOM","TRENDYv13_CRU_S3","Benchmark Period Mean (complement)","MeanState","global","scalar","Pg yr-1","nan","16.0"
"EcosystemandCarbonCycle","EcosystemRespiration","FLUXCOM","TRENDYv13_CRU_S3","Period Mean (original grids)","MeanState","global","scalar","Pg yr-1","136.2","16.0"
"EcosystemandCarbonCycle","EcosystemRespiration","FLUXCOM","TRENDYv13_CRU_S3","Model Period Mean (intersection)","MeanState","global","scalar","Pg yr-1","135.892","16.0"
"EcosystemandCarbonCycle","EcosystemRespiration","FLUXCOM","TRENDYv13_CRU_S3","Model Period Mean (complement)","MeanState","global","scalar","Pg yr-1","0.307909","16.0"
"EcosystemandCarbonCycle","EcosystemRespiration","FLUXCOM","TRENDYv13_CRU_S3","Spatial Distribution Score","MeanState","global","score","1","0.947444","16.0"
"EcosystemandCarbonCycle","EcosystemRespiration","FLUXCOM","TRENDYv13_CRU_S3","Phase Shift","MeanState","global","scalar","months","0.895339","16.0"
"EcosystemandCarbonCycle","EcosystemRespiration","FLUXCOM","TRENDYv13_CRU_S3","Seasonal Cycle Score","MeanState","global","score","1","0.845896","16.0"
"EcosystemandCarbonCycle","EcosystemRespiration","FLUXCOM","TRENDYv13_CRU_S3","Bias","MeanState","global","scalar","g m-2 d-1","0.925015","16.0"
"EcosystemandCarbonCycle","EcosystemRespiration","FLUXCOM","TRENDYv13_CRU_S3","Bias Score","MeanState","global","score","1","0.360527","16.0"
"EcosystemandCarbonCycle","EcosystemRespiration","FLUXCOM","TRENDYv13_CRU_S3","RMSE","MeanState","global","scalar","g m-2 d-1","1.5866","16.0"
"EcosystemandCarbonCycle","EcosystemRespiration","FLUXCOM","TRENDYv13_CRU_S3","RMSE Score","MeanState","global","score","1","0.42218","16.0"
"EcosystemandCarbonCycle","EcosystemRespiration","FLUXCOM","TRENDYv13_CRU_S3","Overall Score","MeanState","global","score","1","0.599645","16.0"