"Section","Variable","Source","Model","ScalarName","AnalysisType","Region","ScalarType","Units","Data","Weight"
"EcosystemandCarbonCycle","Biomass","ESACCI","DLEM","Benchmark Period Mean (intersection)","MeanState","global","scalar","Pg","399.147","100.0"
"EcosystemandCarbonCycle","Biomass","ESACCI","DLEM","Benchmark Period Mean (complement)","MeanState","global","scalar","Pg","nan","100.0"
"EcosystemandCarbonCycle","Biomass","ESACCI","DLEM","Period Mean (original grids)","MeanState","global","scalar","Pg","637.441","100.0"
"EcosystemandCarbonCycle","Biomass","ESACCI","DLEM","Model Period Mean (intersection)","MeanState","global","scalar","Pg","637.441","100.0"
"EcosystemandCarbonCycle","Biomass","ESACCI","DLEM","Model Period Mean (complement)","MeanState","global","scalar","Pg","0","100.0"
"EcosystemandCarbonCycle","Biomass","ESACCI","DLEM","Spatial Distribution Score","MeanState","global","score","1","0.785758","100.0"
"EcosystemandCarbonCycle","Biomass","ESACCI","DLEM","Bias","MeanState","global","scalar","kg m-2","1.52945","100.0"
"EcosystemandCarbonCycle","Biomass","ESACCI","DLEM","Bias Score","MeanState","global","score","1","0.577389","100.0"
"EcosystemandCarbonCycle","Biomass","ESACCI","DLEM","Overall Score","MeanState","global","score","1","0.681574","100.0"
"EcosystemandCarbonCycle","Biomass","ESACCI","LPJ-EOSIM","Benchmark Period Mean (intersection)","MeanState","global","scalar","Pg","392.026","100.0"
"EcosystemandCarbonCycle","Biomass","ESACCI","LPJ-EOSIM","Benchmark Period Mean (complement)","MeanState","global","scalar","Pg","7.12147","100.0"
"EcosystemandCarbonCycle","Biomass","ESACCI","LPJ-EOSIM","Period Mean (original grids)","MeanState","global","scalar","Pg","456.45","100.0"
"EcosystemandCarbonCycle","Biomass","ESACCI","LPJ-EOSIM","Model Period Mean (intersection)","MeanState","global","scalar","Pg","456.45","100.0"
"EcosystemandCarbonCycle","Biomass","ESACCI","LPJ-EOSIM","Model Period Mean (complement)","MeanState","global","scalar","Pg","nan","100.0"
"EcosystemandCarbonCycle","Biomass","ESACCI","LPJ-EOSIM","Spatial Distribution Score","MeanState","global","score","1","0.911183","100.0"
"EcosystemandCarbonCycle","Biomass","ESACCI","LPJ-EOSIM","Bias","MeanState","global","scalar","kg m-2","0.499813","100.0"
"EcosystemandCarbonCycle","Biomass","ESACCI","LPJ-EOSIM","Bias Score","MeanState","global","score","1","0.667408","100.0"
"EcosystemandCarbonCycle","Biomass","ESACCI","LPJ-EOSIM","Overall Score","MeanState","global","score","1","0.789295","100.0"
"EcosystemandCarbonCycle","Biomass","ESACCI","CLM-FATES","Benchmark Period Mean (intersection)","MeanState","global","scalar","Pg","397.598","100.0"
"EcosystemandCarbonCycle","Biomass","ESACCI","CLM-FATES","Benchmark Period Mean (complement)","MeanState","global","scalar","Pg","1.681","100.0"
"EcosystemandCarbonCycle","Biomass","ESACCI","CLM-FATES","Period Mean (original grids)","MeanState","global","scalar","Pg","503.022","100.0"
"EcosystemandCarbonCycle","Biomass","ESACCI","CLM-FATES","Model Period Mean (intersection)","MeanState","global","scalar","Pg","498.852","100.0"
"EcosystemandCarbonCycle","Biomass","ESACCI","CLM-FATES","Model Period Mean (complement)","MeanState","global","scalar","Pg","0.00698504","100.0"
"EcosystemandCarbonCycle","Biomass","ESACCI","CLM-FATES","Spatial Distribution Score","MeanState","global","score","1","0.895885","100.0"
"EcosystemandCarbonCycle","Biomass","ESACCI","CLM-FATES","Bias","MeanState","global","scalar","kg m-2","0.690275","100.0"
"EcosystemandCarbonCycle","Biomass","ESACCI","CLM-FATES","Bias Score","MeanState","global","score","1","0.665544","100.0"
"EcosystemandCarbonCycle","Biomass","ESACCI","CLM-FATES","Overall Score","MeanState","global","score","1","0.780714","100.0"
"EcosystemandCarbonCycle","Biomass","ESACCI","JULES-FireP0005","Benchmark Period Mean (intersection)","MeanState","global","scalar","Pg","397.658","100.0"
"EcosystemandCarbonCycle","Biomass","ESACCI","JULES-FireP0005","Benchmark Period Mean (complement)","MeanState","global","scalar","Pg","1.5913","100.0"
"EcosystemandCarbonCycle","Biomass","ESACCI","JULES-FireP0005","Period Mean (original grids)","MeanState","global","scalar","Pg","532.49","100.0"
"EcosystemandCarbonCycle","Biomass","ESACCI","JULES-FireP0005","Model Period Mean (intersection)","MeanState","global","scalar","Pg","520.549","100.0"
"EcosystemandCarbonCycle","Biomass","ESACCI","JULES-FireP0005","Model Period Mean (complement)","MeanState","global","scalar","Pg","0.022225","100.0"
"EcosystemandCarbonCycle","Biomass","ESACCI","JULES-FireP0005","Spatial Distribution Score","MeanState","global","score","1","0.800399","100.0"
"EcosystemandCarbonCycle","Biomass","ESACCI","JULES-FireP0005","Bias","MeanState","global","scalar","kg m-2","0.818203","100.0"
"EcosystemandCarbonCycle","Biomass","ESACCI","JULES-FireP0005","Bias Score","MeanState","global","score","1","0.624835","100.0"
"EcosystemandCarbonCycle","Biomass","ESACCI","JULES-FireP0005","Overall Score","MeanState","global","score","1","0.712617","100.0"
"EcosystemandCarbonCycle","Biomass","ESACCI","JULES-FireP0336","Benchmark Period Mean (intersection)","MeanState","global","scalar","Pg","397.658","100.0"
"EcosystemandCarbonCycle","Biomass","ESACCI","JULES-FireP0336","Benchmark Period Mean (complement)","MeanState","global","scalar","Pg","1.5913","100.0"
"EcosystemandCarbonCycle","Biomass","ESACCI","JULES-FireP0336","Period Mean (original grids)","MeanState","global","scalar","Pg","493.659","100.0"
"EcosystemandCarbonCycle","Biomass","ESACCI","JULES-FireP0336","Model Period Mean (intersection)","MeanState","global","scalar","Pg","482.673","100.0"
"EcosystemandCarbonCycle","Biomass","ESACCI","JULES-FireP0336","Model Period Mean (complement)","MeanState","global","scalar","Pg","0.0197473","100.0"
"EcosystemandCarbonCycle","Biomass","ESACCI","JULES-FireP0336","Spatial Distribution Score","MeanState","global","score","1","0.827417","100.0"
"EcosystemandCarbonCycle","Biomass","ESACCI","JULES-FireP0336","Bias","MeanState","global","scalar","kg m-2","0.565596","100.0"
"EcosystemandCarbonCycle","Biomass","ESACCI","JULES-FireP0336","Bias Score","MeanState","global","score","1","0.625282","100.0"
"EcosystemandCarbonCycle","Biomass","ESACCI","JULES-FireP0336","Overall Score","MeanState","global","score","1","0.72635","100.0"
"EcosystemandCarbonCycle","Biomass","ESACCI","JSBACH","Benchmark Period Mean (intersection)","MeanState","global","scalar","Pg","378.527","100.0"
"EcosystemandCarbonCycle","Biomass","ESACCI","JSBACH","Benchmark Period Mean (complement)","MeanState","global","scalar","Pg","20.6198","100.0"
"EcosystemandCarbonCycle","Biomass","ESACCI","JSBACH","Period Mean (original grids)","MeanState","global","scalar","Pg","518.328","100.0"
"EcosystemandCarbonCycle","Biomass","ESACCI","JSBACH","Model Period Mean (intersection)","MeanState","global","scalar","Pg","518.328","100.0"
"EcosystemandCarbonCycle","Biomass","ESACCI","JSBACH","Model Period Mean (complement)","MeanState","global","scalar","Pg","nan","100.0"
"EcosystemandCarbonCycle","Biomass","ESACCI","JSBACH","Spatial Distribution Score","MeanState","global","score","1","0.870904","100.0"
"EcosystemandCarbonCycle","Biomass","ESACCI","JSBACH","Bias","MeanState","global","scalar","kg m-2","1.08624","100.0"
"EcosystemandCarbonCycle","Biomass","ESACCI","JSBACH","Bias Score","MeanState","global","score","1","0.651409","100.0"
"EcosystemandCarbonCycle","Biomass","ESACCI","JSBACH","Overall Score","MeanState","global","score","1","0.761157","100.0"
"EcosystemandCarbonCycle","Biomass","ESACCI","CLM","Benchmark Period Mean (intersection)","MeanState","global","scalar","Pg","399.147","100.0"
"EcosystemandCarbonCycle","Biomass","ESACCI","CLM","Benchmark Period Mean (complement)","MeanState","global","scalar","Pg","nan","100.0"
"EcosystemandCarbonCycle","Biomass","ESACCI","CLM","Period Mean (original grids)","MeanState","global","scalar","Pg","736.857","100.0"
"EcosystemandCarbonCycle","Biomass","ESACCI","CLM","Model Period Mean (intersection)","MeanState","global","scalar","Pg","736.828","100.0"
"EcosystemandCarbonCycle","Biomass","ESACCI","CLM","Model Period Mean (complement)","MeanState","global","scalar","Pg","0.0286283","100.0"
"EcosystemandCarbonCycle","Biomass","ESACCI","CLM","Spatial Distribution Score","MeanState","global","score","1","0.770347","100.0"
"EcosystemandCarbonCycle","Biomass","ESACCI","CLM","Bias","MeanState","global","scalar","kg m-2","2.17129","100.0"
"EcosystemandCarbonCycle","Biomass","ESACCI","CLM","Bias Score","MeanState","global","score","1","0.623111","100.0"
"EcosystemandCarbonCycle","Biomass","ESACCI","CLM","Overall Score","MeanState","global","score","1","0.696729","100.0"
"EcosystemandCarbonCycle","Biomass","ESACCI","JULES-noFire","Benchmark Period Mean (intersection)","MeanState","global","scalar","Pg","397.658","100.0"
"EcosystemandCarbonCycle","Biomass","ESACCI","JULES-noFire","Benchmark Period Mean (complement)","MeanState","global","scalar","Pg","1.5913","100.0"
"EcosystemandCarbonCycle","Biomass","ESACCI","JULES-noFire","Period Mean (original grids)","MeanState","global","scalar","Pg","666.745","100.0"
"EcosystemandCarbonCycle","Biomass","ESACCI","JULES-noFire","Model Period Mean (intersection)","MeanState","global","scalar","Pg","654.505","100.0"
"EcosystemandCarbonCycle","Biomass","ESACCI","JULES-noFire","Model Period Mean (complement)","MeanState","global","scalar","Pg","0.0206863","100.0"
"EcosystemandCarbonCycle","Biomass","ESACCI","JULES-noFire","Spatial Distribution Score","MeanState","global","score","1","0.787652","100.0"
"EcosystemandCarbonCycle","Biomass","ESACCI","JULES-noFire","Bias","MeanState","global","scalar","kg m-2","1.71842","100.0"
"EcosystemandCarbonCycle","Biomass","ESACCI","JULES-noFire","Bias Score","MeanState","global","score","1","0.62806","100.0"
"EcosystemandCarbonCycle","Biomass","ESACCI","JULES-noFire","Overall Score","MeanState","global","score","1","0.707856","100.0"
"EcosystemandCarbonCycle","Biomass","ESACCI","JULES-FireP0304","Benchmark Period Mean (intersection)","MeanState","global","scalar","Pg","397.658","100.0"
"EcosystemandCarbonCycle","Biomass","ESACCI","JULES-FireP0304","Benchmark Period Mean (complement)","MeanState","global","scalar","Pg","1.5913","100.0"
"EcosystemandCarbonCycle","Biomass","ESACCI","JULES-FireP0304","Period Mean (original grids)","MeanState","global","scalar","Pg","557.844","100.0"
"EcosystemandCarbonCycle","Biomass","ESACCI","JULES-FireP0304","Model Period Mean (intersection)","MeanState","global","scalar","Pg","545.842","100.0"
"EcosystemandCarbonCycle","Biomass","ESACCI","JULES-FireP0304","Model Period Mean (complement)","MeanState","global","scalar","Pg","0.0218376","100.0"
"EcosystemandCarbonCycle","Biomass","ESACCI","JULES-FireP0304","Spatial Distribution Score","MeanState","global","score","1","0.801606","100.0"
"EcosystemandCarbonCycle","Biomass","ESACCI","JULES-FireP0304","Bias","MeanState","global","scalar","kg m-2","0.988881","100.0"
"EcosystemandCarbonCycle","Biomass","ESACCI","JULES-FireP0304","Bias Score","MeanState","global","score","1","0.62719","100.0"
"EcosystemandCarbonCycle","Biomass","ESACCI","JULES-FireP0304","Overall Score","MeanState","global","score","1","0.714398","100.0"
"EcosystemandCarbonCycle","Biomass","ESACCI","JULES-FireP0249","Benchmark Period Mean (intersection)","MeanState","global","scalar","Pg","397.658","100.0"
"EcosystemandCarbonCycle","Biomass","ESACCI","JULES-FireP0249","Benchmark Period Mean (complement)","MeanState","global","scalar","Pg","1.5913","100.0"
"EcosystemandCarbonCycle","Biomass","ESACCI","JULES-FireP0249","Period Mean (original grids)","MeanState","global","scalar","Pg","555.172","100.0"
"EcosystemandCarbonCycle","Biomass","ESACCI","JULES-FireP0249","Model Period Mean (intersection)","MeanState","global","scalar","Pg","542.584","100.0"
"EcosystemandCarbonCycle","Biomass","ESACCI","JULES-FireP0249","Model Period Mean (complement)","MeanState","global","scalar","Pg","0.0237094","100.0"
"EcosystemandCarbonCycle","Biomass","ESACCI","JULES-FireP0249","Spatial Distribution Score","MeanState","global","score","1","0.774518","100.0"
"EcosystemandCarbonCycle","Biomass","ESACCI","JULES-FireP0249","Bias","MeanState","global","scalar","kg m-2","0.965854","100.0"
"EcosystemandCarbonCycle","Biomass","ESACCI","JULES-FireP0249","Bias Score","MeanState","global","score","1","0.612505","100.0"
"EcosystemandCarbonCycle","Biomass","ESACCI","JULES-FireP0249","Overall Score","MeanState","global","score","1","0.693512","100.0"
"EcosystemandCarbonCycle","Biomass","ESACCI","TEM","Benchmark Period Mean (intersection)","MeanState","global","scalar","Pg","385.083","100.0"
"EcosystemandCarbonCycle","Biomass","ESACCI","TEM","Benchmark Period Mean (complement)","MeanState","global","scalar","Pg","14.0646","100.0"
"EcosystemandCarbonCycle","Biomass","ESACCI","TEM","Period Mean (original grids)","MeanState","global","scalar","Pg","765.012","100.0"
"EcosystemandCarbonCycle","Biomass","ESACCI","TEM","Model Period Mean (intersection)","MeanState","global","scalar","Pg","765.012","100.0"
"EcosystemandCarbonCycle","Biomass","ESACCI","TEM","Model Period Mean (complement)","MeanState","global","scalar","Pg","nan","100.0"
"EcosystemandCarbonCycle","Biomass","ESACCI","TEM","Spatial Distribution Score","MeanState","global","score","1","0.773327","100.0"
"EcosystemandCarbonCycle","Biomass","ESACCI","TEM","Bias","MeanState","global","scalar","kg m-2","2.84784","100.0"
"EcosystemandCarbonCycle","Biomass","ESACCI","TEM","Bias Score","MeanState","global","score","1","0.542524","100.0"
"EcosystemandCarbonCycle","Biomass","ESACCI","TEM","Overall Score","MeanState","global","score","1","0.657926","100.0"
"EcosystemandCarbonCycle","Biomass","ESACCI","LPJ-EOSIM-fixspitfire","Benchmark Period Mean (intersection)","MeanState","global","scalar","Pg","392.026","100.0"
"EcosystemandCarbonCycle","Biomass","ESACCI","LPJ-EOSIM-fixspitfire","Benchmark Period Mean (complement)","MeanState","global","scalar","Pg","7.12147","100.0"
"EcosystemandCarbonCycle","Biomass","ESACCI","LPJ-EOSIM-fixspitfire","Period Mean (original grids)","MeanState","global","scalar","Pg","454.507","100.0"
"EcosystemandCarbonCycle","Biomass","ESACCI","LPJ-EOSIM-fixspitfire","Model Period Mean (intersection)","MeanState","global","scalar","Pg","454.507","100.0"
"EcosystemandCarbonCycle","Biomass","ESACCI","LPJ-EOSIM-fixspitfire","Model Period Mean (complement)","MeanState","global","scalar","Pg","nan","100.0"
"EcosystemandCarbonCycle","Biomass","ESACCI","LPJ-EOSIM-fixspitfire","Spatial Distribution Score","MeanState","global","score","1","0.909964","100.0"
"EcosystemandCarbonCycle","Biomass","ESACCI","LPJ-EOSIM-fixspitfire","Bias","MeanState","global","scalar","kg m-2","0.485409","100.0"
"EcosystemandCarbonCycle","Biomass","ESACCI","LPJ-EOSIM-fixspitfire","Bias Score","MeanState","global","score","1","0.664847","100.0"
"EcosystemandCarbonCycle","Biomass","ESACCI","LPJ-EOSIM-fixspitfire","Overall Score","MeanState","global","score","1","0.787405","100.0"
"EcosystemandCarbonCycle","Biomass","ESACCI","LPX-Bern","Benchmark Period Mean (intersection)","MeanState","global","scalar","Pg","386.707","100.0"
"EcosystemandCarbonCycle","Biomass","ESACCI","LPX-Bern","Benchmark Period Mean (complement)","MeanState","global","scalar","Pg","12.4406","100.0"
"EcosystemandCarbonCycle","Biomass","ESACCI","LPX-Bern","Period Mean (original grids)","MeanState","global","scalar","Pg","434.7","100.0"
"EcosystemandCarbonCycle","Biomass","ESACCI","LPX-Bern","Model Period Mean (intersection)","MeanState","global","scalar","Pg","434.7","100.0"
"EcosystemandCarbonCycle","Biomass","ESACCI","LPX-Bern","Model Period Mean (complement)","MeanState","global","scalar","Pg","nan","100.0"
"EcosystemandCarbonCycle","Biomass","ESACCI","LPX-Bern","Spatial Distribution Score","MeanState","global","score","1","0.892805","100.0"
"EcosystemandCarbonCycle","Biomass","ESACCI","LPX-Bern","Bias","MeanState","global","scalar","kg m-2","0.378643","100.0"
"EcosystemandCarbonCycle","Biomass","ESACCI","LPX-Bern","Bias Score","MeanState","global","score","1","0.670858","100.0"
"EcosystemandCarbonCycle","Biomass","ESACCI","LPX-Bern","Overall Score","MeanState","global","score","1","0.781831","100.0"
"EcosystemandCarbonCycle","Biomass","Saatchi","JSBACH","Benchmark Period Mean (intersection)","MeanState","global","scalar","Pg","327.181","100.0"
"EcosystemandCarbonCycle","Biomass","Saatchi","JSBACH","Benchmark Period Mean (complement)","MeanState","global","scalar","Pg","21.7428","100.0"
"EcosystemandCarbonCycle","Biomass","Saatchi","JSBACH","Period Mean (original grids)","MeanState","global","scalar","Pg","503.059","100.0"
"EcosystemandCarbonCycle","Biomass","Saatchi","JSBACH","Model Period Mean (intersection)","MeanState","global","scalar","Pg","340.933","100.0"
"EcosystemandCarbonCycle","Biomass","Saatchi","JSBACH","Model Period Mean (complement)","MeanState","global","scalar","Pg","162.126","100.0"
"EcosystemandCarbonCycle","Biomass","Saatchi","JSBACH","Spatial Distribution Score","MeanState","global","score","1","0.86898","100.0"
"EcosystemandCarbonCycle","Biomass","Saatchi","JSBACH","Bias","MeanState","global","scalar","kg m-2","0.21393","100.0"
"EcosystemandCarbonCycle","Biomass","Saatchi","JSBACH","Bias Score","MeanState","global","score","1","0.643292","100.0"
"EcosystemandCarbonCycle","Biomass","Saatchi","JSBACH","Overall Score","MeanState","global","score","1","0.756136","100.0"
"EcosystemandCarbonCycle","Biomass","Saatchi","JULES-FireP0005","Benchmark Period Mean (intersection)","MeanState","global","scalar","Pg","347.167","100.0"
"EcosystemandCarbonCycle","Biomass","Saatchi","JULES-FireP0005","Benchmark Period Mean (complement)","MeanState","global","scalar","Pg","1.75669","100.0"
"EcosystemandCarbonCycle","Biomass","Saatchi","JULES-FireP0005","Period Mean (original grids)","MeanState","global","scalar","Pg","522.598","100.0"
"EcosystemandCarbonCycle","Biomass","Saatchi","JULES-FireP0005","Model Period Mean (intersection)","MeanState","global","scalar","Pg","347.715","100.0"
"EcosystemandCarbonCycle","Biomass","Saatchi","JULES-FireP0005","Model Period Mean (complement)","MeanState","global","scalar","Pg","161.927","100.0"
"EcosystemandCarbonCycle","Biomass","Saatchi","JULES-FireP0005","Spatial Distribution Score","MeanState","global","score","1","0.804038","100.0"
"EcosystemandCarbonCycle","Biomass","Saatchi","JULES-FireP0005","Bias","MeanState","global","scalar","kg m-2","-0.00351947","100.0"
"EcosystemandCarbonCycle","Biomass","Saatchi","JULES-FireP0005","Bias Score","MeanState","global","score","1","0.605913","100.0"
"EcosystemandCarbonCycle","Biomass","Saatchi","JULES-FireP0005","Overall Score","MeanState","global","score","1","0.704976","100.0"
"EcosystemandCarbonCycle","Biomass","Saatchi","JULES-FireP0336","Benchmark Period Mean (intersection)","MeanState","global","scalar","Pg","347.167","100.0"
"EcosystemandCarbonCycle","Biomass","Saatchi","JULES-FireP0336","Benchmark Period Mean (complement)","MeanState","global","scalar","Pg","1.75669","100.0"
"EcosystemandCarbonCycle","Biomass","Saatchi","JULES-FireP0336","Period Mean (original grids)","MeanState","global","scalar","Pg","483.26","100.0"
"EcosystemandCarbonCycle","Biomass","Saatchi","JULES-FireP0336","Model Period Mean (intersection)","MeanState","global","scalar","Pg","308.806","100.0"
"EcosystemandCarbonCycle","Biomass","Saatchi","JULES-FireP0336","Model Period Mean (complement)","MeanState","global","scalar","Pg","162.486","100.0"
"EcosystemandCarbonCycle","Biomass","Saatchi","JULES-FireP0336","Spatial Distribution Score","MeanState","global","score","1","0.858928","100.0"
"EcosystemandCarbonCycle","Biomass","Saatchi","JULES-FireP0336","Bias","MeanState","global","scalar","kg m-2","-0.556162","100.0"
"EcosystemandCarbonCycle","Biomass","Saatchi","JULES-FireP0336","Bias Score","MeanState","global","score","1","0.624996","100.0"
"EcosystemandCarbonCycle","Biomass","Saatchi","JULES-FireP0336","Overall Score","MeanState","global","score","1","0.741962","100.0"
"EcosystemandCarbonCycle","Biomass","Saatchi","LPX-Bern","Benchmark Period Mean (intersection)","MeanState","global","scalar","Pg","335.594","100.0"
"EcosystemandCarbonCycle","Biomass","Saatchi","LPX-Bern","Benchmark Period Mean (complement)","MeanState","global","scalar","Pg","13.3305","100.0"
"EcosystemandCarbonCycle","Biomass","Saatchi","LPX-Bern","Period Mean (original grids)","MeanState","global","scalar","Pg","430.302","100.0"
"EcosystemandCarbonCycle","Biomass","Saatchi","LPX-Bern","Model Period Mean (intersection)","MeanState","global","scalar","Pg","315.917","100.0"
"EcosystemandCarbonCycle","Biomass","Saatchi","LPX-Bern","Model Period Mean (complement)","MeanState","global","scalar","Pg","114.385","100.0"
"EcosystemandCarbonCycle","Biomass","Saatchi","LPX-Bern","Spatial Distribution Score","MeanState","global","score","1","0.948432","100.0"
"EcosystemandCarbonCycle","Biomass","Saatchi","LPX-Bern","Bias","MeanState","global","scalar","kg m-2","-0.298166","100.0"
"EcosystemandCarbonCycle","Biomass","Saatchi","LPX-Bern","Bias Score","MeanState","global","score","1","0.7016","100.0"
"EcosystemandCarbonCycle","Biomass","Saatchi","LPX-Bern","Overall Score","MeanState","global","score","1","0.825016","100.0"
"EcosystemandCarbonCycle","Biomass","Saatchi","TEM","Benchmark Period Mean (intersection)","MeanState","global","scalar","Pg","334.765","100.0"
"EcosystemandCarbonCycle","Biomass","Saatchi","TEM","Benchmark Period Mean (complement)","MeanState","global","scalar","Pg","14.1594","100.0"
"EcosystemandCarbonCycle","Biomass","Saatchi","TEM","Period Mean (original grids)","MeanState","global","scalar","Pg","752.777","100.0"
"EcosystemandCarbonCycle","Biomass","Saatchi","TEM","Model Period Mean (intersection)","MeanState","global","scalar","Pg","452.858","100.0"
"EcosystemandCarbonCycle","Biomass","Saatchi","TEM","Model Period Mean (complement)","MeanState","global","scalar","Pg","299.919","100.0"
"EcosystemandCarbonCycle","Biomass","Saatchi","TEM","Spatial Distribution Score","MeanState","global","score","1","0.85056","100.0"
"EcosystemandCarbonCycle","Biomass","Saatchi","TEM","Bias","MeanState","global","scalar","kg m-2","1.77563","100.0"
"EcosystemandCarbonCycle","Biomass","Saatchi","TEM","Bias Score","MeanState","global","score","1","0.605416","100.0"
"EcosystemandCarbonCycle","Biomass","Saatchi","TEM","Overall Score","MeanState","global","score","1","0.727988","100.0"
"EcosystemandCarbonCycle","Biomass","Saatchi","JULES-noFire","Benchmark Period Mean (intersection)","MeanState","global","scalar","Pg","347.167","100.0"
"EcosystemandCarbonCycle","Biomass","Saatchi","JULES-noFire","Benchmark Period Mean (complement)","MeanState","global","scalar","Pg","1.75669","100.0"
"EcosystemandCarbonCycle","Biomass","Saatchi","JULES-noFire","Period Mean (original grids)","MeanState","global","scalar","Pg","655.02","100.0"
"EcosystemandCarbonCycle","Biomass","Saatchi","JULES-noFire","Model Period Mean (intersection)","MeanState","global","scalar","Pg","467.362","100.0"
"EcosystemandCarbonCycle","Biomass","Saatchi","JULES-noFire","Model Period Mean (complement)","MeanState","global","scalar","Pg","174.48","100.0"
"EcosystemandCarbonCycle","Biomass","Saatchi","JULES-noFire","Spatial Distribution Score","MeanState","global","score","1","0.818681","100.0"
"EcosystemandCarbonCycle","Biomass","Saatchi","JULES-noFire","Bias","MeanState","global","scalar","kg m-2","1.69866","100.0"
"EcosystemandCarbonCycle","Biomass","Saatchi","JULES-noFire","Bias Score","MeanState","global","score","1","0.63339","100.0"
"EcosystemandCarbonCycle","Biomass","Saatchi","JULES-noFire","Overall Score","MeanState","global","score","1","0.726035","100.0"
"EcosystemandCarbonCycle","Biomass","Saatchi","CLM","Benchmark Period Mean (intersection)","MeanState","global","scalar","Pg","348.924","100.0"
"EcosystemandCarbonCycle","Biomass","Saatchi","CLM","Benchmark Period Mean (complement)","MeanState","global","scalar","Pg","nan","100.0"
"EcosystemandCarbonCycle","Biomass","Saatchi","CLM","Period Mean (original grids)","MeanState","global","scalar","Pg","723.391","100.0"
"EcosystemandCarbonCycle","Biomass","Saatchi","CLM","Model Period Mean (intersection)","MeanState","global","scalar","Pg","431.297","100.0"
"EcosystemandCarbonCycle","Biomass","Saatchi","CLM","Model Period Mean (complement)","MeanState","global","scalar","Pg","292.093","100.0"
"EcosystemandCarbonCycle","Biomass","Saatchi","CLM","Spatial Distribution Score","MeanState","global","score","1","0.766403","100.0"
"EcosystemandCarbonCycle","Biomass","Saatchi","CLM","Bias","MeanState","global","scalar","kg m-2","1.15313","100.0"
"EcosystemandCarbonCycle","Biomass","Saatchi","CLM","Bias Score","MeanState","global","score","1","0.604182","100.0"
"EcosystemandCarbonCycle","Biomass","Saatchi","CLM","Overall Score","MeanState","global","score","1","0.685292","100.0"
"EcosystemandCarbonCycle","Biomass","Saatchi","JULES-FireP0304","Benchmark Period Mean (intersection)","MeanState","global","scalar","Pg","347.167","100.0"
"EcosystemandCarbonCycle","Biomass","Saatchi","JULES-FireP0304","Benchmark Period Mean (complement)","MeanState","global","scalar","Pg","1.75669","100.0"
"EcosystemandCarbonCycle","Biomass","Saatchi","JULES-FireP0304","Period Mean (original grids)","MeanState","global","scalar","Pg","547.876","100.0"
"EcosystemandCarbonCycle","Biomass","Saatchi","JULES-FireP0304","Model Period Mean (intersection)","MeanState","global","scalar","Pg","350.026","100.0"
"EcosystemandCarbonCycle","Biomass","Saatchi","JULES-FireP0304","Model Period Mean (complement)","MeanState","global","scalar","Pg","184.733","100.0"
"EcosystemandCarbonCycle","Biomass","Saatchi","JULES-FireP0304","Spatial Distribution Score","MeanState","global","score","1","0.806762","100.0"
"EcosystemandCarbonCycle","Biomass","Saatchi","JULES-FireP0304","Bias","MeanState","global","scalar","kg m-2","0.0287842","100.0"
"EcosystemandCarbonCycle","Biomass","Saatchi","JULES-FireP0304","Bias Score","MeanState","global","score","1","0.606401","100.0"
"EcosystemandCarbonCycle","Biomass","Saatchi","JULES-FireP0304","Overall Score","MeanState","global","score","1","0.706582","100.0"
"EcosystemandCarbonCycle","Biomass","Saatchi","JULES-FireP0249","Benchmark Period Mean (intersection)","MeanState","global","scalar","Pg","347.167","100.0"
"EcosystemandCarbonCycle","Biomass","Saatchi","JULES-FireP0249","Benchmark Period Mean (complement)","MeanState","global","scalar","Pg","1.75669","100.0"
"EcosystemandCarbonCycle","Biomass","Saatchi","JULES-FireP0249","Period Mean (original grids)","MeanState","global","scalar","Pg","546.17","100.0"
"EcosystemandCarbonCycle","Biomass","Saatchi","JULES-FireP0249","Model Period Mean (intersection)","MeanState","global","scalar","Pg","366.498","100.0"
"EcosystemandCarbonCycle","Biomass","Saatchi","JULES-FireP0249","Model Period Mean (complement)","MeanState","global","scalar","Pg","165.996","100.0"
"EcosystemandCarbonCycle","Biomass","Saatchi","JULES-FireP0249","Spatial Distribution Score","MeanState","global","score","1","0.771964","100.0"
"EcosystemandCarbonCycle","Biomass","Saatchi","JULES-FireP0249","Bias","MeanState","global","scalar","kg m-2","0.262167","100.0"
"EcosystemandCarbonCycle","Biomass","Saatchi","JULES-FireP0249","Bias Score","MeanState","global","score","1","0.585419","100.0"
"EcosystemandCarbonCycle","Biomass","Saatchi","JULES-FireP0249","Overall Score","MeanState","global","score","1","0.678691","100.0"
"EcosystemandCarbonCycle","Biomass","Saatchi","LPJ-EOSIM","Benchmark Period Mean (intersection)","MeanState","global","scalar","Pg","344.349","100.0"
"EcosystemandCarbonCycle","Biomass","Saatchi","LPJ-EOSIM","Benchmark Period Mean (complement)","MeanState","global","scalar","Pg","4.57545","100.0"
"EcosystemandCarbonCycle","Biomass","Saatchi","LPJ-EOSIM","Period Mean (original grids)","MeanState","global","scalar","Pg","441.125","100.0"
"EcosystemandCarbonCycle","Biomass","Saatchi","LPJ-EOSIM","Model Period Mean (intersection)","MeanState","global","scalar","Pg","309.382","100.0"
"EcosystemandCarbonCycle","Biomass","Saatchi","LPJ-EOSIM","Model Period Mean (complement)","MeanState","global","scalar","Pg","131.742","100.0"
"EcosystemandCarbonCycle","Biomass","Saatchi","LPJ-EOSIM","Spatial Distribution Score","MeanState","global","score","1","0.880383","100.0"
"EcosystemandCarbonCycle","Biomass","Saatchi","LPJ-EOSIM","Bias","MeanState","global","scalar","kg m-2","-0.525649","100.0"
"EcosystemandCarbonCycle","Biomass","Saatchi","LPJ-EOSIM","Bias Score","MeanState","global","score","1","0.633976","100.0"
"EcosystemandCarbonCycle","Biomass","Saatchi","LPJ-EOSIM","Overall Score","MeanState","global","score","1","0.75718","100.0"
"EcosystemandCarbonCycle","Biomass","Saatchi","CLM-FATES","Benchmark Period Mean (intersection)","MeanState","global","scalar","Pg","346.81","100.0"
"EcosystemandCarbonCycle","Biomass","Saatchi","CLM-FATES","Benchmark Period Mean (complement)","MeanState","global","scalar","Pg","2.11419","100.0"
"EcosystemandCarbonCycle","Biomass","Saatchi","CLM-FATES","Period Mean (original grids)","MeanState","global","scalar","Pg","492.56","100.0"
"EcosystemandCarbonCycle","Biomass","Saatchi","CLM-FATES","Model Period Mean (intersection)","MeanState","global","scalar","Pg","276.342","100.0"
"EcosystemandCarbonCycle","Biomass","Saatchi","CLM-FATES","Model Period Mean (complement)","MeanState","global","scalar","Pg","210.773","100.0"
"EcosystemandCarbonCycle","Biomass","Saatchi","CLM-FATES","Spatial Distribution Score","MeanState","global","score","1","0.926282","100.0"
"EcosystemandCarbonCycle","Biomass","Saatchi","CLM-FATES","Bias","MeanState","global","scalar","kg m-2","-1.02761","100.0"
"EcosystemandCarbonCycle","Biomass","Saatchi","CLM-FATES","Bias Score","MeanState","global","score","1","0.672273","100.0"
"EcosystemandCarbonCycle","Biomass","Saatchi","CLM-FATES","Overall Score","MeanState","global","score","1","0.799278","100.0"
"EcosystemandCarbonCycle","Biomass","Saatchi","DLEM","Benchmark Period Mean (intersection)","MeanState","global","scalar","Pg","348.924","100.0"
"EcosystemandCarbonCycle","Biomass","Saatchi","DLEM","Benchmark Period Mean (complement)","MeanState","global","scalar","Pg","nan","100.0"
"EcosystemandCarbonCycle","Biomass","Saatchi","DLEM","Period Mean (original grids)","MeanState","global","scalar","Pg","621.565","100.0"
"EcosystemandCarbonCycle","Biomass","Saatchi","DLEM","Model Period Mean (intersection)","MeanState","global","scalar","Pg","523.524","100.0"
"EcosystemandCarbonCycle","Biomass","Saatchi","DLEM","Model Period Mean (complement)","MeanState","global","scalar","Pg","98.0413","100.0"
"EcosystemandCarbonCycle","Biomass","Saatchi","DLEM","Spatial Distribution Score","MeanState","global","score","1","0.784346","100.0"
"EcosystemandCarbonCycle","Biomass","Saatchi","DLEM","Bias","MeanState","global","scalar","kg m-2","2.44419","100.0"
"EcosystemandCarbonCycle","Biomass","Saatchi","DLEM","Bias Score","MeanState","global","score","1","0.573529","100.0"
"EcosystemandCarbonCycle","Biomass","Saatchi","DLEM","Overall Score","MeanState","global","score","1","0.678937","100.0"
"EcosystemandCarbonCycle","Biomass","Saatchi","LPJ-EOSIM-fixspitfire","Benchmark Period Mean (intersection)","MeanState","global","scalar","Pg","344.349","100.0"
"EcosystemandCarbonCycle","Biomass","Saatchi","LPJ-EOSIM-fixspitfire","Benchmark Period Mean (complement)","MeanState","global","scalar","Pg","4.57545","100.0"
"EcosystemandCarbonCycle","Biomass","Saatchi","LPJ-EOSIM-fixspitfire","Period Mean (original grids)","MeanState","global","scalar","Pg","439.362","100.0"
"EcosystemandCarbonCycle","Biomass","Saatchi","LPJ-EOSIM-fixspitfire","Model Period Mean (intersection)","MeanState","global","scalar","Pg","308.306","100.0"
"EcosystemandCarbonCycle","Biomass","Saatchi","LPJ-EOSIM-fixspitfire","Model Period Mean (complement)","MeanState","global","scalar","Pg","131.057","100.0"
"EcosystemandCarbonCycle","Biomass","Saatchi","LPJ-EOSIM-fixspitfire","Spatial Distribution Score","MeanState","global","score","1","0.878202","100.0"
"EcosystemandCarbonCycle","Biomass","Saatchi","LPJ-EOSIM-fixspitfire","Bias","MeanState","global","scalar","kg m-2","-0.541838","100.0"
"EcosystemandCarbonCycle","Biomass","Saatchi","LPJ-EOSIM-fixspitfire","Bias Score","MeanState","global","score","1","0.630756","100.0"
"EcosystemandCarbonCycle","Biomass","Saatchi","LPJ-EOSIM-fixspitfire","Overall Score","MeanState","global","score","1","0.754479","100.0"
"EcosystemandCarbonCycle","Biomass","Thurner","TEM","Benchmark Period Mean (intersection)","MeanState","global","scalar","Pg","162.688","100.0"
"EcosystemandCarbonCycle","Biomass","Thurner","TEM","Benchmark Period Mean (complement)","MeanState","global","scalar","Pg","11.6366","100.0"
"EcosystemandCarbonCycle","Biomass","Thurner","TEM","Period Mean (original grids)","MeanState","global","scalar","Pg","755.453","100.0"
"EcosystemandCarbonCycle","Biomass","Thurner","TEM","Model Period Mean (intersection)","MeanState","global","scalar","Pg","279.964","100.0"
"EcosystemandCarbonCycle","Biomass","Thurner","TEM","Model Period Mean (complement)","MeanState","global","scalar","Pg","475.489","100.0"
"EcosystemandCarbonCycle","Biomass","Thurner","TEM","Spatial Distribution Score","MeanState","global","score","1","0.50385","100.0"
"EcosystemandCarbonCycle","Biomass","Thurner","TEM","Bias","MeanState","global","scalar","kg m-2","2.62671","100.0"
"EcosystemandCarbonCycle","Biomass","Thurner","TEM","Bias Score","MeanState","global","score","1","0.461941","100.0"
"EcosystemandCarbonCycle","Biomass","Thurner","TEM","Overall Score","MeanState","global","score","1","0.482895","100.0"
"EcosystemandCarbonCycle","Biomass","Thurner","LPX-Bern","Benchmark Period Mean (intersection)","MeanState","global","scalar","Pg","164.313","100.0"
"EcosystemandCarbonCycle","Biomass","Thurner","LPX-Bern","Benchmark Period Mean (complement)","MeanState","global","scalar","Pg","10.0112","100.0"
"EcosystemandCarbonCycle","Biomass","Thurner","LPX-Bern","Period Mean (original grids)","MeanState","global","scalar","Pg","430.917","100.0"
"EcosystemandCarbonCycle","Biomass","Thurner","LPX-Bern","Model Period Mean (intersection)","MeanState","global","scalar","Pg","115.067","100.0"
"EcosystemandCarbonCycle","Biomass","Thurner","LPX-Bern","Model Period Mean (complement)","MeanState","global","scalar","Pg","315.851","100.0"
"EcosystemandCarbonCycle","Biomass","Thurner","LPX-Bern","Spatial Distribution Score","MeanState","global","score","1","0.839915","100.0"
"EcosystemandCarbonCycle","Biomass","Thurner","LPX-Bern","Bias","MeanState","global","scalar","kg m-2","-1.09138","100.0"
"EcosystemandCarbonCycle","Biomass","Thurner","LPX-Bern","Bias Score","MeanState","global","score","1","0.628095","100.0"
"EcosystemandCarbonCycle","Biomass","Thurner","LPX-Bern","Overall Score","MeanState","global","score","1","0.734005","100.0"
"EcosystemandCarbonCycle","Biomass","Thurner","JULES-FireP0336","Benchmark Period Mean (intersection)","MeanState","global","scalar","Pg","172.585","100.0"
"EcosystemandCarbonCycle","Biomass","Thurner","JULES-FireP0336","Benchmark Period Mean (complement)","MeanState","global","scalar","Pg","1.73968","100.0"
"EcosystemandCarbonCycle","Biomass","Thurner","JULES-FireP0336","Period Mean (original grids)","MeanState","global","scalar","Pg","485.832","100.0"
"EcosystemandCarbonCycle","Biomass","Thurner","JULES-FireP0336","Model Period Mean (intersection)","MeanState","global","scalar","Pg","113.696","100.0"
"EcosystemandCarbonCycle","Biomass","Thurner","JULES-FireP0336","Model Period Mean (complement)","MeanState","global","scalar","Pg","360.094","100.0"
"EcosystemandCarbonCycle","Biomass","Thurner","JULES-FireP0336","Spatial Distribution Score","MeanState","global","score","1","0.818275","100.0"
"EcosystemandCarbonCycle","Biomass","Thurner","JULES-FireP0336","Bias","MeanState","global","scalar","kg m-2","-1.24458","100.0"
"EcosystemandCarbonCycle","Biomass","Thurner","JULES-FireP0336","Bias Score","MeanState","global","score","1","0.557034","100.0"
"EcosystemandCarbonCycle","Biomass","Thurner","JULES-FireP0336","Overall Score","MeanState","global","score","1","0.687655","100.0"
"EcosystemandCarbonCycle","Biomass","Thurner","LPJ-EOSIM-fixspitfire","Benchmark Period Mean (intersection)","MeanState","global","scalar","Pg","164.017","100.0"
"EcosystemandCarbonCycle","Biomass","Thurner","LPJ-EOSIM-fixspitfire","Benchmark Period Mean (complement)","MeanState","global","scalar","Pg","10.308","100.0"
"EcosystemandCarbonCycle","Biomass","Thurner","LPJ-EOSIM-fixspitfire","Period Mean (original grids)","MeanState","global","scalar","Pg","442.948","100.0"
"EcosystemandCarbonCycle","Biomass","Thurner","LPJ-EOSIM-fixspitfire","Model Period Mean (intersection)","MeanState","global","scalar","Pg","134.045","100.0"
"EcosystemandCarbonCycle","Biomass","Thurner","LPJ-EOSIM-fixspitfire","Model Period Mean (complement)","MeanState","global","scalar","Pg","308.903","100.0"
"EcosystemandCarbonCycle","Biomass","Thurner","LPJ-EOSIM-fixspitfire","Spatial Distribution Score","MeanState","global","score","1","0.891898","100.0"
"EcosystemandCarbonCycle","Biomass","Thurner","LPJ-EOSIM-fixspitfire","Bias","MeanState","global","scalar","kg m-2","-0.663596","100.0"
"EcosystemandCarbonCycle","Biomass","Thurner","LPJ-EOSIM-fixspitfire","Bias Score","MeanState","global","score","1","0.636244","100.0"
"EcosystemandCarbonCycle","Biomass","Thurner","LPJ-EOSIM-fixspitfire","Overall Score","MeanState","global","score","1","0.764071","100.0"
"EcosystemandCarbonCycle","Biomass","Thurner","JULES-noFire","Benchmark Period Mean (intersection)","MeanState","global","scalar","Pg","172.585","100.0"
"EcosystemandCarbonCycle","Biomass","Thurner","JULES-noFire","Benchmark Period Mean (complement)","MeanState","global","scalar","Pg","1.73968","100.0"
"EcosystemandCarbonCycle","Biomass","Thurner","JULES-noFire","Period Mean (original grids)","MeanState","global","scalar","Pg","657.791","100.0"
"EcosystemandCarbonCycle","Biomass","Thurner","JULES-noFire","Model Period Mean (intersection)","MeanState","global","scalar","Pg","118.609","100.0"
"EcosystemandCarbonCycle","Biomass","Thurner","JULES-noFire","Model Period Mean (complement)","MeanState","global","scalar","Pg","525.939","100.0"
"EcosystemandCarbonCycle","Biomass","Thurner","JULES-noFire","Spatial Distribution Score","MeanState","global","score","1","0.832086","100.0"
"EcosystemandCarbonCycle","Biomass","Thurner","JULES-noFire","Bias","MeanState","global","scalar","kg m-2","-1.14064","100.0"
"EcosystemandCarbonCycle","Biomass","Thurner","JULES-noFire","Bias Score","MeanState","global","score","1","0.56886","100.0"
"EcosystemandCarbonCycle","Biomass","Thurner","JULES-noFire","Overall Score","MeanState","global","score","1","0.700473","100.0"
"EcosystemandCarbonCycle","Biomass","Thurner","JSBACH","Benchmark Period Mean (intersection)","MeanState","global","scalar","Pg","158.414","100.0"
"EcosystemandCarbonCycle","Biomass","Thurner","JSBACH","Benchmark Period Mean (complement)","MeanState","global","scalar","Pg","15.9105","100.0"
"EcosystemandCarbonCycle","Biomass","Thurner","JSBACH","Period Mean (original grids)","MeanState","global","scalar","Pg","506.453","100.0"
"EcosystemandCarbonCycle","Biomass","Thurner","JSBACH","Model Period Mean (intersection)","MeanState","global","scalar","Pg","170.242","100.0"
"EcosystemandCarbonCycle","Biomass","Thurner","JSBACH","Model Period Mean (complement)","MeanState","global","scalar","Pg","336.21","100.0"
"EcosystemandCarbonCycle","Biomass","Thurner","JSBACH","Spatial Distribution Score","MeanState","global","score","1","0.736745","100.0"
"EcosystemandCarbonCycle","Biomass","Thurner","JSBACH","Bias","MeanState","global","scalar","kg m-2","0.269839","100.0"
"EcosystemandCarbonCycle","Biomass","Thurner","JSBACH","Bias Score","MeanState","global","score","1","0.578043","100.0"
"EcosystemandCarbonCycle","Biomass","Thurner","JSBACH","Overall Score","MeanState","global","score","1","0.657394","100.0"
"EcosystemandCarbonCycle","Biomass","Thurner","JULES-FireP0005","Benchmark Period Mean (intersection)","MeanState","global","scalar","Pg","172.585","100.0"
"EcosystemandCarbonCycle","Biomass","Thurner","JULES-FireP0005","Benchmark Period Mean (complement)","MeanState","global","scalar","Pg","1.73968","100.0"
"EcosystemandCarbonCycle","Biomass","Thurner","JULES-FireP0005","Period Mean (original grids)","MeanState","global","scalar","Pg","525.014","100.0"
"EcosystemandCarbonCycle","Biomass","Thurner","JULES-FireP0005","Model Period Mean (intersection)","MeanState","global","scalar","Pg","110.616","100.0"
"EcosystemandCarbonCycle","Biomass","Thurner","JULES-FireP0005","Model Period Mean (complement)","MeanState","global","scalar","Pg","401.373","100.0"
"EcosystemandCarbonCycle","Biomass","Thurner","JULES-FireP0005","Spatial Distribution Score","MeanState","global","score","1","0.812779","100.0"
"EcosystemandCarbonCycle","Biomass","Thurner","JULES-FireP0005","Bias","MeanState","global","scalar","kg m-2","-1.31018","100.0"
"EcosystemandCarbonCycle","Biomass","Thurner","JULES-FireP0005","Bias Score","MeanState","global","score","1","0.554132","100.0"
"EcosystemandCarbonCycle","Biomass","Thurner","JULES-FireP0005","Overall Score","MeanState","global","score","1","0.683455","100.0"
"EcosystemandCarbonCycle","Biomass","Thurner","JULES-FireP0304","Benchmark Period Mean (intersection)","MeanState","global","scalar","Pg","172.585","100.0"
"EcosystemandCarbonCycle","Biomass","Thurner","JULES-FireP0304","Benchmark Period Mean (complement)","MeanState","global","scalar","Pg","1.73968","100.0"
"EcosystemandCarbonCycle","Biomass","Thurner","JULES-FireP0304","Period Mean (original grids)","MeanState","global","scalar","Pg","550.34","100.0"
"EcosystemandCarbonCycle","Biomass","Thurner","JULES-FireP0304","Model Period Mean (intersection)","MeanState","global","scalar","Pg","132.504","100.0"
"EcosystemandCarbonCycle","Biomass","Thurner","JULES-FireP0304","Model Period Mean (complement)","MeanState","global","scalar","Pg","404.644","100.0"
"EcosystemandCarbonCycle","Biomass","Thurner","JULES-FireP0304","Spatial Distribution Score","MeanState","global","score","1","0.792486","100.0"
"EcosystemandCarbonCycle","Biomass","Thurner","JULES-FireP0304","Bias","MeanState","global","scalar","kg m-2","-0.848002","100.0"
"EcosystemandCarbonCycle","Biomass","Thurner","JULES-FireP0304","Bias Score","MeanState","global","score","1","0.567991","100.0"
"EcosystemandCarbonCycle","Biomass","Thurner","JULES-FireP0304","Overall Score","MeanState","global","score","1","0.680238","100.0"
"EcosystemandCarbonCycle","Biomass","Thurner","JULES-FireP0249","Benchmark Period Mean (intersection)","MeanState","global","scalar","Pg","172.585","100.0"
"EcosystemandCarbonCycle","Biomass","Thurner","JULES-FireP0249","Benchmark Period Mean (complement)","MeanState","global","scalar","Pg","1.73968","100.0"
"EcosystemandCarbonCycle","Biomass","Thurner","JULES-FireP0249","Period Mean (original grids)","MeanState","global","scalar","Pg","548.383","100.0"
"EcosystemandCarbonCycle","Biomass","Thurner","JULES-FireP0249","Model Period Mean (intersection)","MeanState","global","scalar","Pg","112.104","100.0"
"EcosystemandCarbonCycle","Biomass","Thurner","JULES-FireP0249","Model Period Mean (complement)","MeanState","global","scalar","Pg","422.541","100.0"
"EcosystemandCarbonCycle","Biomass","Thurner","JULES-FireP0249","Spatial Distribution Score","MeanState","global","score","1","0.78068","100.0"
"EcosystemandCarbonCycle","Biomass","Thurner","JULES-FireP0249","Bias","MeanState","global","scalar","kg m-2","-1.27885","100.0"
"EcosystemandCarbonCycle","Biomass","Thurner","JULES-FireP0249","Bias Score","MeanState","global","score","1","0.541184","100.0"
"EcosystemandCarbonCycle","Biomass","Thurner","JULES-FireP0249","Overall Score","MeanState","global","score","1","0.660932","100.0"
"EcosystemandCarbonCycle","Biomass","Thurner","CLM","Benchmark Period Mean (intersection)","MeanState","global","scalar","Pg","174.325","100.0"
"EcosystemandCarbonCycle","Biomass","Thurner","CLM","Benchmark Period Mean (complement)","MeanState","global","scalar","Pg","nan","100.0"
"EcosystemandCarbonCycle","Biomass","Thurner","CLM","Period Mean (original grids)","MeanState","global","scalar","Pg","726.594","100.0"
"EcosystemandCarbonCycle","Biomass","Thurner","CLM","Model Period Mean (intersection)","MeanState","global","scalar","Pg","229.891","100.0"
"EcosystemandCarbonCycle","Biomass","Thurner","CLM","Model Period Mean (complement)","MeanState","global","scalar","Pg","496.703","100.0"
"EcosystemandCarbonCycle","Biomass","Thurner","CLM","Spatial Distribution Score","MeanState","global","score","1","0.563481","100.0"
"EcosystemandCarbonCycle","Biomass","Thurner","CLM","Bias","MeanState","global","scalar","kg m-2","1.16314","100.0"
"EcosystemandCarbonCycle","Biomass","Thurner","CLM","Bias Score","MeanState","global","score","1","0.510792","100.0"
"EcosystemandCarbonCycle","Biomass","Thurner","CLM","Overall Score","MeanState","global","score","1","0.537137","100.0"
"EcosystemandCarbonCycle","Biomass","Thurner","LPJ-EOSIM","Benchmark Period Mean (intersection)","MeanState","global","scalar","Pg","164.017","100.0"
"EcosystemandCarbonCycle","Biomass","Thurner","LPJ-EOSIM","Benchmark Period Mean (complement)","MeanState","global","scalar","Pg","10.308","100.0"
"EcosystemandCarbonCycle","Biomass","Thurner","LPJ-EOSIM","Period Mean (original grids)","MeanState","global","scalar","Pg","444.706","100.0"
"EcosystemandCarbonCycle","Biomass","Thurner","LPJ-EOSIM","Model Period Mean (intersection)","MeanState","global","scalar","Pg","134.7","100.0"
"EcosystemandCarbonCycle","Biomass","Thurner","LPJ-EOSIM","Model Period Mean (complement)","MeanState","global","scalar","Pg","310.006","100.0"
"EcosystemandCarbonCycle","Biomass","Thurner","LPJ-EOSIM","Spatial Distribution Score","MeanState","global","score","1","0.893281","100.0"
"EcosystemandCarbonCycle","Biomass","Thurner","LPJ-EOSIM","Bias","MeanState","global","scalar","kg m-2","-0.649106","100.0"
"EcosystemandCarbonCycle","Biomass","Thurner","LPJ-EOSIM","Bias Score","MeanState","global","score","1","0.638397","100.0"
"EcosystemandCarbonCycle","Biomass","Thurner","LPJ-EOSIM","Overall Score","MeanState","global","score","1","0.765839","100.0"
"EcosystemandCarbonCycle","Biomass","Thurner","CLM-FATES","Benchmark Period Mean (intersection)","MeanState","global","scalar","Pg","172.263","100.0"
"EcosystemandCarbonCycle","Biomass","Thurner","CLM-FATES","Benchmark Period Mean (complement)","MeanState","global","scalar","Pg","2.06138","100.0"
"EcosystemandCarbonCycle","Biomass","Thurner","CLM-FATES","Period Mean (original grids)","MeanState","global","scalar","Pg","494.964","100.0"
"EcosystemandCarbonCycle","Biomass","Thurner","CLM-FATES","Model Period Mean (intersection)","MeanState","global","scalar","Pg","191.78","100.0"
"EcosystemandCarbonCycle","Biomass","Thurner","CLM-FATES","Model Period Mean (complement)","MeanState","global","scalar","Pg","297.713","100.0"
"EcosystemandCarbonCycle","Biomass","Thurner","CLM-FATES","Spatial Distribution Score","MeanState","global","score","1","0.711797","100.0"
"EcosystemandCarbonCycle","Biomass","Thurner","CLM-FATES","Bias","MeanState","global","scalar","kg m-2","0.39888","100.0"
"EcosystemandCarbonCycle","Biomass","Thurner","CLM-FATES","Bias Score","MeanState","global","score","1","0.566681","100.0"
"EcosystemandCarbonCycle","Biomass","Thurner","CLM-FATES","Overall Score","MeanState","global","score","1","0.639239","100.0"
"EcosystemandCarbonCycle","Biomass","Thurner","DLEM","Benchmark Period Mean (intersection)","MeanState","global","scalar","Pg","174.325","100.0"
"EcosystemandCarbonCycle","Biomass","Thurner","DLEM","Benchmark Period Mean (complement)","MeanState","global","scalar","Pg","nan","100.0"
"EcosystemandCarbonCycle","Biomass","Thurner","DLEM","Period Mean (original grids)","MeanState","global","scalar","Pg","625.329","100.0"
"EcosystemandCarbonCycle","Biomass","Thurner","DLEM","Model Period Mean (intersection)","MeanState","global","scalar","Pg","99.5949","100.0"
"EcosystemandCarbonCycle","Biomass","Thurner","DLEM","Model Period Mean (complement)","MeanState","global","scalar","Pg","525.734","100.0"
"EcosystemandCarbonCycle","Biomass","Thurner","DLEM","Spatial Distribution Score","MeanState","global","score","1","0.802738","100.0"
"EcosystemandCarbonCycle","Biomass","Thurner","DLEM","Bias","MeanState","global","scalar","kg m-2","-1.56428","100.0"
"EcosystemandCarbonCycle","Biomass","Thurner","DLEM","Bias Score","MeanState","global","score","1","0.529131","100.0"
"EcosystemandCarbonCycle","Biomass","Thurner","DLEM","Overall Score","MeanState","global","score","1","0.665934","100.0"
"EcosystemandCarbonCycle","Biomass","XuSaatchi","LPJ-EOSIM-fixspitfire","Benchmark Period Mean (intersection)","MeanState","global","scalar","Pg","474.84","100.0"
"EcosystemandCarbonCycle","Biomass","XuSaatchi","LPJ-EOSIM-fixspitfire","Benchmark Period Mean (complement)","MeanState","global","scalar","Pg","6.85758","100.0"
"EcosystemandCarbonCycle","Biomass","XuSaatchi","LPJ-EOSIM-fixspitfire","Period Mean (original grids)","MeanState","global","scalar","Pg","453.516","100.0"
"EcosystemandCarbonCycle","Biomass","XuSaatchi","LPJ-EOSIM-fixspitfire","Model Period Mean (intersection)","MeanState","global","scalar","Pg","453.512","100.0"
"EcosystemandCarbonCycle","Biomass","XuSaatchi","LPJ-EOSIM-fixspitfire","Model Period Mean (complement)","MeanState","global","scalar","Pg","0.00416991","100.0"
"EcosystemandCarbonCycle","Biomass","XuSaatchi","LPJ-EOSIM-fixspitfire","Spatial Distribution Score","MeanState","global","score","1","0.907185","100.0"
"EcosystemandCarbonCycle","Biomass","XuSaatchi","LPJ-EOSIM-fixspitfire","Bias","MeanState","global","scalar","kg m-2","-0.128318","100.0"
"EcosystemandCarbonCycle","Biomass","XuSaatchi","LPJ-EOSIM-fixspitfire","Bias Score","MeanState","global","score","1","0.0415955","100.0"
"EcosystemandCarbonCycle","Biomass","XuSaatchi","LPJ-EOSIM-fixspitfire","Overall Score","MeanState","global","score","1","0.47439","100.0"
"EcosystemandCarbonCycle","Biomass","XuSaatchi","JULES-FireP0249","Benchmark Period Mean (intersection)","MeanState","global","scalar","Pg","479.203","100.0"
"EcosystemandCarbonCycle","Biomass","XuSaatchi","JULES-FireP0249","Benchmark Period Mean (complement)","MeanState","global","scalar","Pg","2.49462","100.0"
"EcosystemandCarbonCycle","Biomass","XuSaatchi","JULES-FireP0249","Period Mean (original grids)","MeanState","global","scalar","Pg","554.919","100.0"
"EcosystemandCarbonCycle","Biomass","XuSaatchi","JULES-FireP0249","Model Period Mean (intersection)","MeanState","global","scalar","Pg","481.706","100.0"
"EcosystemandCarbonCycle","Biomass","XuSaatchi","JULES-FireP0249","Model Period Mean (complement)","MeanState","global","scalar","Pg","59.3142","100.0"
"EcosystemandCarbonCycle","Biomass","XuSaatchi","JULES-FireP0249","Spatial Distribution Score","MeanState","global","score","1","0.817475","100.0"
"EcosystemandCarbonCycle","Biomass","XuSaatchi","JULES-FireP0249","Bias","MeanState","global","scalar","kg m-2","0.00644695","100.0"
"EcosystemandCarbonCycle","Biomass","XuSaatchi","JULES-FireP0249","Bias Score","MeanState","global","score","1","0.0256103","100.0"
"EcosystemandCarbonCycle","Biomass","XuSaatchi","JULES-FireP0249","Overall Score","MeanState","global","score","1","0.421543","100.0"
"EcosystemandCarbonCycle","Biomass","XuSaatchi","JULES-FireP0304","Benchmark Period Mean (intersection)","MeanState","global","scalar","Pg","479.203","100.0"
"EcosystemandCarbonCycle","Biomass","XuSaatchi","JULES-FireP0304","Benchmark Period Mean (complement)","MeanState","global","scalar","Pg","2.49462","100.0"
"EcosystemandCarbonCycle","Biomass","XuSaatchi","JULES-FireP0304","Period Mean (original grids)","MeanState","global","scalar","Pg","557.577","100.0"
"EcosystemandCarbonCycle","Biomass","XuSaatchi","JULES-FireP0304","Model Period Mean (intersection)","MeanState","global","scalar","Pg","487.117","100.0"
"EcosystemandCarbonCycle","Biomass","XuSaatchi","JULES-FireP0304","Model Period Mean (complement)","MeanState","global","scalar","Pg","57.0607","100.0"
"EcosystemandCarbonCycle","Biomass","XuSaatchi","JULES-FireP0304","Spatial Distribution Score","MeanState","global","score","1","0.843026","100.0"
"EcosystemandCarbonCycle","Biomass","XuSaatchi","JULES-FireP0304","Bias","MeanState","global","scalar","kg m-2","0.046885","100.0"
"EcosystemandCarbonCycle","Biomass","XuSaatchi","JULES-FireP0304","Bias Score","MeanState","global","score","1","0.0293758","100.0"
"EcosystemandCarbonCycle","Biomass","XuSaatchi","JULES-FireP0304","Overall Score","MeanState","global","score","1","0.436201","100.0"
"EcosystemandCarbonCycle","Biomass","XuSaatchi","LPX-Bern","Benchmark Period Mean (intersection)","MeanState","global","scalar","Pg","465.53","100.0"
"EcosystemandCarbonCycle","Biomass","XuSaatchi","LPX-Bern","Benchmark Period Mean (complement)","MeanState","global","scalar","Pg","16.1673","100.0"
"EcosystemandCarbonCycle","Biomass","XuSaatchi","LPX-Bern","Period Mean (original grids)","MeanState","global","scalar","Pg","433.255","100.0"
"EcosystemandCarbonCycle","Biomass","XuSaatchi","LPX-Bern","Model Period Mean (intersection)","MeanState","global","scalar","Pg","433.081","100.0"
"EcosystemandCarbonCycle","Biomass","XuSaatchi","LPX-Bern","Model Period Mean (complement)","MeanState","global","scalar","Pg","0.173563","100.0"
"EcosystemandCarbonCycle","Biomass","XuSaatchi","LPX-Bern","Spatial Distribution Score","MeanState","global","score","1","0.907995","100.0"
"EcosystemandCarbonCycle","Biomass","XuSaatchi","LPX-Bern","Bias","MeanState","global","scalar","kg m-2","-0.226688","100.0"
"EcosystemandCarbonCycle","Biomass","XuSaatchi","LPX-Bern","Bias Score","MeanState","global","score","1","0.0441544","100.0"
"EcosystemandCarbonCycle","Biomass","XuSaatchi","LPX-Bern","Overall Score","MeanState","global","score","1","0.476075","100.0"
"EcosystemandCarbonCycle","Biomass","XuSaatchi","CLM-FATES","Benchmark Period Mean (intersection)","MeanState","global","scalar","Pg","478.803","100.0"
"EcosystemandCarbonCycle","Biomass","XuSaatchi","CLM-FATES","Benchmark Period Mean (complement)","MeanState","global","scalar","Pg","2.8938","100.0"
"EcosystemandCarbonCycle","Biomass","XuSaatchi","CLM-FATES","Period Mean (original grids)","MeanState","global","scalar","Pg","502.803","100.0"
"EcosystemandCarbonCycle","Biomass","XuSaatchi","CLM-FATES","Model Period Mean (intersection)","MeanState","global","scalar","Pg","474.238","100.0"
"EcosystemandCarbonCycle","Biomass","XuSaatchi","CLM-FATES","Model Period Mean (complement)","MeanState","global","scalar","Pg","23.0184","100.0"
"EcosystemandCarbonCycle","Biomass","XuSaatchi","CLM-FATES","Spatial Distribution Score","MeanState","global","score","1","0.913908","100.0"
"EcosystemandCarbonCycle","Biomass","XuSaatchi","CLM-FATES","Bias","MeanState","global","scalar","kg m-2","-0.047253","100.0"
"EcosystemandCarbonCycle","Biomass","XuSaatchi","CLM-FATES","Bias Score","MeanState","global","score","1","0.0426434","100.0"
"EcosystemandCarbonCycle","Biomass","XuSaatchi","CLM-FATES","Overall Score","MeanState","global","score","1","0.478276","100.0"
"EcosystemandCarbonCycle","Biomass","XuSaatchi","TEM","Benchmark Period Mean (intersection)","MeanState","global","scalar","Pg","463.733","100.0"
"EcosystemandCarbonCycle","Biomass","XuSaatchi","TEM","Benchmark Period Mean (complement)","MeanState","global","scalar","Pg","17.9645","100.0"
"EcosystemandCarbonCycle","Biomass","XuSaatchi","TEM","Period Mean (original grids)","MeanState","global","scalar","Pg","764.155","100.0"
"EcosystemandCarbonCycle","Biomass","XuSaatchi","TEM","Model Period Mean (intersection)","MeanState","global","scalar","Pg","755.257","100.0"
"EcosystemandCarbonCycle","Biomass","XuSaatchi","TEM","Model Period Mean (complement)","MeanState","global","scalar","Pg","8.89846","100.0"
"EcosystemandCarbonCycle","Biomass","XuSaatchi","TEM","Spatial Distribution Score","MeanState","global","score","1","0.818378","100.0"
"EcosystemandCarbonCycle","Biomass","XuSaatchi","TEM","Bias","MeanState","global","scalar","kg m-2","2.1756","100.0"
"EcosystemandCarbonCycle","Biomass","XuSaatchi","TEM","Bias Score","MeanState","global","score","1","0.0269479","100.0"
"EcosystemandCarbonCycle","Biomass","XuSaatchi","TEM","Overall Score","MeanState","global","score","1","0.422663","100.0"
"EcosystemandCarbonCycle","Biomass","XuSaatchi","LPJ-EOSIM","Benchmark Period Mean (intersection)","MeanState","global","scalar","Pg","474.84","100.0"
"EcosystemandCarbonCycle","Biomass","XuSaatchi","LPJ-EOSIM","Benchmark Period Mean (complement)","MeanState","global","scalar","Pg","6.85758","100.0"
"EcosystemandCarbonCycle","Biomass","XuSaatchi","LPJ-EOSIM","Period Mean (original grids)","MeanState","global","scalar","Pg","455.402","100.0"
"EcosystemandCarbonCycle","Biomass","XuSaatchi","LPJ-EOSIM","Model Period Mean (intersection)","MeanState","global","scalar","Pg","455.398","100.0"
"EcosystemandCarbonCycle","Biomass","XuSaatchi","LPJ-EOSIM","Model Period Mean (complement)","MeanState","global","scalar","Pg","0.00416991","100.0"
"EcosystemandCarbonCycle","Biomass","XuSaatchi","LPJ-EOSIM","Spatial Distribution Score","MeanState","global","score","1","0.908369","100.0"
"EcosystemandCarbonCycle","Biomass","XuSaatchi","LPJ-EOSIM","Bias","MeanState","global","scalar","kg m-2","-0.114648","100.0"
"EcosystemandCarbonCycle","Biomass","XuSaatchi","LPJ-EOSIM","Bias Score","MeanState","global","score","1","0.0423139","100.0"
"EcosystemandCarbonCycle","Biomass","XuSaatchi","LPJ-EOSIM","Overall Score","MeanState","global","score","1","0.475341","100.0"
"EcosystemandCarbonCycle","Biomass","XuSaatchi","DLEM","Benchmark Period Mean (intersection)","MeanState","global","scalar","Pg","481.697","100.0"
"EcosystemandCarbonCycle","Biomass","XuSaatchi","DLEM","Benchmark Period Mean (complement)","MeanState","global","scalar","Pg","nan","100.0"
"EcosystemandCarbonCycle","Biomass","XuSaatchi","DLEM","Period Mean (original grids)","MeanState","global","scalar","Pg","636.419","100.0"
"EcosystemandCarbonCycle","Biomass","XuSaatchi","DLEM","Model Period Mean (intersection)","MeanState","global","scalar","Pg","636.419","100.0"
"EcosystemandCarbonCycle","Biomass","XuSaatchi","DLEM","Model Period Mean (complement)","MeanState","global","scalar","Pg","0.00013198","100.0"
"EcosystemandCarbonCycle","Biomass","XuSaatchi","DLEM","Spatial Distribution Score","MeanState","global","score","1","0.785683","100.0"
"EcosystemandCarbonCycle","Biomass","XuSaatchi","DLEM","Bias","MeanState","global","scalar","kg m-2","1.05613","100.0"
"EcosystemandCarbonCycle","Biomass","XuSaatchi","DLEM","Bias Score","MeanState","global","score","1","0.0226812","100.0"
"EcosystemandCarbonCycle","Biomass","XuSaatchi","DLEM","Overall Score","MeanState","global","score","1","0.404182","100.0"
"EcosystemandCarbonCycle","Biomass","XuSaatchi","JSBACH","Benchmark Period Mean (intersection)","MeanState","global","scalar","Pg","455.059","100.0"
"EcosystemandCarbonCycle","Biomass","XuSaatchi","JSBACH","Benchmark Period Mean (complement)","MeanState","global","scalar","Pg","26.6378","100.0"
"EcosystemandCarbonCycle","Biomass","XuSaatchi","JSBACH","Period Mean (original grids)","MeanState","global","scalar","Pg","517.363","100.0"
"EcosystemandCarbonCycle","Biomass","XuSaatchi","JSBACH","Model Period Mean (intersection)","MeanState","global","scalar","Pg","513.593","100.0"
"EcosystemandCarbonCycle","Biomass","XuSaatchi","JSBACH","Model Period Mean (complement)","MeanState","global","scalar","Pg","3.76966","100.0"
"EcosystemandCarbonCycle","Biomass","XuSaatchi","JSBACH","Spatial Distribution Score","MeanState","global","score","1","0.895822","100.0"
"EcosystemandCarbonCycle","Biomass","XuSaatchi","JSBACH","Bias","MeanState","global","scalar","kg m-2","0.452903","100.0"
"EcosystemandCarbonCycle","Biomass","XuSaatchi","JSBACH","Bias Score","MeanState","global","score","1","0.0364661","100.0"
"EcosystemandCarbonCycle","Biomass","XuSaatchi","JSBACH","Overall Score","MeanState","global","score","1","0.466144","100.0"
"EcosystemandCarbonCycle","Biomass","XuSaatchi","JULES-noFire","Benchmark Period Mean (intersection)","MeanState","global","scalar","Pg","479.203","100.0"
"EcosystemandCarbonCycle","Biomass","XuSaatchi","JULES-noFire","Benchmark Period Mean (complement)","MeanState","global","scalar","Pg","2.49462","100.0"
"EcosystemandCarbonCycle","Biomass","XuSaatchi","JULES-noFire","Period Mean (original grids)","MeanState","global","scalar","Pg","666.687","100.0"
"EcosystemandCarbonCycle","Biomass","XuSaatchi","JULES-noFire","Model Period Mean (intersection)","MeanState","global","scalar","Pg","593.379","100.0"
"EcosystemandCarbonCycle","Biomass","XuSaatchi","JULES-noFire","Model Period Mean (complement)","MeanState","global","scalar","Pg","59.8665","100.0"
"EcosystemandCarbonCycle","Biomass","XuSaatchi","JULES-noFire","Spatial Distribution Score","MeanState","global","score","1","0.827324","100.0"
"EcosystemandCarbonCycle","Biomass","XuSaatchi","JULES-noFire","Bias","MeanState","global","scalar","kg m-2","0.792999","100.0"
"EcosystemandCarbonCycle","Biomass","XuSaatchi","JULES-noFire","Bias Score","MeanState","global","score","1","0.0336416","100.0"
"EcosystemandCarbonCycle","Biomass","XuSaatchi","JULES-noFire","Overall Score","MeanState","global","score","1","0.430483","100.0"
"EcosystemandCarbonCycle","Biomass","XuSaatchi","JULES-FireP0005","Benchmark Period Mean (intersection)","MeanState","global","scalar","Pg","479.203","100.0"
"EcosystemandCarbonCycle","Biomass","XuSaatchi","JULES-FireP0005","Benchmark Period Mean (complement)","MeanState","global","scalar","Pg","2.49462","100.0"
"EcosystemandCarbonCycle","Biomass","XuSaatchi","JULES-FireP0005","Period Mean (original grids)","MeanState","global","scalar","Pg","532.272","100.0"
"EcosystemandCarbonCycle","Biomass","XuSaatchi","JULES-FireP0005","Model Period Mean (intersection)","MeanState","global","scalar","Pg","462.632","100.0"
"EcosystemandCarbonCycle","Biomass","XuSaatchi","JULES-FireP0005","Model Period Mean (complement)","MeanState","global","scalar","Pg","56.4238","100.0"
"EcosystemandCarbonCycle","Biomass","XuSaatchi","JULES-FireP0005","Spatial Distribution Score","MeanState","global","score","1","0.841356","100.0"
"EcosystemandCarbonCycle","Biomass","XuSaatchi","JULES-FireP0005","Bias","MeanState","global","scalar","kg m-2","-0.127028","100.0"
"EcosystemandCarbonCycle","Biomass","XuSaatchi","JULES-FireP0005","Bias Score","MeanState","global","score","1","0.0299283","100.0"
"EcosystemandCarbonCycle","Biomass","XuSaatchi","JULES-FireP0005","Overall Score","MeanState","global","score","1","0.435642","100.0"
"EcosystemandCarbonCycle","Biomass","XuSaatchi","JULES-FireP0336","Benchmark Period Mean (intersection)","MeanState","global","scalar","Pg","479.203","100.0"
"EcosystemandCarbonCycle","Biomass","XuSaatchi","JULES-FireP0336","Benchmark Period Mean (complement)","MeanState","global","scalar","Pg","2.49462","100.0"
"EcosystemandCarbonCycle","Biomass","XuSaatchi","JULES-FireP0336","Period Mean (original grids)","MeanState","global","scalar","Pg","493.257","100.0"
"EcosystemandCarbonCycle","Biomass","XuSaatchi","JULES-FireP0336","Model Period Mean (intersection)","MeanState","global","scalar","Pg","428.765","100.0"
"EcosystemandCarbonCycle","Biomass","XuSaatchi","JULES-FireP0336","Model Period Mean (complement)","MeanState","global","scalar","Pg","52.2534","100.0"
"EcosystemandCarbonCycle","Biomass","XuSaatchi","JULES-FireP0336","Spatial Distribution Score","MeanState","global","score","1","0.864687","100.0"
"EcosystemandCarbonCycle","Biomass","XuSaatchi","JULES-FireP0336","Bias","MeanState","global","scalar","kg m-2","-0.363902","100.0"
"EcosystemandCarbonCycle","Biomass","XuSaatchi","JULES-FireP0336","Bias Score","MeanState","global","score","1","0.0323558","100.0"
"EcosystemandCarbonCycle","Biomass","XuSaatchi","JULES-FireP0336","Overall Score","MeanState","global","score","1","0.448521","100.0"
"EcosystemandCarbonCycle","Biomass","XuSaatchi","CLM","Benchmark Period Mean (intersection)","MeanState","global","scalar","Pg","481.697","100.0"
"EcosystemandCarbonCycle","Biomass","XuSaatchi","CLM","Benchmark Period Mean (complement)","MeanState","global","scalar","Pg","nan","100.0"
"EcosystemandCarbonCycle","Biomass","XuSaatchi","CLM","Period Mean (original grids)","MeanState","global","scalar","Pg","736.386","100.0"
"EcosystemandCarbonCycle","Biomass","XuSaatchi","CLM","Model Period Mean (intersection)","MeanState","global","scalar","Pg","662.966","100.0"
"EcosystemandCarbonCycle","Biomass","XuSaatchi","CLM","Model Period Mean (complement)","MeanState","global","scalar","Pg","73.4204","100.0"
"EcosystemandCarbonCycle","Biomass","XuSaatchi","CLM","Spatial Distribution Score","MeanState","global","score","1","0.821825","100.0"
"EcosystemandCarbonCycle","Biomass","XuSaatchi","CLM","Bias","MeanState","global","scalar","kg m-2","1.24744","100.0"
"EcosystemandCarbonCycle","Biomass","XuSaatchi","CLM","Bias Score","MeanState","global","score","1","0.0356618","100.0"
"EcosystemandCarbonCycle","Biomass","XuSaatchi","CLM","Overall Score","MeanState","global","score","1","0.428744","100.0"
"EcosystemandCarbonCycle","SoilCarbon","HWSD","JULES-noFire","Benchmark Period Mean (intersection)","MeanState","global","scalar","Pg","1316.07","75.0"
"EcosystemandCarbonCycle","SoilCarbon","HWSD","JULES-noFire","Benchmark Period Mean (complement)","MeanState","global","scalar","Pg","17.956","75.0"
"EcosystemandCarbonCycle","SoilCarbon","HWSD","JULES-noFire","Period Mean (original grids)","MeanState","global","scalar","Pg","2700.39","75.0"
"EcosystemandCarbonCycle","SoilCarbon","HWSD","JULES-noFire","Model Period Mean (intersection)","MeanState","global","scalar","Pg","2515.18","75.0"
"EcosystemandCarbonCycle","SoilCarbon","HWSD","JULES-noFire","Model Period Mean (complement)","MeanState","global","scalar","Pg","154.185","75.0"
"EcosystemandCarbonCycle","SoilCarbon","HWSD","JULES-noFire","Spatial Distribution Score","MeanState","global","score","1","0.44248","75.0"
"EcosystemandCarbonCycle","SoilCarbon","HWSD","JULES-noFire","Bias","MeanState","global","scalar","kg m-2","8.55541","75.0"
"EcosystemandCarbonCycle","SoilCarbon","HWSD","JULES-noFire","Bias Score","MeanState","global","score","1","0.437367","75.0"
"EcosystemandCarbonCycle","SoilCarbon","HWSD","JULES-noFire","Overall Score","MeanState","global","score","1","0.439923","75.0"
"EcosystemandCarbonCycle","SoilCarbon","HWSD","TEM","Benchmark Period Mean (intersection)","MeanState","global","scalar","Pg","1219.92","75.0"
"EcosystemandCarbonCycle","SoilCarbon","HWSD","TEM","Benchmark Period Mean (complement)","MeanState","global","scalar","Pg","114.106","75.0"
"EcosystemandCarbonCycle","SoilCarbon","HWSD","TEM","Period Mean (original grids)","MeanState","global","scalar","Pg","690.737","75.0"
"EcosystemandCarbonCycle","SoilCarbon","HWSD","TEM","Model Period Mean (intersection)","MeanState","global","scalar","Pg","684.161","75.0"
"EcosystemandCarbonCycle","SoilCarbon","HWSD","TEM","Model Period Mean (complement)","MeanState","global","scalar","Pg","6.57655","75.0"
"EcosystemandCarbonCycle","SoilCarbon","HWSD","TEM","Spatial Distribution Score","MeanState","global","score","1","0.737947","75.0"
"EcosystemandCarbonCycle","SoilCarbon","HWSD","TEM","Bias","MeanState","global","scalar","kg m-2","-4.06912","75.0"
"EcosystemandCarbonCycle","SoilCarbon","HWSD","TEM","Bias Score","MeanState","global","score","1","0.60293","75.0"
"EcosystemandCarbonCycle","SoilCarbon","HWSD","TEM","Overall Score","MeanState","global","score","1","0.670438","75.0"
"EcosystemandCarbonCycle","SoilCarbon","HWSD","JULES-FireP0249","Benchmark Period Mean (intersection)","MeanState","global","scalar","Pg","1314.03","75.0"
"EcosystemandCarbonCycle","SoilCarbon","HWSD","JULES-FireP0249","Benchmark Period Mean (complement)","MeanState","global","scalar","Pg","19.9989","75.0"
"EcosystemandCarbonCycle","SoilCarbon","HWSD","JULES-FireP0249","Period Mean (original grids)","MeanState","global","scalar","Pg","2370.98","75.0"
"EcosystemandCarbonCycle","SoilCarbon","HWSD","JULES-FireP0249","Model Period Mean (intersection)","MeanState","global","scalar","Pg","2214.18","75.0"
"EcosystemandCarbonCycle","SoilCarbon","HWSD","JULES-FireP0249","Model Period Mean (complement)","MeanState","global","scalar","Pg","128.802","75.0"
"EcosystemandCarbonCycle","SoilCarbon","HWSD","JULES-FireP0249","Spatial Distribution Score","MeanState","global","score","1","0.470952","75.0"
"EcosystemandCarbonCycle","SoilCarbon","HWSD","JULES-FireP0249","Bias","MeanState","global","scalar","kg m-2","6.42887","75.0"
"EcosystemandCarbonCycle","SoilCarbon","HWSD","JULES-FireP0249","Bias Score","MeanState","global","score","1","0.463472","75.0"
"EcosystemandCarbonCycle","SoilCarbon","HWSD","JULES-FireP0249","Overall Score","MeanState","global","score","1","0.467212","75.0"
"EcosystemandCarbonCycle","SoilCarbon","HWSD","JULES-FireP0304","Benchmark Period Mean (intersection)","MeanState","global","scalar","Pg","1314.03","75.0"
"EcosystemandCarbonCycle","SoilCarbon","HWSD","JULES-FireP0304","Benchmark Period Mean (complement)","MeanState","global","scalar","Pg","19.9989","75.0"
"EcosystemandCarbonCycle","SoilCarbon","HWSD","JULES-FireP0304","Period Mean (original grids)","MeanState","global","scalar","Pg","2229.1","75.0"
"EcosystemandCarbonCycle","SoilCarbon","HWSD","JULES-FireP0304","Model Period Mean (intersection)","MeanState","global","scalar","Pg","2076.2","75.0"
"EcosystemandCarbonCycle","SoilCarbon","HWSD","JULES-FireP0304","Model Period Mean (complement)","MeanState","global","scalar","Pg","125.731","75.0"
"EcosystemandCarbonCycle","SoilCarbon","HWSD","JULES-FireP0304","Spatial Distribution Score","MeanState","global","score","1","0.508488","75.0"
"EcosystemandCarbonCycle","SoilCarbon","HWSD","JULES-FireP0304","Bias","MeanState","global","scalar","kg m-2","5.44339","75.0"
"EcosystemandCarbonCycle","SoilCarbon","HWSD","JULES-FireP0304","Bias Score","MeanState","global","score","1","0.474481","75.0"
"EcosystemandCarbonCycle","SoilCarbon","HWSD","JULES-FireP0304","Overall Score","MeanState","global","score","1","0.491485","75.0"
"EcosystemandCarbonCycle","SoilCarbon","HWSD","LPX-Bern","Benchmark Period Mean (intersection)","MeanState","global","scalar","Pg","1224.23","75.0"
"EcosystemandCarbonCycle","SoilCarbon","HWSD","LPX-Bern","Benchmark Period Mean (complement)","MeanState","global","scalar","Pg","109.8","75.0"
"EcosystemandCarbonCycle","SoilCarbon","HWSD","LPX-Bern","Period Mean (original grids)","MeanState","global","scalar","Pg","1769.59","75.0"
"EcosystemandCarbonCycle","SoilCarbon","HWSD","LPX-Bern","Model Period Mean (intersection)","MeanState","global","scalar","Pg","1768.86","75.0"
"EcosystemandCarbonCycle","SoilCarbon","HWSD","LPX-Bern","Model Period Mean (complement)","MeanState","global","scalar","Pg","0.735472","75.0"
"EcosystemandCarbonCycle","SoilCarbon","HWSD","LPX-Bern","Spatial Distribution Score","MeanState","global","score","1","0.80657","75.0"
"EcosystemandCarbonCycle","SoilCarbon","HWSD","LPX-Bern","Bias","MeanState","global","scalar","kg m-2","4.12675","75.0"
"EcosystemandCarbonCycle","SoilCarbon","HWSD","LPX-Bern","Bias Score","MeanState","global","score","1","0.551849","75.0"
"EcosystemandCarbonCycle","SoilCarbon","HWSD","LPX-Bern","Overall Score","MeanState","global","score","1","0.67921","75.0"
"EcosystemandCarbonCycle","SoilCarbon","HWSD","JULES-FireP0005","Benchmark Period Mean (intersection)","MeanState","global","scalar","Pg","1316.07","75.0"
"EcosystemandCarbonCycle","SoilCarbon","HWSD","JULES-FireP0005","Benchmark Period Mean (complement)","MeanState","global","scalar","Pg","17.956","75.0"
"EcosystemandCarbonCycle","SoilCarbon","HWSD","JULES-FireP0005","Period Mean (original grids)","MeanState","global","scalar","Pg","2346.56","75.0"
"EcosystemandCarbonCycle","SoilCarbon","HWSD","JULES-FireP0005","Model Period Mean (intersection)","MeanState","global","scalar","Pg","2175.14","75.0"
"EcosystemandCarbonCycle","SoilCarbon","HWSD","JULES-FireP0005","Model Period Mean (complement)","MeanState","global","scalar","Pg","142.365","75.0"
"EcosystemandCarbonCycle","SoilCarbon","HWSD","JULES-FireP0005","Spatial Distribution Score","MeanState","global","score","1","0.517196","75.0"
"EcosystemandCarbonCycle","SoilCarbon","HWSD","JULES-FireP0005","Bias","MeanState","global","scalar","kg m-2","6.12859","75.0"
"EcosystemandCarbonCycle","SoilCarbon","HWSD","JULES-FireP0005","Bias Score","MeanState","global","score","1","0.470055","75.0"
"EcosystemandCarbonCycle","SoilCarbon","HWSD","JULES-FireP0005","Overall Score","MeanState","global","score","1","0.493625","75.0"
"EcosystemandCarbonCycle","SoilCarbon","HWSD","LPJ-EOSIM-fixspitfire","Benchmark Period Mean (intersection)","MeanState","global","scalar","Pg","1233.83","75.0"
"EcosystemandCarbonCycle","SoilCarbon","HWSD","LPJ-EOSIM-fixspitfire","Benchmark Period Mean (complement)","MeanState","global","scalar","Pg","100.195","75.0"
"EcosystemandCarbonCycle","SoilCarbon","HWSD","LPJ-EOSIM-fixspitfire","Period Mean (original grids)","MeanState","global","scalar","Pg","1610.02","75.0"
"EcosystemandCarbonCycle","SoilCarbon","HWSD","LPJ-EOSIM-fixspitfire","Model Period Mean (intersection)","MeanState","global","scalar","Pg","1608.18","75.0"
"EcosystemandCarbonCycle","SoilCarbon","HWSD","LPJ-EOSIM-fixspitfire","Model Period Mean (complement)","MeanState","global","scalar","Pg","1.84198","75.0"
"EcosystemandCarbonCycle","SoilCarbon","HWSD","LPJ-EOSIM-fixspitfire","Spatial Distribution Score","MeanState","global","score","1","0.673195","75.0"
"EcosystemandCarbonCycle","SoilCarbon","HWSD","LPJ-EOSIM-fixspitfire","Bias","MeanState","global","scalar","kg m-2","2.81873","75.0"
"EcosystemandCarbonCycle","SoilCarbon","HWSD","LPJ-EOSIM-fixspitfire","Bias Score","MeanState","global","score","1","0.569025","75.0"
"EcosystemandCarbonCycle","SoilCarbon","HWSD","LPJ-EOSIM-fixspitfire","Overall Score","MeanState","global","score","1","0.62111","75.0"
"EcosystemandCarbonCycle","SoilCarbon","HWSD","CLM","Benchmark Period Mean (intersection)","MeanState","global","scalar","Pg","1334.03","75.0"
"EcosystemandCarbonCycle","SoilCarbon","HWSD","CLM","Benchmark Period Mean (complement)","MeanState","global","scalar","Pg","nan","75.0"
"EcosystemandCarbonCycle","SoilCarbon","HWSD","CLM","Period Mean (original grids)","MeanState","global","scalar","Pg","3046.1","75.0"
"EcosystemandCarbonCycle","SoilCarbon","HWSD","CLM","Model Period Mean (intersection)","MeanState","global","scalar","Pg","2817.2","75.0"
"EcosystemandCarbonCycle","SoilCarbon","HWSD","CLM","Model Period Mean (complement)","MeanState","global","scalar","Pg","228.897","75.0"
"EcosystemandCarbonCycle","SoilCarbon","HWSD","CLM","Spatial Distribution Score","MeanState","global","score","1","0.184706","75.0"
"EcosystemandCarbonCycle","SoilCarbon","HWSD","CLM","Bias","MeanState","global","scalar","kg m-2","10.4511","75.0"
"EcosystemandCarbonCycle","SoilCarbon","HWSD","CLM","Bias Score","MeanState","global","score","1","0.456425","75.0"
"EcosystemandCarbonCycle","SoilCarbon","HWSD","CLM","Overall Score","MeanState","global","score","1","0.320565","75.0"
"EcosystemandCarbonCycle","SoilCarbon","HWSD","LPJ-EOSIM","Benchmark Period Mean (intersection)","MeanState","global","scalar","Pg","1233.83","75.0"
"EcosystemandCarbonCycle","SoilCarbon","HWSD","LPJ-EOSIM","Benchmark Period Mean (complement)","MeanState","global","scalar","Pg","100.195","75.0"
"EcosystemandCarbonCycle","SoilCarbon","HWSD","LPJ-EOSIM","Period Mean (original grids)","MeanState","global","scalar","Pg","1612.97","75.0"
"EcosystemandCarbonCycle","SoilCarbon","HWSD","LPJ-EOSIM","Model Period Mean (intersection)","MeanState","global","scalar","Pg","1611.13","75.0"
"EcosystemandCarbonCycle","SoilCarbon","HWSD","LPJ-EOSIM","Model Period Mean (complement)","MeanState","global","scalar","Pg","1.84196","75.0"
"EcosystemandCarbonCycle","SoilCarbon","HWSD","LPJ-EOSIM","Spatial Distribution Score","MeanState","global","score","1","0.673281","75.0"
"EcosystemandCarbonCycle","SoilCarbon","HWSD","LPJ-EOSIM","Bias","MeanState","global","scalar","kg m-2","2.84095","75.0"
"EcosystemandCarbonCycle","SoilCarbon","HWSD","LPJ-EOSIM","Bias Score","MeanState","global","score","1","0.568141","75.0"
"EcosystemandCarbonCycle","SoilCarbon","HWSD","LPJ-EOSIM","Overall Score","MeanState","global","score","1","0.620711","75.0"
"EcosystemandCarbonCycle","SoilCarbon","HWSD","JSBACH","Benchmark Period Mean (intersection)","MeanState","global","scalar","Pg","1181.96","75.0"
"EcosystemandCarbonCycle","SoilCarbon","HWSD","JSBACH","Benchmark Period Mean (complement)","MeanState","global","scalar","Pg","152.064","75.0"
"EcosystemandCarbonCycle","SoilCarbon","HWSD","JSBACH","Period Mean (original grids)","MeanState","global","scalar","Pg","541.814","75.0"
"EcosystemandCarbonCycle","SoilCarbon","HWSD","JSBACH","Model Period Mean (intersection)","MeanState","global","scalar","Pg","538.898","75.0"
"EcosystemandCarbonCycle","SoilCarbon","HWSD","JSBACH","Model Period Mean (complement)","MeanState","global","scalar","Pg","2.91649","75.0"
"EcosystemandCarbonCycle","SoilCarbon","HWSD","JSBACH","Spatial Distribution Score","MeanState","global","score","1","0.621119","75.0"
"EcosystemandCarbonCycle","SoilCarbon","HWSD","JSBACH","Bias","MeanState","global","scalar","kg m-2","-5.00445","75.0"
"EcosystemandCarbonCycle","SoilCarbon","HWSD","JSBACH","Bias Score","MeanState","global","score","1","0.584703","75.0"
"EcosystemandCarbonCycle","SoilCarbon","HWSD","JSBACH","Overall Score","MeanState","global","score","1","0.602911","75.0"
"EcosystemandCarbonCycle","SoilCarbon","HWSD","CLM-FATES","Benchmark Period Mean (intersection)","MeanState","global","scalar","Pg","1309.78","75.0"
"EcosystemandCarbonCycle","SoilCarbon","HWSD","CLM-FATES","Benchmark Period Mean (complement)","MeanState","global","scalar","Pg","24.2531","75.0"
"EcosystemandCarbonCycle","SoilCarbon","HWSD","CLM-FATES","Period Mean (original grids)","MeanState","global","scalar","Pg","1118","75.0"
"EcosystemandCarbonCycle","SoilCarbon","HWSD","CLM-FATES","Model Period Mean (intersection)","MeanState","global","scalar","Pg","1072.78","75.0"
"EcosystemandCarbonCycle","SoilCarbon","HWSD","CLM-FATES","Model Period Mean (complement)","MeanState","global","scalar","Pg","38.0561","75.0"
"EcosystemandCarbonCycle","SoilCarbon","HWSD","CLM-FATES","Spatial Distribution Score","MeanState","global","score","1","0.817254","75.0"
"EcosystemandCarbonCycle","SoilCarbon","HWSD","CLM-FATES","Bias","MeanState","global","scalar","kg m-2","-1.68644","75.0"
"EcosystemandCarbonCycle","SoilCarbon","HWSD","CLM-FATES","Bias Score","MeanState","global","score","1","0.608726","75.0"
"EcosystemandCarbonCycle","SoilCarbon","HWSD","CLM-FATES","Overall Score","MeanState","global","score","1","0.71299","75.0"
"EcosystemandCarbonCycle","SoilCarbon","HWSD","DLEM","Benchmark Period Mean (intersection)","MeanState","global","scalar","Pg","1334","75.0"
"EcosystemandCarbonCycle","SoilCarbon","HWSD","DLEM","Benchmark Period Mean (complement)","MeanState","global","scalar","Pg","0.024241","75.0"
"EcosystemandCarbonCycle","SoilCarbon","HWSD","DLEM","Period Mean (original grids)","MeanState","global","scalar","Pg","1107.08","75.0"
"EcosystemandCarbonCycle","SoilCarbon","HWSD","DLEM","Model Period Mean (intersection)","MeanState","global","scalar","Pg","1107.01","75.0"
"EcosystemandCarbonCycle","SoilCarbon","HWSD","DLEM","Model Period Mean (complement)","MeanState","global","scalar","Pg","0.0707221","75.0"
"EcosystemandCarbonCycle","SoilCarbon","HWSD","DLEM","Spatial Distribution Score","MeanState","global","score","1","0.783737","75.0"
"EcosystemandCarbonCycle","SoilCarbon","HWSD","DLEM","Bias","MeanState","global","scalar","kg m-2","-1.59956","75.0"
"EcosystemandCarbonCycle","SoilCarbon","HWSD","DLEM","Bias Score","MeanState","global","score","1","0.531567","75.0"
"EcosystemandCarbonCycle","SoilCarbon","HWSD","DLEM","Overall Score","MeanState","global","score","1","0.657652","75.0"
"EcosystemandCarbonCycle","SoilCarbon","HWSD","JULES-FireP0336","Benchmark Period Mean (intersection)","MeanState","global","scalar","Pg","1314.03","75.0"
"EcosystemandCarbonCycle","SoilCarbon","HWSD","JULES-FireP0336","Benchmark Period Mean (complement)","MeanState","global","scalar","Pg","19.9989","75.0"
"EcosystemandCarbonCycle","SoilCarbon","HWSD","JULES-FireP0336","Period Mean (original grids)","MeanState","global","scalar","Pg","2463.37","75.0"
"EcosystemandCarbonCycle","SoilCarbon","HWSD","JULES-FireP0336","Model Period Mean (intersection)","MeanState","global","scalar","Pg","2298.91","75.0"
"EcosystemandCarbonCycle","SoilCarbon","HWSD","JULES-FireP0336","Model Period Mean (complement)","MeanState","global","scalar","Pg","135.48","75.0"
"EcosystemandCarbonCycle","SoilCarbon","HWSD","JULES-FireP0336","Spatial Distribution Score","MeanState","global","score","1","0.436508","75.0"
"EcosystemandCarbonCycle","SoilCarbon","HWSD","JULES-FireP0336","Bias","MeanState","global","scalar","kg m-2","7.03446","75.0"
"EcosystemandCarbonCycle","SoilCarbon","HWSD","JULES-FireP0336","Bias Score","MeanState","global","score","1","0.450021","75.0"
"EcosystemandCarbonCycle","SoilCarbon","HWSD","JULES-FireP0336","Overall Score","MeanState","global","score","1","0.443264","75.0"
"EcosystemandCarbonCycle","SoilCarbon","NCSCDV22","JULES-noFire","Benchmark Period Mean (intersection)","MeanState","global","scalar","Pg","472.236","60.0"
"EcosystemandCarbonCycle","SoilCarbon","NCSCDV22","JULES-noFire","Benchmark Period Mean (complement)","MeanState","global","scalar","Pg","0.60968","60.0"
"EcosystemandCarbonCycle","SoilCarbon","NCSCDV22","JULES-noFire","Period Mean (original grids)","MeanState","global","scalar","Pg","2700.39","60.0"
"EcosystemandCarbonCycle","SoilCarbon","NCSCDV22","JULES-noFire","Model Period Mean (intersection)","MeanState","global","scalar","Pg","598.051","60.0"
"EcosystemandCarbonCycle","SoilCarbon","NCSCDV22","JULES-noFire","Model Period Mean (complement)","MeanState","global","scalar","Pg","2071.31","60.0"
"EcosystemandCarbonCycle","SoilCarbon","NCSCDV22","JULES-noFire","Spatial Distribution Score","MeanState","global","score","1","0.816288","60.0"
"EcosystemandCarbonCycle","SoilCarbon","NCSCDV22","JULES-noFire","Bias","MeanState","global","scalar","kg m-2","5.61861","60.0"
"EcosystemandCarbonCycle","SoilCarbon","NCSCDV22","JULES-noFire","Bias Score","MeanState","global","score","1","0.570559","60.0"
"EcosystemandCarbonCycle","SoilCarbon","NCSCDV22","JULES-noFire","Overall Score","MeanState","global","score","1","0.693424","60.0"
"EcosystemandCarbonCycle","SoilCarbon","NCSCDV22","CLM-FATES","Benchmark Period Mean (intersection)","MeanState","global","scalar","Pg","471.906","60.0"
"EcosystemandCarbonCycle","SoilCarbon","NCSCDV22","CLM-FATES","Benchmark Period Mean (complement)","MeanState","global","scalar","Pg","0.940045","60.0"
"EcosystemandCarbonCycle","SoilCarbon","NCSCDV22","CLM-FATES","Period Mean (original grids)","MeanState","global","scalar","Pg","1118","60.0"
"EcosystemandCarbonCycle","SoilCarbon","NCSCDV22","CLM-FATES","Model Period Mean (intersection)","MeanState","global","scalar","Pg","252.027","60.0"
"EcosystemandCarbonCycle","SoilCarbon","NCSCDV22","CLM-FATES","Model Period Mean (complement)","MeanState","global","scalar","Pg","858.81","60.0"
"EcosystemandCarbonCycle","SoilCarbon","NCSCDV22","CLM-FATES","Spatial Distribution Score","MeanState","global","score","1","0.762514","60.0"
"EcosystemandCarbonCycle","SoilCarbon","NCSCDV22","CLM-FATES","Bias","MeanState","global","scalar","kg m-2","-9.7756","60.0"
"EcosystemandCarbonCycle","SoilCarbon","NCSCDV22","CLM-FATES","Bias Score","MeanState","global","score","1","0.538679","60.0"
"EcosystemandCarbonCycle","SoilCarbon","NCSCDV22","CLM-FATES","Overall Score","MeanState","global","score","1","0.650596","60.0"
"EcosystemandCarbonCycle","SoilCarbon","NCSCDV22","JSBACH","Benchmark Period Mean (intersection)","MeanState","global","scalar","Pg","448.274","60.0"
"EcosystemandCarbonCycle","SoilCarbon","NCSCDV22","JSBACH","Benchmark Period Mean (complement)","MeanState","global","scalar","Pg","24.5714","60.0"
"EcosystemandCarbonCycle","SoilCarbon","NCSCDV22","JSBACH","Period Mean (original grids)","MeanState","global","scalar","Pg","541.814","60.0"
"EcosystemandCarbonCycle","SoilCarbon","NCSCDV22","JSBACH","Model Period Mean (intersection)","MeanState","global","scalar","Pg","163.186","60.0"
"EcosystemandCarbonCycle","SoilCarbon","NCSCDV22","JSBACH","Model Period Mean (complement)","MeanState","global","scalar","Pg","378.628","60.0"
"EcosystemandCarbonCycle","SoilCarbon","NCSCDV22","JSBACH","Spatial Distribution Score","MeanState","global","score","1","0.254976","60.0"
"EcosystemandCarbonCycle","SoilCarbon","NCSCDV22","JSBACH","Bias","MeanState","global","scalar","kg m-2","-13.3574","60.0"
"EcosystemandCarbonCycle","SoilCarbon","NCSCDV22","JSBACH","Bias Score","MeanState","global","score","1","0.51931","60.0"
"EcosystemandCarbonCycle","SoilCarbon","NCSCDV22","JSBACH","Overall Score","MeanState","global","score","1","0.387143","60.0"
"EcosystemandCarbonCycle","SoilCarbon","NCSCDV22","JULES-FireP0005","Benchmark Period Mean (intersection)","MeanState","global","scalar","Pg","472.236","60.0"
"EcosystemandCarbonCycle","SoilCarbon","NCSCDV22","JULES-FireP0005","Benchmark Period Mean (complement)","MeanState","global","scalar","Pg","0.60968","60.0"
"EcosystemandCarbonCycle","SoilCarbon","NCSCDV22","JULES-FireP0005","Period Mean (original grids)","MeanState","global","scalar","Pg","2346.56","60.0"
"EcosystemandCarbonCycle","SoilCarbon","NCSCDV22","JULES-FireP0005","Model Period Mean (intersection)","MeanState","global","scalar","Pg","521.976","60.0"
"EcosystemandCarbonCycle","SoilCarbon","NCSCDV22","JULES-FireP0005","Model Period Mean (complement)","MeanState","global","scalar","Pg","1795.53","60.0"
"EcosystemandCarbonCycle","SoilCarbon","NCSCDV22","JULES-FireP0005","Spatial Distribution Score","MeanState","global","score","1","0.854342","60.0"
"EcosystemandCarbonCycle","SoilCarbon","NCSCDV22","JULES-FireP0005","Bias","MeanState","global","scalar","kg m-2","2.21171","60.0"
"EcosystemandCarbonCycle","SoilCarbon","NCSCDV22","JULES-FireP0005","Bias Score","MeanState","global","score","1","0.595737","60.0"
"EcosystemandCarbonCycle","SoilCarbon","NCSCDV22","JULES-FireP0005","Overall Score","MeanState","global","score","1","0.72504","60.0"
"EcosystemandCarbonCycle","SoilCarbon","NCSCDV22","LPJ-EOSIM","Benchmark Period Mean (intersection)","MeanState","global","scalar","Pg","463.537","60.0"
"EcosystemandCarbonCycle","SoilCarbon","NCSCDV22","LPJ-EOSIM","Benchmark Period Mean (complement)","MeanState","global","scalar","Pg","9.30841","60.0"
"EcosystemandCarbonCycle","SoilCarbon","NCSCDV22","LPJ-EOSIM","Period Mean (original grids)","MeanState","global","scalar","Pg","1612.97","60.0"
"EcosystemandCarbonCycle","SoilCarbon","NCSCDV22","LPJ-EOSIM","Model Period Mean (intersection)","MeanState","global","scalar","Pg","536.4","60.0"
"EcosystemandCarbonCycle","SoilCarbon","NCSCDV22","LPJ-EOSIM","Model Period Mean (complement)","MeanState","global","scalar","Pg","1076.57","60.0"
"EcosystemandCarbonCycle","SoilCarbon","NCSCDV22","LPJ-EOSIM","Spatial Distribution Score","MeanState","global","score","1","0.886264","60.0"
"EcosystemandCarbonCycle","SoilCarbon","NCSCDV22","LPJ-EOSIM","Bias","MeanState","global","scalar","kg m-2","3.32108","60.0"
"EcosystemandCarbonCycle","SoilCarbon","NCSCDV22","LPJ-EOSIM","Bias Score","MeanState","global","score","1","0.642441","60.0"
"EcosystemandCarbonCycle","SoilCarbon","NCSCDV22","LPJ-EOSIM","Overall Score","MeanState","global","score","1","0.764352","60.0"
"EcosystemandCarbonCycle","SoilCarbon","NCSCDV22","JULES-FireP0336","Benchmark Period Mean (intersection)","MeanState","global","scalar","Pg","470.444","60.0"
"EcosystemandCarbonCycle","SoilCarbon","NCSCDV22","JULES-FireP0336","Benchmark Period Mean (complement)","MeanState","global","scalar","Pg","2.40157","60.0"
"EcosystemandCarbonCycle","SoilCarbon","NCSCDV22","JULES-FireP0336","Period Mean (original grids)","MeanState","global","scalar","Pg","2463.37","60.0"
"EcosystemandCarbonCycle","SoilCarbon","NCSCDV22","JULES-FireP0336","Model Period Mean (intersection)","MeanState","global","scalar","Pg","598.997","60.0"
"EcosystemandCarbonCycle","SoilCarbon","NCSCDV22","JULES-FireP0336","Model Period Mean (complement)","MeanState","global","scalar","Pg","1835.39","60.0"
"EcosystemandCarbonCycle","SoilCarbon","NCSCDV22","JULES-FireP0336","Spatial Distribution Score","MeanState","global","score","1","0.801733","60.0"
"EcosystemandCarbonCycle","SoilCarbon","NCSCDV22","JULES-FireP0336","Bias","MeanState","global","scalar","kg m-2","5.75834","60.0"
"EcosystemandCarbonCycle","SoilCarbon","NCSCDV22","JULES-FireP0336","Bias Score","MeanState","global","score","1","0.57413","60.0"
"EcosystemandCarbonCycle","SoilCarbon","NCSCDV22","JULES-FireP0336","Overall Score","MeanState","global","score","1","0.687931","60.0"
"EcosystemandCarbonCycle","SoilCarbon","NCSCDV22","CLM","Benchmark Period Mean (intersection)","MeanState","global","scalar","Pg","472.846","60.0"
"EcosystemandCarbonCycle","SoilCarbon","NCSCDV22","CLM","Benchmark Period Mean (complement)","MeanState","global","scalar","Pg","nan","60.0"
"EcosystemandCarbonCycle","SoilCarbon","NCSCDV22","CLM","Period Mean (original grids)","MeanState","global","scalar","Pg","3046.1","60.0"
"EcosystemandCarbonCycle","SoilCarbon","NCSCDV22","CLM","Model Period Mean (intersection)","MeanState","global","scalar","Pg","1041.46","60.0"
"EcosystemandCarbonCycle","SoilCarbon","NCSCDV22","CLM","Model Period Mean (complement)","MeanState","global","scalar","Pg","2004.63","60.0"
"EcosystemandCarbonCycle","SoilCarbon","NCSCDV22","CLM","Spatial Distribution Score","MeanState","global","score","1","0.360173","60.0"
"EcosystemandCarbonCycle","SoilCarbon","NCSCDV22","CLM","Bias","MeanState","global","scalar","kg m-2","25.3809","60.0"
"EcosystemandCarbonCycle","SoilCarbon","NCSCDV22","CLM","Bias Score","MeanState","global","score","1","0.423858","60.0"
"EcosystemandCarbonCycle","SoilCarbon","NCSCDV22","CLM","Overall Score","MeanState","global","score","1","0.392015","60.0"
"EcosystemandCarbonCycle","SoilCarbon","NCSCDV22","LPX-Bern","Benchmark Period Mean (intersection)","MeanState","global","scalar","Pg","457.813","60.0"
"EcosystemandCarbonCycle","SoilCarbon","NCSCDV22","LPX-Bern","Benchmark Period Mean (complement)","MeanState","global","scalar","Pg","15.0326","60.0"
"EcosystemandCarbonCycle","SoilCarbon","NCSCDV22","LPX-Bern","Period Mean (original grids)","MeanState","global","scalar","Pg","1769.59","60.0"
"EcosystemandCarbonCycle","SoilCarbon","NCSCDV22","LPX-Bern","Model Period Mean (intersection)","MeanState","global","scalar","Pg","375.83","60.0"
"EcosystemandCarbonCycle","SoilCarbon","NCSCDV22","LPX-Bern","Model Period Mean (complement)","MeanState","global","scalar","Pg","1393.76","60.0"
"EcosystemandCarbonCycle","SoilCarbon","NCSCDV22","LPX-Bern","Spatial Distribution Score","MeanState","global","score","1","0.829112","60.0"
"EcosystemandCarbonCycle","SoilCarbon","NCSCDV22","LPX-Bern","Bias","MeanState","global","scalar","kg m-2","-3.77291","60.0"
"EcosystemandCarbonCycle","SoilCarbon","NCSCDV22","LPX-Bern","Bias Score","MeanState","global","score","1","0.627324","60.0"
"EcosystemandCarbonCycle","SoilCarbon","NCSCDV22","LPX-Bern","Overall Score","MeanState","global","score","1","0.728218","60.0"
"EcosystemandCarbonCycle","SoilCarbon","NCSCDV22","JULES-FireP0249","Benchmark Period Mean (intersection)","MeanState","global","scalar","Pg","470.444","60.0"
"EcosystemandCarbonCycle","SoilCarbon","NCSCDV22","JULES-FireP0249","Benchmark Period Mean (complement)","MeanState","global","scalar","Pg","2.40157","60.0"
"EcosystemandCarbonCycle","SoilCarbon","NCSCDV22","JULES-FireP0249","Period Mean (original grids)","MeanState","global","scalar","Pg","2370.98","60.0"
"EcosystemandCarbonCycle","SoilCarbon","NCSCDV22","JULES-FireP0249","Model Period Mean (intersection)","MeanState","global","scalar","Pg","590.516","60.0"
"EcosystemandCarbonCycle","SoilCarbon","NCSCDV22","JULES-FireP0249","Model Period Mean (complement)","MeanState","global","scalar","Pg","1752.46","60.0"
"EcosystemandCarbonCycle","SoilCarbon","NCSCDV22","JULES-FireP0249","Spatial Distribution Score","MeanState","global","score","1","0.815216","60.0"
"EcosystemandCarbonCycle","SoilCarbon","NCSCDV22","JULES-FireP0249","Bias","MeanState","global","scalar","kg m-2","5.37019","60.0"
"EcosystemandCarbonCycle","SoilCarbon","NCSCDV22","JULES-FireP0249","Bias Score","MeanState","global","score","1","0.577471","60.0"
"EcosystemandCarbonCycle","SoilCarbon","NCSCDV22","JULES-FireP0249","Overall Score","MeanState","global","score","1","0.696343","60.0"
"EcosystemandCarbonCycle","SoilCarbon","NCSCDV22","JULES-FireP0304","Benchmark Period Mean (intersection)","MeanState","global","scalar","Pg","470.444","60.0"
"EcosystemandCarbonCycle","SoilCarbon","NCSCDV22","JULES-FireP0304","Benchmark Period Mean (complement)","MeanState","global","scalar","Pg","2.40157","60.0"
"EcosystemandCarbonCycle","SoilCarbon","NCSCDV22","JULES-FireP0304","Period Mean (original grids)","MeanState","global","scalar","Pg","2229.1","60.0"
"EcosystemandCarbonCycle","SoilCarbon","NCSCDV22","JULES-FireP0304","Model Period Mean (intersection)","MeanState","global","scalar","Pg","522.509","60.0"
"EcosystemandCarbonCycle","SoilCarbon","NCSCDV22","JULES-FireP0304","Model Period Mean (complement)","MeanState","global","scalar","Pg","1679.42","60.0"
"EcosystemandCarbonCycle","SoilCarbon","NCSCDV22","JULES-FireP0304","Spatial Distribution Score","MeanState","global","score","1","0.834778","60.0"
"EcosystemandCarbonCycle","SoilCarbon","NCSCDV22","JULES-FireP0304","Bias","MeanState","global","scalar","kg m-2","2.32332","60.0"
"EcosystemandCarbonCycle","SoilCarbon","NCSCDV22","JULES-FireP0304","Bias Score","MeanState","global","score","1","0.590854","60.0"
"EcosystemandCarbonCycle","SoilCarbon","NCSCDV22","JULES-FireP0304","Overall Score","MeanState","global","score","1","0.712816","60.0"
"EcosystemandCarbonCycle","SoilCarbon","NCSCDV22","TEM","Benchmark Period Mean (intersection)","MeanState","global","scalar","Pg","443.261","60.0"
"EcosystemandCarbonCycle","SoilCarbon","NCSCDV22","TEM","Benchmark Period Mean (complement)","MeanState","global","scalar","Pg","29.5847","60.0"
"EcosystemandCarbonCycle","SoilCarbon","NCSCDV22","TEM","Period Mean (original grids)","MeanState","global","scalar","Pg","690.737","60.0"
"EcosystemandCarbonCycle","SoilCarbon","NCSCDV22","TEM","Model Period Mean (intersection)","MeanState","global","scalar","Pg","193.778","60.0"
"EcosystemandCarbonCycle","SoilCarbon","NCSCDV22","TEM","Model Period Mean (complement)","MeanState","global","scalar","Pg","496.959","60.0"
"EcosystemandCarbonCycle","SoilCarbon","NCSCDV22","TEM","Spatial Distribution Score","MeanState","global","score","1","0.348041","60.0"
"EcosystemandCarbonCycle","SoilCarbon","NCSCDV22","TEM","Bias","MeanState","global","scalar","kg m-2","-12.0027","60.0"
"EcosystemandCarbonCycle","SoilCarbon","NCSCDV22","TEM","Bias Score","MeanState","global","score","1","0.545707","60.0"
"EcosystemandCarbonCycle","SoilCarbon","NCSCDV22","TEM","Overall Score","MeanState","global","score","1","0.446874","60.0"
"EcosystemandCarbonCycle","SoilCarbon","NCSCDV22","DLEM","Benchmark Period Mean (intersection)","MeanState","global","scalar","Pg","472.815","60.0"
"EcosystemandCarbonCycle","SoilCarbon","NCSCDV22","DLEM","Benchmark Period Mean (complement)","MeanState","global","scalar","Pg","0.0305161","60.0"
"EcosystemandCarbonCycle","SoilCarbon","NCSCDV22","DLEM","Period Mean (original grids)","MeanState","global","scalar","Pg","1107.08","60.0"
"EcosystemandCarbonCycle","SoilCarbon","NCSCDV22","DLEM","Model Period Mean (intersection)","MeanState","global","scalar","Pg","113.556","60.0"
"EcosystemandCarbonCycle","SoilCarbon","NCSCDV22","DLEM","Model Period Mean (complement)","MeanState","global","scalar","Pg","993.521","60.0"
"EcosystemandCarbonCycle","SoilCarbon","NCSCDV22","DLEM","Spatial Distribution Score","MeanState","global","score","1","0.486999","60.0"
"EcosystemandCarbonCycle","SoilCarbon","NCSCDV22","DLEM","Bias","MeanState","global","scalar","kg m-2","-16.0373","60.0"
"EcosystemandCarbonCycle","SoilCarbon","NCSCDV22","DLEM","Bias Score","MeanState","global","score","1","0.463518","60.0"
"EcosystemandCarbonCycle","SoilCarbon","NCSCDV22","DLEM","Overall Score","MeanState","global","score","1","0.475258","60.0"
"EcosystemandCarbonCycle","SoilCarbon","NCSCDV22","LPJ-EOSIM-fixspitfire","Benchmark Period Mean (intersection)","MeanState","global","scalar","Pg","463.537","60.0"
"EcosystemandCarbonCycle","SoilCarbon","NCSCDV22","LPJ-EOSIM-fixspitfire","Benchmark Period Mean (complement)","MeanState","global","scalar","Pg","9.30841","60.0"
"EcosystemandCarbonCycle","SoilCarbon","NCSCDV22","LPJ-EOSIM-fixspitfire","Period Mean (original grids)","MeanState","global","scalar","Pg","1610.02","60.0"
"EcosystemandCarbonCycle","SoilCarbon","NCSCDV22","LPJ-EOSIM-fixspitfire","Model Period Mean (intersection)","MeanState","global","scalar","Pg","536.38","60.0"
"EcosystemandCarbonCycle","SoilCarbon","NCSCDV22","LPJ-EOSIM-fixspitfire","Model Period Mean (complement)","MeanState","global","scalar","Pg","1073.64","60.0"
"EcosystemandCarbonCycle","SoilCarbon","NCSCDV22","LPJ-EOSIM-fixspitfire","Spatial Distribution Score","MeanState","global","score","1","0.886254","60.0"
"EcosystemandCarbonCycle","SoilCarbon","NCSCDV22","LPJ-EOSIM-fixspitfire","Bias","MeanState","global","scalar","kg m-2","3.32017","60.0"
"EcosystemandCarbonCycle","SoilCarbon","NCSCDV22","LPJ-EOSIM-fixspitfire","Bias Score","MeanState","global","score","1","0.642421","60.0"
"EcosystemandCarbonCycle","SoilCarbon","NCSCDV22","LPJ-EOSIM-fixspitfire","Overall Score","MeanState","global","score","1","0.764338","60.0"
"EcosystemandCarbonCycle","EcosystemRespiration","FLUXNET2015","DLEM","Period Mean (original grids)","MeanState","global","scalar","g m-2 d-1","2.59783","24.0"
"EcosystemandCarbonCycle","EcosystemRespiration","FLUXNET2015","DLEM","Bias","MeanState","global","scalar","g m-2 d-1","-0.102726","24.0"
"EcosystemandCarbonCycle","EcosystemRespiration","FLUXNET2015","DLEM","Bias Score","MeanState","global","score","1","0.50216","24.0"
"EcosystemandCarbonCycle","EcosystemRespiration","FLUXNET2015","DLEM","Phase Shift","MeanState","global","scalar","months","0.983089","24.0"
"EcosystemandCarbonCycle","EcosystemRespiration","FLUXNET2015","DLEM","Seasonal Cycle Score","MeanState","global","score","1","0.873655","24.0"
"EcosystemandCarbonCycle","EcosystemRespiration","FLUXNET2015","DLEM","RMSE","MeanState","global","scalar","g m-2 d-1","1.87791","24.0"
"EcosystemandCarbonCycle","EcosystemRespiration","FLUXNET2015","DLEM","RMSE Score","MeanState","global","score","1","0.464995","24.0"
"EcosystemandCarbonCycle","EcosystemRespiration","FLUXNET2015","DLEM","Overall Score","MeanState","global","score","1","0.576451","24.0"
"EcosystemandCarbonCycle","EcosystemRespiration","FLUXNET2015","CLM-FATES","Period Mean (original grids)","MeanState","global","scalar","g m-2 d-1","2.47414","24.0"
"EcosystemandCarbonCycle","EcosystemRespiration","FLUXNET2015","CLM-FATES","Bias","MeanState","global","scalar","g m-2 d-1","-0.219255","24.0"
"EcosystemandCarbonCycle","EcosystemRespiration","FLUXNET2015","CLM-FATES","Bias Score","MeanState","global","score","1","0.542338","24.0"
"EcosystemandCarbonCycle","EcosystemRespiration","FLUXNET2015","CLM-FATES","Phase Shift","MeanState","global","scalar","months","0.913399","24.0"
"EcosystemandCarbonCycle","EcosystemRespiration","FLUXNET2015","CLM-FATES","Seasonal Cycle Score","MeanState","global","score","1","0.896824","24.0"
"EcosystemandCarbonCycle","EcosystemRespiration","FLUXNET2015","CLM-FATES","RMSE","MeanState","global","scalar","g m-2 d-1","1.69457","24.0"
"EcosystemandCarbonCycle","EcosystemRespiration","FLUXNET2015","CLM-FATES","RMSE Score","MeanState","global","score","1","0.458323","24.0"
"EcosystemandCarbonCycle","EcosystemRespiration","FLUXNET2015","CLM-FATES","Overall Score","MeanState","global","score","1","0.588952","24.0"
"EcosystemandCarbonCycle","EcosystemRespiration","FLUXNET2015","LPJ-EOSIM","Period Mean (original grids)","MeanState","global","scalar","g m-2 d-1","2.66931","24.0"
"EcosystemandCarbonCycle","EcosystemRespiration","FLUXNET2015","LPJ-EOSIM","Bias","MeanState","global","scalar","g m-2 d-1","-0.0247019","24.0"
"EcosystemandCarbonCycle","EcosystemRespiration","FLUXNET2015","LPJ-EOSIM","Bias Score","MeanState","global","score","1","0.581245","24.0"
"EcosystemandCarbonCycle","EcosystemRespiration","FLUXNET2015","LPJ-EOSIM","Phase Shift","MeanState","global","scalar","months","1.00215","24.0"
"EcosystemandCarbonCycle","EcosystemRespiration","FLUXNET2015","LPJ-EOSIM","Seasonal Cycle Score","MeanState","global","score","1","0.858381","24.0"
"EcosystemandCarbonCycle","EcosystemRespiration","FLUXNET2015","LPJ-EOSIM","RMSE","MeanState","global","scalar","g m-2 d-1","1.59482","24.0"
"EcosystemandCarbonCycle","EcosystemRespiration","FLUXNET2015","LPJ-EOSIM","RMSE Score","MeanState","global","score","1","0.471628","24.0"
"EcosystemandCarbonCycle","EcosystemRespiration","FLUXNET2015","LPJ-EOSIM","Overall Score","MeanState","global","score","1","0.59572","24.0"
"EcosystemandCarbonCycle","EcosystemRespiration","FLUXNET2015","LPJ-EOSIM-fixspitfire","Period Mean (original grids)","MeanState","global","scalar","g m-2 d-1","2.65414","24.0"
"EcosystemandCarbonCycle","EcosystemRespiration","FLUXNET2015","LPJ-EOSIM-fixspitfire","Bias","MeanState","global","scalar","g m-2 d-1","-0.0398668","24.0"
"EcosystemandCarbonCycle","EcosystemRespiration","FLUXNET2015","LPJ-EOSIM-fixspitfire","Bias Score","MeanState","global","score","1","0.583863","24.0"
"EcosystemandCarbonCycle","EcosystemRespiration","FLUXNET2015","LPJ-EOSIM-fixspitfire","Phase Shift","MeanState","global","scalar","months","0.997525","24.0"
"EcosystemandCarbonCycle","EcosystemRespiration","FLUXNET2015","LPJ-EOSIM-fixspitfire","Seasonal Cycle Score","MeanState","global","score","1","0.859455","24.0"
"EcosystemandCarbonCycle","EcosystemRespiration","FLUXNET2015","LPJ-EOSIM-fixspitfire","RMSE","MeanState","global","scalar","g m-2 d-1","1.58612","24.0"
"EcosystemandCarbonCycle","EcosystemRespiration","FLUXNET2015","LPJ-EOSIM-fixspitfire","RMSE Score","MeanState","global","score","1","0.471959","24.0"
"EcosystemandCarbonCycle","EcosystemRespiration","FLUXNET2015","LPJ-EOSIM-fixspitfire","Overall Score","MeanState","global","score","1","0.596809","24.0"
"EcosystemandCarbonCycle","EcosystemRespiration","FLUXNET2015","JULES-FireP0304","Period Mean (original grids)","MeanState","global","scalar","g m-2 d-1","2.87027","24.0"
"EcosystemandCarbonCycle","EcosystemRespiration","FLUXNET2015","JULES-FireP0304","Bias","MeanState","global","scalar","g m-2 d-1","0.169716","24.0"
"EcosystemandCarbonCycle","EcosystemRespiration","FLUXNET2015","JULES-FireP0304","Bias Score","MeanState","global","score","1","0.531529","24.0"
"EcosystemandCarbonCycle","EcosystemRespiration","FLUXNET2015","JULES-FireP0304","Phase Shift","MeanState","global","scalar","months","0.986179","24.0"
"EcosystemandCarbonCycle","EcosystemRespiration","FLUXNET2015","JULES-FireP0304","Seasonal Cycle Score","MeanState","global","score","1","0.856964","24.0"
"EcosystemandCarbonCycle","EcosystemRespiration","FLUXNET2015","JULES-FireP0304","RMSE","MeanState","global","scalar","g m-2 d-1","1.81947","24.0"
"EcosystemandCarbonCycle","EcosystemRespiration","FLUXNET2015","JULES-FireP0304","RMSE Score","MeanState","global","score","1","0.462335","24.0"
"EcosystemandCarbonCycle","EcosystemRespiration","FLUXNET2015","JULES-FireP0304","Overall Score","MeanState","global","score","1","0.578291","24.0"
"EcosystemandCarbonCycle","EcosystemRespiration","FLUXNET2015","JULES-FireP0249","Period Mean (original grids)","MeanState","global","scalar","g m-2 d-1","2.83682","24.0"
"EcosystemandCarbonCycle","EcosystemRespiration","FLUXNET2015","JULES-FireP0249","Bias","MeanState","global","scalar","g m-2 d-1","0.136265","24.0"
"EcosystemandCarbonCycle","EcosystemRespiration","FLUXNET2015","JULES-FireP0249","Bias Score","MeanState","global","score","1","0.545456","24.0"
"EcosystemandCarbonCycle","EcosystemRespiration","FLUXNET2015","JULES-FireP0249","Phase Shift","MeanState","global","scalar","months","1.02585","24.0"
"EcosystemandCarbonCycle","EcosystemRespiration","FLUXNET2015","JULES-FireP0249","Seasonal Cycle Score","MeanState","global","score","1","0.850541","24.0"
"EcosystemandCarbonCycle","EcosystemRespiration","FLUXNET2015","JULES-FireP0249","RMSE","MeanState","global","scalar","g m-2 d-1","1.7937","24.0"
"EcosystemandCarbonCycle","EcosystemRespiration","FLUXNET2015","JULES-FireP0249","RMSE Score","MeanState","global","score","1","0.457861","24.0"
"EcosystemandCarbonCycle","EcosystemRespiration","FLUXNET2015","JULES-FireP0249","Overall Score","MeanState","global","score","1","0.57793","24.0"
"EcosystemandCarbonCycle","EcosystemRespiration","FLUXNET2015","CLM","Period Mean (original grids)","MeanState","global","scalar","g m-2 d-1","2.57162","24.0"
"EcosystemandCarbonCycle","EcosystemRespiration","FLUXNET2015","CLM","Bias","MeanState","global","scalar","g m-2 d-1","-0.128933","24.0"
"EcosystemandCarbonCycle","EcosystemRespiration","FLUXNET2015","CLM","Bias Score","MeanState","global","score","1","0.527321","24.0"
"EcosystemandCarbonCycle","EcosystemRespiration","FLUXNET2015","CLM","Phase Shift","MeanState","global","scalar","months","0.878862","24.0"
"EcosystemandCarbonCycle","EcosystemRespiration","FLUXNET2015","CLM","Seasonal Cycle Score","MeanState","global","score","1","0.857833","24.0"
"EcosystemandCarbonCycle","EcosystemRespiration","FLUXNET2015","CLM","RMSE","MeanState","global","scalar","g m-2 d-1","1.727","24.0"
"EcosystemandCarbonCycle","EcosystemRespiration","FLUXNET2015","CLM","RMSE Score","MeanState","global","score","1","0.471157","24.0"
"EcosystemandCarbonCycle","EcosystemRespiration","FLUXNET2015","CLM","Overall Score","MeanState","global","score","1","0.581867","24.0"
"EcosystemandCarbonCycle","EcosystemRespiration","FLUXNET2015","JULES-FireP0336","Period Mean (original grids)","MeanState","global","scalar","g m-2 d-1","3.12734","24.0"
"EcosystemandCarbonCycle","EcosystemRespiration","FLUXNET2015","JULES-FireP0336","Bias","MeanState","global","scalar","g m-2 d-1","0.426782","24.0"
"EcosystemandCarbonCycle","EcosystemRespiration","FLUXNET2015","JULES-FireP0336","Bias Score","MeanState","global","score","1","0.510258","24.0"
"EcosystemandCarbonCycle","EcosystemRespiration","FLUXNET2015","JULES-FireP0336","Phase Shift","MeanState","global","scalar","months","1.00585","24.0"
"EcosystemandCarbonCycle","EcosystemRespiration","FLUXNET2015","JULES-FireP0336","Seasonal Cycle Score","MeanState","global","score","1","0.850313","24.0"
"EcosystemandCarbonCycle","EcosystemRespiration","FLUXNET2015","JULES-FireP0336","RMSE","MeanState","global","scalar","g m-2 d-1","1.93169","24.0"
"EcosystemandCarbonCycle","EcosystemRespiration","FLUXNET2015","JULES-FireP0336","RMSE Score","MeanState","global","score","1","0.454868","24.0"
"EcosystemandCarbonCycle","EcosystemRespiration","FLUXNET2015","JULES-FireP0336","Overall Score","MeanState","global","score","1","0.567577","24.0"
"EcosystemandCarbonCycle","EcosystemRespiration","FLUXNET2015","JULES-noFire","Period Mean (original grids)","MeanState","global","scalar","g m-2 d-1","3.27032","24.0"
"EcosystemandCarbonCycle","EcosystemRespiration","FLUXNET2015","JULES-noFire","Bias","MeanState","global","scalar","g m-2 d-1","0.569765","24.0"
"EcosystemandCarbonCycle","EcosystemRespiration","FLUXNET2015","JULES-noFire","Bias Score","MeanState","global","score","1","0.532041","24.0"
"EcosystemandCarbonCycle","EcosystemRespiration","FLUXNET2015","JULES-noFire","Phase Shift","MeanState","global","scalar","months","0.925447","24.0"
"EcosystemandCarbonCycle","EcosystemRespiration","FLUXNET2015","JULES-noFire","Seasonal Cycle Score","MeanState","global","score","1","0.860482","24.0"
"EcosystemandCarbonCycle","EcosystemRespiration","FLUXNET2015","JULES-noFire","RMSE","MeanState","global","scalar","g m-2 d-1","1.91732","24.0"
"EcosystemandCarbonCycle","EcosystemRespiration","FLUXNET2015","JULES-noFire","RMSE Score","MeanState","global","score","1","0.451599","24.0"
"EcosystemandCarbonCycle","EcosystemRespiration","FLUXNET2015","JULES-noFire","Overall Score","MeanState","global","score","1","0.57393","24.0"
"EcosystemandCarbonCycle","EcosystemRespiration","FLUXNET2015","TEM","Period Mean (original grids)","MeanState","global","scalar","g m-2 d-1","2.83835","24.0"
"EcosystemandCarbonCycle","EcosystemRespiration","FLUXNET2015","TEM","Bias","MeanState","global","scalar","g m-2 d-1","0.262731","24.0"
"EcosystemandCarbonCycle","EcosystemRespiration","FLUXNET2015","TEM","Bias Score","MeanState","global","score","1","0.587067","24.0"
"EcosystemandCarbonCycle","EcosystemRespiration","FLUXNET2015","TEM","Phase Shift","MeanState","global","scalar","months","0.776031","24.0"
"EcosystemandCarbonCycle","EcosystemRespiration","FLUXNET2015","TEM","Seasonal Cycle Score","MeanState","global","score","1","0.907333","24.0"
"EcosystemandCarbonCycle","EcosystemRespiration","FLUXNET2015","TEM","RMSE","MeanState","global","scalar","g m-2 d-1","1.65498","24.0"
"EcosystemandCarbonCycle","EcosystemRespiration","FLUXNET2015","TEM","RMSE Score","MeanState","global","score","1","0.480621","24.0"
"EcosystemandCarbonCycle","EcosystemRespiration","FLUXNET2015","TEM","Overall Score","MeanState","global","score","1","0.613911","24.0"
"EcosystemandCarbonCycle","EcosystemRespiration","FLUXNET2015","LPX-Bern","Period Mean (original grids)","MeanState","global","scalar","g m-2 d-1","3.05581","24.0"
"EcosystemandCarbonCycle","EcosystemRespiration","FLUXNET2015","LPX-Bern","Bias","MeanState","global","scalar","g m-2 d-1","0.447369","24.0"
"EcosystemandCarbonCycle","EcosystemRespiration","FLUXNET2015","LPX-Bern","Bias Score","MeanState","global","score","1","0.510279","24.0"
"EcosystemandCarbonCycle","EcosystemRespiration","FLUXNET2015","LPX-Bern","Phase Shift","MeanState","global","scalar","months","1.22228","24.0"
"EcosystemandCarbonCycle","EcosystemRespiration","FLUXNET2015","LPX-Bern","Seasonal Cycle Score","MeanState","global","score","1","0.837501","24.0"
"EcosystemandCarbonCycle","EcosystemRespiration","FLUXNET2015","LPX-Bern","RMSE","MeanState","global","scalar","g m-2 d-1","2.11868","24.0"
"EcosystemandCarbonCycle","EcosystemRespiration","FLUXNET2015","LPX-Bern","RMSE Score","MeanState","global","score","1","0.392866","24.0"
"EcosystemandCarbonCycle","EcosystemRespiration","FLUXNET2015","LPX-Bern","Overall Score","MeanState","global","score","1","0.533378","24.0"
"EcosystemandCarbonCycle","EcosystemRespiration","FLUXNET2015","JULES-FireP0005","Period Mean (original grids)","MeanState","global","scalar","g m-2 d-1","2.85368","24.0"
"EcosystemandCarbonCycle","EcosystemRespiration","FLUXNET2015","JULES-FireP0005","Bias","MeanState","global","scalar","g m-2 d-1","0.153123","24.0"
"EcosystemandCarbonCycle","EcosystemRespiration","FLUXNET2015","JULES-FireP0005","Bias Score","MeanState","global","score","1","0.535754","24.0"
"EcosystemandCarbonCycle","EcosystemRespiration","FLUXNET2015","JULES-FireP0005","Phase Shift","MeanState","global","scalar","months","1.01585","24.0"
"EcosystemandCarbonCycle","EcosystemRespiration","FLUXNET2015","JULES-FireP0005","Seasonal Cycle Score","MeanState","global","score","1","0.852092","24.0"
"EcosystemandCarbonCycle","EcosystemRespiration","FLUXNET2015","JULES-FireP0005","RMSE","MeanState","global","scalar","g m-2 d-1","1.82072","24.0"
"EcosystemandCarbonCycle","EcosystemRespiration","FLUXNET2015","JULES-FireP0005","RMSE Score","MeanState","global","score","1","0.460534","24.0"
"EcosystemandCarbonCycle","EcosystemRespiration","FLUXNET2015","JULES-FireP0005","Overall Score","MeanState","global","score","1","0.577229","24.0"
"EcosystemandCarbonCycle","EcosystemRespiration","FLUXNET2015","JSBACH","Period Mean (original grids)","MeanState","global","scalar","g m-2 d-1","2.45318","24.0"
"EcosystemandCarbonCycle","EcosystemRespiration","FLUXNET2015","JSBACH","Bias","MeanState","global","scalar","g m-2 d-1","-0.089094","24.0"
"EcosystemandCarbonCycle","EcosystemRespiration","FLUXNET2015","JSBACH","Bias Score","MeanState","global","score","1","0.621496","24.0"
"EcosystemandCarbonCycle","EcosystemRespiration","FLUXNET2015","JSBACH","Phase Shift","MeanState","global","scalar","months","0.835561","24.0"
"EcosystemandCarbonCycle","EcosystemRespiration","FLUXNET2015","JSBACH","Seasonal Cycle Score","MeanState","global","score","1","0.9109","24.0"
"EcosystemandCarbonCycle","EcosystemRespiration","FLUXNET2015","JSBACH","RMSE","MeanState","global","scalar","g m-2 d-1","1.58723","24.0"
"EcosystemandCarbonCycle","EcosystemRespiration","FLUXNET2015","JSBACH","RMSE Score","MeanState","global","score","1","0.45882","24.0"
"EcosystemandCarbonCycle","EcosystemRespiration","FLUXNET2015","JSBACH","Overall Score","MeanState","global","score","1","0.612509","24.0"
"EcosystemandCarbonCycle","EcosystemRespiration","FLUXCOM","JULES-noFire","Benchmark Period Mean (intersection)","MeanState","global","scalar","Pg yr-1","95.2405","16.0"
"EcosystemandCarbonCycle","EcosystemRespiration","FLUXCOM","JULES-noFire","Benchmark Period Mean (complement)","MeanState","global","scalar","Pg yr-1","0.427936","16.0"
"EcosystemandCarbonCycle","EcosystemRespiration","FLUXCOM","JULES-noFire","Period Mean (original grids)","MeanState","global","scalar","Pg yr-1","174.762","16.0"
"EcosystemandCarbonCycle","EcosystemRespiration","FLUXCOM","JULES-noFire","Model Period Mean (intersection)","MeanState","global","scalar","Pg yr-1","146.216","16.0"
"EcosystemandCarbonCycle","EcosystemRespiration","FLUXCOM","JULES-noFire","Model Period Mean (complement)","MeanState","global","scalar","Pg yr-1","25.8175","16.0"
"EcosystemandCarbonCycle","EcosystemRespiration","FLUXCOM","JULES-noFire","Spatial Distribution Score","MeanState","global","score","1","0.662848","16.0"
"EcosystemandCarbonCycle","EcosystemRespiration","FLUXCOM","JULES-noFire","Phase Shift","MeanState","global","scalar","months","1.05504","16.0"
"EcosystemandCarbonCycle","EcosystemRespiration","FLUXCOM","JULES-noFire","Seasonal Cycle Score","MeanState","global","score","1","0.782711","16.0"
"EcosystemandCarbonCycle","EcosystemRespiration","FLUXCOM","JULES-noFire","Bias","MeanState","global","scalar","g m-2 d-1","1.17627","16.0"
"EcosystemandCarbonCycle","EcosystemRespiration","FLUXCOM","JULES-noFire","Bias Score","MeanState","global","score","1","0.225219","16.0"
"EcosystemandCarbonCycle","EcosystemRespiration","FLUXCOM","JULES-noFire","RMSE","MeanState","global","scalar","g m-2 d-1","1.76044","16.0"
"EcosystemandCarbonCycle","EcosystemRespiration","FLUXCOM","JULES-noFire","RMSE Score","MeanState","global","score","1","0.453881","16.0"
"EcosystemandCarbonCycle","EcosystemRespiration","FLUXCOM","JULES-noFire","Overall Score","MeanState","global","score","1","0.515708","16.0"
"EcosystemandCarbonCycle","EcosystemRespiration","FLUXCOM","DLEM","Benchmark Period Mean (intersection)","MeanState","global","scalar","Pg yr-1","95.6676","16.0"
"EcosystemandCarbonCycle","EcosystemRespiration","FLUXCOM","DLEM","Benchmark Period Mean (complement)","MeanState","global","scalar","Pg yr-1","0.000815714","16.0"
"EcosystemandCarbonCycle","EcosystemRespiration","FLUXCOM","DLEM","Period Mean (original grids)","MeanState","global","scalar","Pg yr-1","143.572","16.0"
"EcosystemandCarbonCycle","EcosystemRespiration","FLUXCOM","DLEM","Model Period Mean (intersection)","MeanState","global","scalar","Pg yr-1","143.298","16.0"
"EcosystemandCarbonCycle","EcosystemRespiration","FLUXCOM","DLEM","Model Period Mean (complement)","MeanState","global","scalar","Pg yr-1","0.273466","16.0"
"EcosystemandCarbonCycle","EcosystemRespiration","FLUXCOM","DLEM","Spatial Distribution Score","MeanState","global","score","1","0.615426","16.0"
"EcosystemandCarbonCycle","EcosystemRespiration","FLUXCOM","DLEM","Phase Shift","MeanState","global","scalar","months","1.06286","16.0"
"EcosystemandCarbonCycle","EcosystemRespiration","FLUXCOM","DLEM","Seasonal Cycle Score","MeanState","global","score","1","0.800882","16.0"
"EcosystemandCarbonCycle","EcosystemRespiration","FLUXCOM","DLEM","Bias","MeanState","global","scalar","g m-2 d-1","1.09537","16.0"
"EcosystemandCarbonCycle","EcosystemRespiration","FLUXCOM","DLEM","Bias Score","MeanState","global","score","1","0.250829","16.0"
"EcosystemandCarbonCycle","EcosystemRespiration","FLUXCOM","DLEM","RMSE","MeanState","global","scalar","g m-2 d-1","1.72071","16.0"
"EcosystemandCarbonCycle","EcosystemRespiration","FLUXCOM","DLEM","RMSE Score","MeanState","global","score","1","0.538964","16.0"
"EcosystemandCarbonCycle","EcosystemRespiration","FLUXCOM","DLEM","Overall Score","MeanState","global","score","1","0.549013","16.0"
"EcosystemandCarbonCycle","EcosystemRespiration","FLUXCOM","JULES-FireP0304","Benchmark Period Mean (intersection)","MeanState","global","scalar","Pg yr-1","95.2405","16.0"
"EcosystemandCarbonCycle","EcosystemRespiration","FLUXCOM","JULES-FireP0304","Benchmark Period Mean (complement)","MeanState","global","scalar","Pg yr-1","0.427936","16.0"
"EcosystemandCarbonCycle","EcosystemRespiration","FLUXCOM","JULES-FireP0304","Period Mean (original grids)","MeanState","global","scalar","Pg yr-1","156.277","16.0"
"EcosystemandCarbonCycle","EcosystemRespiration","FLUXCOM","JULES-FireP0304","Model Period Mean (intersection)","MeanState","global","scalar","Pg yr-1","129.132","16.0"
"EcosystemandCarbonCycle","EcosystemRespiration","FLUXCOM","JULES-FireP0304","Model Period Mean (complement)","MeanState","global","scalar","Pg yr-1","24.5257","16.0"
"EcosystemandCarbonCycle","EcosystemRespiration","FLUXCOM","JULES-FireP0304","Spatial Distribution Score","MeanState","global","score","1","0.692555","16.0"
"EcosystemandCarbonCycle","EcosystemRespiration","FLUXCOM","JULES-FireP0304","Phase Shift","MeanState","global","scalar","months","1.11585","16.0"
"EcosystemandCarbonCycle","EcosystemRespiration","FLUXCOM","JULES-FireP0304","Seasonal Cycle Score","MeanState","global","score","1","0.779354","16.0"
"EcosystemandCarbonCycle","EcosystemRespiration","FLUXCOM","JULES-FireP0304","Bias","MeanState","global","scalar","g m-2 d-1","0.782161","16.0"
"EcosystemandCarbonCycle","EcosystemRespiration","FLUXCOM","JULES-FireP0304","Bias Score","MeanState","global","score","1","0.258534","16.0"
"EcosystemandCarbonCycle","EcosystemRespiration","FLUXCOM","JULES-FireP0304","RMSE","MeanState","global","scalar","g m-2 d-1","1.5555","16.0"
"EcosystemandCarbonCycle","EcosystemRespiration","FLUXCOM","JULES-FireP0304","RMSE Score","MeanState","global","score","1","0.459186","16.0"
"EcosystemandCarbonCycle","EcosystemRespiration","FLUXCOM","JULES-FireP0304","Overall Score","MeanState","global","score","1","0.529763","16.0"
"EcosystemandCarbonCycle","EcosystemRespiration","FLUXCOM","JULES-FireP0249","Benchmark Period Mean (intersection)","MeanState","global","scalar","Pg yr-1","95.2405","16.0"
"EcosystemandCarbonCycle","EcosystemRespiration","FLUXCOM","JULES-FireP0249","Benchmark Period Mean (complement)","MeanState","global","scalar","Pg yr-1","0.427936","16.0"
"EcosystemandCarbonCycle","EcosystemRespiration","FLUXCOM","JULES-FireP0249","Period Mean (original grids)","MeanState","global","scalar","Pg yr-1","158.144","16.0"
"EcosystemandCarbonCycle","EcosystemRespiration","FLUXCOM","JULES-FireP0249","Model Period Mean (intersection)","MeanState","global","scalar","Pg yr-1","131.057","16.0"
"EcosystemandCarbonCycle","EcosystemRespiration","FLUXCOM","JULES-FireP0249","Model Period Mean (complement)","MeanState","global","scalar","Pg yr-1","24.4847","16.0"
"EcosystemandCarbonCycle","EcosystemRespiration","FLUXCOM","JULES-FireP0249","Spatial Distribution Score","MeanState","global","score","1","0.686627","16.0"
"EcosystemandCarbonCycle","EcosystemRespiration","FLUXCOM","JULES-FireP0249","Phase Shift","MeanState","global","scalar","months","1.15849","16.0"
"EcosystemandCarbonCycle","EcosystemRespiration","FLUXCOM","JULES-FireP0249","Seasonal Cycle Score","MeanState","global","score","1","0.774211","16.0"
"EcosystemandCarbonCycle","EcosystemRespiration","FLUXCOM","JULES-FireP0249","Bias","MeanState","global","scalar","g m-2 d-1","0.826452","16.0"
"EcosystemandCarbonCycle","EcosystemRespiration","FLUXCOM","JULES-FireP0249","Bias Score","MeanState","global","score","1","0.266485","16.0"
"EcosystemandCarbonCycle","EcosystemRespiration","FLUXCOM","JULES-FireP0249","RMSE","MeanState","global","scalar","g m-2 d-1","1.55293","16.0"
"EcosystemandCarbonCycle","EcosystemRespiration","FLUXCOM","JULES-FireP0249","RMSE Score","MeanState","global","score","1","0.454258","16.0"
"EcosystemandCarbonCycle","EcosystemRespiration","FLUXCOM","JULES-FireP0249","Overall Score","MeanState","global","score","1","0.527168","16.0"
"EcosystemandCarbonCycle","EcosystemRespiration","FLUXCOM","LPJ-EOSIM-fixspitfire","Benchmark Period Mean (intersection)","MeanState","global","scalar","Pg yr-1","95.6684","16.0"
"EcosystemandCarbonCycle","EcosystemRespiration","FLUXCOM","LPJ-EOSIM-fixspitfire","Benchmark Period Mean (complement)","MeanState","global","scalar","Pg yr-1","nan","16.0"
"EcosystemandCarbonCycle","EcosystemRespiration","FLUXCOM","LPJ-EOSIM-fixspitfire","Period Mean (original grids)","MeanState","global","scalar","Pg yr-1","115.451","16.0"
"EcosystemandCarbonCycle","EcosystemRespiration","FLUXCOM","LPJ-EOSIM-fixspitfire","Model Period Mean (intersection)","MeanState","global","scalar","Pg yr-1","115.172","16.0"
"EcosystemandCarbonCycle","EcosystemRespiration","FLUXCOM","LPJ-EOSIM-fixspitfire","Model Period Mean (complement)","MeanState","global","scalar","Pg yr-1","0.278753","16.0"
"EcosystemandCarbonCycle","EcosystemRespiration","FLUXCOM","LPJ-EOSIM-fixspitfire","Spatial Distribution Score","MeanState","global","score","1","0.94033","16.0"
"EcosystemandCarbonCycle","EcosystemRespiration","FLUXCOM","LPJ-EOSIM-fixspitfire","Phase Shift","MeanState","global","scalar","months","1.19219","16.0"
"EcosystemandCarbonCycle","EcosystemRespiration","FLUXCOM","LPJ-EOSIM-fixspitfire","Seasonal Cycle Score","MeanState","global","score","1","0.768909","16.0"
"EcosystemandCarbonCycle","EcosystemRespiration","FLUXCOM","LPJ-EOSIM-fixspitfire","Bias","MeanState","global","scalar","g m-2 d-1","0.44853","16.0"
"EcosystemandCarbonCycle","EcosystemRespiration","FLUXCOM","LPJ-EOSIM-fixspitfire","Bias Score","MeanState","global","score","1","0.455861","16.0"
"EcosystemandCarbonCycle","EcosystemRespiration","FLUXCOM","LPJ-EOSIM-fixspitfire","RMSE","MeanState","global","scalar","g m-2 d-1","1.08282","16.0"
"EcosystemandCarbonCycle","EcosystemRespiration","FLUXCOM","LPJ-EOSIM-fixspitfire","RMSE Score","MeanState","global","score","1","0.440839","16.0"
"EcosystemandCarbonCycle","EcosystemRespiration","FLUXCOM","LPJ-EOSIM-fixspitfire","Overall Score","MeanState","global","score","1","0.609355","16.0"
"EcosystemandCarbonCycle","EcosystemRespiration","FLUXCOM","CLM","Benchmark Period Mean (intersection)","MeanState","global","scalar","Pg yr-1","95.6674","16.0"
"EcosystemandCarbonCycle","EcosystemRespiration","FLUXCOM","CLM","Benchmark Period Mean (complement)","MeanState","global","scalar","Pg yr-1","0.000984043","16.0"
"EcosystemandCarbonCycle","EcosystemRespiration","FLUXCOM","CLM","Period Mean (original grids)","MeanState","global","scalar","Pg yr-1","153.696","16.0"
"EcosystemandCarbonCycle","EcosystemRespiration","FLUXCOM","CLM","Model Period Mean (intersection)","MeanState","global","scalar","Pg yr-1","125.388","16.0"
"EcosystemandCarbonCycle","EcosystemRespiration","FLUXCOM","CLM","Model Period Mean (complement)","MeanState","global","scalar","Pg yr-1","28.3075","16.0"
"EcosystemandCarbonCycle","EcosystemRespiration","FLUXCOM","CLM","Spatial Distribution Score","MeanState","global","score","1","0.865881","16.0"
"EcosystemandCarbonCycle","EcosystemRespiration","FLUXCOM","CLM","Phase Shift","MeanState","global","scalar","months","0.982015","16.0"
"EcosystemandCarbonCycle","EcosystemRespiration","FLUXCOM","CLM","Seasonal Cycle Score","MeanState","global","score","1","0.798809","16.0"
"EcosystemandCarbonCycle","EcosystemRespiration","FLUXCOM","CLM","Bias","MeanState","global","scalar","g m-2 d-1","0.683491","16.0"
"EcosystemandCarbonCycle","EcosystemRespiration","FLUXCOM","CLM","Bias Score","MeanState","global","score","1","0.37273","16.0"
"EcosystemandCarbonCycle","EcosystemRespiration","FLUXCOM","CLM","RMSE","MeanState","global","scalar","g m-2 d-1","1.2418","16.0"
"EcosystemandCarbonCycle","EcosystemRespiration","FLUXCOM","CLM","RMSE Score","MeanState","global","score","1","0.485966","16.0"
"EcosystemandCarbonCycle","EcosystemRespiration","FLUXCOM","CLM","Overall Score","MeanState","global","score","1","0.60187","16.0"
"EcosystemandCarbonCycle","EcosystemRespiration","FLUXCOM","JSBACH","Benchmark Period Mean (intersection)","MeanState","global","scalar","Pg yr-1","89.6471","16.0"
"EcosystemandCarbonCycle","EcosystemRespiration","FLUXCOM","JSBACH","Benchmark Period Mean (complement)","MeanState","global","scalar","Pg yr-1","6.02128","16.0"
"EcosystemandCarbonCycle","EcosystemRespiration","FLUXCOM","JSBACH","Period Mean (original grids)","MeanState","global","scalar","Pg yr-1","119.381","16.0"
"EcosystemandCarbonCycle","EcosystemRespiration","FLUXCOM","JSBACH","Model Period Mean (intersection)","MeanState","global","scalar","Pg yr-1","115.773","16.0"
"EcosystemandCarbonCycle","EcosystemRespiration","FLUXCOM","JSBACH","Model Period Mean (complement)","MeanState","global","scalar","Pg yr-1","3.60738","16.0"
"EcosystemandCarbonCycle","EcosystemRespiration","FLUXCOM","JSBACH","Spatial Distribution Score","MeanState","global","score","1","0.780704","16.0"
"EcosystemandCarbonCycle","EcosystemRespiration","FLUXCOM","JSBACH","Phase Shift","MeanState","global","scalar","months","1.06149","16.0"
"EcosystemandCarbonCycle","EcosystemRespiration","FLUXCOM","JSBACH","Seasonal Cycle Score","MeanState","global","score","1","0.821116","16.0"
"EcosystemandCarbonCycle","EcosystemRespiration","FLUXCOM","JSBACH","Bias","MeanState","global","scalar","g m-2 d-1","0.631677","16.0"
"EcosystemandCarbonCycle","EcosystemRespiration","FLUXCOM","JSBACH","Bias Score","MeanState","global","score","1","0.351659","16.0"
"EcosystemandCarbonCycle","EcosystemRespiration","FLUXCOM","JSBACH","RMSE","MeanState","global","scalar","g m-2 d-1","1.30814","16.0"
"EcosystemandCarbonCycle","EcosystemRespiration","FLUXCOM","JSBACH","RMSE Score","MeanState","global","score","1","0.497732","16.0"
"EcosystemandCarbonCycle","EcosystemRespiration","FLUXCOM","JSBACH","Overall Score","MeanState","global","score","1","0.589789","16.0"
"EcosystemandCarbonCycle","EcosystemRespiration","FLUXCOM","TEM","Benchmark Period Mean (intersection)","MeanState","global","scalar","Pg yr-1","91.3563","16.0"
"EcosystemandCarbonCycle","EcosystemRespiration","FLUXCOM","TEM","Benchmark Period Mean (complement)","MeanState","global","scalar","Pg yr-1","4.31211","16.0"
"EcosystemandCarbonCycle","EcosystemRespiration","FLUXCOM","TEM","Period Mean (original grids)","MeanState","global","scalar","Pg yr-1","120.084","16.0"
"EcosystemandCarbonCycle","EcosystemRespiration","FLUXCOM","TEM","Model Period Mean (intersection)","MeanState","global","scalar","Pg yr-1","112.728","16.0"
"EcosystemandCarbonCycle","EcosystemRespiration","FLUXCOM","TEM","Model Period Mean (complement)","MeanState","global","scalar","Pg yr-1","7.35637","16.0"
"EcosystemandCarbonCycle","EcosystemRespiration","FLUXCOM","TEM","Spatial Distribution Score","MeanState","global","score","1","0.952156","16.0"
"EcosystemandCarbonCycle","EcosystemRespiration","FLUXCOM","TEM","Phase Shift","MeanState","global","scalar","months","1.15253","16.0"
"EcosystemandCarbonCycle","EcosystemRespiration","FLUXCOM","TEM","Seasonal Cycle Score","MeanState","global","score","1","0.743942","16.0"
"EcosystemandCarbonCycle","EcosystemRespiration","FLUXCOM","TEM","Bias","MeanState","global","scalar","g m-2 d-1","0.510946","16.0"
"EcosystemandCarbonCycle","EcosystemRespiration","FLUXCOM","TEM","Bias Score","MeanState","global","score","1","0.400416","16.0"
"EcosystemandCarbonCycle","EcosystemRespiration","FLUXCOM","TEM","RMSE","MeanState","global","scalar","g m-2 d-1","1.16915","16.0"
"EcosystemandCarbonCycle","EcosystemRespiration","FLUXCOM","TEM","RMSE Score","MeanState","global","score","1","0.487432","16.0"
"EcosystemandCarbonCycle","EcosystemRespiration","FLUXCOM","TEM","Overall Score","MeanState","global","score","1","0.614275","16.0"
"EcosystemandCarbonCycle","EcosystemRespiration","FLUXCOM","JULES-FireP0336","Benchmark Period Mean (intersection)","MeanState","global","scalar","Pg yr-1","95.2392","16.0"
"EcosystemandCarbonCycle","EcosystemRespiration","FLUXCOM","JULES-FireP0336","Benchmark Period Mean (complement)","MeanState","global","scalar","Pg yr-1","0.429154","16.0"
"EcosystemandCarbonCycle","EcosystemRespiration","FLUXCOM","JULES-FireP0336","Period Mean (original grids)","MeanState","global","scalar","Pg yr-1","162.886","16.0"
"EcosystemandCarbonCycle","EcosystemRespiration","FLUXCOM","JULES-FireP0336","Model Period Mean (intersection)","MeanState","global","scalar","Pg yr-1","135.086","16.0"
"EcosystemandCarbonCycle","EcosystemRespiration","FLUXCOM","JULES-FireP0336","Model Period Mean (complement)","MeanState","global","scalar","Pg yr-1","25.1238","16.0"
"EcosystemandCarbonCycle","EcosystemRespiration","FLUXCOM","JULES-FireP0336","Spatial Distribution Score","MeanState","global","score","1","0.687022","16.0"
"EcosystemandCarbonCycle","EcosystemRespiration","FLUXCOM","JULES-FireP0336","Phase Shift","MeanState","global","scalar","months","1.14141","16.0"
"EcosystemandCarbonCycle","EcosystemRespiration","FLUXCOM","JULES-FireP0336","Seasonal Cycle Score","MeanState","global","score","1","0.778466","16.0"
"EcosystemandCarbonCycle","EcosystemRespiration","FLUXCOM","JULES-FireP0336","Bias","MeanState","global","scalar","g m-2 d-1","0.919742","16.0"
"EcosystemandCarbonCycle","EcosystemRespiration","FLUXCOM","JULES-FireP0336","Bias Score","MeanState","global","score","1","0.239239","16.0"
"EcosystemandCarbonCycle","EcosystemRespiration","FLUXCOM","JULES-FireP0336","RMSE","MeanState","global","scalar","g m-2 d-1","1.63882","16.0"
"EcosystemandCarbonCycle","EcosystemRespiration","FLUXCOM","JULES-FireP0336","RMSE Score","MeanState","global","score","1","0.457311","16.0"
"EcosystemandCarbonCycle","EcosystemRespiration","FLUXCOM","JULES-FireP0336","Overall Score","MeanState","global","score","1","0.52387","16.0"
"EcosystemandCarbonCycle","EcosystemRespiration","FLUXCOM","LPX-Bern","Benchmark Period Mean (intersection)","MeanState","global","scalar","Pg yr-1","91.9761","16.0"
"EcosystemandCarbonCycle","EcosystemRespiration","FLUXCOM","LPX-Bern","Benchmark Period Mean (complement)","MeanState","global","scalar","Pg yr-1","3.69226","16.0"
"EcosystemandCarbonCycle","EcosystemRespiration","FLUXCOM","LPX-Bern","Period Mean (original grids)","MeanState","global","scalar","Pg yr-1","137.262","16.0"
"EcosystemandCarbonCycle","EcosystemRespiration","FLUXCOM","LPX-Bern","Model Period Mean (intersection)","MeanState","global","scalar","Pg yr-1","134.64","16.0"
"EcosystemandCarbonCycle","EcosystemRespiration","FLUXCOM","LPX-Bern","Model Period Mean (complement)","MeanState","global","scalar","Pg yr-1","2.62203","16.0"
"EcosystemandCarbonCycle","EcosystemRespiration","FLUXCOM","LPX-Bern","Spatial Distribution Score","MeanState","global","score","1","0.914133","16.0"
"EcosystemandCarbonCycle","EcosystemRespiration","FLUXCOM","LPX-Bern","Phase Shift","MeanState","global","scalar","months","1.05406","16.0"
"EcosystemandCarbonCycle","EcosystemRespiration","FLUXCOM","LPX-Bern","Seasonal Cycle Score","MeanState","global","score","1","0.834006","16.0"
"EcosystemandCarbonCycle","EcosystemRespiration","FLUXCOM","LPX-Bern","Bias","MeanState","global","scalar","g m-2 d-1","1.01117","16.0"
"EcosystemandCarbonCycle","EcosystemRespiration","FLUXCOM","LPX-Bern","Bias Score","MeanState","global","score","1","0.317649","16.0"
"EcosystemandCarbonCycle","EcosystemRespiration","FLUXCOM","LPX-Bern","RMSE","MeanState","global","scalar","g m-2 d-1","1.63282","16.0"
"EcosystemandCarbonCycle","EcosystemRespiration","FLUXCOM","LPX-Bern","RMSE Score","MeanState","global","score","1","0.363087","16.0"
"EcosystemandCarbonCycle","EcosystemRespiration","FLUXCOM","LPX-Bern","Overall Score","MeanState","global","score","1","0.558393","16.0"
"EcosystemandCarbonCycle","EcosystemRespiration","FLUXCOM","LPJ-EOSIM","Benchmark Period Mean (intersection)","MeanState","global","scalar","Pg yr-1","95.6684","16.0"
"EcosystemandCarbonCycle","EcosystemRespiration","FLUXCOM","LPJ-EOSIM","Benchmark Period Mean (complement)","MeanState","global","scalar","Pg yr-1","nan","16.0"
"EcosystemandCarbonCycle","EcosystemRespiration","FLUXCOM","LPJ-EOSIM","Period Mean (original grids)","MeanState","global","scalar","Pg yr-1","116.182","16.0"
"EcosystemandCarbonCycle","EcosystemRespiration","FLUXCOM","LPJ-EOSIM","Model Period Mean (intersection)","MeanState","global","scalar","Pg yr-1","115.903","16.0"
"EcosystemandCarbonCycle","EcosystemRespiration","FLUXCOM","LPJ-EOSIM","Model Period Mean (complement)","MeanState","global","scalar","Pg yr-1","0.278723","16.0"
"EcosystemandCarbonCycle","EcosystemRespiration","FLUXCOM","LPJ-EOSIM","Spatial Distribution Score","MeanState","global","score","1","0.939276","16.0"
"EcosystemandCarbonCycle","EcosystemRespiration","FLUXCOM","LPJ-EOSIM","Phase Shift","MeanState","global","scalar","months","1.19103","16.0"
"EcosystemandCarbonCycle","EcosystemRespiration","FLUXCOM","LPJ-EOSIM","Seasonal Cycle Score","MeanState","global","score","1","0.769216","16.0"
"EcosystemandCarbonCycle","EcosystemRespiration","FLUXCOM","LPJ-EOSIM","Bias","MeanState","global","scalar","g m-2 d-1","0.465331","16.0"
"EcosystemandCarbonCycle","EcosystemRespiration","FLUXCOM","LPJ-EOSIM","Bias Score","MeanState","global","score","1","0.451754","16.0"
"EcosystemandCarbonCycle","EcosystemRespiration","FLUXCOM","LPJ-EOSIM","RMSE","MeanState","global","scalar","g m-2 d-1","1.08953","16.0"
"EcosystemandCarbonCycle","EcosystemRespiration","FLUXCOM","LPJ-EOSIM","RMSE Score","MeanState","global","score","1","0.439541","16.0"
"EcosystemandCarbonCycle","EcosystemRespiration","FLUXCOM","LPJ-EOSIM","Overall Score","MeanState","global","score","1","0.607866","16.0"
"EcosystemandCarbonCycle","EcosystemRespiration","FLUXCOM","CLM-FATES","Benchmark Period Mean (intersection)","MeanState","global","scalar","Pg yr-1","95.1635","16.0"
"EcosystemandCarbonCycle","EcosystemRespiration","FLUXCOM","CLM-FATES","Benchmark Period Mean (complement)","MeanState","global","scalar","Pg yr-1","0.504871","16.0"
"EcosystemandCarbonCycle","EcosystemRespiration","FLUXCOM","CLM-FATES","Period Mean (original grids)","MeanState","global","scalar","Pg yr-1","127.384","16.0"
"EcosystemandCarbonCycle","EcosystemRespiration","FLUXCOM","CLM-FATES","Model Period Mean (intersection)","MeanState","global","scalar","Pg yr-1","112.113","16.0"
"EcosystemandCarbonCycle","EcosystemRespiration","FLUXCOM","CLM-FATES","Model Period Mean (complement)","MeanState","global","scalar","Pg yr-1","13.9467","16.0"
"EcosystemandCarbonCycle","EcosystemRespiration","FLUXCOM","CLM-FATES","Spatial Distribution Score","MeanState","global","score","1","0.921702","16.0"
"EcosystemandCarbonCycle","EcosystemRespiration","FLUXCOM","CLM-FATES","Phase Shift","MeanState","global","scalar","months","0.829606","16.0"
"EcosystemandCarbonCycle","EcosystemRespiration","FLUXCOM","CLM-FATES","Seasonal Cycle Score","MeanState","global","score","1","0.860485","16.0"
"EcosystemandCarbonCycle","EcosystemRespiration","FLUXCOM","CLM-FATES","Bias","MeanState","global","scalar","g m-2 d-1","0.38846","16.0"
"EcosystemandCarbonCycle","EcosystemRespiration","FLUXCOM","CLM-FATES","Bias Score","MeanState","global","score","1","0.408113","16.0"
"EcosystemandCarbonCycle","EcosystemRespiration","FLUXCOM","CLM-FATES","RMSE","MeanState","global","scalar","g m-2 d-1","1.0419","16.0"
"EcosystemandCarbonCycle","EcosystemRespiration","FLUXCOM","CLM-FATES","RMSE Score","MeanState","global","score","1","0.535722","16.0"
"EcosystemandCarbonCycle","EcosystemRespiration","FLUXCOM","CLM-FATES","Overall Score","MeanState","global","score","1","0.652349","16.0"
"EcosystemandCarbonCycle","EcosystemRespiration","FLUXCOM","JULES-FireP0005","Benchmark Period Mean (intersection)","MeanState","global","scalar","Pg yr-1","95.2405","16.0"
"EcosystemandCarbonCycle","EcosystemRespiration","FLUXCOM","JULES-FireP0005","Benchmark Period Mean (complement)","MeanState","global","scalar","Pg yr-1","0.427936","16.0"
"EcosystemandCarbonCycle","EcosystemRespiration","FLUXCOM","JULES-FireP0005","Period Mean (original grids)","MeanState","global","scalar","Pg yr-1","157.717","16.0"
"EcosystemandCarbonCycle","EcosystemRespiration","FLUXCOM","JULES-FireP0005","Model Period Mean (intersection)","MeanState","global","scalar","Pg yr-1","130.31","16.0"
"EcosystemandCarbonCycle","EcosystemRespiration","FLUXCOM","JULES-FireP0005","Model Period Mean (complement)","MeanState","global","scalar","Pg yr-1","24.7643","16.0"
"EcosystemandCarbonCycle","EcosystemRespiration","FLUXCOM","JULES-FireP0005","Spatial Distribution Score","MeanState","global","score","1","0.679026","16.0"
"EcosystemandCarbonCycle","EcosystemRespiration","FLUXCOM","JULES-FireP0005","Phase Shift","MeanState","global","scalar","months","1.15099","16.0"
"EcosystemandCarbonCycle","EcosystemRespiration","FLUXCOM","JULES-FireP0005","Seasonal Cycle Score","MeanState","global","score","1","0.775717","16.0"
"EcosystemandCarbonCycle","EcosystemRespiration","FLUXCOM","JULES-FireP0005","Bias","MeanState","global","scalar","g m-2 d-1","0.809408","16.0"
"EcosystemandCarbonCycle","EcosystemRespiration","FLUXCOM","JULES-FireP0005","Bias Score","MeanState","global","score","1","0.258817","16.0"
"EcosystemandCarbonCycle","EcosystemRespiration","FLUXCOM","JULES-FireP0005","RMSE","MeanState","global","scalar","g m-2 d-1","1.58091","16.0"
"EcosystemandCarbonCycle","EcosystemRespiration","FLUXCOM","JULES-FireP0005","RMSE Score","MeanState","global","score","1","0.45325","16.0"
"EcosystemandCarbonCycle","EcosystemRespiration","FLUXCOM","JULES-FireP0005","Overall Score","MeanState","global","score","1","0.524012","16.0"
"EcosystemandCarbonCycle","GrossPrimaryProductivity","WECANN","DLEM","Benchmark Period Mean (intersection)","MeanState","global","scalar","Pg yr-1","115.948","75.0"
"EcosystemandCarbonCycle","GrossPrimaryProductivity","WECANN","DLEM","Benchmark Period Mean (complement)","MeanState","global","scalar","Pg yr-1","nan","75.0"
"EcosystemandCarbonCycle","GrossPrimaryProductivity","WECANN","DLEM","Period Mean (original grids)","MeanState","global","scalar","Pg yr-1","158.25","75.0"
"EcosystemandCarbonCycle","GrossPrimaryProductivity","WECANN","DLEM","Model Period Mean (intersection)","MeanState","global","scalar","Pg yr-1","152.803","75.0"
"EcosystemandCarbonCycle","GrossPrimaryProductivity","WECANN","DLEM","Model Period Mean (complement)","MeanState","global","scalar","Pg yr-1","5.44742","75.0"
"EcosystemandCarbonCycle","GrossPrimaryProductivity","WECANN","DLEM","Spatial Distribution Score","MeanState","global","score","1","0.644707","75.0"
"EcosystemandCarbonCycle","GrossPrimaryProductivity","WECANN","DLEM","Phase Shift","MeanState","global","scalar","months","1.49899","75.0"
"EcosystemandCarbonCycle","GrossPrimaryProductivity","WECANN","DLEM","Seasonal Cycle Score","MeanState","global","score","1","0.756252","75.0"
"EcosystemandCarbonCycle","GrossPrimaryProductivity","WECANN","DLEM","Bias","MeanState","global","scalar","g m-2 d-1","0.772892","75.0"
"EcosystemandCarbonCycle","GrossPrimaryProductivity","WECANN","DLEM","Bias Score","MeanState","global","score","1","0.372411","75.0"
"EcosystemandCarbonCycle","GrossPrimaryProductivity","WECANN","DLEM","RMSE","MeanState","global","scalar","g m-2 d-1","1.91459","75.0"
"EcosystemandCarbonCycle","GrossPrimaryProductivity","WECANN","DLEM","RMSE Score","MeanState","global","score","1","0.488026","75.0"
"EcosystemandCarbonCycle","GrossPrimaryProductivity","WECANN","DLEM","Overall Score","MeanState","global","score","1","0.549884","75.0"
"EcosystemandCarbonCycle","GrossPrimaryProductivity","WECANN","JULES-FireP0336","Benchmark Period Mean (intersection)","MeanState","global","scalar","Pg yr-1","115.582","75.0"
"EcosystemandCarbonCycle","GrossPrimaryProductivity","WECANN","JULES-FireP0336","Benchmark Period Mean (complement)","MeanState","global","scalar","Pg yr-1","0.365372","75.0"
"EcosystemandCarbonCycle","GrossPrimaryProductivity","WECANN","JULES-FireP0336","Period Mean (original grids)","MeanState","global","scalar","Pg yr-1","183.166","75.0"
"EcosystemandCarbonCycle","GrossPrimaryProductivity","WECANN","JULES-FireP0336","Model Period Mean (intersection)","MeanState","global","scalar","Pg yr-1","148.634","75.0"
"EcosystemandCarbonCycle","GrossPrimaryProductivity","WECANN","JULES-FireP0336","Model Period Mean (complement)","MeanState","global","scalar","Pg yr-1","31.5533","75.0"
"EcosystemandCarbonCycle","GrossPrimaryProductivity","WECANN","JULES-FireP0336","Spatial Distribution Score","MeanState","global","score","1","0.71502","75.0"
"EcosystemandCarbonCycle","GrossPrimaryProductivity","WECANN","JULES-FireP0336","Phase Shift","MeanState","global","scalar","months","1.44524","75.0"
"EcosystemandCarbonCycle","GrossPrimaryProductivity","WECANN","JULES-FireP0336","Seasonal Cycle Score","MeanState","global","score","1","0.741424","75.0"
"EcosystemandCarbonCycle","GrossPrimaryProductivity","WECANN","JULES-FireP0336","Bias","MeanState","global","scalar","g m-2 d-1","0.690937","75.0"
"EcosystemandCarbonCycle","GrossPrimaryProductivity","WECANN","JULES-FireP0336","Bias Score","MeanState","global","score","1","0.365069","75.0"
"EcosystemandCarbonCycle","GrossPrimaryProductivity","WECANN","JULES-FireP0336","RMSE","MeanState","global","scalar","g m-2 d-1","1.80995","75.0"
"EcosystemandCarbonCycle","GrossPrimaryProductivity","WECANN","JULES-FireP0336","RMSE Score","MeanState","global","score","1","0.500253","75.0"
"EcosystemandCarbonCycle","GrossPrimaryProductivity","WECANN","JULES-FireP0336","Overall Score","MeanState","global","score","1","0.564404","75.0"
"EcosystemandCarbonCycle","GrossPrimaryProductivity","WECANN","LPX-Bern","Benchmark Period Mean (intersection)","MeanState","global","scalar","Pg yr-1","115.001","75.0"
"EcosystemandCarbonCycle","GrossPrimaryProductivity","WECANN","LPX-Bern","Benchmark Period Mean (complement)","MeanState","global","scalar","Pg yr-1","0.946875","75.0"
"EcosystemandCarbonCycle","GrossPrimaryProductivity","WECANN","LPX-Bern","Period Mean (original grids)","MeanState","global","scalar","Pg yr-1","146.532","75.0"
"EcosystemandCarbonCycle","GrossPrimaryProductivity","WECANN","LPX-Bern","Model Period Mean (intersection)","MeanState","global","scalar","Pg yr-1","144.694","75.0"
"EcosystemandCarbonCycle","GrossPrimaryProductivity","WECANN","LPX-Bern","Model Period Mean (complement)","MeanState","global","scalar","Pg yr-1","1.83815","75.0"
"EcosystemandCarbonCycle","GrossPrimaryProductivity","WECANN","LPX-Bern","Spatial Distribution Score","MeanState","global","score","1","0.935933","75.0"
"EcosystemandCarbonCycle","GrossPrimaryProductivity","WECANN","LPX-Bern","Phase Shift","MeanState","global","scalar","months","1.46513","75.0"
"EcosystemandCarbonCycle","GrossPrimaryProductivity","WECANN","LPX-Bern","Seasonal Cycle Score","MeanState","global","score","1","0.74548","75.0"
"EcosystemandCarbonCycle","GrossPrimaryProductivity","WECANN","LPX-Bern","Bias","MeanState","global","scalar","g m-2 d-1","0.629031","75.0"
"EcosystemandCarbonCycle","GrossPrimaryProductivity","WECANN","LPX-Bern","Bias Score","MeanState","global","score","1","0.550523","75.0"
"EcosystemandCarbonCycle","GrossPrimaryProductivity","WECANN","LPX-Bern","RMSE","MeanState","global","scalar","g m-2 d-1","1.67159","75.0"
"EcosystemandCarbonCycle","GrossPrimaryProductivity","WECANN","LPX-Bern","RMSE Score","MeanState","global","score","1","0.405126","75.0"
"EcosystemandCarbonCycle","GrossPrimaryProductivity","WECANN","LPX-Bern","Overall Score","MeanState","global","score","1","0.608438","75.0"
"EcosystemandCarbonCycle","GrossPrimaryProductivity","WECANN","LPJ-EOSIM","Benchmark Period Mean (intersection)","MeanState","global","scalar","Pg yr-1","114.05","75.0"
"EcosystemandCarbonCycle","GrossPrimaryProductivity","WECANN","LPJ-EOSIM","Benchmark Period Mean (complement)","MeanState","global","scalar","Pg yr-1","1.89796","75.0"
"EcosystemandCarbonCycle","GrossPrimaryProductivity","WECANN","LPJ-EOSIM","Period Mean (original grids)","MeanState","global","scalar","Pg yr-1","123.112","75.0"
"EcosystemandCarbonCycle","GrossPrimaryProductivity","WECANN","LPJ-EOSIM","Model Period Mean (intersection)","MeanState","global","scalar","Pg yr-1","117.132","75.0"
"EcosystemandCarbonCycle","GrossPrimaryProductivity","WECANN","LPJ-EOSIM","Model Period Mean (complement)","MeanState","global","scalar","Pg yr-1","5.97942","75.0"
"EcosystemandCarbonCycle","GrossPrimaryProductivity","WECANN","LPJ-EOSIM","Spatial Distribution Score","MeanState","global","score","1","0.954278","75.0"
"EcosystemandCarbonCycle","GrossPrimaryProductivity","WECANN","LPJ-EOSIM","Phase Shift","MeanState","global","scalar","months","1.47864","75.0"
"EcosystemandCarbonCycle","GrossPrimaryProductivity","WECANN","LPJ-EOSIM","Seasonal Cycle Score","MeanState","global","score","1","0.773297","75.0"
"EcosystemandCarbonCycle","GrossPrimaryProductivity","WECANN","LPJ-EOSIM","Bias","MeanState","global","scalar","g m-2 d-1","0.0658339","75.0"
"EcosystemandCarbonCycle","GrossPrimaryProductivity","WECANN","LPJ-EOSIM","Bias Score","MeanState","global","score","1","0.624931","75.0"
"EcosystemandCarbonCycle","GrossPrimaryProductivity","WECANN","LPJ-EOSIM","RMSE","MeanState","global","scalar","g m-2 d-1","1.18107","75.0"
"EcosystemandCarbonCycle","GrossPrimaryProductivity","WECANN","LPJ-EOSIM","RMSE Score","MeanState","global","score","1","0.509785","75.0"
"EcosystemandCarbonCycle","GrossPrimaryProductivity","WECANN","LPJ-EOSIM","Overall Score","MeanState","global","score","1","0.674415","75.0"
"EcosystemandCarbonCycle","GrossPrimaryProductivity","WECANN","CLM","Benchmark Period Mean (intersection)","MeanState","global","scalar","Pg yr-1","115.948","75.0"
"EcosystemandCarbonCycle","GrossPrimaryProductivity","WECANN","CLM","Benchmark Period Mean (complement)","MeanState","global","scalar","Pg yr-1","nan","75.0"
"EcosystemandCarbonCycle","GrossPrimaryProductivity","WECANN","CLM","Period Mean (original grids)","MeanState","global","scalar","Pg yr-1","164.984","75.0"
"EcosystemandCarbonCycle","GrossPrimaryProductivity","WECANN","CLM","Model Period Mean (intersection)","MeanState","global","scalar","Pg yr-1","131.75","75.0"
"EcosystemandCarbonCycle","GrossPrimaryProductivity","WECANN","CLM","Model Period Mean (complement)","MeanState","global","scalar","Pg yr-1","33.2337","75.0"
"EcosystemandCarbonCycle","GrossPrimaryProductivity","WECANN","CLM","Spatial Distribution Score","MeanState","global","score","1","0.882604","75.0"
"EcosystemandCarbonCycle","GrossPrimaryProductivity","WECANN","CLM","Phase Shift","MeanState","global","scalar","months","1.34512","75.0"
"EcosystemandCarbonCycle","GrossPrimaryProductivity","WECANN","CLM","Seasonal Cycle Score","MeanState","global","score","1","0.781312","75.0"
"EcosystemandCarbonCycle","GrossPrimaryProductivity","WECANN","CLM","Bias","MeanState","global","scalar","g m-2 d-1","0.331392","75.0"
"EcosystemandCarbonCycle","GrossPrimaryProductivity","WECANN","CLM","Bias Score","MeanState","global","score","1","0.506334","75.0"
"EcosystemandCarbonCycle","GrossPrimaryProductivity","WECANN","CLM","RMSE","MeanState","global","scalar","g m-2 d-1","1.31977","75.0"
"EcosystemandCarbonCycle","GrossPrimaryProductivity","WECANN","CLM","RMSE Score","MeanState","global","score","1","0.572805","75.0"
"EcosystemandCarbonCycle","GrossPrimaryProductivity","WECANN","CLM","Overall Score","MeanState","global","score","1","0.663172","75.0"
"EcosystemandCarbonCycle","GrossPrimaryProductivity","WECANN","CLM-FATES","Benchmark Period Mean (intersection)","MeanState","global","scalar","Pg yr-1","115.503","75.0"
"EcosystemandCarbonCycle","GrossPrimaryProductivity","WECANN","CLM-FATES","Benchmark Period Mean (complement)","MeanState","global","scalar","Pg yr-1","0.445337","75.0"
"EcosystemandCarbonCycle","GrossPrimaryProductivity","WECANN","CLM-FATES","Period Mean (original grids)","MeanState","global","scalar","Pg yr-1","145.459","75.0"
"EcosystemandCarbonCycle","GrossPrimaryProductivity","WECANN","CLM-FATES","Model Period Mean (intersection)","MeanState","global","scalar","Pg yr-1","125.55","75.0"
"EcosystemandCarbonCycle","GrossPrimaryProductivity","WECANN","CLM-FATES","Model Period Mean (complement)","MeanState","global","scalar","Pg yr-1","18.42","75.0"
"EcosystemandCarbonCycle","GrossPrimaryProductivity","WECANN","CLM-FATES","Spatial Distribution Score","MeanState","global","score","1","0.908785","75.0"
"EcosystemandCarbonCycle","GrossPrimaryProductivity","WECANN","CLM-FATES","Phase Shift","MeanState","global","scalar","months","1.36011","75.0"
"EcosystemandCarbonCycle","GrossPrimaryProductivity","WECANN","CLM-FATES","Seasonal Cycle Score","MeanState","global","score","1","0.788754","75.0"
"EcosystemandCarbonCycle","GrossPrimaryProductivity","WECANN","CLM-FATES","Bias","MeanState","global","scalar","g m-2 d-1","0.211701","75.0"
"EcosystemandCarbonCycle","GrossPrimaryProductivity","WECANN","CLM-FATES","Bias Score","MeanState","global","score","1","0.549476","75.0"
"EcosystemandCarbonCycle","GrossPrimaryProductivity","WECANN","CLM-FATES","RMSE","MeanState","global","scalar","g m-2 d-1","1.26035","75.0"
"EcosystemandCarbonCycle","GrossPrimaryProductivity","WECANN","CLM-FATES","RMSE Score","MeanState","global","score","1","0.575229","75.0"
"EcosystemandCarbonCycle","GrossPrimaryProductivity","WECANN","CLM-FATES","Overall Score","MeanState","global","score","1","0.679495","75.0"
"EcosystemandCarbonCycle","GrossPrimaryProductivity","WECANN","JULES-noFire","Benchmark Period Mean (intersection)","MeanState","global","scalar","Pg yr-1","115.582","75.0"
"EcosystemandCarbonCycle","GrossPrimaryProductivity","WECANN","JULES-noFire","Benchmark Period Mean (complement)","MeanState","global","scalar","Pg yr-1","0.365372","75.0"
"EcosystemandCarbonCycle","GrossPrimaryProductivity","WECANN","JULES-noFire","Period Mean (original grids)","MeanState","global","scalar","Pg yr-1","194.032","75.0"
"EcosystemandCarbonCycle","GrossPrimaryProductivity","WECANN","JULES-noFire","Model Period Mean (intersection)","MeanState","global","scalar","Pg yr-1","158.717","75.0"
"EcosystemandCarbonCycle","GrossPrimaryProductivity","WECANN","JULES-noFire","Model Period Mean (complement)","MeanState","global","scalar","Pg yr-1","32.2929","75.0"
"EcosystemandCarbonCycle","GrossPrimaryProductivity","WECANN","JULES-noFire","Spatial Distribution Score","MeanState","global","score","1","0.69425","75.0"
"EcosystemandCarbonCycle","GrossPrimaryProductivity","WECANN","JULES-noFire","Phase Shift","MeanState","global","scalar","months","1.42131","75.0"
"EcosystemandCarbonCycle","GrossPrimaryProductivity","WECANN","JULES-noFire","Seasonal Cycle Score","MeanState","global","score","1","0.745688","75.0"
"EcosystemandCarbonCycle","GrossPrimaryProductivity","WECANN","JULES-noFire","Bias","MeanState","global","scalar","g m-2 d-1","0.902872","75.0"
"EcosystemandCarbonCycle","GrossPrimaryProductivity","WECANN","JULES-noFire","Bias Score","MeanState","global","score","1","0.352143","75.0"
"EcosystemandCarbonCycle","GrossPrimaryProductivity","WECANN","JULES-noFire","RMSE","MeanState","global","scalar","g m-2 d-1","1.87561","75.0"
"EcosystemandCarbonCycle","GrossPrimaryProductivity","WECANN","JULES-noFire","RMSE Score","MeanState","global","score","1","0.506711","75.0"
"EcosystemandCarbonCycle","GrossPrimaryProductivity","WECANN","JULES-noFire","Overall Score","MeanState","global","score","1","0.5611","75.0"
"EcosystemandCarbonCycle","GrossPrimaryProductivity","WECANN","TEM","Benchmark Period Mean (intersection)","MeanState","global","scalar","Pg yr-1","112.364","75.0"
"EcosystemandCarbonCycle","GrossPrimaryProductivity","WECANN","TEM","Benchmark Period Mean (complement)","MeanState","global","scalar","Pg yr-1","3.58425","75.0"
"EcosystemandCarbonCycle","GrossPrimaryProductivity","WECANN","TEM","Period Mean (original grids)","MeanState","global","scalar","Pg yr-1","126.086","75.0"
"EcosystemandCarbonCycle","GrossPrimaryProductivity","WECANN","TEM","Model Period Mean (intersection)","MeanState","global","scalar","Pg yr-1","117.92","75.0"
"EcosystemandCarbonCycle","GrossPrimaryProductivity","WECANN","TEM","Model Period Mean (complement)","MeanState","global","scalar","Pg yr-1","8.16635","75.0"
"EcosystemandCarbonCycle","GrossPrimaryProductivity","WECANN","TEM","Spatial Distribution Score","MeanState","global","score","1","0.968222","75.0"
"EcosystemandCarbonCycle","GrossPrimaryProductivity","WECANN","TEM","Phase Shift","MeanState","global","scalar","months","1.61792","75.0"
"EcosystemandCarbonCycle","GrossPrimaryProductivity","WECANN","TEM","Seasonal Cycle Score","MeanState","global","score","1","0.711471","75.0"
"EcosystemandCarbonCycle","GrossPrimaryProductivity","WECANN","TEM","Bias","MeanState","global","scalar","g m-2 d-1","0.120332","75.0"
"EcosystemandCarbonCycle","GrossPrimaryProductivity","WECANN","TEM","Bias Score","MeanState","global","score","1","0.577003","75.0"
"EcosystemandCarbonCycle","GrossPrimaryProductivity","WECANN","TEM","RMSE","MeanState","global","scalar","g m-2 d-1","1.29329","75.0"
"EcosystemandCarbonCycle","GrossPrimaryProductivity","WECANN","TEM","RMSE Score","MeanState","global","score","1","0.509044","75.0"
"EcosystemandCarbonCycle","GrossPrimaryProductivity","WECANN","TEM","Overall Score","MeanState","global","score","1","0.654957","75.0"
"EcosystemandCarbonCycle","GrossPrimaryProductivity","WECANN","LPJ-EOSIM-fixspitfire","Benchmark Period Mean (intersection)","MeanState","global","scalar","Pg yr-1","114.05","75.0"
"EcosystemandCarbonCycle","GrossPrimaryProductivity","WECANN","LPJ-EOSIM-fixspitfire","Benchmark Period Mean (complement)","MeanState","global","scalar","Pg yr-1","1.89796","75.0"
"EcosystemandCarbonCycle","GrossPrimaryProductivity","WECANN","LPJ-EOSIM-fixspitfire","Period Mean (original grids)","MeanState","global","scalar","Pg yr-1","122.574","75.0"
"EcosystemandCarbonCycle","GrossPrimaryProductivity","WECANN","LPJ-EOSIM-fixspitfire","Model Period Mean (intersection)","MeanState","global","scalar","Pg yr-1","116.607","75.0"
"EcosystemandCarbonCycle","GrossPrimaryProductivity","WECANN","LPJ-EOSIM-fixspitfire","Model Period Mean (complement)","MeanState","global","scalar","Pg yr-1","5.96682","75.0"
"EcosystemandCarbonCycle","GrossPrimaryProductivity","WECANN","LPJ-EOSIM-fixspitfire","Spatial Distribution Score","MeanState","global","score","1","0.954764","75.0"
"EcosystemandCarbonCycle","GrossPrimaryProductivity","WECANN","LPJ-EOSIM-fixspitfire","Phase Shift","MeanState","global","scalar","months","1.48033","75.0"
"EcosystemandCarbonCycle","GrossPrimaryProductivity","WECANN","LPJ-EOSIM-fixspitfire","Seasonal Cycle Score","MeanState","global","score","1","0.773175","75.0"
"EcosystemandCarbonCycle","GrossPrimaryProductivity","WECANN","LPJ-EOSIM-fixspitfire","Bias","MeanState","global","scalar","g m-2 d-1","0.0546164","75.0"
"EcosystemandCarbonCycle","GrossPrimaryProductivity","WECANN","LPJ-EOSIM-fixspitfire","Bias Score","MeanState","global","score","1","0.624155","75.0"
"EcosystemandCarbonCycle","GrossPrimaryProductivity","WECANN","LPJ-EOSIM-fixspitfire","RMSE","MeanState","global","scalar","g m-2 d-1","1.18029","75.0"
"EcosystemandCarbonCycle","GrossPrimaryProductivity","WECANN","LPJ-EOSIM-fixspitfire","RMSE Score","MeanState","global","score","1","0.510546","75.0"
"EcosystemandCarbonCycle","GrossPrimaryProductivity","WECANN","LPJ-EOSIM-fixspitfire","Overall Score","MeanState","global","score","1","0.674637","75.0"
"EcosystemandCarbonCycle","GrossPrimaryProductivity","WECANN","JULES-FireP0304","Benchmark Period Mean (intersection)","MeanState","global","scalar","Pg yr-1","115.582","75.0"
"EcosystemandCarbonCycle","GrossPrimaryProductivity","WECANN","JULES-FireP0304","Benchmark Period Mean (complement)","MeanState","global","scalar","Pg yr-1","0.365372","75.0"
"EcosystemandCarbonCycle","GrossPrimaryProductivity","WECANN","JULES-FireP0304","Period Mean (original grids)","MeanState","global","scalar","Pg yr-1","175.831","75.0"
"EcosystemandCarbonCycle","GrossPrimaryProductivity","WECANN","JULES-FireP0304","Model Period Mean (intersection)","MeanState","global","scalar","Pg yr-1","142.1","75.0"
"EcosystemandCarbonCycle","GrossPrimaryProductivity","WECANN","JULES-FireP0304","Model Period Mean (complement)","MeanState","global","scalar","Pg yr-1","30.8176","75.0"
"EcosystemandCarbonCycle","GrossPrimaryProductivity","WECANN","JULES-FireP0304","Spatial Distribution Score","MeanState","global","score","1","0.717918","75.0"
"EcosystemandCarbonCycle","GrossPrimaryProductivity","WECANN","JULES-FireP0304","Phase Shift","MeanState","global","scalar","months","1.4342","75.0"
"EcosystemandCarbonCycle","GrossPrimaryProductivity","WECANN","JULES-FireP0304","Seasonal Cycle Score","MeanState","global","score","1","0.740576","75.0"
"EcosystemandCarbonCycle","GrossPrimaryProductivity","WECANN","JULES-FireP0304","Bias","MeanState","global","scalar","g m-2 d-1","0.554321","75.0"
"EcosystemandCarbonCycle","GrossPrimaryProductivity","WECANN","JULES-FireP0304","Bias Score","MeanState","global","score","1","0.381367","75.0"
"EcosystemandCarbonCycle","GrossPrimaryProductivity","WECANN","JULES-FireP0304","RMSE","MeanState","global","scalar","g m-2 d-1","1.74598","75.0"
"EcosystemandCarbonCycle","GrossPrimaryProductivity","WECANN","JULES-FireP0304","RMSE Score","MeanState","global","score","1","0.504404","75.0"
"EcosystemandCarbonCycle","GrossPrimaryProductivity","WECANN","JULES-FireP0304","Overall Score","MeanState","global","score","1","0.569734","75.0"
"EcosystemandCarbonCycle","GrossPrimaryProductivity","WECANN","JSBACH","Benchmark Period Mean (intersection)","MeanState","global","scalar","Pg yr-1","112.209","75.0"
"EcosystemandCarbonCycle","GrossPrimaryProductivity","WECANN","JSBACH","Benchmark Period Mean (complement)","MeanState","global","scalar","Pg yr-1","3.73875","75.0"
"EcosystemandCarbonCycle","GrossPrimaryProductivity","WECANN","JSBACH","Period Mean (original grids)","MeanState","global","scalar","Pg yr-1","131.363","75.0"
"EcosystemandCarbonCycle","GrossPrimaryProductivity","WECANN","JSBACH","Model Period Mean (intersection)","MeanState","global","scalar","Pg yr-1","127.203","75.0"
"EcosystemandCarbonCycle","GrossPrimaryProductivity","WECANN","JSBACH","Model Period Mean (complement)","MeanState","global","scalar","Pg yr-1","4.15932","75.0"
"EcosystemandCarbonCycle","GrossPrimaryProductivity","WECANN","JSBACH","Spatial Distribution Score","MeanState","global","score","1","0.812621","75.0"
"EcosystemandCarbonCycle","GrossPrimaryProductivity","WECANN","JSBACH","Phase Shift","MeanState","global","scalar","months","1.55653","75.0"
"EcosystemandCarbonCycle","GrossPrimaryProductivity","WECANN","JSBACH","Seasonal Cycle Score","MeanState","global","score","1","0.743166","75.0"
"EcosystemandCarbonCycle","GrossPrimaryProductivity","WECANN","JSBACH","Bias","MeanState","global","scalar","g m-2 d-1","0.325009","75.0"
"EcosystemandCarbonCycle","GrossPrimaryProductivity","WECANN","JSBACH","Bias Score","MeanState","global","score","1","0.476288","75.0"
"EcosystemandCarbonCycle","GrossPrimaryProductivity","WECANN","JSBACH","RMSE","MeanState","global","scalar","g m-2 d-1","1.51288","75.0"
"EcosystemandCarbonCycle","GrossPrimaryProductivity","WECANN","JSBACH","RMSE Score","MeanState","global","score","1","0.484946","75.0"
"EcosystemandCarbonCycle","GrossPrimaryProductivity","WECANN","JSBACH","Overall Score","MeanState","global","score","1","0.600393","75.0"
"EcosystemandCarbonCycle","GrossPrimaryProductivity","FLUXNET2015","CLM-FATES","Period Mean (original grids)","MeanState","global","scalar","g m-2 d-1","2.74343","45.0"
"EcosystemandCarbonCycle","GrossPrimaryProductivity","FLUXNET2015","CLM-FATES","Bias","MeanState","global","scalar","g m-2 d-1","-0.605146","45.0"
"EcosystemandCarbonCycle","GrossPrimaryProductivity","FLUXNET2015","CLM-FATES","Bias Score","MeanState","global","score","1","0.579585","45.0"
"EcosystemandCarbonCycle","GrossPrimaryProductivity","FLUXNET2015","CLM-FATES","Phase Shift","MeanState","global","scalar","months","1.03995","45.0"
"EcosystemandCarbonCycle","GrossPrimaryProductivity","FLUXNET2015","CLM-FATES","Seasonal Cycle Score","MeanState","global","score","1","0.895403","45.0"
"EcosystemandCarbonCycle","GrossPrimaryProductivity","FLUXNET2015","CLM-FATES","RMSE","MeanState","global","scalar","g m-2 d-1","2.44785","45.0"
"EcosystemandCarbonCycle","GrossPrimaryProductivity","FLUXNET2015","CLM-FATES","RMSE Score","MeanState","global","score","1","0.48938","45.0"
"EcosystemandCarbonCycle","GrossPrimaryProductivity","FLUXNET2015","CLM-FATES","Overall Score","MeanState","global","score","1","0.613437","45.0"
"EcosystemandCarbonCycle","GrossPrimaryProductivity","FLUXNET2015","LPX-Bern","Period Mean (original grids)","MeanState","global","scalar","g m-2 d-1","3.14382","45.0"
"EcosystemandCarbonCycle","GrossPrimaryProductivity","FLUXNET2015","LPX-Bern","Bias","MeanState","global","scalar","g m-2 d-1","-0.136873","45.0"
"EcosystemandCarbonCycle","GrossPrimaryProductivity","FLUXNET2015","LPX-Bern","Bias Score","MeanState","global","score","1","0.616776","45.0"
"EcosystemandCarbonCycle","GrossPrimaryProductivity","FLUXNET2015","LPX-Bern","Phase Shift","MeanState","global","scalar","months","1.19851","45.0"
"EcosystemandCarbonCycle","GrossPrimaryProductivity","FLUXNET2015","LPX-Bern","Seasonal Cycle Score","MeanState","global","score","1","0.831597","45.0"
"EcosystemandCarbonCycle","GrossPrimaryProductivity","FLUXNET2015","LPX-Bern","RMSE","MeanState","global","scalar","g m-2 d-1","2.95108","45.0"
"EcosystemandCarbonCycle","GrossPrimaryProductivity","FLUXNET2015","LPX-Bern","RMSE Score","MeanState","global","score","1","0.398446","45.0"
"EcosystemandCarbonCycle","GrossPrimaryProductivity","FLUXNET2015","LPX-Bern","Overall Score","MeanState","global","score","1","0.561316","45.0"
"EcosystemandCarbonCycle","GrossPrimaryProductivity","FLUXNET2015","LPJ-EOSIM","Period Mean (original grids)","MeanState","global","scalar","g m-2 d-1","2.6886","45.0"
"EcosystemandCarbonCycle","GrossPrimaryProductivity","FLUXNET2015","LPJ-EOSIM","Bias","MeanState","global","scalar","g m-2 d-1","-0.664921","45.0"
"EcosystemandCarbonCycle","GrossPrimaryProductivity","FLUXNET2015","LPJ-EOSIM","Bias Score","MeanState","global","score","1","0.623501","45.0"
"EcosystemandCarbonCycle","GrossPrimaryProductivity","FLUXNET2015","LPJ-EOSIM","Phase Shift","MeanState","global","scalar","months","1.31832","45.0"
"EcosystemandCarbonCycle","GrossPrimaryProductivity","FLUXNET2015","LPJ-EOSIM","Seasonal Cycle Score","MeanState","global","score","1","0.846269","45.0"
"EcosystemandCarbonCycle","GrossPrimaryProductivity","FLUXNET2015","LPJ-EOSIM","RMSE","MeanState","global","scalar","g m-2 d-1","2.41584","45.0"
"EcosystemandCarbonCycle","GrossPrimaryProductivity","FLUXNET2015","LPJ-EOSIM","RMSE Score","MeanState","global","score","1","0.455879","45.0"
"EcosystemandCarbonCycle","GrossPrimaryProductivity","FLUXNET2015","LPJ-EOSIM","Overall Score","MeanState","global","score","1","0.595382","45.0"
"EcosystemandCarbonCycle","GrossPrimaryProductivity","FLUXNET2015","JULES-noFire","Period Mean (original grids)","MeanState","global","scalar","g m-2 d-1","3.51772","45.0"
"EcosystemandCarbonCycle","GrossPrimaryProductivity","FLUXNET2015","JULES-noFire","Bias","MeanState","global","scalar","g m-2 d-1","0.157067","45.0"
"EcosystemandCarbonCycle","GrossPrimaryProductivity","FLUXNET2015","JULES-noFire","Bias Score","MeanState","global","score","1","0.635088","45.0"
"EcosystemandCarbonCycle","GrossPrimaryProductivity","FLUXNET2015","JULES-noFire","Phase Shift","MeanState","global","scalar","months","1.08439","45.0"
"EcosystemandCarbonCycle","GrossPrimaryProductivity","FLUXNET2015","JULES-noFire","Seasonal Cycle Score","MeanState","global","score","1","0.875806","45.0"
"EcosystemandCarbonCycle","GrossPrimaryProductivity","FLUXNET2015","JULES-noFire","RMSE","MeanState","global","scalar","g m-2 d-1","2.5622","45.0"
"EcosystemandCarbonCycle","GrossPrimaryProductivity","FLUXNET2015","JULES-noFire","RMSE Score","MeanState","global","score","1","0.460968","45.0"
"EcosystemandCarbonCycle","GrossPrimaryProductivity","FLUXNET2015","JULES-noFire","Overall Score","MeanState","global","score","1","0.608207","45.0"
"EcosystemandCarbonCycle","GrossPrimaryProductivity","FLUXNET2015","JULES-FireP0304","Period Mean (original grids)","MeanState","global","scalar","g m-2 d-1","3.1267","45.0"
"EcosystemandCarbonCycle","GrossPrimaryProductivity","FLUXNET2015","JULES-FireP0304","Bias","MeanState","global","scalar","g m-2 d-1","-0.233953","45.0"
"EcosystemandCarbonCycle","GrossPrimaryProductivity","FLUXNET2015","JULES-FireP0304","Bias Score","MeanState","global","score","1","0.612246","45.0"
"EcosystemandCarbonCycle","GrossPrimaryProductivity","FLUXNET2015","JULES-FireP0304","Phase Shift","MeanState","global","scalar","months","1.14854","45.0"
"EcosystemandCarbonCycle","GrossPrimaryProductivity","FLUXNET2015","JULES-FireP0304","Seasonal Cycle Score","MeanState","global","score","1","0.872055","45.0"
"EcosystemandCarbonCycle","GrossPrimaryProductivity","FLUXNET2015","JULES-FireP0304","RMSE","MeanState","global","scalar","g m-2 d-1","2.50913","45.0"
"EcosystemandCarbonCycle","GrossPrimaryProductivity","FLUXNET2015","JULES-FireP0304","RMSE Score","MeanState","global","score","1","0.470044","45.0"
"EcosystemandCarbonCycle","GrossPrimaryProductivity","FLUXNET2015","JULES-FireP0304","Overall Score","MeanState","global","score","1","0.606097","45.0"
"EcosystemandCarbonCycle","GrossPrimaryProductivity","FLUXNET2015","CLM","Period Mean (original grids)","MeanState","global","scalar","g m-2 d-1","2.62456","45.0"
"EcosystemandCarbonCycle","GrossPrimaryProductivity","FLUXNET2015","CLM","Bias","MeanState","global","scalar","g m-2 d-1","-0.736087","45.0"
"EcosystemandCarbonCycle","GrossPrimaryProductivity","FLUXNET2015","CLM","Bias Score","MeanState","global","score","1","0.563552","45.0"
"EcosystemandCarbonCycle","GrossPrimaryProductivity","FLUXNET2015","CLM","Phase Shift","MeanState","global","scalar","months","0.73813","45.0"
"EcosystemandCarbonCycle","GrossPrimaryProductivity","FLUXNET2015","CLM","Seasonal Cycle Score","MeanState","global","score","1","0.928886","45.0"
"EcosystemandCarbonCycle","GrossPrimaryProductivity","FLUXNET2015","CLM","RMSE","MeanState","global","scalar","g m-2 d-1","2.51766","45.0"
"EcosystemandCarbonCycle","GrossPrimaryProductivity","FLUXNET2015","CLM","RMSE Score","MeanState","global","score","1","0.493065","45.0"
"EcosystemandCarbonCycle","GrossPrimaryProductivity","FLUXNET2015","CLM","Overall Score","MeanState","global","score","1","0.619642","45.0"
"EcosystemandCarbonCycle","GrossPrimaryProductivity","FLUXNET2015","JSBACH","Period Mean (original grids)","MeanState","global","scalar","g m-2 d-1","2.5805","45.0"
"EcosystemandCarbonCycle","GrossPrimaryProductivity","FLUXNET2015","JSBACH","Bias","MeanState","global","scalar","g m-2 d-1","-0.617147","45.0"
"EcosystemandCarbonCycle","GrossPrimaryProductivity","FLUXNET2015","JSBACH","Bias Score","MeanState","global","score","1","0.631777","45.0"
"EcosystemandCarbonCycle","GrossPrimaryProductivity","FLUXNET2015","JSBACH","Phase Shift","MeanState","global","scalar","months","0.965419","45.0"
"EcosystemandCarbonCycle","GrossPrimaryProductivity","FLUXNET2015","JSBACH","Seasonal Cycle Score","MeanState","global","score","1","0.911499","45.0"
"EcosystemandCarbonCycle","GrossPrimaryProductivity","FLUXNET2015","JSBACH","RMSE","MeanState","global","scalar","g m-2 d-1","2.40033","45.0"
"EcosystemandCarbonCycle","GrossPrimaryProductivity","FLUXNET2015","JSBACH","RMSE Score","MeanState","global","score","1","0.475807","45.0"
"EcosystemandCarbonCycle","GrossPrimaryProductivity","FLUXNET2015","JSBACH","Overall Score","MeanState","global","score","1","0.623722","45.0"
"EcosystemandCarbonCycle","GrossPrimaryProductivity","FLUXNET2015","JULES-FireP0336","Period Mean (original grids)","MeanState","global","scalar","g m-2 d-1","3.40073","45.0"
"EcosystemandCarbonCycle","GrossPrimaryProductivity","FLUXNET2015","JULES-FireP0336","Bias","MeanState","global","scalar","g m-2 d-1","0.0400776","45.0"
"EcosystemandCarbonCycle","GrossPrimaryProductivity","FLUXNET2015","JULES-FireP0336","Bias Score","MeanState","global","score","1","0.622254","45.0"
"EcosystemandCarbonCycle","GrossPrimaryProductivity","FLUXNET2015","JULES-FireP0336","Phase Shift","MeanState","global","scalar","months","1.19748","45.0"
"EcosystemandCarbonCycle","GrossPrimaryProductivity","FLUXNET2015","JULES-FireP0336","Seasonal Cycle Score","MeanState","global","score","1","0.863303","45.0"
"EcosystemandCarbonCycle","GrossPrimaryProductivity","FLUXNET2015","JULES-FireP0336","RMSE","MeanState","global","scalar","g m-2 d-1","2.5711","45.0"
"EcosystemandCarbonCycle","GrossPrimaryProductivity","FLUXNET2015","JULES-FireP0336","RMSE Score","MeanState","global","score","1","0.462373","45.0"
"EcosystemandCarbonCycle","GrossPrimaryProductivity","FLUXNET2015","JULES-FireP0336","Overall Score","MeanState","global","score","1","0.602576","45.0"
"EcosystemandCarbonCycle","GrossPrimaryProductivity","FLUXNET2015","TEM","Period Mean (original grids)","MeanState","global","scalar","g m-2 d-1","2.87594","45.0"
"EcosystemandCarbonCycle","GrossPrimaryProductivity","FLUXNET2015","TEM","Bias","MeanState","global","scalar","g m-2 d-1","-0.379531","45.0"
"EcosystemandCarbonCycle","GrossPrimaryProductivity","FLUXNET2015","TEM","Bias Score","MeanState","global","score","1","0.645148","45.0"
"EcosystemandCarbonCycle","GrossPrimaryProductivity","FLUXNET2015","TEM","Phase Shift","MeanState","global","scalar","months","0.774141","45.0"
"EcosystemandCarbonCycle","GrossPrimaryProductivity","FLUXNET2015","TEM","Seasonal Cycle Score","MeanState","global","score","1","0.921729","45.0"
"EcosystemandCarbonCycle","GrossPrimaryProductivity","FLUXNET2015","TEM","RMSE","MeanState","global","scalar","g m-2 d-1","2.51046","45.0"
"EcosystemandCarbonCycle","GrossPrimaryProductivity","FLUXNET2015","TEM","RMSE Score","MeanState","global","score","1","0.465566","45.0"
"EcosystemandCarbonCycle","GrossPrimaryProductivity","FLUXNET2015","TEM","Overall Score","MeanState","global","score","1","0.624502","45.0"
"EcosystemandCarbonCycle","GrossPrimaryProductivity","FLUXNET2015","LPJ-EOSIM-fixspitfire","Period Mean (original grids)","MeanState","global","scalar","g m-2 d-1","2.67737","45.0"
"EcosystemandCarbonCycle","GrossPrimaryProductivity","FLUXNET2015","LPJ-EOSIM-fixspitfire","Bias","MeanState","global","scalar","g m-2 d-1","-0.676145","45.0"
"EcosystemandCarbonCycle","GrossPrimaryProductivity","FLUXNET2015","LPJ-EOSIM-fixspitfire","Bias Score","MeanState","global","score","1","0.623291","45.0"
"EcosystemandCarbonCycle","GrossPrimaryProductivity","FLUXNET2015","LPJ-EOSIM-fixspitfire","Phase Shift","MeanState","global","scalar","months","1.31832","45.0"
"EcosystemandCarbonCycle","GrossPrimaryProductivity","FLUXNET2015","LPJ-EOSIM-fixspitfire","Seasonal Cycle Score","MeanState","global","score","1","0.846269","45.0"
"EcosystemandCarbonCycle","GrossPrimaryProductivity","FLUXNET2015","LPJ-EOSIM-fixspitfire","RMSE","MeanState","global","scalar","g m-2 d-1","2.40795","45.0"
"EcosystemandCarbonCycle","GrossPrimaryProductivity","FLUXNET2015","LPJ-EOSIM-fixspitfire","RMSE Score","MeanState","global","score","1","0.457048","45.0"
"EcosystemandCarbonCycle","GrossPrimaryProductivity","FLUXNET2015","LPJ-EOSIM-fixspitfire","Overall Score","MeanState","global","score","1","0.595914","45.0"
"EcosystemandCarbonCycle","GrossPrimaryProductivity","FLUXNET2015","DLEM","Period Mean (original grids)","MeanState","global","scalar","g m-2 d-1","2.7636","45.0"
"EcosystemandCarbonCycle","GrossPrimaryProductivity","FLUXNET2015","DLEM","Bias","MeanState","global","scalar","g m-2 d-1","-0.597049","45.0"
"EcosystemandCarbonCycle","GrossPrimaryProductivity","FLUXNET2015","DLEM","Bias Score","MeanState","global","score","1","0.546814","45.0"
"EcosystemandCarbonCycle","GrossPrimaryProductivity","FLUXNET2015","DLEM","Phase Shift","MeanState","global","scalar","months","0.955528","45.0"
"EcosystemandCarbonCycle","GrossPrimaryProductivity","FLUXNET2015","DLEM","Seasonal Cycle Score","MeanState","global","score","1","0.887423","45.0"
"EcosystemandCarbonCycle","GrossPrimaryProductivity","FLUXNET2015","DLEM","RMSE","MeanState","global","scalar","g m-2 d-1","2.72637","45.0"
"EcosystemandCarbonCycle","GrossPrimaryProductivity","FLUXNET2015","DLEM","RMSE Score","MeanState","global","score","1","0.463803","45.0"
"EcosystemandCarbonCycle","GrossPrimaryProductivity","FLUXNET2015","DLEM","Overall Score","MeanState","global","score","1","0.590461","45.0"
"EcosystemandCarbonCycle","GrossPrimaryProductivity","FLUXCOM","TEM","Benchmark Period Mean (intersection)","MeanState","global","scalar","Pg yr-1","108.514","75.0"
"EcosystemandCarbonCycle","GrossPrimaryProductivity","FLUXCOM","TEM","Benchmark Period Mean (complement)","MeanState","global","scalar","Pg yr-1","5.19566","75.0"
"EcosystemandCarbonCycle","GrossPrimaryProductivity","FLUXCOM","TEM","Period Mean (original grids)","MeanState","global","scalar","Pg yr-1","121.673","75.0"
"EcosystemandCarbonCycle","GrossPrimaryProductivity","FLUXCOM","TEM","Model Period Mean (intersection)","MeanState","global","scalar","Pg yr-1","114.231","75.0"
"EcosystemandCarbonCycle","GrossPrimaryProductivity","FLUXCOM","TEM","Model Period Mean (complement)","MeanState","global","scalar","Pg yr-1","7.44224","75.0"
"EcosystemandCarbonCycle","GrossPrimaryProductivity","FLUXCOM","TEM","Spatial Distribution Score","MeanState","global","score","1","0.862572","75.0"
"EcosystemandCarbonCycle","GrossPrimaryProductivity","FLUXCOM","TEM","Phase Shift","MeanState","global","scalar","months","1.07793","75.0"
"EcosystemandCarbonCycle","GrossPrimaryProductivity","FLUXCOM","TEM","Seasonal Cycle Score","MeanState","global","score","1","0.773407","75.0"
"EcosystemandCarbonCycle","GrossPrimaryProductivity","FLUXCOM","TEM","Bias","MeanState","global","scalar","g m-2 d-1","0.136656","75.0"
"EcosystemandCarbonCycle","GrossPrimaryProductivity","FLUXCOM","TEM","Bias Score","MeanState","global","score","1","0.465287","75.0"
"EcosystemandCarbonCycle","GrossPrimaryProductivity","FLUXCOM","TEM","RMSE","MeanState","global","scalar","g m-2 d-1","1.63513","75.0"
"EcosystemandCarbonCycle","GrossPrimaryProductivity","FLUXCOM","TEM","RMSE Score","MeanState","global","score","1","0.506504","75.0"
"EcosystemandCarbonCycle","GrossPrimaryProductivity","FLUXCOM","TEM","Overall Score","MeanState","global","score","1","0.622855","75.0"
"EcosystemandCarbonCycle","GrossPrimaryProductivity","FLUXCOM","TEM","Overall Score","Relationships","global","score","1","nan","75.0"
"EcosystemandCarbonCycle","GrossPrimaryProductivity","FLUXCOM","LPX-Bern","Benchmark Period Mean (intersection)","MeanState","global","scalar","Pg yr-1","109.201","75.0"
"EcosystemandCarbonCycle","GrossPrimaryProductivity","FLUXCOM","LPX-Bern","Benchmark Period Mean (complement)","MeanState","global","scalar","Pg yr-1","4.50952","75.0"
"EcosystemandCarbonCycle","GrossPrimaryProductivity","FLUXCOM","LPX-Bern","Period Mean (original grids)","MeanState","global","scalar","Pg yr-1","141.002","75.0"
"EcosystemandCarbonCycle","GrossPrimaryProductivity","FLUXCOM","LPX-Bern","Model Period Mean (intersection)","MeanState","global","scalar","Pg yr-1","138.31","75.0"
"EcosystemandCarbonCycle","GrossPrimaryProductivity","FLUXCOM","LPX-Bern","Model Period Mean (complement)","MeanState","global","scalar","Pg yr-1","2.69215","75.0"
"EcosystemandCarbonCycle","GrossPrimaryProductivity","FLUXCOM","LPX-Bern","Spatial Distribution Score","MeanState","global","score","1","0.955845","75.0"
"EcosystemandCarbonCycle","GrossPrimaryProductivity","FLUXCOM","LPX-Bern","Phase Shift","MeanState","global","scalar","months","1.07134","75.0"
"EcosystemandCarbonCycle","GrossPrimaryProductivity","FLUXCOM","LPX-Bern","Seasonal Cycle Score","MeanState","global","score","1","0.794231","75.0"
"EcosystemandCarbonCycle","GrossPrimaryProductivity","FLUXCOM","LPX-Bern","Bias","MeanState","global","scalar","g m-2 d-1","0.68991","75.0"
"EcosystemandCarbonCycle","GrossPrimaryProductivity","FLUXCOM","LPX-Bern","Bias Score","MeanState","global","score","1","0.490491","75.0"
"EcosystemandCarbonCycle","GrossPrimaryProductivity","FLUXCOM","LPX-Bern","RMSE","MeanState","global","scalar","g m-2 d-1","1.76401","75.0"
"EcosystemandCarbonCycle","GrossPrimaryProductivity","FLUXCOM","LPX-Bern","RMSE Score","MeanState","global","score","1","0.415425","75.0"
"EcosystemandCarbonCycle","GrossPrimaryProductivity","FLUXCOM","LPX-Bern","Overall Score","MeanState","global","score","1","0.614284","75.0"
"EcosystemandCarbonCycle","GrossPrimaryProductivity","FLUXCOM","LPX-Bern","Evapotranspiration|GLEAMv3.3a Hellinger Distance","Relationships","global","scalar","1","0.434826","75.0"
"EcosystemandCarbonCycle","GrossPrimaryProductivity","FLUXCOM","LPX-Bern","Evapotranspiration|GLEAMv3.3a Score","Relationships","global","score","1","0.473339","75.0"
"EcosystemandCarbonCycle","GrossPrimaryProductivity","FLUXCOM","LPX-Bern","Overall Score","Relationships","global","score","1","0.473339","75.0"
"EcosystemandCarbonCycle","GrossPrimaryProductivity","FLUXCOM","JULES-FireP0304","Benchmark Period Mean (intersection)","MeanState","global","scalar","Pg yr-1","113.184","75.0"
"EcosystemandCarbonCycle","GrossPrimaryProductivity","FLUXCOM","JULES-FireP0304","Benchmark Period Mean (complement)","MeanState","global","scalar","Pg yr-1","0.525944","75.0"
"EcosystemandCarbonCycle","GrossPrimaryProductivity","FLUXCOM","JULES-FireP0304","Period Mean (original grids)","MeanState","global","scalar","Pg yr-1","168.637","75.0"
"EcosystemandCarbonCycle","GrossPrimaryProductivity","FLUXCOM","JULES-FireP0304","Model Period Mean (intersection)","MeanState","global","scalar","Pg yr-1","140.195","75.0"
"EcosystemandCarbonCycle","GrossPrimaryProductivity","FLUXCOM","JULES-FireP0304","Model Period Mean (complement)","MeanState","global","scalar","Pg yr-1","25.7075","75.0"
"EcosystemandCarbonCycle","GrossPrimaryProductivity","FLUXCOM","JULES-FireP0304","Spatial Distribution Score","MeanState","global","score","1","0.891289","75.0"
"EcosystemandCarbonCycle","GrossPrimaryProductivity","FLUXCOM","JULES-FireP0304","Phase Shift","MeanState","global","scalar","months","1.22639","75.0"
"EcosystemandCarbonCycle","GrossPrimaryProductivity","FLUXCOM","JULES-FireP0304","Seasonal Cycle Score","MeanState","global","score","1","0.801321","75.0"
"EcosystemandCarbonCycle","GrossPrimaryProductivity","FLUXCOM","JULES-FireP0304","Bias","MeanState","global","scalar","g m-2 d-1","0.622772","75.0"
"EcosystemandCarbonCycle","GrossPrimaryProductivity","FLUXCOM","JULES-FireP0304","Bias Score","MeanState","global","score","1","0.430462","75.0"
"EcosystemandCarbonCycle","GrossPrimaryProductivity","FLUXCOM","JULES-FireP0304","RMSE","MeanState","global","scalar","g m-2 d-1","1.6121","75.0"
"EcosystemandCarbonCycle","GrossPrimaryProductivity","FLUXCOM","JULES-FireP0304","RMSE Score","MeanState","global","score","1","0.479993","75.0"
"EcosystemandCarbonCycle","GrossPrimaryProductivity","FLUXCOM","JULES-FireP0304","Overall Score","MeanState","global","score","1","0.616612","75.0"
"EcosystemandCarbonCycle","GrossPrimaryProductivity","FLUXCOM","JULES-FireP0304","Overall Score","Relationships","global","score","1","nan","75.0"
"EcosystemandCarbonCycle","GrossPrimaryProductivity","FLUXCOM","JULES-FireP0336","Benchmark Period Mean (intersection)","MeanState","global","scalar","Pg yr-1","113.184","75.0"
"EcosystemandCarbonCycle","GrossPrimaryProductivity","FLUXCOM","JULES-FireP0336","Benchmark Period Mean (complement)","MeanState","global","scalar","Pg yr-1","0.525944","75.0"
"EcosystemandCarbonCycle","GrossPrimaryProductivity","FLUXCOM","JULES-FireP0336","Period Mean (original grids)","MeanState","global","scalar","Pg yr-1","175.804","75.0"
"EcosystemandCarbonCycle","GrossPrimaryProductivity","FLUXCOM","JULES-FireP0336","Model Period Mean (intersection)","MeanState","global","scalar","Pg yr-1","146.671","75.0"
"EcosystemandCarbonCycle","GrossPrimaryProductivity","FLUXCOM","JULES-FireP0336","Model Period Mean (complement)","MeanState","global","scalar","Pg yr-1","26.3342","75.0"
"EcosystemandCarbonCycle","GrossPrimaryProductivity","FLUXCOM","JULES-FireP0336","Spatial Distribution Score","MeanState","global","score","1","0.889525","75.0"
"EcosystemandCarbonCycle","GrossPrimaryProductivity","FLUXCOM","JULES-FireP0336","Phase Shift","MeanState","global","scalar","months","1.23598","75.0"
"EcosystemandCarbonCycle","GrossPrimaryProductivity","FLUXCOM","JULES-FireP0336","Seasonal Cycle Score","MeanState","global","score","1","0.803575","75.0"
"EcosystemandCarbonCycle","GrossPrimaryProductivity","FLUXCOM","JULES-FireP0336","Bias","MeanState","global","scalar","g m-2 d-1","0.772179","75.0"
"EcosystemandCarbonCycle","GrossPrimaryProductivity","FLUXCOM","JULES-FireP0336","Bias Score","MeanState","global","score","1","0.419258","75.0"
"EcosystemandCarbonCycle","GrossPrimaryProductivity","FLUXCOM","JULES-FireP0336","RMSE","MeanState","global","scalar","g m-2 d-1","1.68802","75.0"
"EcosystemandCarbonCycle","GrossPrimaryProductivity","FLUXCOM","JULES-FireP0336","RMSE Score","MeanState","global","score","1","0.475405","75.0"
"EcosystemandCarbonCycle","GrossPrimaryProductivity","FLUXCOM","JULES-FireP0336","Overall Score","MeanState","global","score","1","0.612634","75.0"
"EcosystemandCarbonCycle","GrossPrimaryProductivity","FLUXCOM","JULES-FireP0336","Overall Score","Relationships","global","score","1","nan","75.0"
"EcosystemandCarbonCycle","GrossPrimaryProductivity","FLUXCOM","LPJ-EOSIM","Benchmark Period Mean (intersection)","MeanState","global","scalar","Pg yr-1","113.71","75.0"
"EcosystemandCarbonCycle","GrossPrimaryProductivity","FLUXCOM","LPJ-EOSIM","Benchmark Period Mean (complement)","MeanState","global","scalar","Pg yr-1","nan","75.0"
"EcosystemandCarbonCycle","GrossPrimaryProductivity","FLUXCOM","LPJ-EOSIM","Period Mean (original grids)","MeanState","global","scalar","Pg yr-1","117.424","75.0"
"EcosystemandCarbonCycle","GrossPrimaryProductivity","FLUXCOM","LPJ-EOSIM","Model Period Mean (intersection)","MeanState","global","scalar","Pg yr-1","117.146","75.0"
"EcosystemandCarbonCycle","GrossPrimaryProductivity","FLUXCOM","LPJ-EOSIM","Model Period Mean (complement)","MeanState","global","scalar","Pg yr-1","0.278543","75.0"
"EcosystemandCarbonCycle","GrossPrimaryProductivity","FLUXCOM","LPJ-EOSIM","Spatial Distribution Score","MeanState","global","score","1","0.96641","75.0"
"EcosystemandCarbonCycle","GrossPrimaryProductivity","FLUXCOM","LPJ-EOSIM","Phase Shift","MeanState","global","scalar","months","1.24219","75.0"
"EcosystemandCarbonCycle","GrossPrimaryProductivity","FLUXCOM","LPJ-EOSIM","Seasonal Cycle Score","MeanState","global","score","1","0.834414","75.0"
"EcosystemandCarbonCycle","GrossPrimaryProductivity","FLUXCOM","LPJ-EOSIM","Bias","MeanState","global","scalar","g m-2 d-1","0.0790042","75.0"
"EcosystemandCarbonCycle","GrossPrimaryProductivity","FLUXCOM","LPJ-EOSIM","Bias Score","MeanState","global","score","1","0.58819","75.0"
"EcosystemandCarbonCycle","GrossPrimaryProductivity","FLUXCOM","LPJ-EOSIM","RMSE","MeanState","global","scalar","g m-2 d-1","1.20832","75.0"
"EcosystemandCarbonCycle","GrossPrimaryProductivity","FLUXCOM","LPJ-EOSIM","RMSE Score","MeanState","global","score","1","0.479807","75.0"
"EcosystemandCarbonCycle","GrossPrimaryProductivity","FLUXCOM","LPJ-EOSIM","Overall Score","MeanState","global","score","1","0.669725","75.0"
"EcosystemandCarbonCycle","GrossPrimaryProductivity","FLUXCOM","LPJ-EOSIM","Evapotranspiration|GLEAMv3.3a Hellinger Distance","Relationships","global","scalar","1","0.63545","75.0"
"EcosystemandCarbonCycle","GrossPrimaryProductivity","FLUXCOM","LPJ-EOSIM","Evapotranspiration|GLEAMv3.3a Score","Relationships","global","score","1","0.884366","75.0"
"EcosystemandCarbonCycle","GrossPrimaryProductivity","FLUXCOM","LPJ-EOSIM","Overall Score","Relationships","global","score","1","0.884366","75.0"
"EcosystemandCarbonCycle","GrossPrimaryProductivity","FLUXCOM","JSBACH","Benchmark Period Mean (intersection)","MeanState","global","scalar","Pg yr-1","106.324","75.0"
"EcosystemandCarbonCycle","GrossPrimaryProductivity","FLUXCOM","JSBACH","Benchmark Period Mean (complement)","MeanState","global","scalar","Pg yr-1","7.38577","75.0"
"EcosystemandCarbonCycle","GrossPrimaryProductivity","FLUXCOM","JSBACH","Period Mean (original grids)","MeanState","global","scalar","Pg yr-1","123.741","75.0"
"EcosystemandCarbonCycle","GrossPrimaryProductivity","FLUXCOM","JSBACH","Model Period Mean (intersection)","MeanState","global","scalar","Pg yr-1","120.007","75.0"
"EcosystemandCarbonCycle","GrossPrimaryProductivity","FLUXCOM","JSBACH","Model Period Mean (complement)","MeanState","global","scalar","Pg yr-1","3.73325","75.0"
"EcosystemandCarbonCycle","GrossPrimaryProductivity","FLUXCOM","JSBACH","Spatial Distribution Score","MeanState","global","score","1","0.949185","75.0"
"EcosystemandCarbonCycle","GrossPrimaryProductivity","FLUXCOM","JSBACH","Phase Shift","MeanState","global","scalar","months","1.1093","75.0"
"EcosystemandCarbonCycle","GrossPrimaryProductivity","FLUXCOM","JSBACH","Seasonal Cycle Score","MeanState","global","score","1","0.793078","75.0"
"EcosystemandCarbonCycle","GrossPrimaryProductivity","FLUXCOM","JSBACH","Bias","MeanState","global","scalar","g m-2 d-1","0.330825","75.0"
"EcosystemandCarbonCycle","GrossPrimaryProductivity","FLUXCOM","JSBACH","Bias Score","MeanState","global","score","1","0.473571","75.0"
"EcosystemandCarbonCycle","GrossPrimaryProductivity","FLUXCOM","JSBACH","RMSE","MeanState","global","scalar","g m-2 d-1","1.49036","75.0"
"EcosystemandCarbonCycle","GrossPrimaryProductivity","FLUXCOM","JSBACH","RMSE Score","MeanState","global","score","1","0.455446","75.0"
"EcosystemandCarbonCycle","GrossPrimaryProductivity","FLUXCOM","JSBACH","Overall Score","MeanState","global","score","1","0.625345","75.0"
"EcosystemandCarbonCycle","GrossPrimaryProductivity","FLUXCOM","JSBACH","Evapotranspiration|GLEAMv3.3a Hellinger Distance","Relationships","global","scalar","1","0.685122","75.0"
"EcosystemandCarbonCycle","GrossPrimaryProductivity","FLUXCOM","JSBACH","Evapotranspiration|GLEAMv3.3a Score","Relationships","global","score","1","0.85009","75.0"
"EcosystemandCarbonCycle","GrossPrimaryProductivity","FLUXCOM","JSBACH","Overall Score","Relationships","global","score","1","0.85009","75.0"
"EcosystemandCarbonCycle","GrossPrimaryProductivity","FLUXCOM","CLM-FATES","Benchmark Period Mean (intersection)","MeanState","global","scalar","Pg yr-1","113.067","75.0"
"EcosystemandCarbonCycle","GrossPrimaryProductivity","FLUXCOM","CLM-FATES","Benchmark Period Mean (complement)","MeanState","global","scalar","Pg yr-1","0.642602","75.0"
"EcosystemandCarbonCycle","GrossPrimaryProductivity","FLUXCOM","CLM-FATES","Period Mean (original grids)","MeanState","global","scalar","Pg yr-1","139.901","75.0"
"EcosystemandCarbonCycle","GrossPrimaryProductivity","FLUXCOM","CLM-FATES","Model Period Mean (intersection)","MeanState","global","scalar","Pg yr-1","123.262","75.0"
"EcosystemandCarbonCycle","GrossPrimaryProductivity","FLUXCOM","CLM-FATES","Model Period Mean (complement)","MeanState","global","scalar","Pg yr-1","15.2033","75.0"
"EcosystemandCarbonCycle","GrossPrimaryProductivity","FLUXCOM","CLM-FATES","Spatial Distribution Score","MeanState","global","score","1","0.961392","75.0"
"EcosystemandCarbonCycle","GrossPrimaryProductivity","FLUXCOM","CLM-FATES","Phase Shift","MeanState","global","scalar","months","1.04703","75.0"
"EcosystemandCarbonCycle","GrossPrimaryProductivity","FLUXCOM","CLM-FATES","Seasonal Cycle Score","MeanState","global","score","1","0.847649","75.0"
"EcosystemandCarbonCycle","GrossPrimaryProductivity","FLUXCOM","CLM-FATES","Bias","MeanState","global","scalar","g m-2 d-1","0.231532","75.0"
"EcosystemandCarbonCycle","GrossPrimaryProductivity","FLUXCOM","CLM-FATES","Bias Score","MeanState","global","score","1","0.499499","75.0"
"EcosystemandCarbonCycle","GrossPrimaryProductivity","FLUXCOM","CLM-FATES","RMSE","MeanState","global","scalar","g m-2 d-1","1.31295","75.0"
"EcosystemandCarbonCycle","GrossPrimaryProductivity","FLUXCOM","CLM-FATES","RMSE Score","MeanState","global","score","1","0.568415","75.0"
"EcosystemandCarbonCycle","GrossPrimaryProductivity","FLUXCOM","CLM-FATES","Overall Score","MeanState","global","score","1","0.689074","75.0"
"EcosystemandCarbonCycle","GrossPrimaryProductivity","FLUXCOM","CLM-FATES","Evapotranspiration|GLEAMv3.3a Hellinger Distance","Relationships","global","scalar","1","0.652058","75.0"
"EcosystemandCarbonCycle","GrossPrimaryProductivity","FLUXCOM","CLM-FATES","Evapotranspiration|GLEAMv3.3a Score","Relationships","global","score","1","0.905711","75.0"
"EcosystemandCarbonCycle","GrossPrimaryProductivity","FLUXCOM","CLM-FATES","Overall Score","Relationships","global","score","1","0.905711","75.0"
"EcosystemandCarbonCycle","GrossPrimaryProductivity","FLUXCOM","LPJ-EOSIM-fixspitfire","Benchmark Period Mean (intersection)","MeanState","global","scalar","Pg yr-1","113.71","75.0"
"EcosystemandCarbonCycle","GrossPrimaryProductivity","FLUXCOM","LPJ-EOSIM-fixspitfire","Benchmark Period Mean (complement)","MeanState","global","scalar","Pg yr-1","nan","75.0"
"EcosystemandCarbonCycle","GrossPrimaryProductivity","FLUXCOM","LPJ-EOSIM-fixspitfire","Period Mean (original grids)","MeanState","global","scalar","Pg yr-1","116.934","75.0"
"EcosystemandCarbonCycle","GrossPrimaryProductivity","FLUXCOM","LPJ-EOSIM-fixspitfire","Model Period Mean (intersection)","MeanState","global","scalar","Pg yr-1","116.656","75.0"
"EcosystemandCarbonCycle","GrossPrimaryProductivity","FLUXCOM","LPJ-EOSIM-fixspitfire","Model Period Mean (complement)","MeanState","global","scalar","Pg yr-1","0.278598","75.0"
"EcosystemandCarbonCycle","GrossPrimaryProductivity","FLUXCOM","LPJ-EOSIM-fixspitfire","Spatial Distribution Score","MeanState","global","score","1","0.965656","75.0"
"EcosystemandCarbonCycle","GrossPrimaryProductivity","FLUXCOM","LPJ-EOSIM-fixspitfire","Phase Shift","MeanState","global","scalar","months","1.24477","75.0"
"EcosystemandCarbonCycle","GrossPrimaryProductivity","FLUXCOM","LPJ-EOSIM-fixspitfire","Seasonal Cycle Score","MeanState","global","score","1","0.834004","75.0"
"EcosystemandCarbonCycle","GrossPrimaryProductivity","FLUXCOM","LPJ-EOSIM-fixspitfire","Bias","MeanState","global","scalar","g m-2 d-1","0.067738","75.0"
"EcosystemandCarbonCycle","GrossPrimaryProductivity","FLUXCOM","LPJ-EOSIM-fixspitfire","Bias Score","MeanState","global","score","1","0.586508","75.0"
"EcosystemandCarbonCycle","GrossPrimaryProductivity","FLUXCOM","LPJ-EOSIM-fixspitfire","RMSE","MeanState","global","scalar","g m-2 d-1","1.21144","75.0"
"EcosystemandCarbonCycle","GrossPrimaryProductivity","FLUXCOM","LPJ-EOSIM-fixspitfire","RMSE Score","MeanState","global","score","1","0.479369","75.0"
"EcosystemandCarbonCycle","GrossPrimaryProductivity","FLUXCOM","LPJ-EOSIM-fixspitfire","Overall Score","MeanState","global","score","1","0.668981","75.0"
"EcosystemandCarbonCycle","GrossPrimaryProductivity","FLUXCOM","LPJ-EOSIM-fixspitfire","Evapotranspiration|GLEAMv3.3a Hellinger Distance","Relationships","global","scalar","1","0.636896","75.0"
"EcosystemandCarbonCycle","GrossPrimaryProductivity","FLUXCOM","LPJ-EOSIM-fixspitfire","Evapotranspiration|GLEAMv3.3a Score","Relationships","global","score","1","0.884743","75.0"
"EcosystemandCarbonCycle","GrossPrimaryProductivity","FLUXCOM","LPJ-EOSIM-fixspitfire","Overall Score","Relationships","global","score","1","0.884743","75.0"
"EcosystemandCarbonCycle","GrossPrimaryProductivity","FLUXCOM","DLEM","Benchmark Period Mean (intersection)","MeanState","global","scalar","Pg yr-1","113.71","75.0"
"EcosystemandCarbonCycle","GrossPrimaryProductivity","FLUXCOM","DLEM","Benchmark Period Mean (complement)","MeanState","global","scalar","Pg yr-1","nan","75.0"
"EcosystemandCarbonCycle","GrossPrimaryProductivity","FLUXCOM","DLEM","Period Mean (original grids)","MeanState","global","scalar","Pg yr-1","149.367","75.0"
"EcosystemandCarbonCycle","GrossPrimaryProductivity","FLUXCOM","DLEM","Model Period Mean (intersection)","MeanState","global","scalar","Pg yr-1","149.081","75.0"
"EcosystemandCarbonCycle","GrossPrimaryProductivity","FLUXCOM","DLEM","Model Period Mean (complement)","MeanState","global","scalar","Pg yr-1","0.286233","75.0"
"EcosystemandCarbonCycle","GrossPrimaryProductivity","FLUXCOM","DLEM","Spatial Distribution Score","MeanState","global","score","1","0.8432","75.0"
"EcosystemandCarbonCycle","GrossPrimaryProductivity","FLUXCOM","DLEM","Phase Shift","MeanState","global","scalar","months","0.9964","75.0"
"EcosystemandCarbonCycle","GrossPrimaryProductivity","FLUXCOM","DLEM","Seasonal Cycle Score","MeanState","global","score","1","0.834254","75.0"
"EcosystemandCarbonCycle","GrossPrimaryProductivity","FLUXCOM","DLEM","Bias","MeanState","global","scalar","g m-2 d-1","0.813416","75.0"
"EcosystemandCarbonCycle","GrossPrimaryProductivity","FLUXCOM","DLEM","Bias Score","MeanState","global","score","1","0.362963","75.0"
"EcosystemandCarbonCycle","GrossPrimaryProductivity","FLUXCOM","DLEM","RMSE","MeanState","global","scalar","g m-2 d-1","1.82207","75.0"
"EcosystemandCarbonCycle","GrossPrimaryProductivity","FLUXCOM","DLEM","RMSE Score","MeanState","global","score","1","0.485381","75.0"
"EcosystemandCarbonCycle","GrossPrimaryProductivity","FLUXCOM","DLEM","Overall Score","MeanState","global","score","1","0.602236","75.0"
"EcosystemandCarbonCycle","GrossPrimaryProductivity","FLUXCOM","DLEM","Overall Score","Relationships","global","score","1","nan","75.0"
"EcosystemandCarbonCycle","GrossPrimaryProductivity","FLUXCOM","JULES-noFire","Benchmark Period Mean (intersection)","MeanState","global","scalar","Pg yr-1","113.184","75.0"
"EcosystemandCarbonCycle","GrossPrimaryProductivity","FLUXCOM","JULES-noFire","Benchmark Period Mean (complement)","MeanState","global","scalar","Pg yr-1","0.525944","75.0"
"EcosystemandCarbonCycle","GrossPrimaryProductivity","FLUXCOM","JULES-noFire","Period Mean (original grids)","MeanState","global","scalar","Pg yr-1","185.589","75.0"
"EcosystemandCarbonCycle","GrossPrimaryProductivity","FLUXCOM","JULES-noFire","Model Period Mean (intersection)","MeanState","global","scalar","Pg yr-1","155.901","75.0"
"EcosystemandCarbonCycle","GrossPrimaryProductivity","FLUXCOM","JULES-noFire","Model Period Mean (complement)","MeanState","global","scalar","Pg yr-1","26.8488","75.0"
"EcosystemandCarbonCycle","GrossPrimaryProductivity","FLUXCOM","JULES-noFire","Spatial Distribution Score","MeanState","global","score","1","0.877809","75.0"
"EcosystemandCarbonCycle","GrossPrimaryProductivity","FLUXCOM","JULES-noFire","Phase Shift","MeanState","global","scalar","months","1.0436","75.0"
"EcosystemandCarbonCycle","GrossPrimaryProductivity","FLUXCOM","JULES-noFire","Seasonal Cycle Score","MeanState","global","score","1","0.817364","75.0"
"EcosystemandCarbonCycle","GrossPrimaryProductivity","FLUXCOM","JULES-noFire","Bias","MeanState","global","scalar","g m-2 d-1","0.985058","75.0"
"EcosystemandCarbonCycle","GrossPrimaryProductivity","FLUXCOM","JULES-noFire","Bias Score","MeanState","global","score","1","0.398335","75.0"
"EcosystemandCarbonCycle","GrossPrimaryProductivity","FLUXCOM","JULES-noFire","RMSE","MeanState","global","scalar","g m-2 d-1","1.72859","75.0"
"EcosystemandCarbonCycle","GrossPrimaryProductivity","FLUXCOM","JULES-noFire","RMSE Score","MeanState","global","score","1","0.490437","75.0"
"EcosystemandCarbonCycle","GrossPrimaryProductivity","FLUXCOM","JULES-noFire","Overall Score","MeanState","global","score","1","0.614876","75.0"
"EcosystemandCarbonCycle","GrossPrimaryProductivity","FLUXCOM","JULES-noFire","Overall Score","Relationships","global","score","1","nan","75.0"
"EcosystemandCarbonCycle","GrossPrimaryProductivity","FLUXCOM","CLM","Benchmark Period Mean (intersection)","MeanState","global","scalar","Pg yr-1","113.709","75.0"
"EcosystemandCarbonCycle","GrossPrimaryProductivity","FLUXCOM","CLM","Benchmark Period Mean (complement)","MeanState","global","scalar","Pg yr-1","0.000969047","75.0"
"EcosystemandCarbonCycle","GrossPrimaryProductivity","FLUXCOM","CLM","Period Mean (original grids)","MeanState","global","scalar","Pg yr-1","158.686","75.0"
"EcosystemandCarbonCycle","GrossPrimaryProductivity","FLUXCOM","CLM","Model Period Mean (intersection)","MeanState","global","scalar","Pg yr-1","129.678","75.0"
"EcosystemandCarbonCycle","GrossPrimaryProductivity","FLUXCOM","CLM","Model Period Mean (complement)","MeanState","global","scalar","Pg yr-1","29.0086","75.0"
"EcosystemandCarbonCycle","GrossPrimaryProductivity","FLUXCOM","CLM","Spatial Distribution Score","MeanState","global","score","1","0.970914","75.0"
"EcosystemandCarbonCycle","GrossPrimaryProductivity","FLUXCOM","CLM","Phase Shift","MeanState","global","scalar","months","0.886221","75.0"
"EcosystemandCarbonCycle","GrossPrimaryProductivity","FLUXCOM","CLM","Seasonal Cycle Score","MeanState","global","score","1","0.875882","75.0"
"EcosystemandCarbonCycle","GrossPrimaryProductivity","FLUXCOM","CLM","Bias","MeanState","global","scalar","g m-2 d-1","0.367234","75.0"
"EcosystemandCarbonCycle","GrossPrimaryProductivity","FLUXCOM","CLM","Bias Score","MeanState","global","score","1","0.562422","75.0"
"EcosystemandCarbonCycle","GrossPrimaryProductivity","FLUXCOM","CLM","RMSE","MeanState","global","scalar","g m-2 d-1","1.31714","75.0"
"EcosystemandCarbonCycle","GrossPrimaryProductivity","FLUXCOM","CLM","RMSE Score","MeanState","global","score","1","0.561671","75.0"
"EcosystemandCarbonCycle","GrossPrimaryProductivity","FLUXCOM","CLM","Overall Score","MeanState","global","score","1","0.706512","75.0"
"EcosystemandCarbonCycle","GrossPrimaryProductivity","FLUXCOM","CLM","Evapotranspiration|GLEAMv3.3a Hellinger Distance","Relationships","global","scalar","1","0.639072","75.0"
"EcosystemandCarbonCycle","GrossPrimaryProductivity","FLUXCOM","CLM","Evapotranspiration|GLEAMv3.3a Score","Relationships","global","score","1","0.900452","75.0"
"EcosystemandCarbonCycle","GrossPrimaryProductivity","FLUXCOM","CLM","Overall Score","Relationships","global","score","1","0.900452","75.0"
"EcosystemandCarbonCycle","NetEcosystemExchange","FLUXNET2015","JULES-noFire","Period Mean (original grids)","MeanState","global","scalar","g m-2 d-1","-0.0608359","24.0"
"EcosystemandCarbonCycle","NetEcosystemExchange","FLUXNET2015","JULES-noFire","Bias","MeanState","global","scalar","g m-2 d-1","0.607977","24.0"
"EcosystemandCarbonCycle","NetEcosystemExchange","FLUXNET2015","JULES-noFire","Bias Score","MeanState","global","score","1","0.43063","24.0"
"EcosystemandCarbonCycle","NetEcosystemExchange","FLUXNET2015","JULES-noFire","Phase Shift","MeanState","global","scalar","months","1.89911","24.0"
"EcosystemandCarbonCycle","NetEcosystemExchange","FLUXNET2015","JULES-noFire","Seasonal Cycle Score","MeanState","global","score","1","0.648163","24.0"
"EcosystemandCarbonCycle","NetEcosystemExchange","FLUXNET2015","JULES-noFire","RMSE","MeanState","global","scalar","g m-2 d-1","1.7525","24.0"
"EcosystemandCarbonCycle","NetEcosystemExchange","FLUXNET2015","JULES-noFire","RMSE Score","MeanState","global","score","1","0.391035","24.0"
"EcosystemandCarbonCycle","NetEcosystemExchange","FLUXNET2015","JULES-noFire","Overall Score","MeanState","global","score","1","0.465216","24.0"
"EcosystemandCarbonCycle","NetEcosystemExchange","FLUXNET2015","CLM","Period Mean (original grids)","MeanState","global","scalar","g m-2 d-1","-0.0337845","24.0"
"EcosystemandCarbonCycle","NetEcosystemExchange","FLUXNET2015","CLM","Bias","MeanState","global","scalar","g m-2 d-1","0.635028","24.0"
"EcosystemandCarbonCycle","NetEcosystemExchange","FLUXNET2015","CLM","Bias Score","MeanState","global","score","1","0.419133","24.0"
"EcosystemandCarbonCycle","NetEcosystemExchange","FLUXNET2015","CLM","Phase Shift","MeanState","global","scalar","months","1.98114","24.0"
"EcosystemandCarbonCycle","NetEcosystemExchange","FLUXNET2015","CLM","Seasonal Cycle Score","MeanState","global","score","1","0.744179","24.0"
"EcosystemandCarbonCycle","NetEcosystemExchange","FLUXNET2015","CLM","RMSE","MeanState","global","scalar","g m-2 d-1","1.7171","24.0"
"EcosystemandCarbonCycle","NetEcosystemExchange","FLUXNET2015","CLM","RMSE Score","MeanState","global","score","1","0.416378","24.0"
"EcosystemandCarbonCycle","NetEcosystemExchange","FLUXNET2015","CLM","Overall Score","MeanState","global","score","1","0.499017","24.0"
"EcosystemandCarbonCycle","NetEcosystemExchange","FLUXNET2015","JULES-FireP0249","Period Mean (original grids)","MeanState","global","scalar","g m-2 d-1","-0.0573071","24.0"
"EcosystemandCarbonCycle","NetEcosystemExchange","FLUXNET2015","JULES-FireP0249","Bias","MeanState","global","scalar","g m-2 d-1","0.611505","24.0"
"EcosystemandCarbonCycle","NetEcosystemExchange","FLUXNET2015","JULES-FireP0249","Bias Score","MeanState","global","score","1","0.428133","24.0"
"EcosystemandCarbonCycle","NetEcosystemExchange","FLUXNET2015","JULES-FireP0249","Phase Shift","MeanState","global","scalar","months","1.9535","24.0"
"EcosystemandCarbonCycle","NetEcosystemExchange","FLUXNET2015","JULES-FireP0249","Seasonal Cycle Score","MeanState","global","score","1","0.641979","24.0"
"EcosystemandCarbonCycle","NetEcosystemExchange","FLUXNET2015","JULES-FireP0249","RMSE","MeanState","global","scalar","g m-2 d-1","1.75631","24.0"
"EcosystemandCarbonCycle","NetEcosystemExchange","FLUXNET2015","JULES-FireP0249","RMSE Score","MeanState","global","score","1","0.389081","24.0"
"EcosystemandCarbonCycle","NetEcosystemExchange","FLUXNET2015","JULES-FireP0249","Overall Score","MeanState","global","score","1","0.462069","24.0"
"EcosystemandCarbonCycle","NetEcosystemExchange","FLUXNET2015","JULES-FireP0304","Period Mean (original grids)","MeanState","global","scalar","g m-2 d-1","-0.0616335","24.0"
"EcosystemandCarbonCycle","NetEcosystemExchange","FLUXNET2015","JULES-FireP0304","Bias","MeanState","global","scalar","g m-2 d-1","0.607179","24.0"
"EcosystemandCarbonCycle","NetEcosystemExchange","FLUXNET2015","JULES-FireP0304","Bias Score","MeanState","global","score","1","0.429932","24.0"
"EcosystemandCarbonCycle","NetEcosystemExchange","FLUXNET2015","JULES-FireP0304","Phase Shift","MeanState","global","scalar","months","1.89967","24.0"
"EcosystemandCarbonCycle","NetEcosystemExchange","FLUXNET2015","JULES-FireP0304","Seasonal Cycle Score","MeanState","global","score","1","0.659141","24.0"
"EcosystemandCarbonCycle","NetEcosystemExchange","FLUXNET2015","JULES-FireP0304","RMSE","MeanState","global","scalar","g m-2 d-1","1.74898","24.0"
"EcosystemandCarbonCycle","NetEcosystemExchange","FLUXNET2015","JULES-FireP0304","RMSE Score","MeanState","global","score","1","0.389318","24.0"
"EcosystemandCarbonCycle","NetEcosystemExchange","FLUXNET2015","JULES-FireP0304","Overall Score","MeanState","global","score","1","0.466927","24.0"
"EcosystemandCarbonCycle","NetEcosystemExchange","FLUXNET2015","LPJ-EOSIM-fixspitfire","Period Mean (original grids)","MeanState","global","scalar","g m-2 d-1","-0.0716889","24.0"
"EcosystemandCarbonCycle","NetEcosystemExchange","FLUXNET2015","LPJ-EOSIM-fixspitfire","Bias","MeanState","global","scalar","g m-2 d-1","0.596959","24.0"
"EcosystemandCarbonCycle","NetEcosystemExchange","FLUXNET2015","LPJ-EOSIM-fixspitfire","Bias Score","MeanState","global","score","1","0.431278","24.0"
"EcosystemandCarbonCycle","NetEcosystemExchange","FLUXNET2015","LPJ-EOSIM-fixspitfire","Phase Shift","MeanState","global","scalar","months","1.99002","24.0"
"EcosystemandCarbonCycle","NetEcosystemExchange","FLUXNET2015","LPJ-EOSIM-fixspitfire","Seasonal Cycle Score","MeanState","global","score","1","0.641224","24.0"
"EcosystemandCarbonCycle","NetEcosystemExchange","FLUXNET2015","LPJ-EOSIM-fixspitfire","RMSE","MeanState","global","scalar","g m-2 d-1","1.89996","24.0"
"EcosystemandCarbonCycle","NetEcosystemExchange","FLUXNET2015","LPJ-EOSIM-fixspitfire","RMSE Score","MeanState","global","score","1","0.340795","24.0"
"EcosystemandCarbonCycle","NetEcosystemExchange","FLUXNET2015","LPJ-EOSIM-fixspitfire","Overall Score","MeanState","global","score","1","0.438523","24.0"
"EcosystemandCarbonCycle","NetEcosystemExchange","FLUXNET2015","JSBACH","Period Mean (original grids)","MeanState","global","scalar","g m-2 d-1","-0.0678838","24.0"
"EcosystemandCarbonCycle","NetEcosystemExchange","FLUXNET2015","JSBACH","Bias","MeanState","global","scalar","g m-2 d-1","0.597715","24.0"
"EcosystemandCarbonCycle","NetEcosystemExchange","FLUXNET2015","JSBACH","Bias Score","MeanState","global","score","1","0.433595","24.0"
"EcosystemandCarbonCycle","NetEcosystemExchange","FLUXNET2015","JSBACH","Phase Shift","MeanState","global","scalar","months","1.90615","24.0"
"EcosystemandCarbonCycle","NetEcosystemExchange","FLUXNET2015","JSBACH","Seasonal Cycle Score","MeanState","global","score","1","0.638803","24.0"
"EcosystemandCarbonCycle","NetEcosystemExchange","FLUXNET2015","JSBACH","RMSE","MeanState","global","scalar","g m-2 d-1","1.77706","24.0"
"EcosystemandCarbonCycle","NetEcosystemExchange","FLUXNET2015","JSBACH","RMSE Score","MeanState","global","score","1","0.395965","24.0"
"EcosystemandCarbonCycle","NetEcosystemExchange","FLUXNET2015","JSBACH","Overall Score","MeanState","global","score","1","0.466082","24.0"
"EcosystemandCarbonCycle","NetEcosystemExchange","FLUXNET2015","CLM-FATES","Period Mean (original grids)","MeanState","global","scalar","g m-2 d-1","-0.0560785","24.0"
"EcosystemandCarbonCycle","NetEcosystemExchange","FLUXNET2015","CLM-FATES","Bias","MeanState","global","scalar","g m-2 d-1","0.607021","24.0"
"EcosystemandCarbonCycle","NetEcosystemExchange","FLUXNET2015","CLM-FATES","Bias Score","MeanState","global","score","1","0.434217","24.0"
"EcosystemandCarbonCycle","NetEcosystemExchange","FLUXNET2015","CLM-FATES","Phase Shift","MeanState","global","scalar","months","1.95784","24.0"
"EcosystemandCarbonCycle","NetEcosystemExchange","FLUXNET2015","CLM-FATES","Seasonal Cycle Score","MeanState","global","score","1","0.772797","24.0"
"EcosystemandCarbonCycle","NetEcosystemExchange","FLUXNET2015","CLM-FATES","RMSE","MeanState","global","scalar","g m-2 d-1","1.72882","24.0"
"EcosystemandCarbonCycle","NetEcosystemExchange","FLUXNET2015","CLM-FATES","RMSE Score","MeanState","global","score","1","0.413119","24.0"
"EcosystemandCarbonCycle","NetEcosystemExchange","FLUXNET2015","CLM-FATES","Overall Score","MeanState","global","score","1","0.508313","24.0"
"EcosystemandCarbonCycle","NetEcosystemExchange","FLUXNET2015","LPJ-EOSIM","Period Mean (original grids)","MeanState","global","scalar","g m-2 d-1","-0.0678724","24.0"
"EcosystemandCarbonCycle","NetEcosystemExchange","FLUXNET2015","LPJ-EOSIM","Bias","MeanState","global","scalar","g m-2 d-1","0.600775","24.0"
"EcosystemandCarbonCycle","NetEcosystemExchange","FLUXNET2015","LPJ-EOSIM","Bias Score","MeanState","global","score","1","0.428659","24.0"
"EcosystemandCarbonCycle","NetEcosystemExchange","FLUXNET2015","LPJ-EOSIM","Phase Shift","MeanState","global","scalar","months","1.98498","24.0"
"EcosystemandCarbonCycle","NetEcosystemExchange","FLUXNET2015","LPJ-EOSIM","Seasonal Cycle Score","MeanState","global","score","1","0.642081","24.0"
"EcosystemandCarbonCycle","NetEcosystemExchange","FLUXNET2015","LPJ-EOSIM","RMSE","MeanState","global","scalar","g m-2 d-1","1.90491","24.0"
"EcosystemandCarbonCycle","NetEcosystemExchange","FLUXNET2015","LPJ-EOSIM","RMSE Score","MeanState","global","score","1","0.339641","24.0"
"EcosystemandCarbonCycle","NetEcosystemExchange","FLUXNET2015","LPJ-EOSIM","Overall Score","MeanState","global","score","1","0.437506","24.0"
"EcosystemandCarbonCycle","NetEcosystemExchange","FLUXNET2015","LPX-Bern","Period Mean (original grids)","MeanState","global","scalar","g m-2 d-1","-0.0359568","24.0"
"EcosystemandCarbonCycle","NetEcosystemExchange","FLUXNET2015","LPX-Bern","Bias","MeanState","global","scalar","g m-2 d-1","0.642362","24.0"
"EcosystemandCarbonCycle","NetEcosystemExchange","FLUXNET2015","LPX-Bern","Bias Score","MeanState","global","score","1","0.423354","24.0"
"EcosystemandCarbonCycle","NetEcosystemExchange","FLUXNET2015","LPX-Bern","Phase Shift","MeanState","global","scalar","months","1.99509","24.0"
"EcosystemandCarbonCycle","NetEcosystemExchange","FLUXNET2015","LPX-Bern","Seasonal Cycle Score","MeanState","global","score","1","0.740835","24.0"
"EcosystemandCarbonCycle","NetEcosystemExchange","FLUXNET2015","LPX-Bern","RMSE","MeanState","global","scalar","g m-2 d-1","1.90522","24.0"
"EcosystemandCarbonCycle","NetEcosystemExchange","FLUXNET2015","LPX-Bern","RMSE Score","MeanState","global","score","1","0.384917","24.0"
"EcosystemandCarbonCycle","NetEcosystemExchange","FLUXNET2015","LPX-Bern","Overall Score","MeanState","global","score","1","0.483506","24.0"
"EcosystemandCarbonCycle","NetEcosystemExchange","FLUXNET2015","JULES-FireP0336","Period Mean (original grids)","MeanState","global","scalar","g m-2 d-1","-0.0529618","24.0"
"EcosystemandCarbonCycle","NetEcosystemExchange","FLUXNET2015","JULES-FireP0336","Bias","MeanState","global","scalar","g m-2 d-1","0.615851","24.0"
"EcosystemandCarbonCycle","NetEcosystemExchange","FLUXNET2015","JULES-FireP0336","Bias Score","MeanState","global","score","1","0.42729","24.0"
"EcosystemandCarbonCycle","NetEcosystemExchange","FLUXNET2015","JULES-FireP0336","Phase Shift","MeanState","global","scalar","months","1.9439","24.0"
"EcosystemandCarbonCycle","NetEcosystemExchange","FLUXNET2015","JULES-FireP0336","Seasonal Cycle Score","MeanState","global","score","1","0.656628","24.0"
"EcosystemandCarbonCycle","NetEcosystemExchange","FLUXNET2015","JULES-FireP0336","RMSE","MeanState","global","scalar","g m-2 d-1","1.77091","24.0"
"EcosystemandCarbonCycle","NetEcosystemExchange","FLUXNET2015","JULES-FireP0336","RMSE Score","MeanState","global","score","1","0.382839","24.0"
"EcosystemandCarbonCycle","NetEcosystemExchange","FLUXNET2015","JULES-FireP0336","Overall Score","MeanState","global","score","1","0.462399","24.0"
"EcosystemandCarbonCycle","NetEcosystemExchange","FLUXNET2015","TEM","Period Mean (original grids)","MeanState","global","scalar","g m-2 d-1","-0.0375947","24.0"
"EcosystemandCarbonCycle","NetEcosystemExchange","FLUXNET2015","TEM","Bias","MeanState","global","scalar","g m-2 d-1","0.65037","24.0"
"EcosystemandCarbonCycle","NetEcosystemExchange","FLUXNET2015","TEM","Bias Score","MeanState","global","score","1","0.418897","24.0"
"EcosystemandCarbonCycle","NetEcosystemExchange","FLUXNET2015","TEM","Phase Shift","MeanState","global","scalar","months","2.80352","24.0"
"EcosystemandCarbonCycle","NetEcosystemExchange","FLUXNET2015","TEM","Seasonal Cycle Score","MeanState","global","score","1","0.583458","24.0"
"EcosystemandCarbonCycle","NetEcosystemExchange","FLUXNET2015","TEM","RMSE","MeanState","global","scalar","g m-2 d-1","1.92121","24.0"
"EcosystemandCarbonCycle","NetEcosystemExchange","FLUXNET2015","TEM","RMSE Score","MeanState","global","score","1","0.392833","24.0"
"EcosystemandCarbonCycle","NetEcosystemExchange","FLUXNET2015","TEM","Overall Score","MeanState","global","score","1","0.447005","24.0"
"EcosystemandCarbonCycle","NetEcosystemExchange","FLUXNET2015","JULES-FireP0005","Period Mean (original grids)","MeanState","global","scalar","g m-2 d-1","-0.0599044","24.0"
"EcosystemandCarbonCycle","NetEcosystemExchange","FLUXNET2015","JULES-FireP0005","Bias","MeanState","global","scalar","g m-2 d-1","0.608908","24.0"
"EcosystemandCarbonCycle","NetEcosystemExchange","FLUXNET2015","JULES-FireP0005","Bias Score","MeanState","global","score","1","0.429237","24.0"
"EcosystemandCarbonCycle","NetEcosystemExchange","FLUXNET2015","JULES-FireP0005","Phase Shift","MeanState","global","scalar","months","1.96382","24.0"
"EcosystemandCarbonCycle","NetEcosystemExchange","FLUXNET2015","JULES-FireP0005","Seasonal Cycle Score","MeanState","global","score","1","0.636882","24.0"
"EcosystemandCarbonCycle","NetEcosystemExchange","FLUXNET2015","JULES-FireP0005","RMSE","MeanState","global","scalar","g m-2 d-1","1.74694","24.0"
"EcosystemandCarbonCycle","NetEcosystemExchange","FLUXNET2015","JULES-FireP0005","RMSE Score","MeanState","global","score","1","0.390416","24.0"
"EcosystemandCarbonCycle","NetEcosystemExchange","FLUXNET2015","JULES-FireP0005","Overall Score","MeanState","global","score","1","0.461738","24.0"
"EcosystemandCarbonCycle","NetEcosystemExchange","FLUXNET2015","DLEM","Period Mean (original grids)","MeanState","global","scalar","g m-2 d-1","-0.0729323","24.0"
"EcosystemandCarbonCycle","NetEcosystemExchange","FLUXNET2015","DLEM","Bias","MeanState","global","scalar","g m-2 d-1","0.59588","24.0"
"EcosystemandCarbonCycle","NetEcosystemExchange","FLUXNET2015","DLEM","Bias Score","MeanState","global","score","1","0.434442","24.0"
"EcosystemandCarbonCycle","NetEcosystemExchange","FLUXNET2015","DLEM","Phase Shift","MeanState","global","scalar","months","2.2961","24.0"
"EcosystemandCarbonCycle","NetEcosystemExchange","FLUXNET2015","DLEM","Seasonal Cycle Score","MeanState","global","score","1","0.725359","24.0"
"EcosystemandCarbonCycle","NetEcosystemExchange","FLUXNET2015","DLEM","RMSE","MeanState","global","scalar","g m-2 d-1","2.113","24.0"
"EcosystemandCarbonCycle","NetEcosystemExchange","FLUXNET2015","DLEM","RMSE Score","MeanState","global","score","1","0.324655","24.0"
"EcosystemandCarbonCycle","NetEcosystemExchange","FLUXNET2015","DLEM","Overall Score","MeanState","global","score","1","0.452278","24.0"
"HydrologyCycle","BurnedArea","GFED4.1S","LPX-Bern","Benchmark Period Mean (intersection)","MeanState","global","scalar","%","0.334926","75.0"
"HydrologyCycle","BurnedArea","GFED4.1S","LPX-Bern","Benchmark Period Mean (complement)","MeanState","global","scalar","%","0.0571459","75.0"
"HydrologyCycle","BurnedArea","GFED4.1S","LPX-Bern","Period Mean (original grids)","MeanState","global","scalar","%","0.0775274","75.0"
"HydrologyCycle","BurnedArea","GFED4.1S","LPX-Bern","Model Period Mean (intersection)","MeanState","global","scalar","%","0.08575","75.0"
"HydrologyCycle","BurnedArea","GFED4.1S","LPX-Bern","Model Period Mean (complement)","MeanState","global","scalar","%","0.0154249","75.0"
"HydrologyCycle","BurnedArea","GFED4.1S","LPX-Bern","Spatial Distribution Score","MeanState","global","score","1","0.0665978","75.0"
"HydrologyCycle","BurnedArea","GFED4.1S","LPX-Bern","Phase Shift","MeanState","global","scalar","months","2.08714","75.0"
"HydrologyCycle","BurnedArea","GFED4.1S","LPX-Bern","Seasonal Cycle Score","MeanState","global","score","1","0.682879","75.0"
"HydrologyCycle","BurnedArea","GFED4.1S","LPX-Bern","Bias","MeanState","global","scalar","%","-0.249176","75.0"
"HydrologyCycle","BurnedArea","GFED4.1S","LPX-Bern","Bias Score","MeanState","global","score","1","0.622514","75.0"
"HydrologyCycle","BurnedArea","GFED4.1S","LPX-Bern","RMSE","MeanState","global","scalar","%","0.647239","75.0"
"HydrologyCycle","BurnedArea","GFED4.1S","LPX-Bern","RMSE Score","MeanState","global","score","1","0.489281","75.0"
"HydrologyCycle","BurnedArea","GFED4.1S","LPX-Bern","Overall Score","MeanState","global","score","1","0.47011","75.0"
"HydrologyCycle","BurnedArea","GFED4.1S","JULES-FireP0304","Benchmark Period Mean (intersection)","MeanState","global","scalar","%","0.322687","75.0"
"HydrologyCycle","BurnedArea","GFED4.1S","JULES-FireP0304","Benchmark Period Mean (complement)","MeanState","global","scalar","%","0.050642","75.0"
"HydrologyCycle","BurnedArea","GFED4.1S","JULES-FireP0304","Period Mean (original grids)","MeanState","global","scalar","%","0.0887123","75.0"
"HydrologyCycle","BurnedArea","GFED4.1S","JULES-FireP0304","Model Period Mean (intersection)","MeanState","global","scalar","%","0.101292","75.0"
"HydrologyCycle","BurnedArea","GFED4.1S","JULES-FireP0304","Model Period Mean (complement)","MeanState","global","scalar","%","0.0305659","75.0"
"HydrologyCycle","BurnedArea","GFED4.1S","JULES-FireP0304","Spatial Distribution Score","MeanState","global","score","1","0.0382807","75.0"
"HydrologyCycle","BurnedArea","GFED4.1S","JULES-FireP0304","Phase Shift","MeanState","global","scalar","months","2.45208","75.0"
"HydrologyCycle","BurnedArea","GFED4.1S","JULES-FireP0304","Seasonal Cycle Score","MeanState","global","score","1","0.61544","75.0"
"HydrologyCycle","BurnedArea","GFED4.1S","JULES-FireP0304","Bias","MeanState","global","scalar","%","-0.221165","75.0"
"HydrologyCycle","BurnedArea","GFED4.1S","JULES-FireP0304","Bias Score","MeanState","global","score","1","0.583049","75.0"
"HydrologyCycle","BurnedArea","GFED4.1S","JULES-FireP0304","RMSE","MeanState","global","scalar","%","0.655505","75.0"
"HydrologyCycle","BurnedArea","GFED4.1S","JULES-FireP0304","RMSE Score","MeanState","global","score","1","0.439866","75.0"
"HydrologyCycle","BurnedArea","GFED4.1S","JULES-FireP0304","Overall Score","MeanState","global","score","1","0.4233","75.0"
"HydrologyCycle","BurnedArea","GFED4.1S","JSBACH","Benchmark Period Mean (intersection)","MeanState","global","scalar","%","0.341182","75.0"
"HydrologyCycle","BurnedArea","GFED4.1S","JSBACH","Benchmark Period Mean (complement)","MeanState","global","scalar","%","0.066741","75.0"
"HydrologyCycle","BurnedArea","GFED4.1S","JSBACH","Period Mean (original grids)","MeanState","global","scalar","%","0.117098","75.0"
"HydrologyCycle","BurnedArea","GFED4.1S","JSBACH","Model Period Mean (intersection)","MeanState","global","scalar","%","0.131367","75.0"
"HydrologyCycle","BurnedArea","GFED4.1S","JSBACH","Model Period Mean (complement)","MeanState","global","scalar","%","0.0186113","75.0"
"HydrologyCycle","BurnedArea","GFED4.1S","JSBACH","Spatial Distribution Score","MeanState","global","score","1","0.255065","75.0"
"HydrologyCycle","BurnedArea","GFED4.1S","JSBACH","Phase Shift","MeanState","global","scalar","months","2.3069","75.0"
"HydrologyCycle","BurnedArea","GFED4.1S","JSBACH","Seasonal Cycle Score","MeanState","global","score","1","0.640477","75.0"
"HydrologyCycle","BurnedArea","GFED4.1S","JSBACH","Bias","MeanState","global","scalar","%","-0.209815","75.0"
"HydrologyCycle","BurnedArea","GFED4.1S","JSBACH","Bias Score","MeanState","global","score","1","0.657619","75.0"
"HydrologyCycle","BurnedArea","GFED4.1S","JSBACH","RMSE","MeanState","global","scalar","%","0.649054","75.0"
"HydrologyCycle","BurnedArea","GFED4.1S","JSBACH","RMSE Score","MeanState","global","score","1","0.502665","75.0"
"HydrologyCycle","BurnedArea","GFED4.1S","JSBACH","Overall Score","MeanState","global","score","1","0.511699","75.0"
"HydrologyCycle","BurnedArea","GFED4.1S","JULES-FireP0249","Benchmark Period Mean (intersection)","MeanState","global","scalar","%","0.321415","75.0"
"HydrologyCycle","BurnedArea","GFED4.1S","JULES-FireP0249","Benchmark Period Mean (complement)","MeanState","global","scalar","%","0.239571","75.0"
"HydrologyCycle","BurnedArea","GFED4.1S","JULES-FireP0249","Period Mean (original grids)","MeanState","global","scalar","%","0.0875936","75.0"
"HydrologyCycle","BurnedArea","GFED4.1S","JULES-FireP0249","Model Period Mean (intersection)","MeanState","global","scalar","%","0.100859","75.0"
"HydrologyCycle","BurnedArea","GFED4.1S","JULES-FireP0249","Model Period Mean (complement)","MeanState","global","scalar","%","0.0269726","75.0"
"HydrologyCycle","BurnedArea","GFED4.1S","JULES-FireP0249","Spatial Distribution Score","MeanState","global","score","1","0.0336362","75.0"
"HydrologyCycle","BurnedArea","GFED4.1S","JULES-FireP0249","Phase Shift","MeanState","global","scalar","months","2.57294","75.0"
"HydrologyCycle","BurnedArea","GFED4.1S","JULES-FireP0249","Seasonal Cycle Score","MeanState","global","score","1","0.590733","75.0"
"HydrologyCycle","BurnedArea","GFED4.1S","JULES-FireP0249","Bias","MeanState","global","scalar","%","-0.220343","75.0"
"HydrologyCycle","BurnedArea","GFED4.1S","JULES-FireP0249","Bias Score","MeanState","global","score","1","0.577184","75.0"
"HydrologyCycle","BurnedArea","GFED4.1S","JULES-FireP0249","RMSE","MeanState","global","scalar","%","0.663741","75.0"
"HydrologyCycle","BurnedArea","GFED4.1S","JULES-FireP0249","RMSE Score","MeanState","global","score","1","0.426587","75.0"
"HydrologyCycle","BurnedArea","GFED4.1S","JULES-FireP0249","Overall Score","MeanState","global","score","1","0.410946","75.0"
"HydrologyCycle","BurnedArea","GFED4.1S","CLM","Benchmark Period Mean (intersection)","MeanState","global","scalar","%","0.320869","75.0"
"HydrologyCycle","BurnedArea","GFED4.1S","CLM","Benchmark Period Mean (complement)","MeanState","global","scalar","%","0.00353017","75.0"
"HydrologyCycle","BurnedArea","GFED4.1S","CLM","Period Mean (original grids)","MeanState","global","scalar","%","0.296335","75.0"
"HydrologyCycle","BurnedArea","GFED4.1S","CLM","Model Period Mean (intersection)","MeanState","global","scalar","%","0.357722","75.0"
"HydrologyCycle","BurnedArea","GFED4.1S","CLM","Model Period Mean (complement)","MeanState","global","scalar","%","0.0622498","75.0"
"HydrologyCycle","BurnedArea","GFED4.1S","CLM","Spatial Distribution Score","MeanState","global","score","1","0.843381","75.0"
"HydrologyCycle","BurnedArea","GFED4.1S","CLM","Phase Shift","MeanState","global","scalar","months","2.03569","75.0"
"HydrologyCycle","BurnedArea","GFED4.1S","CLM","Seasonal Cycle Score","MeanState","global","score","1","0.697086","75.0"
"HydrologyCycle","BurnedArea","GFED4.1S","CLM","Bias","MeanState","global","scalar","%","0.0368531","75.0"
"HydrologyCycle","BurnedArea","GFED4.1S","CLM","Bias Score","MeanState","global","score","1","0.603014","75.0"
"HydrologyCycle","BurnedArea","GFED4.1S","CLM","RMSE","MeanState","global","scalar","%","0.748934","75.0"
"HydrologyCycle","BurnedArea","GFED4.1S","CLM","RMSE Score","MeanState","global","score","1","0.402429","75.0"
"HydrologyCycle","BurnedArea","GFED4.1S","CLM","Overall Score","MeanState","global","score","1","0.589668","75.0"
"HydrologyCycle","BurnedArea","GFED4.1S","JULES-FireP0336","Benchmark Period Mean (intersection)","MeanState","global","scalar","%","0.322687","75.0"
"HydrologyCycle","BurnedArea","GFED4.1S","JULES-FireP0336","Benchmark Period Mean (complement)","MeanState","global","scalar","%","0.050642","75.0"
"HydrologyCycle","BurnedArea","GFED4.1S","JULES-FireP0336","Period Mean (original grids)","MeanState","global","scalar","%","0.0934166","75.0"
"HydrologyCycle","BurnedArea","GFED4.1S","JULES-FireP0336","Model Period Mean (intersection)","MeanState","global","scalar","%","0.107431","75.0"
"HydrologyCycle","BurnedArea","GFED4.1S","JULES-FireP0336","Model Period Mean (complement)","MeanState","global","scalar","%","0.0289674","75.0"
"HydrologyCycle","BurnedArea","GFED4.1S","JULES-FireP0336","Spatial Distribution Score","MeanState","global","score","1","0.0376964","75.0"
"HydrologyCycle","BurnedArea","GFED4.1S","JULES-FireP0336","Phase Shift","MeanState","global","scalar","months","2.5279","75.0"
"HydrologyCycle","BurnedArea","GFED4.1S","JULES-FireP0336","Seasonal Cycle Score","MeanState","global","score","1","0.59992","75.0"
"HydrologyCycle","BurnedArea","GFED4.1S","JULES-FireP0336","Bias","MeanState","global","scalar","%","-0.215084","75.0"
"HydrologyCycle","BurnedArea","GFED4.1S","JULES-FireP0336","Bias Score","MeanState","global","score","1","0.569463","75.0"
"HydrologyCycle","BurnedArea","GFED4.1S","JULES-FireP0336","RMSE","MeanState","global","scalar","%","0.66359","75.0"
"HydrologyCycle","BurnedArea","GFED4.1S","JULES-FireP0336","RMSE Score","MeanState","global","score","1","0.420611","75.0"
"HydrologyCycle","BurnedArea","GFED4.1S","JULES-FireP0336","Overall Score","MeanState","global","score","1","0.40966","75.0"
"HydrologyCycle","BurnedArea","GFED4.1S","CLM-FATES","Benchmark Period Mean (intersection)","MeanState","global","scalar","%","0.323366","75.0"
"HydrologyCycle","BurnedArea","GFED4.1S","CLM-FATES","Benchmark Period Mean (complement)","MeanState","global","scalar","%","0.0501458","75.0"
"HydrologyCycle","BurnedArea","GFED4.1S","CLM-FATES","Period Mean (original grids)","MeanState","global","scalar","%","0.182515","75.0"
"HydrologyCycle","BurnedArea","GFED4.1S","CLM-FATES","Model Period Mean (intersection)","MeanState","global","scalar","%","0.209271","75.0"
"HydrologyCycle","BurnedArea","GFED4.1S","CLM-FATES","Model Period Mean (complement)","MeanState","global","scalar","%","0.0528287","75.0"
"HydrologyCycle","BurnedArea","GFED4.1S","CLM-FATES","Spatial Distribution Score","MeanState","global","score","1","0.467148","75.0"
"HydrologyCycle","BurnedArea","GFED4.1S","CLM-FATES","Phase Shift","MeanState","global","scalar","months","2.12058","75.0"
"HydrologyCycle","BurnedArea","GFED4.1S","CLM-FATES","Seasonal Cycle Score","MeanState","global","score","1","0.673573","75.0"
"HydrologyCycle","BurnedArea","GFED4.1S","CLM-FATES","Bias","MeanState","global","scalar","%","-0.114964","75.0"
"HydrologyCycle","BurnedArea","GFED4.1S","CLM-FATES","Bias Score","MeanState","global","score","1","0.66322","75.0"
"HydrologyCycle","BurnedArea","GFED4.1S","CLM-FATES","RMSE","MeanState","global","scalar","%","0.704769","75.0"
"HydrologyCycle","BurnedArea","GFED4.1S","CLM-FATES","RMSE Score","MeanState","global","score","1","0.498762","75.0"
"HydrologyCycle","BurnedArea","GFED4.1S","CLM-FATES","Overall Score","MeanState","global","score","1","0.560293","75.0"
"HydrologyCycle","BurnedArea","GFED4.1S","LPJ-EOSIM","Benchmark Period Mean (intersection)","MeanState","global","scalar","%","0.331542","75.0"
"HydrologyCycle","BurnedArea","GFED4.1S","LPJ-EOSIM","Benchmark Period Mean (complement)","MeanState","global","scalar","%","0.0340364","75.0"
"HydrologyCycle","BurnedArea","GFED4.1S","LPJ-EOSIM","Period Mean (original grids)","MeanState","global","scalar","%","0.211703","75.0"
"HydrologyCycle","BurnedArea","GFED4.1S","LPJ-EOSIM","Model Period Mean (intersection)","MeanState","global","scalar","%","0.235715","75.0"
"HydrologyCycle","BurnedArea","GFED4.1S","LPJ-EOSIM","Model Period Mean (complement)","MeanState","global","scalar","%","0.0283001","75.0"
"HydrologyCycle","BurnedArea","GFED4.1S","LPJ-EOSIM","Spatial Distribution Score","MeanState","global","score","1","0.700103","75.0"
"HydrologyCycle","BurnedArea","GFED4.1S","LPJ-EOSIM","Phase Shift","MeanState","global","scalar","months","3.23362","75.0"
"HydrologyCycle","BurnedArea","GFED4.1S","LPJ-EOSIM","Seasonal Cycle Score","MeanState","global","score","1","0.451383","75.0"
"HydrologyCycle","BurnedArea","GFED4.1S","LPJ-EOSIM","Bias","MeanState","global","scalar","%","-0.0958275","75.0"
"HydrologyCycle","BurnedArea","GFED4.1S","LPJ-EOSIM","Bias Score","MeanState","global","score","1","0.727353","75.0"
"HydrologyCycle","BurnedArea","GFED4.1S","LPJ-EOSIM","RMSE","MeanState","global","scalar","%","0.671602","75.0"
"HydrologyCycle","BurnedArea","GFED4.1S","LPJ-EOSIM","RMSE Score","MeanState","global","score","1","0.666637","75.0"
"HydrologyCycle","BurnedArea","GFED4.1S","LPJ-EOSIM","Overall Score","MeanState","global","score","1","0.642423","75.0"
"HydrologyCycle","BurnedArea","GFED4.1S","JULES-FireP0005","Benchmark Period Mean (intersection)","MeanState","global","scalar","%","0.322949","75.0"
"HydrologyCycle","BurnedArea","GFED4.1S","JULES-FireP0005","Benchmark Period Mean (complement)","MeanState","global","scalar","%","0.046671","75.0"
"HydrologyCycle","BurnedArea","GFED4.1S","JULES-FireP0005","Period Mean (original grids)","MeanState","global","scalar","%","0.0800432","75.0"
"HydrologyCycle","BurnedArea","GFED4.1S","JULES-FireP0005","Model Period Mean (intersection)","MeanState","global","scalar","%","0.092352","75.0"
"HydrologyCycle","BurnedArea","GFED4.1S","JULES-FireP0005","Model Period Mean (complement)","MeanState","global","scalar","%","0.0240347","75.0"
"HydrologyCycle","BurnedArea","GFED4.1S","JULES-FireP0005","Spatial Distribution Score","MeanState","global","score","1","0.0303548","75.0"
"HydrologyCycle","BurnedArea","GFED4.1S","JULES-FireP0005","Phase Shift","MeanState","global","scalar","months","2.48078","75.0"
"HydrologyCycle","BurnedArea","GFED4.1S","JULES-FireP0005","Seasonal Cycle Score","MeanState","global","score","1","0.608609","75.0"
"HydrologyCycle","BurnedArea","GFED4.1S","JULES-FireP0005","Bias","MeanState","global","scalar","%","-0.230428","75.0"
"HydrologyCycle","BurnedArea","GFED4.1S","JULES-FireP0005","Bias Score","MeanState","global","score","1","0.589423","75.0"
"HydrologyCycle","BurnedArea","GFED4.1S","JULES-FireP0005","RMSE","MeanState","global","scalar","%","0.656821","75.0"
"HydrologyCycle","BurnedArea","GFED4.1S","JULES-FireP0005","RMSE Score","MeanState","global","score","1","0.439439","75.0"
"HydrologyCycle","BurnedArea","GFED4.1S","JULES-FireP0005","Overall Score","MeanState","global","score","1","0.421453","75.0"
"HydrologyCycle","BurnedArea","GFED4.1S","LPJ-EOSIM-fixspitfire","Benchmark Period Mean (intersection)","MeanState","global","scalar","%","0.331542","75.0"
"HydrologyCycle","BurnedArea","GFED4.1S","LPJ-EOSIM-fixspitfire","Benchmark Period Mean (complement)","MeanState","global","scalar","%","0.0340364","75.0"
"HydrologyCycle","BurnedArea","GFED4.1S","LPJ-EOSIM-fixspitfire","Period Mean (original grids)","MeanState","global","scalar","%","0.309583","75.0"
"HydrologyCycle","BurnedArea","GFED4.1S","LPJ-EOSIM-fixspitfire","Model Period Mean (intersection)","MeanState","global","scalar","%","0.347427","75.0"
"HydrologyCycle","BurnedArea","GFED4.1S","LPJ-EOSIM-fixspitfire","Model Period Mean (complement)","MeanState","global","scalar","%","0.020534","75.0"
"HydrologyCycle","BurnedArea","GFED4.1S","LPJ-EOSIM-fixspitfire","Spatial Distribution Score","MeanState","global","score","1","0.751023","75.0"
"HydrologyCycle","BurnedArea","GFED4.1S","LPJ-EOSIM-fixspitfire","Phase Shift","MeanState","global","scalar","months","3.23362","75.0"
"HydrologyCycle","BurnedArea","GFED4.1S","LPJ-EOSIM-fixspitfire","Seasonal Cycle Score","MeanState","global","score","1","0.451383","75.0"
"HydrologyCycle","BurnedArea","GFED4.1S","LPJ-EOSIM-fixspitfire","Bias","MeanState","global","scalar","%","0.0158849","75.0"
"HydrologyCycle","BurnedArea","GFED4.1S","LPJ-EOSIM-fixspitfire","Bias Score","MeanState","global","score","1","0.720596","75.0"
"HydrologyCycle","BurnedArea","GFED4.1S","LPJ-EOSIM-fixspitfire","RMSE","MeanState","global","scalar","%","0.725246","75.0"
"HydrologyCycle","BurnedArea","GFED4.1S","LPJ-EOSIM-fixspitfire","RMSE Score","MeanState","global","score","1","0.666637","75.0"
"HydrologyCycle","BurnedArea","GFED4.1S","LPJ-EOSIM-fixspitfire","Overall Score","MeanState","global","score","1","0.651255","75.0"
"HydrologyCycle","Runoff","LORA","TEM","Benchmark Period Mean (intersection)","MeanState","global","scalar","mm d-1","0.807453","75.0"
"HydrologyCycle","Runoff","LORA","TEM","Benchmark Period Mean (complement)","MeanState","global","scalar","mm d-1","1.26398","75.0"
"HydrologyCycle","Runoff","LORA","TEM","Period Mean (original grids)","MeanState","global","scalar","mm d-1","0.904253","75.0"
"HydrologyCycle","Runoff","LORA","TEM","Model Period Mean (intersection)","MeanState","global","scalar","mm d-1","0.857565","75.0"
"HydrologyCycle","Runoff","LORA","TEM","Model Period Mean (complement)","MeanState","global","scalar","mm d-1","1.44375","75.0"
"HydrologyCycle","Runoff","LORA","TEM","Spatial Distribution Score","MeanState","global","score","1","0.919299","75.0"
"HydrologyCycle","Runoff","LORA","TEM","Phase Shift","MeanState","global","scalar","months","2.05529","75.0"
"HydrologyCycle","Runoff","LORA","TEM","Seasonal Cycle Score","MeanState","global","score","1","0.754627","75.0"
"HydrologyCycle","Runoff","LORA","TEM","Bias","MeanState","global","scalar","mm d-1","0.0501125","75.0"
"HydrologyCycle","Runoff","LORA","TEM","Bias Score","MeanState","global","score","1","0.626824","75.0"
"HydrologyCycle","Runoff","LORA","TEM","RMSE","MeanState","global","scalar","mm d-1","0.686939","75.0"
"HydrologyCycle","Runoff","LORA","TEM","RMSE Score","MeanState","global","score","1","0.547307","75.0"
"HydrologyCycle","Runoff","LORA","TEM","Overall Score","MeanState","global","score","1","0.679073","75.0"
"HydrologyCycle","Runoff","LORA","LPX-Bern","Benchmark Period Mean (intersection)","MeanState","global","scalar","mm d-1","0.807352","75.0"
"HydrologyCycle","Runoff","LORA","LPX-Bern","Benchmark Period Mean (complement)","MeanState","global","scalar","mm d-1","1.45511","75.0"
"HydrologyCycle","Runoff","LORA","LPX-Bern","Period Mean (original grids)","MeanState","global","scalar","mm d-1","0.667616","75.0"
"HydrologyCycle","Runoff","LORA","LPX-Bern","Model Period Mean (intersection)","MeanState","global","scalar","mm d-1","0.667991","75.0"
"HydrologyCycle","Runoff","LORA","LPX-Bern","Model Period Mean (complement)","MeanState","global","scalar","mm d-1","0.662715","75.0"
"HydrologyCycle","Runoff","LORA","LPX-Bern","Spatial Distribution Score","MeanState","global","score","1","0.86283","75.0"
"HydrologyCycle","Runoff","LORA","LPX-Bern","Phase Shift","MeanState","global","scalar","months","1.29201","75.0"
"HydrologyCycle","Runoff","LORA","LPX-Bern","Seasonal Cycle Score","MeanState","global","score","1","0.862613","75.0"
"HydrologyCycle","Runoff","LORA","LPX-Bern","Bias","MeanState","global","scalar","mm d-1","-0.139361","75.0"
"HydrologyCycle","Runoff","LORA","LPX-Bern","Bias Score","MeanState","global","score","1","0.646515","75.0"
"HydrologyCycle","Runoff","LORA","LPX-Bern","RMSE","MeanState","global","scalar","mm d-1","0.667756","75.0"
"HydrologyCycle","Runoff","LORA","LPX-Bern","RMSE Score","MeanState","global","score","1","0.531655","75.0"
"HydrologyCycle","Runoff","LORA","LPX-Bern","Overall Score","MeanState","global","score","1","0.687054","75.0"
"HydrologyCycle","Runoff","LORA","CLM","Benchmark Period Mean (intersection)","MeanState","global","scalar","mm d-1","0.816855","75.0"
"HydrologyCycle","Runoff","LORA","CLM","Benchmark Period Mean (complement)","MeanState","global","scalar","mm d-1","nan","75.0"
"HydrologyCycle","Runoff","LORA","CLM","Period Mean (original grids)","MeanState","global","scalar","mm d-1","3.54834","75.0"
"HydrologyCycle","Runoff","LORA","CLM","Model Period Mean (intersection)","MeanState","global","scalar","mm d-1","0.614808","75.0"
"HydrologyCycle","Runoff","LORA","CLM","Model Period Mean (complement)","MeanState","global","scalar","mm d-1","12.166","75.0"
"HydrologyCycle","Runoff","LORA","CLM","Spatial Distribution Score","MeanState","global","score","1","0.915702","75.0"
"HydrologyCycle","Runoff","LORA","CLM","Phase Shift","MeanState","global","scalar","months","1.31042","75.0"
"HydrologyCycle","Runoff","LORA","CLM","Seasonal Cycle Score","MeanState","global","score","1","0.875948","75.0"
"HydrologyCycle","Runoff","LORA","CLM","Bias","MeanState","global","scalar","mm d-1","-0.202047","75.0"
"HydrologyCycle","Runoff","LORA","CLM","Bias Score","MeanState","global","score","1","0.630357","75.0"
"HydrologyCycle","Runoff","LORA","CLM","RMSE","MeanState","global","scalar","mm d-1","0.688178","75.0"
"HydrologyCycle","Runoff","LORA","CLM","RMSE Score","MeanState","global","score","1","0.530084","75.0"
"HydrologyCycle","Runoff","LORA","CLM","Overall Score","MeanState","global","score","1","0.696435","75.0"
"HydrologyCycle","Runoff","LORA","JSBACH","Benchmark Period Mean (intersection)","MeanState","global","scalar","mm d-1","0.80481","75.0"
"HydrologyCycle","Runoff","LORA","JSBACH","Benchmark Period Mean (complement)","MeanState","global","scalar","mm d-1","1.25325","75.0"
"HydrologyCycle","Runoff","LORA","JSBACH","Period Mean (original grids)","MeanState","global","scalar","mm d-1","0.367885","75.0"
"HydrologyCycle","Runoff","LORA","JSBACH","Model Period Mean (intersection)","MeanState","global","scalar","mm d-1","0.36436","75.0"
"HydrologyCycle","Runoff","LORA","JSBACH","Model Period Mean (complement)","MeanState","global","scalar","mm d-1","0.422623","75.0"
"HydrologyCycle","Runoff","LORA","JSBACH","Spatial Distribution Score","MeanState","global","score","1","0.632594","75.0"
"HydrologyCycle","Runoff","LORA","JSBACH","Phase Shift","MeanState","global","scalar","months","1.37058","75.0"
"HydrologyCycle","Runoff","LORA","JSBACH","Seasonal Cycle Score","MeanState","global","score","1","0.851155","75.0"
"HydrologyCycle","Runoff","LORA","JSBACH","Bias","MeanState","global","scalar","mm d-1","-0.44045","75.0"
"HydrologyCycle","Runoff","LORA","JSBACH","Bias Score","MeanState","global","score","1","0.500543","75.0"
"HydrologyCycle","Runoff","LORA","JSBACH","RMSE","MeanState","global","scalar","mm d-1","0.736655","75.0"
"HydrologyCycle","Runoff","LORA","JSBACH","RMSE Score","MeanState","global","score","1","0.557056","75.0"
"HydrologyCycle","Runoff","LORA","JSBACH","Overall Score","MeanState","global","score","1","0.619681","75.0"
"HydrologyCycle","Runoff","LORA","DLEM","Benchmark Period Mean (intersection)","MeanState","global","scalar","mm d-1","0.816855","75.0"
"HydrologyCycle","Runoff","LORA","DLEM","Benchmark Period Mean (complement)","MeanState","global","scalar","mm d-1","nan","75.0"
"HydrologyCycle","Runoff","LORA","DLEM","Period Mean (original grids)","MeanState","global","scalar","mm d-1","0.410919","75.0"
"HydrologyCycle","Runoff","LORA","DLEM","Model Period Mean (intersection)","MeanState","global","scalar","mm d-1","0.485585","75.0"
"HydrologyCycle","Runoff","LORA","DLEM","Model Period Mean (complement)","MeanState","global","scalar","mm d-1","0.194696","75.0"
"HydrologyCycle","Runoff","LORA","DLEM","Spatial Distribution Score","MeanState","global","score","1","0.80247","75.0"
"HydrologyCycle","Runoff","LORA","DLEM","Phase Shift","MeanState","global","scalar","months","1.31887","75.0"
"HydrologyCycle","Runoff","LORA","DLEM","Seasonal Cycle Score","MeanState","global","score","1","0.882054","75.0"
"HydrologyCycle","Runoff","LORA","DLEM","Bias","MeanState","global","scalar","mm d-1","-0.33127","75.0"
"HydrologyCycle","Runoff","LORA","DLEM","Bias Score","MeanState","global","score","1","0.575621","75.0"
"HydrologyCycle","Runoff","LORA","DLEM","RMSE","MeanState","global","scalar","mm d-1","0.704557","75.0"
"HydrologyCycle","Runoff","LORA","DLEM","RMSE Score","MeanState","global","score","1","0.538458","75.0"
"HydrologyCycle","Runoff","LORA","DLEM","Overall Score","MeanState","global","score","1","0.667412","75.0"
"HydrologyCycle","Runoff","LORA","LPJ-EOSIM","Benchmark Period Mean (intersection)","MeanState","global","scalar","mm d-1","0.816857","75.0"
"HydrologyCycle","Runoff","LORA","LPJ-EOSIM","Benchmark Period Mean (complement)","MeanState","global","scalar","mm d-1","0.815953","75.0"
"HydrologyCycle","Runoff","LORA","LPJ-EOSIM","Period Mean (original grids)","MeanState","global","scalar","mm d-1","0.832435","75.0"
"HydrologyCycle","Runoff","LORA","LPJ-EOSIM","Model Period Mean (intersection)","MeanState","global","scalar","mm d-1","0.792505","75.0"
"HydrologyCycle","Runoff","LORA","LPJ-EOSIM","Model Period Mean (complement)","MeanState","global","scalar","mm d-1","1.41373","75.0"
"HydrologyCycle","Runoff","LORA","LPJ-EOSIM","Spatial Distribution Score","MeanState","global","score","1","0.928636","75.0"
"HydrologyCycle","Runoff","LORA","LPJ-EOSIM","Phase Shift","MeanState","global","scalar","months","1.12667","75.0"
"HydrologyCycle","Runoff","LORA","LPJ-EOSIM","Seasonal Cycle Score","MeanState","global","score","1","0.871347","75.0"
"HydrologyCycle","Runoff","LORA","LPJ-EOSIM","Bias","MeanState","global","scalar","mm d-1","-0.0243525","75.0"
"HydrologyCycle","Runoff","LORA","LPJ-EOSIM","Bias Score","MeanState","global","score","1","0.67206","75.0"
"HydrologyCycle","Runoff","LORA","LPJ-EOSIM","RMSE","MeanState","global","scalar","mm d-1","0.698566","75.0"
"HydrologyCycle","Runoff","LORA","LPJ-EOSIM","RMSE Score","MeanState","global","score","1","0.51333","75.0"
"HydrologyCycle","Runoff","LORA","LPJ-EOSIM","Overall Score","MeanState","global","score","1","0.699741","75.0"
"HydrologyCycle","Runoff","LORA","LPJ-EOSIM-fixspitfire","Benchmark Period Mean (intersection)","MeanState","global","scalar","mm d-1","0.816857","75.0"
"HydrologyCycle","Runoff","LORA","LPJ-EOSIM-fixspitfire","Benchmark Period Mean (complement)","MeanState","global","scalar","mm d-1","0.815953","75.0"
"HydrologyCycle","Runoff","LORA","LPJ-EOSIM-fixspitfire","Period Mean (original grids)","MeanState","global","scalar","mm d-1","0.832571","75.0"
"HydrologyCycle","Runoff","LORA","LPJ-EOSIM-fixspitfire","Model Period Mean (intersection)","MeanState","global","scalar","mm d-1","0.792657","75.0"
"HydrologyCycle","Runoff","LORA","LPJ-EOSIM-fixspitfire","Model Period Mean (complement)","MeanState","global","scalar","mm d-1","1.41362","75.0"
"HydrologyCycle","Runoff","LORA","LPJ-EOSIM-fixspitfire","Spatial Distribution Score","MeanState","global","score","1","0.92865","75.0"
"HydrologyCycle","Runoff","LORA","LPJ-EOSIM-fixspitfire","Phase Shift","MeanState","global","scalar","months","1.12697","75.0"
"HydrologyCycle","Runoff","LORA","LPJ-EOSIM-fixspitfire","Seasonal Cycle Score","MeanState","global","score","1","0.871298","75.0"
"HydrologyCycle","Runoff","LORA","LPJ-EOSIM-fixspitfire","Bias","MeanState","global","scalar","mm d-1","-0.0241999","75.0"
"HydrologyCycle","Runoff","LORA","LPJ-EOSIM-fixspitfire","Bias Score","MeanState","global","score","1","0.672046","75.0"
"HydrologyCycle","Runoff","LORA","LPJ-EOSIM-fixspitfire","RMSE","MeanState","global","scalar","mm d-1","0.6986","75.0"
"HydrologyCycle","Runoff","LORA","LPJ-EOSIM-fixspitfire","RMSE Score","MeanState","global","score","1","0.513328","75.0"
"HydrologyCycle","Runoff","LORA","LPJ-EOSIM-fixspitfire","Overall Score","MeanState","global","score","1","0.69973","75.0"
"HydrologyCycle","Runoff","LORA","CLM-FATES","Benchmark Period Mean (intersection)","MeanState","global","scalar","mm d-1","0.816443","75.0"
"HydrologyCycle","Runoff","LORA","CLM-FATES","Benchmark Period Mean (complement)","MeanState","global","scalar","mm d-1","1.13198","75.0"
"HydrologyCycle","Runoff","LORA","CLM-FATES","Period Mean (original grids)","MeanState","global","scalar","mm d-1","3.65574","75.0"
"HydrologyCycle","Runoff","LORA","CLM-FATES","Model Period Mean (intersection)","MeanState","global","scalar","mm d-1","0.697747","75.0"
"HydrologyCycle","Runoff","LORA","CLM-FATES","Model Period Mean (complement)","MeanState","global","scalar","mm d-1","14.1562","75.0"
"HydrologyCycle","Runoff","LORA","CLM-FATES","Spatial Distribution Score","MeanState","global","score","1","0.917449","75.0"
"HydrologyCycle","Runoff","LORA","CLM-FATES","Phase Shift","MeanState","global","scalar","months","1.45313","75.0"
"HydrologyCycle","Runoff","LORA","CLM-FATES","Seasonal Cycle Score","MeanState","global","score","1","0.835928","75.0"
"HydrologyCycle","Runoff","LORA","CLM-FATES","Bias","MeanState","global","scalar","mm d-1","-0.11787","75.0"
"HydrologyCycle","Runoff","LORA","CLM-FATES","Bias Score","MeanState","global","score","1","0.628079","75.0"
"HydrologyCycle","Runoff","LORA","CLM-FATES","RMSE","MeanState","global","scalar","mm d-1","0.696958","75.0"
"HydrologyCycle","Runoff","LORA","CLM-FATES","RMSE Score","MeanState","global","score","1","0.520719","75.0"
"HydrologyCycle","Runoff","LORA","CLM-FATES","Overall Score","MeanState","global","score","1","0.684579","75.0"
"HydrologyCycle","Runoff","CLASS","JSBACH","Benchmark Period Mean (intersection)","MeanState","global","scalar","mm d-1","0.715809","125.0"
"HydrologyCycle","Runoff","CLASS","JSBACH","Benchmark Period Mean (complement)","MeanState","global","scalar","mm d-1","1.25805","125.0"
"HydrologyCycle","Runoff","CLASS","JSBACH","Period Mean (original grids)","MeanState","global","scalar","mm d-1","0.383727","125.0"
"HydrologyCycle","Runoff","CLASS","JSBACH","Model Period Mean (intersection)","MeanState","global","scalar","mm d-1","0.378116","125.0"
"HydrologyCycle","Runoff","CLASS","JSBACH","Model Period Mean (complement)","MeanState","global","scalar","mm d-1","0.432746","125.0"
"HydrologyCycle","Runoff","CLASS","JSBACH","Spatial Distribution Score","MeanState","global","score","1","0.777798","125.0"
"HydrologyCycle","Runoff","CLASS","JSBACH","Phase Shift","MeanState","global","scalar","months","1.55523","125.0"
"HydrologyCycle","Runoff","CLASS","JSBACH","Seasonal Cycle Score","MeanState","global","score","1","0.819076","125.0"
"HydrologyCycle","Runoff","CLASS","JSBACH","Bias","MeanState","global","scalar","mm d-1","-0.337693","125.0"
"HydrologyCycle","Runoff","CLASS","JSBACH","Bias Score","MeanState","global","score","1","0.513832","125.0"
"HydrologyCycle","Runoff","CLASS","JSBACH","RMSE","MeanState","global","scalar","mm d-1","0.607662","125.0"
"HydrologyCycle","Runoff","CLASS","JSBACH","RMSE Score","MeanState","global","score","1","0.538578","125.0"
"HydrologyCycle","Runoff","CLASS","JSBACH","Overall Score","MeanState","global","score","1","0.637572","125.0"
"HydrologyCycle","Runoff","CLASS","DLEM","Benchmark Period Mean (intersection)","MeanState","global","scalar","mm d-1","0.724285","125.0"
"HydrologyCycle","Runoff","CLASS","DLEM","Benchmark Period Mean (complement)","MeanState","global","scalar","mm d-1","nan","125.0"
"HydrologyCycle","Runoff","CLASS","DLEM","Period Mean (original grids)","MeanState","global","scalar","mm d-1","0.417075","125.0"
"HydrologyCycle","Runoff","CLASS","DLEM","Model Period Mean (intersection)","MeanState","global","scalar","mm d-1","0.476655","125.0"
"HydrologyCycle","Runoff","CLASS","DLEM","Model Period Mean (complement)","MeanState","global","scalar","mm d-1","0.276584","125.0"
"HydrologyCycle","Runoff","CLASS","DLEM","Spatial Distribution Score","MeanState","global","score","1","0.865579","125.0"
"HydrologyCycle","Runoff","CLASS","DLEM","Phase Shift","MeanState","global","scalar","months","1.63401","125.0"
"HydrologyCycle","Runoff","CLASS","DLEM","Seasonal Cycle Score","MeanState","global","score","1","0.834019","125.0"
"HydrologyCycle","Runoff","CLASS","DLEM","Bias","MeanState","global","scalar","mm d-1","-0.24763","125.0"
"HydrologyCycle","Runoff","CLASS","DLEM","Bias Score","MeanState","global","score","1","0.575388","125.0"
"HydrologyCycle","Runoff","CLASS","DLEM","RMSE","MeanState","global","scalar","mm d-1","0.668552","125.0"
"HydrologyCycle","Runoff","CLASS","DLEM","RMSE Score","MeanState","global","score","1","0.47211","125.0"
"HydrologyCycle","Runoff","CLASS","DLEM","Overall Score","MeanState","global","score","1","0.643841","125.0"
"HydrologyCycle","Runoff","CLASS","TEM","Benchmark Period Mean (intersection)","MeanState","global","scalar","mm d-1","0.718188","125.0"
"HydrologyCycle","Runoff","CLASS","TEM","Benchmark Period Mean (complement)","MeanState","global","scalar","mm d-1","1.184","125.0"
"HydrologyCycle","Runoff","CLASS","TEM","Period Mean (original grids)","MeanState","global","scalar","mm d-1","0.915056","125.0"
"HydrologyCycle","Runoff","CLASS","TEM","Model Period Mean (intersection)","MeanState","global","scalar","mm d-1","0.851401","125.0"
"HydrologyCycle","Runoff","CLASS","TEM","Model Period Mean (complement)","MeanState","global","scalar","mm d-1","1.36324","125.0"
"HydrologyCycle","Runoff","CLASS","TEM","Spatial Distribution Score","MeanState","global","score","1","0.907355","125.0"
"HydrologyCycle","Runoff","CLASS","TEM","Phase Shift","MeanState","global","scalar","months","1.96388","125.0"
"HydrologyCycle","Runoff","CLASS","TEM","Seasonal Cycle Score","MeanState","global","score","1","0.805674","125.0"
"HydrologyCycle","Runoff","CLASS","TEM","Bias","MeanState","global","scalar","mm d-1","0.133213","125.0"
"HydrologyCycle","Runoff","CLASS","TEM","Bias Score","MeanState","global","score","1","0.608858","125.0"
"HydrologyCycle","Runoff","CLASS","TEM","RMSE","MeanState","global","scalar","mm d-1","0.591897","125.0"
"HydrologyCycle","Runoff","CLASS","TEM","RMSE Score","MeanState","global","score","1","0.52066","125.0"
"HydrologyCycle","Runoff","CLASS","TEM","Overall Score","MeanState","global","score","1","0.672641","125.0"
"HydrologyCycle","Runoff","CLASS","LPX-Bern","Benchmark Period Mean (intersection)","MeanState","global","scalar","mm d-1","0.719903","125.0"
"HydrologyCycle","Runoff","CLASS","LPX-Bern","Benchmark Period Mean (complement)","MeanState","global","scalar","mm d-1","1.40481","125.0"
"HydrologyCycle","Runoff","CLASS","LPX-Bern","Period Mean (original grids)","MeanState","global","scalar","mm d-1","0.679499","125.0"
"HydrologyCycle","Runoff","CLASS","LPX-Bern","Model Period Mean (intersection)","MeanState","global","scalar","mm d-1","0.677809","125.0"
"HydrologyCycle","Runoff","CLASS","LPX-Bern","Model Period Mean (complement)","MeanState","global","scalar","mm d-1","0.692445","125.0"
"HydrologyCycle","Runoff","CLASS","LPX-Bern","Spatial Distribution Score","MeanState","global","score","1","0.934094","125.0"
"HydrologyCycle","Runoff","CLASS","LPX-Bern","Phase Shift","MeanState","global","scalar","months","1.60266","125.0"
"HydrologyCycle","Runoff","CLASS","LPX-Bern","Seasonal Cycle Score","MeanState","global","score","1","0.827607","125.0"
"HydrologyCycle","Runoff","CLASS","LPX-Bern","Bias","MeanState","global","scalar","mm d-1","-0.0420944","125.0"
"HydrologyCycle","Runoff","CLASS","LPX-Bern","Bias Score","MeanState","global","score","1","0.664205","125.0"
"HydrologyCycle","Runoff","CLASS","LPX-Bern","RMSE","MeanState","global","scalar","mm d-1","0.643078","125.0"
"HydrologyCycle","Runoff","CLASS","LPX-Bern","RMSE Score","MeanState","global","score","1","0.472006","125.0"
"HydrologyCycle","Runoff","CLASS","LPX-Bern","Overall Score","MeanState","global","score","1","0.673983","125.0"
"HydrologyCycle","Runoff","CLASS","CLM","Benchmark Period Mean (intersection)","MeanState","global","scalar","mm d-1","0.724285","125.0"
"HydrologyCycle","Runoff","CLASS","CLM","Benchmark Period Mean (complement)","MeanState","global","scalar","mm d-1","nan","125.0"
"HydrologyCycle","Runoff","CLASS","CLM","Period Mean (original grids)","MeanState","global","scalar","mm d-1","3.58272","125.0"
"HydrologyCycle","Runoff","CLASS","CLM","Model Period Mean (intersection)","MeanState","global","scalar","mm d-1","0.612292","125.0"
"HydrologyCycle","Runoff","CLASS","CLM","Model Period Mean (complement)","MeanState","global","scalar","mm d-1","10.6609","125.0"
"HydrologyCycle","Runoff","CLASS","CLM","Spatial Distribution Score","MeanState","global","score","1","0.956447","125.0"
"HydrologyCycle","Runoff","CLASS","CLM","Phase Shift","MeanState","global","scalar","months","1.5956","125.0"
"HydrologyCycle","Runoff","CLASS","CLM","Seasonal Cycle Score","MeanState","global","score","1","0.837234","125.0"
"HydrologyCycle","Runoff","CLASS","CLM","Bias","MeanState","global","scalar","mm d-1","-0.111993","125.0"
"HydrologyCycle","Runoff","CLASS","CLM","Bias Score","MeanState","global","score","1","0.654598","125.0"
"HydrologyCycle","Runoff","CLASS","CLM","RMSE","MeanState","global","scalar","mm d-1","0.658346","125.0"
"HydrologyCycle","Runoff","CLASS","CLM","RMSE Score","MeanState","global","score","1","0.461666","125.0"
"HydrologyCycle","Runoff","CLASS","CLM","Overall Score","MeanState","global","score","1","0.674322","125.0"
"HydrologyCycle","Runoff","CLASS","LPJ-EOSIM","Benchmark Period Mean (intersection)","MeanState","global","scalar","mm d-1","0.724101","125.0"
"HydrologyCycle","Runoff","CLASS","LPJ-EOSIM","Benchmark Period Mean (complement)","MeanState","global","scalar","mm d-1","1.07634","125.0"
"HydrologyCycle","Runoff","CLASS","LPJ-EOSIM","Period Mean (original grids)","MeanState","global","scalar","mm d-1","0.844973","125.0"
"HydrologyCycle","Runoff","CLASS","LPJ-EOSIM","Model Period Mean (intersection)","MeanState","global","scalar","mm d-1","0.787283","125.0"
"HydrologyCycle","Runoff","CLASS","LPJ-EOSIM","Model Period Mean (complement)","MeanState","global","scalar","mm d-1","1.29165","125.0"
"HydrologyCycle","Runoff","CLASS","LPJ-EOSIM","Spatial Distribution Score","MeanState","global","score","1","0.96256","125.0"
"HydrologyCycle","Runoff","CLASS","LPJ-EOSIM","Phase Shift","MeanState","global","scalar","months","1.43057","125.0"
"HydrologyCycle","Runoff","CLASS","LPJ-EOSIM","Seasonal Cycle Score","MeanState","global","score","1","0.840755","125.0"
"HydrologyCycle","Runoff","CLASS","LPJ-EOSIM","Bias","MeanState","global","scalar","mm d-1","0.063182","125.0"
"HydrologyCycle","Runoff","CLASS","LPJ-EOSIM","Bias Score","MeanState","global","score","1","0.686809","125.0"
"HydrologyCycle","Runoff","CLASS","LPJ-EOSIM","RMSE","MeanState","global","scalar","mm d-1","0.687986","125.0"
"HydrologyCycle","Runoff","CLASS","LPJ-EOSIM","RMSE Score","MeanState","global","score","1","0.436526","125.0"
"HydrologyCycle","Runoff","CLASS","LPJ-EOSIM","Overall Score","MeanState","global","score","1","0.672635","125.0"
"HydrologyCycle","Runoff","CLASS","CLM-FATES","Benchmark Period Mean (intersection)","MeanState","global","scalar","mm d-1","0.724135","125.0"
"HydrologyCycle","Runoff","CLASS","CLM-FATES","Benchmark Period Mean (complement)","MeanState","global","scalar","mm d-1","1.04942","125.0"
"HydrologyCycle","Runoff","CLASS","CLM-FATES","Period Mean (original grids)","MeanState","global","scalar","mm d-1","3.67765","125.0"
"HydrologyCycle","Runoff","CLASS","CLM-FATES","Model Period Mean (intersection)","MeanState","global","scalar","mm d-1","0.691616","125.0"
"HydrologyCycle","Runoff","CLASS","CLM-FATES","Model Period Mean (complement)","MeanState","global","scalar","mm d-1","12.0621","125.0"
"HydrologyCycle","Runoff","CLASS","CLM-FATES","Spatial Distribution Score","MeanState","global","score","1","0.945606","125.0"
"HydrologyCycle","Runoff","CLASS","CLM-FATES","Phase Shift","MeanState","global","scalar","months","1.76109","125.0"
"HydrologyCycle","Runoff","CLASS","CLM-FATES","Seasonal Cycle Score","MeanState","global","score","1","0.780223","125.0"
"HydrologyCycle","Runoff","CLASS","CLM-FATES","Bias","MeanState","global","scalar","mm d-1","-0.0310619","125.0"
"HydrologyCycle","Runoff","CLASS","CLM-FATES","Bias Score","MeanState","global","score","1","0.64451","125.0"
"HydrologyCycle","Runoff","CLASS","CLM-FATES","RMSE","MeanState","global","scalar","mm d-1","0.624578","125.0"
"HydrologyCycle","Runoff","CLASS","CLM-FATES","RMSE Score","MeanState","global","score","1","0.477387","125.0"
"HydrologyCycle","Runoff","CLASS","CLM-FATES","Overall Score","MeanState","global","score","1","0.665023","125.0"
"HydrologyCycle","Runoff","CLASS","LPJ-EOSIM-fixspitfire","Benchmark Period Mean (intersection)","MeanState","global","scalar","mm d-1","0.724101","125.0"
"HydrologyCycle","Runoff","CLASS","LPJ-EOSIM-fixspitfire","Benchmark Period Mean (complement)","MeanState","global","scalar","mm d-1","1.07634","125.0"
"HydrologyCycle","Runoff","CLASS","LPJ-EOSIM-fixspitfire","Period Mean (original grids)","MeanState","global","scalar","mm d-1","0.84513","125.0"
"HydrologyCycle","Runoff","CLASS","LPJ-EOSIM-fixspitfire","Model Period Mean (intersection)","MeanState","global","scalar","mm d-1","0.787465","125.0"
"HydrologyCycle","Runoff","CLASS","LPJ-EOSIM-fixspitfire","Model Period Mean (complement)","MeanState","global","scalar","mm d-1","1.29161","125.0"
"HydrologyCycle","Runoff","CLASS","LPJ-EOSIM-fixspitfire","Spatial Distribution Score","MeanState","global","score","1","0.962571","125.0"
"HydrologyCycle","Runoff","CLASS","LPJ-EOSIM-fixspitfire","Phase Shift","MeanState","global","scalar","months","1.43054","125.0"
"HydrologyCycle","Runoff","CLASS","LPJ-EOSIM-fixspitfire","Seasonal Cycle Score","MeanState","global","score","1","0.840734","125.0"
"HydrologyCycle","Runoff","CLASS","LPJ-EOSIM-fixspitfire","Bias","MeanState","global","scalar","mm d-1","0.0633638","125.0"
"HydrologyCycle","Runoff","CLASS","LPJ-EOSIM-fixspitfire","Bias Score","MeanState","global","score","1","0.686799","125.0"
"HydrologyCycle","Runoff","CLASS","LPJ-EOSIM-fixspitfire","RMSE","MeanState","global","scalar","mm d-1","0.688073","125.0"
"HydrologyCycle","Runoff","CLASS","LPJ-EOSIM-fixspitfire","RMSE Score","MeanState","global","score","1","0.436503","125.0"
"HydrologyCycle","Runoff","CLASS","LPJ-EOSIM-fixspitfire","Overall Score","MeanState","global","score","1","0.672622","125.0"
"HydrologyCycle","Runoff","Dai","DLEM","Period Mean","MeanState","global","scalar","mm d-1","0.530933","75.0"
"HydrologyCycle","Runoff","Dai","DLEM","Bias","MeanState","global","scalar","mm d-1","-0.294475","75.0"
"HydrologyCycle","Runoff","Dai","DLEM","Bias Score","MeanState","global","score","1","0.68199","75.0"
"HydrologyCycle","Runoff","Dai","DLEM","Interannual Variability Score","MeanState","global","score","1","0.664705","75.0"
"HydrologyCycle","Runoff","Dai","DLEM","Spatial Distribution Score","MeanState","global","score","1","0.703894","75.0"
"HydrologyCycle","Runoff","Dai","DLEM","Overall Score","MeanState","global","score","1","0.68353","75.0"
"HydrologyCycle","Runoff","Dai","TEM","Period Mean","MeanState","global","scalar","mm d-1","0.830328","75.0"
"HydrologyCycle","Runoff","Dai","TEM","Bias","MeanState","global","scalar","mm d-1","0.00492021","75.0"
"HydrologyCycle","Runoff","Dai","TEM","Bias Score","MeanState","global","score","1","0.730159","75.0"
"HydrologyCycle","Runoff","Dai","TEM","Interannual Variability Score","MeanState","global","score","1","0.61382","75.0"
"HydrologyCycle","Runoff","Dai","TEM","Spatial Distribution Score","MeanState","global","score","1","0.946471","75.0"
"HydrologyCycle","Runoff","Dai","TEM","Overall Score","MeanState","global","score","1","0.763484","75.0"
"HydrologyCycle","Runoff","Dai","LPX-Bern","Period Mean","MeanState","global","scalar","mm d-1","0.704996","75.0"
"HydrologyCycle","Runoff","Dai","LPX-Bern","Bias","MeanState","global","scalar","mm d-1","-0.120412","75.0"
"HydrologyCycle","Runoff","Dai","LPX-Bern","Bias Score","MeanState","global","score","1","0.777744","75.0"
"HydrologyCycle","Runoff","Dai","LPX-Bern","Interannual Variability Score","MeanState","global","score","1","0.628775","75.0"
"HydrologyCycle","Runoff","Dai","LPX-Bern","Spatial Distribution Score","MeanState","global","score","1","0.873405","75.0"
"HydrologyCycle","Runoff","Dai","LPX-Bern","Overall Score","MeanState","global","score","1","0.759974","75.0"
"HydrologyCycle","Runoff","Dai","LPJ-EOSIM","Period Mean","MeanState","global","scalar","mm d-1","0.808344","75.0"
"HydrologyCycle","Runoff","Dai","LPJ-EOSIM","Bias","MeanState","global","scalar","mm d-1","-0.0170642","75.0"
"HydrologyCycle","Runoff","Dai","LPJ-EOSIM","Bias Score","MeanState","global","score","1","0.805339","75.0"
"HydrologyCycle","Runoff","Dai","LPJ-EOSIM","Interannual Variability Score","MeanState","global","score","1","0.60787","75.0"
"HydrologyCycle","Runoff","Dai","LPJ-EOSIM","Spatial Distribution Score","MeanState","global","score","1","0.937313","75.0"
"HydrologyCycle","Runoff","Dai","LPJ-EOSIM","Overall Score","MeanState","global","score","1","0.783507","75.0"
"HydrologyCycle","Runoff","Dai","CLM-FATES","Period Mean","MeanState","global","scalar","mm d-1","0.692892","75.0"
"HydrologyCycle","Runoff","Dai","CLM-FATES","Bias","MeanState","global","scalar","mm d-1","-0.132516","75.0"
"HydrologyCycle","Runoff","Dai","CLM-FATES","Bias Score","MeanState","global","score","1","0.779396","75.0"
"HydrologyCycle","Runoff","Dai","CLM-FATES","Interannual Variability Score","MeanState","global","score","1","0.644091","75.0"
"HydrologyCycle","Runoff","Dai","CLM-FATES","Spatial Distribution Score","MeanState","global","score","1","0.924991","75.0"
"HydrologyCycle","Runoff","Dai","CLM-FATES","Overall Score","MeanState","global","score","1","0.782826","75.0"
"HydrologyCycle","Runoff","Dai","JSBACH","Period Mean","MeanState","global","scalar","mm d-1","0.324421","75.0"
"HydrologyCycle","Runoff","Dai","JSBACH","Bias","MeanState","global","scalar","mm d-1","-0.500987","75.0"
"HydrologyCycle","Runoff","Dai","JSBACH","Bias Score","MeanState","global","score","1","0.539829","75.0"
"HydrologyCycle","Runoff","Dai","JSBACH","Interannual Variability Score","MeanState","global","score","1","0.526959","75.0"
"HydrologyCycle","Runoff","Dai","JSBACH","Spatial Distribution Score","MeanState","global","score","1","0.596934","75.0"
"HydrologyCycle","Runoff","Dai","JSBACH","Overall Score","MeanState","global","score","1","0.554574","75.0"
"HydrologyCycle","Runoff","Dai","LPJ-EOSIM-fixspitfire","Period Mean","MeanState","global","scalar","mm d-1","0.808211","75.0"
"HydrologyCycle","Runoff","Dai","LPJ-EOSIM-fixspitfire","Bias","MeanState","global","scalar","mm d-1","-0.0171969","75.0"
"HydrologyCycle","Runoff","Dai","LPJ-EOSIM-fixspitfire","Bias Score","MeanState","global","score","1","0.805238","75.0"
"HydrologyCycle","Runoff","Dai","LPJ-EOSIM-fixspitfire","Interannual Variability Score","MeanState","global","score","1","0.607971","75.0"
"HydrologyCycle","Runoff","Dai","LPJ-EOSIM-fixspitfire","Spatial Distribution Score","MeanState","global","score","1","0.937168","75.0"
"HydrologyCycle","Runoff","Dai","LPJ-EOSIM-fixspitfire","Overall Score","MeanState","global","score","1","0.783459","75.0"
"HydrologyCycle","Runoff","Dai","CLM","Period Mean","MeanState","global","scalar","mm d-1","0.596615","75.0"
"HydrologyCycle","Runoff","Dai","CLM","Bias","MeanState","global","scalar","mm d-1","-0.228793","75.0"
"HydrologyCycle","Runoff","Dai","CLM","Bias Score","MeanState","global","score","1","0.748771","75.0"
"HydrologyCycle","Runoff","Dai","CLM","Interannual Variability Score","MeanState","global","score","1","0.662002","75.0"
"HydrologyCycle","Runoff","Dai","CLM","Spatial Distribution Score","MeanState","global","score","1","0.906364","75.0"
"HydrologyCycle","Runoff","Dai","CLM","Overall Score","MeanState","global","score","1","0.772379","75.0"
"HydrologyCycle","Evapotranspiration","MOD16A2","JSBACH","Benchmark Period Mean (intersection)","MeanState","global","scalar","mm d-1","1.52927","75.0"
"HydrologyCycle","Evapotranspiration","MOD16A2","JSBACH","Benchmark Period Mean (complement)","MeanState","global","scalar","mm d-1","2.1876","75.0"
"HydrologyCycle","Evapotranspiration","MOD16A2","JSBACH","Period Mean (original grids)","MeanState","global","scalar","mm d-1","1.74657","75.0"
"HydrologyCycle","Evapotranspiration","MOD16A2","JSBACH","Model Period Mean (intersection)","MeanState","global","scalar","mm d-1","2.01685","75.0"
"HydrologyCycle","Evapotranspiration","MOD16A2","JSBACH","Model Period Mean (complement)","MeanState","global","scalar","mm d-1","0.473794","75.0"
"HydrologyCycle","Evapotranspiration","MOD16A2","JSBACH","Spatial Distribution Score","MeanState","global","score","1","0.910022","75.0"
"HydrologyCycle","Evapotranspiration","MOD16A2","JSBACH","Phase Shift","MeanState","global","scalar","months","1.193","75.0"
"HydrologyCycle","Evapotranspiration","MOD16A2","JSBACH","Seasonal Cycle Score","MeanState","global","score","1","0.819872","75.0"
"HydrologyCycle","Evapotranspiration","MOD16A2","JSBACH","Bias","MeanState","global","scalar","mm d-1","0.487584","75.0"
"HydrologyCycle","Evapotranspiration","MOD16A2","JSBACH","Bias Score","MeanState","global","score","1","0.485547","75.0"
"HydrologyCycle","Evapotranspiration","MOD16A2","JSBACH","RMSE","MeanState","global","scalar","mm d-1","0.830668","75.0"
"HydrologyCycle","Evapotranspiration","MOD16A2","JSBACH","RMSE Score","MeanState","global","score","1","0.465733","75.0"
"HydrologyCycle","Evapotranspiration","MOD16A2","JSBACH","Overall Score","MeanState","global","score","1","0.629381","75.0"
"HydrologyCycle","Evapotranspiration","MOD16A2","CLM","Benchmark Period Mean (intersection)","MeanState","global","scalar","mm d-1","1.55907","75.0"
"HydrologyCycle","Evapotranspiration","MOD16A2","CLM","Benchmark Period Mean (complement)","MeanState","global","scalar","mm d-1","1.36196","75.0"
"HydrologyCycle","Evapotranspiration","MOD16A2","CLM","Period Mean (original grids)","MeanState","global","scalar","mm d-1","1.3985","75.0"
"HydrologyCycle","Evapotranspiration","MOD16A2","CLM","Model Period Mean (intersection)","MeanState","global","scalar","mm d-1","1.76041","75.0"
"HydrologyCycle","Evapotranspiration","MOD16A2","CLM","Model Period Mean (complement)","MeanState","global","scalar","mm d-1","0.671407","75.0"
"HydrologyCycle","Evapotranspiration","MOD16A2","CLM","Spatial Distribution Score","MeanState","global","score","1","0.974149","75.0"
"HydrologyCycle","Evapotranspiration","MOD16A2","CLM","Phase Shift","MeanState","global","scalar","months","1.31835","75.0"
"HydrologyCycle","Evapotranspiration","MOD16A2","CLM","Seasonal Cycle Score","MeanState","global","score","1","0.800488","75.0"
"HydrologyCycle","Evapotranspiration","MOD16A2","CLM","Bias","MeanState","global","scalar","mm d-1","0.201338","75.0"
"HydrologyCycle","Evapotranspiration","MOD16A2","CLM","Bias Score","MeanState","global","score","1","0.575769","75.0"
"HydrologyCycle","Evapotranspiration","MOD16A2","CLM","RMSE","MeanState","global","scalar","mm d-1","0.690581","75.0"
"HydrologyCycle","Evapotranspiration","MOD16A2","CLM","RMSE Score","MeanState","global","score","1","0.522807","75.0"
"HydrologyCycle","Evapotranspiration","MOD16A2","CLM","Overall Score","MeanState","global","score","1","0.679204","75.0"
"HydrologyCycle","Evapotranspiration","MOD16A2","LPJ-EOSIM","Benchmark Period Mean (intersection)","MeanState","global","scalar","mm d-1","1.55798","75.0"
"HydrologyCycle","Evapotranspiration","MOD16A2","LPJ-EOSIM","Benchmark Period Mean (complement)","MeanState","global","scalar","mm d-1","2.12689","75.0"
"HydrologyCycle","Evapotranspiration","MOD16A2","LPJ-EOSIM","Period Mean (original grids)","MeanState","global","scalar","mm d-1","1.35651","75.0"
"HydrologyCycle","Evapotranspiration","MOD16A2","LPJ-EOSIM","Model Period Mean (intersection)","MeanState","global","scalar","mm d-1","1.57396","75.0"
"HydrologyCycle","Evapotranspiration","MOD16A2","LPJ-EOSIM","Model Period Mean (complement)","MeanState","global","scalar","mm d-1","0.22926","75.0"
"HydrologyCycle","Evapotranspiration","MOD16A2","LPJ-EOSIM","Spatial Distribution Score","MeanState","global","score","1","0.979381","75.0"
"HydrologyCycle","Evapotranspiration","MOD16A2","LPJ-EOSIM","Phase Shift","MeanState","global","scalar","months","1.23428","75.0"
"HydrologyCycle","Evapotranspiration","MOD16A2","LPJ-EOSIM","Seasonal Cycle Score","MeanState","global","score","1","0.80737","75.0"
"HydrologyCycle","Evapotranspiration","MOD16A2","LPJ-EOSIM","Bias","MeanState","global","scalar","mm d-1","0.0159814","75.0"
"HydrologyCycle","Evapotranspiration","MOD16A2","LPJ-EOSIM","Bias Score","MeanState","global","score","1","0.579344","75.0"
"HydrologyCycle","Evapotranspiration","MOD16A2","LPJ-EOSIM","RMSE","MeanState","global","scalar","mm d-1","0.627187","75.0"
"HydrologyCycle","Evapotranspiration","MOD16A2","LPJ-EOSIM","RMSE Score","MeanState","global","score","1","0.484938","75.0"
"HydrologyCycle","Evapotranspiration","MOD16A2","LPJ-EOSIM","Overall Score","MeanState","global","score","1","0.667194","75.0"
"HydrologyCycle","Evapotranspiration","MOD16A2","CLM-FATES","Benchmark Period Mean (intersection)","MeanState","global","scalar","mm d-1","1.55614","75.0"
"HydrologyCycle","Evapotranspiration","MOD16A2","CLM-FATES","Benchmark Period Mean (complement)","MeanState","global","scalar","mm d-1","2.43787","75.0"
"HydrologyCycle","Evapotranspiration","MOD16A2","CLM-FATES","Period Mean (original grids)","MeanState","global","scalar","mm d-1","1.28515","75.0"
"HydrologyCycle","Evapotranspiration","MOD16A2","CLM-FATES","Model Period Mean (intersection)","MeanState","global","scalar","mm d-1","1.66792","75.0"
"HydrologyCycle","Evapotranspiration","MOD16A2","CLM-FATES","Model Period Mean (complement)","MeanState","global","scalar","mm d-1","0.390618","75.0"
"HydrologyCycle","Evapotranspiration","MOD16A2","CLM-FATES","Spatial Distribution Score","MeanState","global","score","1","0.974636","75.0"
"HydrologyCycle","Evapotranspiration","MOD16A2","CLM-FATES","Phase Shift","MeanState","global","scalar","months","1.35732","75.0"
"HydrologyCycle","Evapotranspiration","MOD16A2","CLM-FATES","Seasonal Cycle Score","MeanState","global","score","1","0.800676","75.0"
"HydrologyCycle","Evapotranspiration","MOD16A2","CLM-FATES","Bias","MeanState","global","scalar","mm d-1","0.111887","75.0"
"HydrologyCycle","Evapotranspiration","MOD16A2","CLM-FATES","Bias Score","MeanState","global","score","1","0.574017","75.0"
"HydrologyCycle","Evapotranspiration","MOD16A2","CLM-FATES","RMSE","MeanState","global","scalar","mm d-1","0.630184","75.0"
"HydrologyCycle","Evapotranspiration","MOD16A2","CLM-FATES","RMSE Score","MeanState","global","score","1","0.540931","75.0"
"HydrologyCycle","Evapotranspiration","MOD16A2","CLM-FATES","Overall Score","MeanState","global","score","1","0.686238","75.0"
"HydrologyCycle","Evapotranspiration","MOD16A2","LPX-Bern","Benchmark Period Mean (intersection)","MeanState","global","scalar","mm d-1","1.53967","75.0"
"HydrologyCycle","Evapotranspiration","MOD16A2","LPX-Bern","Benchmark Period Mean (complement)","MeanState","global","scalar","mm d-1","2.25468","75.0"
"HydrologyCycle","Evapotranspiration","MOD16A2","LPX-Bern","Period Mean (original grids)","MeanState","global","scalar","mm d-1","6.96833","75.0"
"HydrologyCycle","Evapotranspiration","MOD16A2","LPX-Bern","Model Period Mean (intersection)","MeanState","global","scalar","mm d-1","7.56919","75.0"
"HydrologyCycle","Evapotranspiration","MOD16A2","LPX-Bern","Model Period Mean (complement)","MeanState","global","scalar","mm d-1","4.05984","75.0"
"HydrologyCycle","Evapotranspiration","MOD16A2","LPX-Bern","Spatial Distribution Score","MeanState","global","score","1","0.211654","75.0"
"HydrologyCycle","Evapotranspiration","MOD16A2","LPX-Bern","Phase Shift","MeanState","global","scalar","months","1.33615","75.0"
"HydrologyCycle","Evapotranspiration","MOD16A2","LPX-Bern","Seasonal Cycle Score","MeanState","global","score","1","0.806277","75.0"
"HydrologyCycle","Evapotranspiration","MOD16A2","LPX-Bern","Bias","MeanState","global","scalar","mm d-1","6.02952","75.0"
"HydrologyCycle","Evapotranspiration","MOD16A2","LPX-Bern","Bias Score","MeanState","global","score","1","0.0181183","75.0"
"HydrologyCycle","Evapotranspiration","MOD16A2","LPX-Bern","RMSE","MeanState","global","scalar","mm d-1","7.11555","75.0"
"HydrologyCycle","Evapotranspiration","MOD16A2","LPX-Bern","RMSE Score","MeanState","global","score","1","0.0247956","75.0"
"HydrologyCycle","Evapotranspiration","MOD16A2","LPX-Bern","Overall Score","MeanState","global","score","1","0.217128","75.0"
"HydrologyCycle","Evapotranspiration","MOD16A2","LPJ-EOSIM-fixspitfire","Benchmark Period Mean (intersection)","MeanState","global","scalar","mm d-1","1.55798","75.0"
"HydrologyCycle","Evapotranspiration","MOD16A2","LPJ-EOSIM-fixspitfire","Benchmark Period Mean (complement)","MeanState","global","scalar","mm d-1","2.12689","75.0"
"HydrologyCycle","Evapotranspiration","MOD16A2","LPJ-EOSIM-fixspitfire","Period Mean (original grids)","MeanState","global","scalar","mm d-1","1.35634","75.0"
"HydrologyCycle","Evapotranspiration","MOD16A2","LPJ-EOSIM-fixspitfire","Model Period Mean (intersection)","MeanState","global","scalar","mm d-1","1.57376","75.0"
"HydrologyCycle","Evapotranspiration","MOD16A2","LPJ-EOSIM-fixspitfire","Model Period Mean (complement)","MeanState","global","scalar","mm d-1","0.229249","75.0"
"HydrologyCycle","Evapotranspiration","MOD16A2","LPJ-EOSIM-fixspitfire","Spatial Distribution Score","MeanState","global","score","1","0.979386","75.0"
"HydrologyCycle","Evapotranspiration","MOD16A2","LPJ-EOSIM-fixspitfire","Phase Shift","MeanState","global","scalar","months","1.23398","75.0"
"HydrologyCycle","Evapotranspiration","MOD16A2","LPJ-EOSIM-fixspitfire","Seasonal Cycle Score","MeanState","global","score","1","0.807527","75.0"
"HydrologyCycle","Evapotranspiration","MOD16A2","LPJ-EOSIM-fixspitfire","Bias","MeanState","global","scalar","mm d-1","0.0157832","75.0"
"HydrologyCycle","Evapotranspiration","MOD16A2","LPJ-EOSIM-fixspitfire","Bias Score","MeanState","global","score","1","0.579244","75.0"
"HydrologyCycle","Evapotranspiration","MOD16A2","LPJ-EOSIM-fixspitfire","RMSE","MeanState","global","scalar","mm d-1","0.626926","75.0"
"HydrologyCycle","Evapotranspiration","MOD16A2","LPJ-EOSIM-fixspitfire","RMSE Score","MeanState","global","score","1","0.485169","75.0"
"HydrologyCycle","Evapotranspiration","MOD16A2","LPJ-EOSIM-fixspitfire","Overall Score","MeanState","global","score","1","0.667299","75.0"
"HydrologyCycle","Evapotranspiration","MODIS","LPX-Bern","Benchmark Period Mean (intersection)","MeanState","global","scalar","mm d-1","1.53939","75.0"
"HydrologyCycle","Evapotranspiration","MODIS","LPX-Bern","Benchmark Period Mean (complement)","MeanState","global","scalar","mm d-1","2.25271","75.0"
"HydrologyCycle","Evapotranspiration","MODIS","LPX-Bern","Period Mean (original grids)","MeanState","global","scalar","mm d-1","6.96352","75.0"
"HydrologyCycle","Evapotranspiration","MODIS","LPX-Bern","Model Period Mean (intersection)","MeanState","global","scalar","mm d-1","7.56451","75.0"
"HydrologyCycle","Evapotranspiration","MODIS","LPX-Bern","Model Period Mean (complement)","MeanState","global","scalar","mm d-1","4.05462","75.0"
"HydrologyCycle","Evapotranspiration","MODIS","LPX-Bern","Spatial Distribution Score","MeanState","global","score","1","0.211712","75.0"
"HydrologyCycle","Evapotranspiration","MODIS","LPX-Bern","Phase Shift","MeanState","global","scalar","months","1.34199","75.0"
"HydrologyCycle","Evapotranspiration","MODIS","LPX-Bern","Seasonal Cycle Score","MeanState","global","score","1","0.806088","75.0"
"HydrologyCycle","Evapotranspiration","MODIS","LPX-Bern","Bias","MeanState","global","scalar","mm d-1","6.02512","75.0"
"HydrologyCycle","Evapotranspiration","MODIS","LPX-Bern","Bias Score","MeanState","global","score","1","0.0182015","75.0"
"HydrologyCycle","Evapotranspiration","MODIS","LPX-Bern","RMSE","MeanState","global","scalar","mm d-1","7.11317","75.0"
"HydrologyCycle","Evapotranspiration","MODIS","LPX-Bern","RMSE Score","MeanState","global","score","1","0.0246716","75.0"
"HydrologyCycle","Evapotranspiration","MODIS","LPX-Bern","Overall Score","MeanState","global","score","1","0.217069","75.0"
"HydrologyCycle","Evapotranspiration","MODIS","LPJ-EOSIM-fixspitfire","Benchmark Period Mean (intersection)","MeanState","global","scalar","mm d-1","1.55764","75.0"
"HydrologyCycle","Evapotranspiration","MODIS","LPJ-EOSIM-fixspitfire","Benchmark Period Mean (complement)","MeanState","global","scalar","mm d-1","2.12771","75.0"
"HydrologyCycle","Evapotranspiration","MODIS","LPJ-EOSIM-fixspitfire","Period Mean (original grids)","MeanState","global","scalar","mm d-1","1.35557","75.0"
"HydrologyCycle","Evapotranspiration","MODIS","LPJ-EOSIM-fixspitfire","Model Period Mean (intersection)","MeanState","global","scalar","mm d-1","1.57297","75.0"
"HydrologyCycle","Evapotranspiration","MODIS","LPJ-EOSIM-fixspitfire","Model Period Mean (complement)","MeanState","global","scalar","mm d-1","0.228699","75.0"
"HydrologyCycle","Evapotranspiration","MODIS","LPJ-EOSIM-fixspitfire","Spatial Distribution Score","MeanState","global","score","1","0.979306","75.0"
"HydrologyCycle","Evapotranspiration","MODIS","LPJ-EOSIM-fixspitfire","Phase Shift","MeanState","global","scalar","months","1.23264","75.0"
"HydrologyCycle","Evapotranspiration","MODIS","LPJ-EOSIM-fixspitfire","Seasonal Cycle Score","MeanState","global","score","1","0.807343","75.0"
"HydrologyCycle","Evapotranspiration","MODIS","LPJ-EOSIM-fixspitfire","Bias","MeanState","global","scalar","mm d-1","0.0153274","75.0"
"HydrologyCycle","Evapotranspiration","MODIS","LPJ-EOSIM-fixspitfire","Bias Score","MeanState","global","score","1","0.580025","75.0"
"HydrologyCycle","Evapotranspiration","MODIS","LPJ-EOSIM-fixspitfire","RMSE","MeanState","global","scalar","mm d-1","0.627113","75.0"
"HydrologyCycle","Evapotranspiration","MODIS","LPJ-EOSIM-fixspitfire","RMSE Score","MeanState","global","score","1","0.484864","75.0"
"HydrologyCycle","Evapotranspiration","MODIS","LPJ-EOSIM-fixspitfire","Overall Score","MeanState","global","score","1","0.66728","75.0"
"HydrologyCycle","Evapotranspiration","MODIS","JSBACH","Benchmark Period Mean (intersection)","MeanState","global","scalar","mm d-1","1.52901","75.0"
"HydrologyCycle","Evapotranspiration","MODIS","JSBACH","Benchmark Period Mean (complement)","MeanState","global","scalar","mm d-1","2.18571","75.0"
"HydrologyCycle","Evapotranspiration","MODIS","JSBACH","Period Mean (original grids)","MeanState","global","scalar","mm d-1","1.74555","75.0"
"HydrologyCycle","Evapotranspiration","MODIS","JSBACH","Model Period Mean (intersection)","MeanState","global","scalar","mm d-1","2.01577","75.0"
"HydrologyCycle","Evapotranspiration","MODIS","JSBACH","Model Period Mean (complement)","MeanState","global","scalar","mm d-1","0.473194","75.0"
"HydrologyCycle","Evapotranspiration","MODIS","JSBACH","Spatial Distribution Score","MeanState","global","score","1","0.909691","75.0"
"HydrologyCycle","Evapotranspiration","MODIS","JSBACH","Phase Shift","MeanState","global","scalar","months","1.19892","75.0"
"HydrologyCycle","Evapotranspiration","MODIS","JSBACH","Seasonal Cycle Score","MeanState","global","score","1","0.818413","75.0"
"HydrologyCycle","Evapotranspiration","MODIS","JSBACH","Bias","MeanState","global","scalar","mm d-1","0.486761","75.0"
"HydrologyCycle","Evapotranspiration","MODIS","JSBACH","Bias Score","MeanState","global","score","1","0.486019","75.0"
"HydrologyCycle","Evapotranspiration","MODIS","JSBACH","RMSE","MeanState","global","scalar","mm d-1","0.831215","75.0"
"HydrologyCycle","Evapotranspiration","MODIS","JSBACH","RMSE Score","MeanState","global","score","1","0.464842","75.0"
"HydrologyCycle","Evapotranspiration","MODIS","JSBACH","Overall Score","MeanState","global","score","1","0.628762","75.0"
"HydrologyCycle","Evapotranspiration","MODIS","CLM","Benchmark Period Mean (intersection)","MeanState","global","scalar","mm d-1","1.55874","75.0"
"HydrologyCycle","Evapotranspiration","MODIS","CLM","Benchmark Period Mean (complement)","MeanState","global","scalar","mm d-1","1.35576","75.0"
"HydrologyCycle","Evapotranspiration","MODIS","CLM","Period Mean (original grids)","MeanState","global","scalar","mm d-1","1.39816","75.0"
"HydrologyCycle","Evapotranspiration","MODIS","CLM","Model Period Mean (intersection)","MeanState","global","scalar","mm d-1","1.75965","75.0"
"HydrologyCycle","Evapotranspiration","MODIS","CLM","Model Period Mean (complement)","MeanState","global","scalar","mm d-1","0.671943","75.0"
"HydrologyCycle","Evapotranspiration","MODIS","CLM","Spatial Distribution Score","MeanState","global","score","1","0.974126","75.0"
"HydrologyCycle","Evapotranspiration","MODIS","CLM","Phase Shift","MeanState","global","scalar","months","1.32093","75.0"
"HydrologyCycle","Evapotranspiration","MODIS","CLM","Seasonal Cycle Score","MeanState","global","score","1","0.799779","75.0"
"HydrologyCycle","Evapotranspiration","MODIS","CLM","Bias","MeanState","global","scalar","mm d-1","0.20091","75.0"
"HydrologyCycle","Evapotranspiration","MODIS","CLM","Bias Score","MeanState","global","score","1","0.576662","75.0"
"HydrologyCycle","Evapotranspiration","MODIS","CLM","RMSE","MeanState","global","scalar","mm d-1","0.689492","75.0"
"HydrologyCycle","Evapotranspiration","MODIS","CLM","RMSE Score","MeanState","global","score","1","0.523297","75.0"
"HydrologyCycle","Evapotranspiration","MODIS","CLM","Overall Score","MeanState","global","score","1","0.679432","75.0"
"HydrologyCycle","Evapotranspiration","MODIS","CLM-FATES","Benchmark Period Mean (intersection)","MeanState","global","scalar","mm d-1","1.55582","75.0"
"HydrologyCycle","Evapotranspiration","MODIS","CLM-FATES","Benchmark Period Mean (complement)","MeanState","global","scalar","mm d-1","2.43489","75.0"
"HydrologyCycle","Evapotranspiration","MODIS","CLM-FATES","Period Mean (original grids)","MeanState","global","scalar","mm d-1","1.28439","75.0"
"HydrologyCycle","Evapotranspiration","MODIS","CLM-FATES","Model Period Mean (intersection)","MeanState","global","scalar","mm d-1","1.6667","75.0"
"HydrologyCycle","Evapotranspiration","MODIS","CLM-FATES","Model Period Mean (complement)","MeanState","global","scalar","mm d-1","0.390927","75.0"
"HydrologyCycle","Evapotranspiration","MODIS","CLM-FATES","Spatial Distribution Score","MeanState","global","score","1","0.97459","75.0"
"HydrologyCycle","Evapotranspiration","MODIS","CLM-FATES","Phase Shift","MeanState","global","scalar","months","1.36287","75.0"
"HydrologyCycle","Evapotranspiration","MODIS","CLM-FATES","Seasonal Cycle Score","MeanState","global","score","1","0.79973","75.0"
"HydrologyCycle","Evapotranspiration","MODIS","CLM-FATES","Bias","MeanState","global","scalar","mm d-1","0.110992","75.0"
"HydrologyCycle","Evapotranspiration","MODIS","CLM-FATES","Bias Score","MeanState","global","score","1","0.574698","75.0"
"HydrologyCycle","Evapotranspiration","MODIS","CLM-FATES","RMSE","MeanState","global","scalar","mm d-1","0.629039","75.0"
"HydrologyCycle","Evapotranspiration","MODIS","CLM-FATES","RMSE Score","MeanState","global","score","1","0.54135","75.0"
"HydrologyCycle","Evapotranspiration","MODIS","CLM-FATES","Overall Score","MeanState","global","score","1","0.686344","75.0"
"HydrologyCycle","Evapotranspiration","MODIS","LPJ-EOSIM","Benchmark Period Mean (intersection)","MeanState","global","scalar","mm d-1","1.55764","75.0"
"HydrologyCycle","Evapotranspiration","MODIS","LPJ-EOSIM","Benchmark Period Mean (complement)","MeanState","global","scalar","mm d-1","2.12771","75.0"
"HydrologyCycle","Evapotranspiration","MODIS","LPJ-EOSIM","Period Mean (original grids)","MeanState","global","scalar","mm d-1","1.35574","75.0"
"HydrologyCycle","Evapotranspiration","MODIS","LPJ-EOSIM","Model Period Mean (intersection)","MeanState","global","scalar","mm d-1","1.57317","75.0"
"HydrologyCycle","Evapotranspiration","MODIS","LPJ-EOSIM","Model Period Mean (complement)","MeanState","global","scalar","mm d-1","0.228709","75.0"
"HydrologyCycle","Evapotranspiration","MODIS","LPJ-EOSIM","Spatial Distribution Score","MeanState","global","score","1","0.9793","75.0"
"HydrologyCycle","Evapotranspiration","MODIS","LPJ-EOSIM","Phase Shift","MeanState","global","scalar","months","1.23288","75.0"
"HydrologyCycle","Evapotranspiration","MODIS","LPJ-EOSIM","Seasonal Cycle Score","MeanState","global","score","1","0.807238","75.0"
"HydrologyCycle","Evapotranspiration","MODIS","LPJ-EOSIM","Bias","MeanState","global","scalar","mm d-1","0.0155268","75.0"
"HydrologyCycle","Evapotranspiration","MODIS","LPJ-EOSIM","Bias Score","MeanState","global","score","1","0.580144","75.0"
"HydrologyCycle","Evapotranspiration","MODIS","LPJ-EOSIM","RMSE","MeanState","global","scalar","mm d-1","0.62737","75.0"
"HydrologyCycle","Evapotranspiration","MODIS","LPJ-EOSIM","RMSE Score","MeanState","global","score","1","0.484634","75.0"
"HydrologyCycle","Evapotranspiration","MODIS","LPJ-EOSIM","Overall Score","MeanState","global","score","1","0.66719","75.0"
"HydrologyCycle","Evapotranspiration","GLEAMv3.3a","LPJ-EOSIM-fixspitfire","Benchmark Period Mean (intersection)","MeanState","global","scalar","mm d-1","1.44892","75.0"
"HydrologyCycle","Evapotranspiration","GLEAMv3.3a","LPJ-EOSIM-fixspitfire","Benchmark Period Mean (complement)","MeanState","global","scalar","mm d-1","0.647636","75.0"
"HydrologyCycle","Evapotranspiration","GLEAMv3.3a","LPJ-EOSIM-fixspitfire","Period Mean (original grids)","MeanState","global","scalar","mm d-1","1.34764","75.0"
"HydrologyCycle","Evapotranspiration","GLEAMv3.3a","LPJ-EOSIM-fixspitfire","Model Period Mean (intersection)","MeanState","global","scalar","mm d-1","1.3448","75.0"
"HydrologyCycle","Evapotranspiration","GLEAMv3.3a","LPJ-EOSIM-fixspitfire","Model Period Mean (complement)","MeanState","global","scalar","mm d-1","1.56311","75.0"
"HydrologyCycle","Evapotranspiration","GLEAMv3.3a","LPJ-EOSIM-fixspitfire","Spatial Distribution Score","MeanState","global","score","1","0.983105","75.0"
"HydrologyCycle","Evapotranspiration","GLEAMv3.3a","LPJ-EOSIM-fixspitfire","Phase Shift","MeanState","global","scalar","months","0.971456","75.0"
"HydrologyCycle","Evapotranspiration","GLEAMv3.3a","LPJ-EOSIM-fixspitfire","Seasonal Cycle Score","MeanState","global","score","1","0.804279","75.0"
"HydrologyCycle","Evapotranspiration","GLEAMv3.3a","LPJ-EOSIM-fixspitfire","Bias","MeanState","global","scalar","mm d-1","-0.10412","75.0"
"HydrologyCycle","Evapotranspiration","GLEAMv3.3a","LPJ-EOSIM-fixspitfire","Bias Score","MeanState","global","score","1","0.669689","75.0"
"HydrologyCycle","Evapotranspiration","GLEAMv3.3a","LPJ-EOSIM-fixspitfire","RMSE","MeanState","global","scalar","mm d-1","0.468606","75.0"
"HydrologyCycle","Evapotranspiration","GLEAMv3.3a","LPJ-EOSIM-fixspitfire","RMSE Score","MeanState","global","score","1","0.562511","75.0"
"HydrologyCycle","Evapotranspiration","GLEAMv3.3a","LPJ-EOSIM-fixspitfire","Overall Score","MeanState","global","score","1","0.716419","75.0"
"HydrologyCycle","Evapotranspiration","GLEAMv3.3a","JSBACH","Benchmark Period Mean (intersection)","MeanState","global","scalar","mm d-1","1.42691","75.0"
"HydrologyCycle","Evapotranspiration","GLEAMv3.3a","JSBACH","Benchmark Period Mean (complement)","MeanState","global","scalar","mm d-1","0.932322","75.0"
"HydrologyCycle","Evapotranspiration","GLEAMv3.3a","JSBACH","Period Mean (original grids)","MeanState","global","scalar","mm d-1","1.73954","75.0"
"HydrologyCycle","Evapotranspiration","GLEAMv3.3a","JSBACH","Model Period Mean (intersection)","MeanState","global","scalar","mm d-1","1.73311","75.0"
"HydrologyCycle","Evapotranspiration","GLEAMv3.3a","JSBACH","Model Period Mean (complement)","MeanState","global","scalar","mm d-1","2.05874","75.0"
"HydrologyCycle","Evapotranspiration","GLEAMv3.3a","JSBACH","Spatial Distribution Score","MeanState","global","score","1","0.93825","75.0"
"HydrologyCycle","Evapotranspiration","GLEAMv3.3a","JSBACH","Phase Shift","MeanState","global","scalar","months","1.01587","75.0"
"HydrologyCycle","Evapotranspiration","GLEAMv3.3a","JSBACH","Seasonal Cycle Score","MeanState","global","score","1","0.791549","75.0"
"HydrologyCycle","Evapotranspiration","GLEAMv3.3a","JSBACH","Bias","MeanState","global","scalar","mm d-1","0.306199","75.0"
"HydrologyCycle","Evapotranspiration","GLEAMv3.3a","JSBACH","Bias Score","MeanState","global","score","1","0.566267","75.0"
"HydrologyCycle","Evapotranspiration","GLEAMv3.3a","JSBACH","RMSE","MeanState","global","scalar","mm d-1","0.638718","75.0"
"HydrologyCycle","Evapotranspiration","GLEAMv3.3a","JSBACH","RMSE Score","MeanState","global","score","1","0.521916","75.0"
"HydrologyCycle","Evapotranspiration","GLEAMv3.3a","JSBACH","Overall Score","MeanState","global","score","1","0.66798","75.0"
"HydrologyCycle","Evapotranspiration","GLEAMv3.3a","CLM","Benchmark Period Mean (intersection)","MeanState","global","scalar","mm d-1","1.35183","75.0"
"HydrologyCycle","Evapotranspiration","GLEAMv3.3a","CLM","Benchmark Period Mean (complement)","MeanState","global","scalar","mm d-1","2.70215","75.0"
"HydrologyCycle","Evapotranspiration","GLEAMv3.3a","CLM","Period Mean (original grids)","MeanState","global","scalar","mm d-1","1.39119","75.0"
"HydrologyCycle","Evapotranspiration","GLEAMv3.3a","CLM","Model Period Mean (intersection)","MeanState","global","scalar","mm d-1","1.33031","75.0"
"HydrologyCycle","Evapotranspiration","GLEAMv3.3a","CLM","Model Period Mean (complement)","MeanState","global","scalar","mm d-1","1.89383","75.0"
"HydrologyCycle","Evapotranspiration","GLEAMv3.3a","CLM","Spatial Distribution Score","MeanState","global","score","1","0.948588","75.0"
"HydrologyCycle","Evapotranspiration","GLEAMv3.3a","CLM","Phase Shift","MeanState","global","scalar","months","1.12621","75.0"
"HydrologyCycle","Evapotranspiration","GLEAMv3.3a","CLM","Seasonal Cycle Score","MeanState","global","score","1","0.816424","75.0"
"HydrologyCycle","Evapotranspiration","GLEAMv3.3a","CLM","Bias","MeanState","global","scalar","mm d-1","-0.0215248","75.0"
"HydrologyCycle","Evapotranspiration","GLEAMv3.3a","CLM","Bias Score","MeanState","global","score","1","0.625873","75.0"
"HydrologyCycle","Evapotranspiration","GLEAMv3.3a","CLM","RMSE","MeanState","global","scalar","mm d-1","0.492486","75.0"
"HydrologyCycle","Evapotranspiration","GLEAMv3.3a","CLM","RMSE Score","MeanState","global","score","1","0.631083","75.0"
"HydrologyCycle","Evapotranspiration","GLEAMv3.3a","CLM","Overall Score","MeanState","global","score","1","0.730611","75.0"
"HydrologyCycle","Evapotranspiration","GLEAMv3.3a","CLM-FATES","Benchmark Period Mean (intersection)","MeanState","global","scalar","mm d-1","1.34086","75.0"
"HydrologyCycle","Evapotranspiration","GLEAMv3.3a","CLM-FATES","Benchmark Period Mean (complement)","MeanState","global","scalar","mm d-1","2.96211","75.0"
"HydrologyCycle","Evapotranspiration","GLEAMv3.3a","CLM-FATES","Period Mean (original grids)","MeanState","global","scalar","mm d-1","1.27623","75.0"
"HydrologyCycle","Evapotranspiration","GLEAMv3.3a","CLM-FATES","Model Period Mean (intersection)","MeanState","global","scalar","mm d-1","1.23971","75.0"
"HydrologyCycle","Evapotranspiration","GLEAMv3.3a","CLM-FATES","Model Period Mean (complement)","MeanState","global","scalar","mm d-1","1.67542","75.0"
"HydrologyCycle","Evapotranspiration","GLEAMv3.3a","CLM-FATES","Spatial Distribution Score","MeanState","global","score","1","0.93258","75.0"
"HydrologyCycle","Evapotranspiration","GLEAMv3.3a","CLM-FATES","Phase Shift","MeanState","global","scalar","months","1.21619","75.0"
"HydrologyCycle","Evapotranspiration","GLEAMv3.3a","CLM-FATES","Seasonal Cycle Score","MeanState","global","score","1","0.800638","75.0"
"HydrologyCycle","Evapotranspiration","GLEAMv3.3a","CLM-FATES","Bias","MeanState","global","scalar","mm d-1","-0.0995461","75.0"
"HydrologyCycle","Evapotranspiration","GLEAMv3.3a","CLM-FATES","Bias Score","MeanState","global","score","1","0.639776","75.0"
"HydrologyCycle","Evapotranspiration","GLEAMv3.3a","CLM-FATES","RMSE","MeanState","global","scalar","mm d-1","0.472689","75.0"
"HydrologyCycle","Evapotranspiration","GLEAMv3.3a","CLM-FATES","RMSE Score","MeanState","global","score","1","0.641248","75.0"
"HydrologyCycle","Evapotranspiration","GLEAMv3.3a","CLM-FATES","Overall Score","MeanState","global","score","1","0.731098","75.0"
"HydrologyCycle","Evapotranspiration","GLEAMv3.3a","LPJ-EOSIM","Benchmark Period Mean (intersection)","MeanState","global","scalar","mm d-1","1.44892","75.0"
"HydrologyCycle","Evapotranspiration","GLEAMv3.3a","LPJ-EOSIM","Benchmark Period Mean (complement)","MeanState","global","scalar","mm d-1","0.647636","75.0"
"HydrologyCycle","Evapotranspiration","GLEAMv3.3a","LPJ-EOSIM","Period Mean (original grids)","MeanState","global","scalar","mm d-1","1.34778","75.0"
"HydrologyCycle","Evapotranspiration","GLEAMv3.3a","LPJ-EOSIM","Model Period Mean (intersection)","MeanState","global","scalar","mm d-1","1.34494","75.0"
"HydrologyCycle","Evapotranspiration","GLEAMv3.3a","LPJ-EOSIM","Model Period Mean (complement)","MeanState","global","scalar","mm d-1","1.56303","75.0"
"HydrologyCycle","Evapotranspiration","GLEAMv3.3a","LPJ-EOSIM","Spatial Distribution Score","MeanState","global","score","1","0.983124","75.0"
"HydrologyCycle","Evapotranspiration","GLEAMv3.3a","LPJ-EOSIM","Phase Shift","MeanState","global","scalar","months","0.971454","75.0"
"HydrologyCycle","Evapotranspiration","GLEAMv3.3a","LPJ-EOSIM","Seasonal Cycle Score","MeanState","global","score","1","0.804192","75.0"
"HydrologyCycle","Evapotranspiration","GLEAMv3.3a","LPJ-EOSIM","Bias","MeanState","global","scalar","mm d-1","-0.103974","75.0"
"HydrologyCycle","Evapotranspiration","GLEAMv3.3a","LPJ-EOSIM","Bias Score","MeanState","global","score","1","0.669836","75.0"
"HydrologyCycle","Evapotranspiration","GLEAMv3.3a","LPJ-EOSIM","RMSE","MeanState","global","scalar","mm d-1","0.468659","75.0"
"HydrologyCycle","Evapotranspiration","GLEAMv3.3a","LPJ-EOSIM","RMSE Score","MeanState","global","score","1","0.562421","75.0"
"HydrologyCycle","Evapotranspiration","GLEAMv3.3a","LPJ-EOSIM","Overall Score","MeanState","global","score","1","0.716399","75.0"
"HydrologyCycle","Evapotranspiration","GLEAMv3.3a","LPX-Bern","Benchmark Period Mean (intersection)","MeanState","global","scalar","mm d-1","1.45469","75.0"
"HydrologyCycle","Evapotranspiration","GLEAMv3.3a","LPX-Bern","Benchmark Period Mean (complement)","MeanState","global","scalar","mm d-1","0.73244","75.0"
"HydrologyCycle","Evapotranspiration","GLEAMv3.3a","LPX-Bern","Period Mean (original grids)","MeanState","global","scalar","mm d-1","6.93745","75.0"
"HydrologyCycle","Evapotranspiration","GLEAMv3.3a","LPX-Bern","Model Period Mean (intersection)","MeanState","global","scalar","mm d-1","6.93159","75.0"
"HydrologyCycle","Evapotranspiration","GLEAMv3.3a","LPX-Bern","Model Period Mean (complement)","MeanState","global","scalar","mm d-1","7.18591","75.0"
"HydrologyCycle","Evapotranspiration","GLEAMv3.3a","LPX-Bern","Spatial Distribution Score","MeanState","global","score","1","0.244929","75.0"
"HydrologyCycle","Evapotranspiration","GLEAMv3.3a","LPX-Bern","Phase Shift","MeanState","global","scalar","months","1.00769","75.0"
"HydrologyCycle","Evapotranspiration","GLEAMv3.3a","LPX-Bern","Seasonal Cycle Score","MeanState","global","score","1","0.799786","75.0"
"HydrologyCycle","Evapotranspiration","GLEAMv3.3a","LPX-Bern","Bias","MeanState","global","scalar","mm d-1","5.4769","75.0"
"HydrologyCycle","Evapotranspiration","GLEAMv3.3a","LPX-Bern","Bias Score","MeanState","global","score","1","0.0273664","75.0"
"HydrologyCycle","Evapotranspiration","GLEAMv3.3a","LPX-Bern","RMSE","MeanState","global","scalar","mm d-1","6.33907","75.0"
"HydrologyCycle","Evapotranspiration","GLEAMv3.3a","LPX-Bern","RMSE Score","MeanState","global","score","1","0.0428568","75.0"
"HydrologyCycle","Evapotranspiration","GLEAMv3.3a","LPX-Bern","Overall Score","MeanState","global","score","1","0.231559","75.0"