"Section","Variable","Source","Model","ScalarName","AnalysisType","Region","ScalarType","Units","Data","Weight"
"HydrologyCycle","Runoff","CLASS","NMIP3prod_SH1_base","Benchmark Period Mean (intersection)","MeanState","global","scalar","mm d-1","0.724101","125.0"
"HydrologyCycle","Runoff","CLASS","NMIP3prod_SH1_base","Benchmark Period Mean (complement)","MeanState","global","scalar","mm d-1","1.07634","125.0"
"HydrologyCycle","Runoff","CLASS","NMIP3prod_SH1_base","Period Mean (original grids)","MeanState","global","scalar","mm d-1","0.788138","125.0"
"HydrologyCycle","Runoff","CLASS","NMIP3prod_SH1_base","Model Period Mean (intersection)","MeanState","global","scalar","mm d-1","0.730944","125.0"
"HydrologyCycle","Runoff","CLASS","NMIP3prod_SH1_base","Model Period Mean (complement)","MeanState","global","scalar","mm d-1","1.23097","125.0"
"HydrologyCycle","Runoff","CLASS","NMIP3prod_SH1_base","Spatial Distribution Score","MeanState","global","score","1","0.959978","125.0"
"HydrologyCycle","Runoff","CLASS","NMIP3prod_SH1_base","Phase Shift","MeanState","global","scalar","months","1.34445","125.0"
"HydrologyCycle","Runoff","CLASS","NMIP3prod_SH1_base","Seasonal Cycle Score","MeanState","global","score","1","0.858513","125.0"
"HydrologyCycle","Runoff","CLASS","NMIP3prod_SH1_base","Bias","MeanState","global","scalar","mm d-1","0.0068432","125.0"
"HydrologyCycle","Runoff","CLASS","NMIP3prod_SH1_base","Bias Score","MeanState","global","score","1","0.675866","125.0"
"HydrologyCycle","Runoff","CLASS","NMIP3prod_SH1_base","RMSE","MeanState","global","scalar","mm d-1","0.626549","125.0"
"HydrologyCycle","Runoff","CLASS","NMIP3prod_SH1_base","RMSE Score","MeanState","global","score","1","0.464014","125.0"
"HydrologyCycle","Runoff","CLASS","NMIP3prod_SH1_base","Overall Score","MeanState","global","score","1","0.684477","125.0"
"HydrologyCycle","Runoff","CLASS","NMIP3prod_SH1_fix_spitfire","Benchmark Period Mean (intersection)","MeanState","global","scalar","mm d-1","0.724101","125.0"
"HydrologyCycle","Runoff","CLASS","NMIP3prod_SH1_fix_spitfire","Benchmark Period Mean (complement)","MeanState","global","scalar","mm d-1","1.07634","125.0"
"HydrologyCycle","Runoff","CLASS","NMIP3prod_SH1_fix_spitfire","Period Mean (original grids)","MeanState","global","scalar","mm d-1","0.78819","125.0"
"HydrologyCycle","Runoff","CLASS","NMIP3prod_SH1_fix_spitfire","Model Period Mean (intersection)","MeanState","global","scalar","mm d-1","0.730998","125.0"
"HydrologyCycle","Runoff","CLASS","NMIP3prod_SH1_fix_spitfire","Model Period Mean (complement)","MeanState","global","scalar","mm d-1","1.231","125.0"
"HydrologyCycle","Runoff","CLASS","NMIP3prod_SH1_fix_spitfire","Spatial Distribution Score","MeanState","global","score","1","0.959997","125.0"
"HydrologyCycle","Runoff","CLASS","NMIP3prod_SH1_fix_spitfire","Phase Shift","MeanState","global","scalar","months","1.34418","125.0"
"HydrologyCycle","Runoff","CLASS","NMIP3prod_SH1_fix_spitfire","Seasonal Cycle Score","MeanState","global","score","1","0.858492","125.0"
"HydrologyCycle","Runoff","CLASS","NMIP3prod_SH1_fix_spitfire","Bias","MeanState","global","scalar","mm d-1","0.00689717","125.0"
"HydrologyCycle","Runoff","CLASS","NMIP3prod_SH1_fix_spitfire","Bias Score","MeanState","global","score","1","0.675922","125.0"
"HydrologyCycle","Runoff","CLASS","NMIP3prod_SH1_fix_spitfire","RMSE","MeanState","global","scalar","mm d-1","0.62652","125.0"
"HydrologyCycle","Runoff","CLASS","NMIP3prod_SH1_fix_spitfire","RMSE Score","MeanState","global","score","1","0.464001","125.0"
"HydrologyCycle","Runoff","CLASS","NMIP3prod_SH1_fix_spitfire","Overall Score","MeanState","global","score","1","0.684483","125.0"
"HydrologyCycle","Runoff","CLASS","NMIP3prod_SH1_fix_spitfire_permafrost","Benchmark Period Mean (intersection)","MeanState","global","scalar","mm d-1","0.724101","125.0"
"HydrologyCycle","Runoff","CLASS","NMIP3prod_SH1_fix_spitfire_permafrost","Benchmark Period Mean (complement)","MeanState","global","scalar","mm d-1","1.07634","125.0"
"HydrologyCycle","Runoff","CLASS","NMIP3prod_SH1_fix_spitfire_permafrost","Period Mean (original grids)","MeanState","global","scalar","mm d-1","0.823582","125.0"
"HydrologyCycle","Runoff","CLASS","NMIP3prod_SH1_fix_spitfire_permafrost","Model Period Mean (intersection)","MeanState","global","scalar","mm d-1","0.765127","125.0"
"HydrologyCycle","Runoff","CLASS","NMIP3prod_SH1_fix_spitfire_permafrost","Model Period Mean (complement)","MeanState","global","scalar","mm d-1","1.27618","125.0"
"HydrologyCycle","Runoff","CLASS","NMIP3prod_SH1_fix_spitfire_permafrost","Spatial Distribution Score","MeanState","global","score","1","0.962741","125.0"
"HydrologyCycle","Runoff","CLASS","NMIP3prod_SH1_fix_spitfire_permafrost","Phase Shift","MeanState","global","scalar","months","1.46229","125.0"
"HydrologyCycle","Runoff","CLASS","NMIP3prod_SH1_fix_spitfire_permafrost","Seasonal Cycle Score","MeanState","global","score","1","0.838172","125.0"
"HydrologyCycle","Runoff","CLASS","NMIP3prod_SH1_fix_spitfire_permafrost","Bias","MeanState","global","scalar","mm d-1","0.0410265","125.0"
"HydrologyCycle","Runoff","CLASS","NMIP3prod_SH1_fix_spitfire_permafrost","Bias Score","MeanState","global","score","1","0.687922","125.0"
"HydrologyCycle","Runoff","CLASS","NMIP3prod_SH1_fix_spitfire_permafrost","RMSE","MeanState","global","scalar","mm d-1","0.664167","125.0"
"HydrologyCycle","Runoff","CLASS","NMIP3prod_SH1_fix_spitfire_permafrost","RMSE Score","MeanState","global","score","1","0.44145","125.0"
"HydrologyCycle","Runoff","CLASS","NMIP3prod_SH1_fix_spitfire_permafrost","Overall Score","MeanState","global","score","1","0.674347","125.0"
"HydrologyCycle","Runoff","Dai","NMIP3prod_SH1_fix_spitfire_permafrost","Period Mean","MeanState","global","scalar","mm d-1","0.785627","75.0"
"HydrologyCycle","Runoff","Dai","NMIP3prod_SH1_fix_spitfire_permafrost","Bias","MeanState","global","scalar","mm d-1","-0.0397813","75.0"
"HydrologyCycle","Runoff","Dai","NMIP3prod_SH1_fix_spitfire_permafrost","Bias Score","MeanState","global","score","1","0.803596","75.0"
"HydrologyCycle","Runoff","Dai","NMIP3prod_SH1_fix_spitfire_permafrost","Interannual Variability Score","MeanState","global","score","1","0.610313","75.0"
"HydrologyCycle","Runoff","Dai","NMIP3prod_SH1_fix_spitfire_permafrost","Spatial Distribution Score","MeanState","global","score","1","0.941195","75.0"
"HydrologyCycle","Runoff","Dai","NMIP3prod_SH1_fix_spitfire_permafrost","Overall Score","MeanState","global","score","1","0.785035","75.0"
"HydrologyCycle","Runoff","Dai","NMIP3prod_SH1_base","Period Mean","MeanState","global","scalar","mm d-1","0.731332","75.0"
"HydrologyCycle","Runoff","Dai","NMIP3prod_SH1_base","Bias","MeanState","global","scalar","mm d-1","-0.094076","75.0"
"HydrologyCycle","Runoff","Dai","NMIP3prod_SH1_base","Bias Score","MeanState","global","score","1","0.776719","75.0"
"HydrologyCycle","Runoff","Dai","NMIP3prod_SH1_base","Interannual Variability Score","MeanState","global","score","1","0.600316","75.0"
"HydrologyCycle","Runoff","Dai","NMIP3prod_SH1_base","Spatial Distribution Score","MeanState","global","score","1","0.943589","75.0"
"HydrologyCycle","Runoff","Dai","NMIP3prod_SH1_base","Overall Score","MeanState","global","score","1","0.773542","75.0"
"HydrologyCycle","Runoff","Dai","NMIP3prod_SH1_fix_spitfire","Period Mean","MeanState","global","scalar","mm d-1","0.73122","75.0"
"HydrologyCycle","Runoff","Dai","NMIP3prod_SH1_fix_spitfire","Bias","MeanState","global","scalar","mm d-1","-0.0941879","75.0"
"HydrologyCycle","Runoff","Dai","NMIP3prod_SH1_fix_spitfire","Bias Score","MeanState","global","score","1","0.776687","75.0"
"HydrologyCycle","Runoff","Dai","NMIP3prod_SH1_fix_spitfire","Interannual Variability Score","MeanState","global","score","1","0.600695","75.0"
"HydrologyCycle","Runoff","Dai","NMIP3prod_SH1_fix_spitfire","Spatial Distribution Score","MeanState","global","score","1","0.94352","75.0"
"HydrologyCycle","Runoff","Dai","NMIP3prod_SH1_fix_spitfire","Overall Score","MeanState","global","score","1","0.773634","75.0"
"HydrologyCycle","Runoff","LORA","NMIP3prod_SH1_fix_spitfire_permafrost","Benchmark Period Mean (intersection)","MeanState","global","scalar","mm d-1","0.816857","75.0"
"HydrologyCycle","Runoff","LORA","NMIP3prod_SH1_fix_spitfire_permafrost","Benchmark Period Mean (complement)","MeanState","global","scalar","mm d-1","0.815953","75.0"
"HydrologyCycle","Runoff","LORA","NMIP3prod_SH1_fix_spitfire_permafrost","Period Mean (original grids)","MeanState","global","scalar","mm d-1","0.809589","75.0"
"HydrologyCycle","Runoff","LORA","NMIP3prod_SH1_fix_spitfire_permafrost","Model Period Mean (intersection)","MeanState","global","scalar","mm d-1","0.768877","75.0"
"HydrologyCycle","Runoff","LORA","NMIP3prod_SH1_fix_spitfire_permafrost","Model Period Mean (complement)","MeanState","global","scalar","mm d-1","1.40225","75.0"
"HydrologyCycle","Runoff","LORA","NMIP3prod_SH1_fix_spitfire_permafrost","Spatial Distribution Score","MeanState","global","score","1","0.929017","75.0"
"HydrologyCycle","Runoff","LORA","NMIP3prod_SH1_fix_spitfire_permafrost","Phase Shift","MeanState","global","scalar","months","1.15488","75.0"
"HydrologyCycle","Runoff","LORA","NMIP3prod_SH1_fix_spitfire_permafrost","Seasonal Cycle Score","MeanState","global","score","1","0.867554","75.0"
"HydrologyCycle","Runoff","LORA","NMIP3prod_SH1_fix_spitfire_permafrost","Bias","MeanState","global","scalar","mm d-1","-0.0479797","75.0"
"HydrologyCycle","Runoff","LORA","NMIP3prod_SH1_fix_spitfire_permafrost","Bias Score","MeanState","global","score","1","0.671007","75.0"
"HydrologyCycle","Runoff","LORA","NMIP3prod_SH1_fix_spitfire_permafrost","RMSE","MeanState","global","scalar","mm d-1","0.687676","75.0"
"HydrologyCycle","Runoff","LORA","NMIP3prod_SH1_fix_spitfire_permafrost","RMSE Score","MeanState","global","score","1","0.513499","75.0"
"HydrologyCycle","Runoff","LORA","NMIP3prod_SH1_fix_spitfire_permafrost","Overall Score","MeanState","global","score","1","0.698915","75.0"
"HydrologyCycle","Runoff","LORA","NMIP3prod_SH1_base","Benchmark Period Mean (intersection)","MeanState","global","scalar","mm d-1","0.816857","75.0"
"HydrologyCycle","Runoff","LORA","NMIP3prod_SH1_base","Benchmark Period Mean (complement)","MeanState","global","scalar","mm d-1","0.815953","75.0"
"HydrologyCycle","Runoff","LORA","NMIP3prod_SH1_base","Period Mean (original grids)","MeanState","global","scalar","mm d-1","0.773817","75.0"
"HydrologyCycle","Runoff","LORA","NMIP3prod_SH1_base","Model Period Mean (intersection)","MeanState","global","scalar","mm d-1","0.733799","75.0"
"HydrologyCycle","Runoff","LORA","NMIP3prod_SH1_base","Model Period Mean (complement)","MeanState","global","scalar","mm d-1","1.35638","75.0"
"HydrologyCycle","Runoff","LORA","NMIP3prod_SH1_base","Spatial Distribution Score","MeanState","global","score","1","0.9258","75.0"
"HydrologyCycle","Runoff","LORA","NMIP3prod_SH1_base","Phase Shift","MeanState","global","scalar","months","1.08528","75.0"
"HydrologyCycle","Runoff","LORA","NMIP3prod_SH1_base","Seasonal Cycle Score","MeanState","global","score","1","0.887432","75.0"
"HydrologyCycle","Runoff","LORA","NMIP3prod_SH1_base","Bias","MeanState","global","scalar","mm d-1","-0.0830578","75.0"
"HydrologyCycle","Runoff","LORA","NMIP3prod_SH1_base","Bias Score","MeanState","global","score","1","0.657519","75.0"
"HydrologyCycle","Runoff","LORA","NMIP3prod_SH1_base","RMSE","MeanState","global","scalar","mm d-1","0.66573","75.0"
"HydrologyCycle","Runoff","LORA","NMIP3prod_SH1_base","RMSE Score","MeanState","global","score","1","0.533866","75.0"
"HydrologyCycle","Runoff","LORA","NMIP3prod_SH1_base","Overall Score","MeanState","global","score","1","0.707697","75.0"
"HydrologyCycle","Runoff","LORA","NMIP3prod_SH1_fix_spitfire","Benchmark Period Mean (intersection)","MeanState","global","scalar","mm d-1","0.816857","75.0"
"HydrologyCycle","Runoff","LORA","NMIP3prod_SH1_fix_spitfire","Benchmark Period Mean (complement)","MeanState","global","scalar","mm d-1","0.815953","75.0"
"HydrologyCycle","Runoff","LORA","NMIP3prod_SH1_fix_spitfire","Period Mean (original grids)","MeanState","global","scalar","mm d-1","0.773827","75.0"
"HydrologyCycle","Runoff","LORA","NMIP3prod_SH1_fix_spitfire","Model Period Mean (intersection)","MeanState","global","scalar","mm d-1","0.733816","75.0"
"HydrologyCycle","Runoff","LORA","NMIP3prod_SH1_fix_spitfire","Model Period Mean (complement)","MeanState","global","scalar","mm d-1","1.35629","75.0"
"HydrologyCycle","Runoff","LORA","NMIP3prod_SH1_fix_spitfire","Spatial Distribution Score","MeanState","global","score","1","0.92583","75.0"
"HydrologyCycle","Runoff","LORA","NMIP3prod_SH1_fix_spitfire","Phase Shift","MeanState","global","scalar","months","1.0853","75.0"
"HydrologyCycle","Runoff","LORA","NMIP3prod_SH1_fix_spitfire","Seasonal Cycle Score","MeanState","global","score","1","0.887425","75.0"
"HydrologyCycle","Runoff","LORA","NMIP3prod_SH1_fix_spitfire","Bias","MeanState","global","scalar","mm d-1","-0.0830409","75.0"
"HydrologyCycle","Runoff","LORA","NMIP3prod_SH1_fix_spitfire","Bias Score","MeanState","global","score","1","0.657598","75.0"
"HydrologyCycle","Runoff","LORA","NMIP3prod_SH1_fix_spitfire","RMSE","MeanState","global","scalar","mm d-1","0.665653","75.0"
"HydrologyCycle","Runoff","LORA","NMIP3prod_SH1_fix_spitfire","RMSE Score","MeanState","global","score","1","0.533864","75.0"
"HydrologyCycle","Runoff","LORA","NMIP3prod_SH1_fix_spitfire","Overall Score","MeanState","global","score","1","0.707716","75.0"
"HydrologyCycle","Evapotranspiration","MODIS","NMIP3prod_SH1_fix_spitfire_permafrost","Benchmark Period Mean (intersection)","MeanState","global","scalar","mm d-1","1.55764","75.0"
"HydrologyCycle","Evapotranspiration","MODIS","NMIP3prod_SH1_fix_spitfire_permafrost","Benchmark Period Mean (complement)","MeanState","global","scalar","mm d-1","2.12771","75.0"
"HydrologyCycle","Evapotranspiration","MODIS","NMIP3prod_SH1_fix_spitfire_permafrost","Period Mean (original grids)","MeanState","global","scalar","mm d-1","1.379","75.0"
"HydrologyCycle","Evapotranspiration","MODIS","NMIP3prod_SH1_fix_spitfire_permafrost","Model Period Mean (intersection)","MeanState","global","scalar","mm d-1","1.60031","75.0"
"HydrologyCycle","Evapotranspiration","MODIS","NMIP3prod_SH1_fix_spitfire_permafrost","Model Period Mean (complement)","MeanState","global","scalar","mm d-1","0.231874","75.0"
"HydrologyCycle","Evapotranspiration","MODIS","NMIP3prod_SH1_fix_spitfire_permafrost","Spatial Distribution Score","MeanState","global","score","1","0.979496","75.0"
"HydrologyCycle","Evapotranspiration","MODIS","NMIP3prod_SH1_fix_spitfire_permafrost","Phase Shift","MeanState","global","scalar","months","1.23094","75.0"
"HydrologyCycle","Evapotranspiration","MODIS","NMIP3prod_SH1_fix_spitfire_permafrost","Seasonal Cycle Score","MeanState","global","score","1","0.808519","75.0"
"HydrologyCycle","Evapotranspiration","MODIS","NMIP3prod_SH1_fix_spitfire_permafrost","Bias","MeanState","global","scalar","mm d-1","0.0426633","75.0"
"HydrologyCycle","Evapotranspiration","MODIS","NMIP3prod_SH1_fix_spitfire_permafrost","Bias Score","MeanState","global","score","1","0.583606","75.0"
"HydrologyCycle","Evapotranspiration","MODIS","NMIP3prod_SH1_fix_spitfire_permafrost","RMSE","MeanState","global","scalar","mm d-1","0.641272","75.0"
"HydrologyCycle","Evapotranspiration","MODIS","NMIP3prod_SH1_fix_spitfire_permafrost","RMSE Score","MeanState","global","score","1","0.477412","75.0"
"HydrologyCycle","Evapotranspiration","MODIS","NMIP3prod_SH1_fix_spitfire_permafrost","Overall Score","MeanState","global","score","1","0.665289","75.0"
"HydrologyCycle","Evapotranspiration","MODIS","NMIP3prod_SH1_base","Benchmark Period Mean (intersection)","MeanState","global","scalar","mm d-1","1.55764","75.0"
"HydrologyCycle","Evapotranspiration","MODIS","NMIP3prod_SH1_base","Benchmark Period Mean (complement)","MeanState","global","scalar","mm d-1","2.12771","75.0"
"HydrologyCycle","Evapotranspiration","MODIS","NMIP3prod_SH1_base","Period Mean (original grids)","MeanState","global","scalar","mm d-1","1.41424","75.0"
"HydrologyCycle","Evapotranspiration","MODIS","NMIP3prod_SH1_base","Model Period Mean (intersection)","MeanState","global","scalar","mm d-1","1.63904","75.0"
"HydrologyCycle","Evapotranspiration","MODIS","NMIP3prod_SH1_base","Model Period Mean (complement)","MeanState","global","scalar","mm d-1","0.249048","75.0"
"HydrologyCycle","Evapotranspiration","MODIS","NMIP3prod_SH1_base","Spatial Distribution Score","MeanState","global","score","1","0.981356","75.0"
"HydrologyCycle","Evapotranspiration","MODIS","NMIP3prod_SH1_base","Phase Shift","MeanState","global","scalar","months","1.35017","75.0"
"HydrologyCycle","Evapotranspiration","MODIS","NMIP3prod_SH1_base","Seasonal Cycle Score","MeanState","global","score","1","0.798157","75.0"
"HydrologyCycle","Evapotranspiration","MODIS","NMIP3prod_SH1_base","Bias","MeanState","global","scalar","mm d-1","0.0813931","75.0"
"HydrologyCycle","Evapotranspiration","MODIS","NMIP3prod_SH1_base","Bias Score","MeanState","global","score","1","0.594886","75.0"
"HydrologyCycle","Evapotranspiration","MODIS","NMIP3prod_SH1_base","RMSE","MeanState","global","scalar","mm d-1","0.65004","75.0"
"HydrologyCycle","Evapotranspiration","MODIS","NMIP3prod_SH1_base","RMSE Score","MeanState","global","score","1","0.466293","75.0"
"HydrologyCycle","Evapotranspiration","MODIS","NMIP3prod_SH1_base","Overall Score","MeanState","global","score","1","0.661397","75.0"
"HydrologyCycle","Evapotranspiration","MODIS","NMIP3prod_SH1_fix_spitfire","Benchmark Period Mean (intersection)","MeanState","global","scalar","mm d-1","1.55764","75.0"
"HydrologyCycle","Evapotranspiration","MODIS","NMIP3prod_SH1_fix_spitfire","Benchmark Period Mean (complement)","MeanState","global","scalar","mm d-1","2.12771","75.0"
"HydrologyCycle","Evapotranspiration","MODIS","NMIP3prod_SH1_fix_spitfire","Period Mean (original grids)","MeanState","global","scalar","mm d-1","1.41419","75.0"
"HydrologyCycle","Evapotranspiration","MODIS","NMIP3prod_SH1_fix_spitfire","Model Period Mean (intersection)","MeanState","global","scalar","mm d-1","1.63897","75.0"
"HydrologyCycle","Evapotranspiration","MODIS","NMIP3prod_SH1_fix_spitfire","Model Period Mean (complement)","MeanState","global","scalar","mm d-1","0.249054","75.0"
"HydrologyCycle","Evapotranspiration","MODIS","NMIP3prod_SH1_fix_spitfire","Spatial Distribution Score","MeanState","global","score","1","0.981354","75.0"
"HydrologyCycle","Evapotranspiration","MODIS","NMIP3prod_SH1_fix_spitfire","Phase Shift","MeanState","global","scalar","months","1.34877","75.0"
"HydrologyCycle","Evapotranspiration","MODIS","NMIP3prod_SH1_fix_spitfire","Seasonal Cycle Score","MeanState","global","score","1","0.798542","75.0"
"HydrologyCycle","Evapotranspiration","MODIS","NMIP3prod_SH1_fix_spitfire","Bias","MeanState","global","scalar","mm d-1","0.0813286","75.0"
"HydrologyCycle","Evapotranspiration","MODIS","NMIP3prod_SH1_fix_spitfire","Bias Score","MeanState","global","score","1","0.594943","75.0"
"HydrologyCycle","Evapotranspiration","MODIS","NMIP3prod_SH1_fix_spitfire","RMSE","MeanState","global","scalar","mm d-1","0.649754","75.0"
"HydrologyCycle","Evapotranspiration","MODIS","NMIP3prod_SH1_fix_spitfire","RMSE Score","MeanState","global","score","1","0.466502","75.0"
"HydrologyCycle","Evapotranspiration","MODIS","NMIP3prod_SH1_fix_spitfire","Overall Score","MeanState","global","score","1","0.661569","75.0"
"HydrologyCycle","Evapotranspiration","GLEAMv3.3a","NMIP3prod_SH1_base","Benchmark Period Mean (intersection)","MeanState","global","scalar","mm d-1","1.44892","75.0"
"HydrologyCycle","Evapotranspiration","GLEAMv3.3a","NMIP3prod_SH1_base","Benchmark Period Mean (complement)","MeanState","global","scalar","mm d-1","0.647636","75.0"
"HydrologyCycle","Evapotranspiration","GLEAMv3.3a","NMIP3prod_SH1_base","Period Mean (original grids)","MeanState","global","scalar","mm d-1","1.40703","75.0"
"HydrologyCycle","Evapotranspiration","GLEAMv3.3a","NMIP3prod_SH1_base","Model Period Mean (intersection)","MeanState","global","scalar","mm d-1","1.40417","75.0"
"HydrologyCycle","Evapotranspiration","GLEAMv3.3a","NMIP3prod_SH1_base","Model Period Mean (complement)","MeanState","global","scalar","mm d-1","1.62452","75.0"
"HydrologyCycle","Evapotranspiration","GLEAMv3.3a","NMIP3prod_SH1_base","Spatial Distribution Score","MeanState","global","score","1","0.981629","75.0"
"HydrologyCycle","Evapotranspiration","GLEAMv3.3a","NMIP3prod_SH1_base","Phase Shift","MeanState","global","scalar","months","1.01997","75.0"
"HydrologyCycle","Evapotranspiration","GLEAMv3.3a","NMIP3prod_SH1_base","Seasonal Cycle Score","MeanState","global","score","1","0.801144","75.0"
"HydrologyCycle","Evapotranspiration","GLEAMv3.3a","NMIP3prod_SH1_base","Bias","MeanState","global","scalar","mm d-1","-0.0447477","75.0"
"HydrologyCycle","Evapotranspiration","GLEAMv3.3a","NMIP3prod_SH1_base","Bias Score","MeanState","global","score","1","0.681033","75.0"
"HydrologyCycle","Evapotranspiration","GLEAMv3.3a","NMIP3prod_SH1_base","RMSE","MeanState","global","scalar","mm d-1","0.440998","75.0"
"HydrologyCycle","Evapotranspiration","GLEAMv3.3a","NMIP3prod_SH1_base","RMSE Score","MeanState","global","score","1","0.569341","75.0"
"HydrologyCycle","Evapotranspiration","GLEAMv3.3a","NMIP3prod_SH1_base","Overall Score","MeanState","global","score","1","0.720498","75.0"
"HydrologyCycle","Evapotranspiration","GLEAMv3.3a","NMIP3prod_SH1_fix_spitfire","Benchmark Period Mean (intersection)","MeanState","global","scalar","mm d-1","1.44892","75.0"
"HydrologyCycle","Evapotranspiration","GLEAMv3.3a","NMIP3prod_SH1_fix_spitfire","Benchmark Period Mean (complement)","MeanState","global","scalar","mm d-1","0.647636","75.0"
"HydrologyCycle","Evapotranspiration","GLEAMv3.3a","NMIP3prod_SH1_fix_spitfire","Period Mean (original grids)","MeanState","global","scalar","mm d-1","1.40699","75.0"
"HydrologyCycle","Evapotranspiration","GLEAMv3.3a","NMIP3prod_SH1_fix_spitfire","Model Period Mean (intersection)","MeanState","global","scalar","mm d-1","1.40412","75.0"
"HydrologyCycle","Evapotranspiration","GLEAMv3.3a","NMIP3prod_SH1_fix_spitfire","Model Period Mean (complement)","MeanState","global","scalar","mm d-1","1.62481","75.0"
"HydrologyCycle","Evapotranspiration","GLEAMv3.3a","NMIP3prod_SH1_fix_spitfire","Spatial Distribution Score","MeanState","global","score","1","0.981613","75.0"
"HydrologyCycle","Evapotranspiration","GLEAMv3.3a","NMIP3prod_SH1_fix_spitfire","Phase Shift","MeanState","global","scalar","months","1.02024","75.0"
"HydrologyCycle","Evapotranspiration","GLEAMv3.3a","NMIP3prod_SH1_fix_spitfire","Seasonal Cycle Score","MeanState","global","score","1","0.801025","75.0"
"HydrologyCycle","Evapotranspiration","GLEAMv3.3a","NMIP3prod_SH1_fix_spitfire","Bias","MeanState","global","scalar","mm d-1","-0.0447931","75.0"
"HydrologyCycle","Evapotranspiration","GLEAMv3.3a","NMIP3prod_SH1_fix_spitfire","Bias Score","MeanState","global","score","1","0.680946","75.0"
"HydrologyCycle","Evapotranspiration","GLEAMv3.3a","NMIP3prod_SH1_fix_spitfire","RMSE","MeanState","global","scalar","mm d-1","0.440908","75.0"
"HydrologyCycle","Evapotranspiration","GLEAMv3.3a","NMIP3prod_SH1_fix_spitfire","RMSE Score","MeanState","global","score","1","0.569412","75.0"
"HydrologyCycle","Evapotranspiration","GLEAMv3.3a","NMIP3prod_SH1_fix_spitfire","Overall Score","MeanState","global","score","1","0.720482","75.0"
"HydrologyCycle","Evapotranspiration","GLEAMv3.3a","NMIP3prod_SH1_fix_spitfire_permafrost","Benchmark Period Mean (intersection)","MeanState","global","scalar","mm d-1","1.44892","75.0"
"HydrologyCycle","Evapotranspiration","GLEAMv3.3a","NMIP3prod_SH1_fix_spitfire_permafrost","Benchmark Period Mean (complement)","MeanState","global","scalar","mm d-1","0.647636","75.0"
"HydrologyCycle","Evapotranspiration","GLEAMv3.3a","NMIP3prod_SH1_fix_spitfire_permafrost","Period Mean (original grids)","MeanState","global","scalar","mm d-1","1.37171","75.0"
"HydrologyCycle","Evapotranspiration","GLEAMv3.3a","NMIP3prod_SH1_fix_spitfire_permafrost","Model Period Mean (intersection)","MeanState","global","scalar","mm d-1","1.36898","75.0"
"HydrologyCycle","Evapotranspiration","GLEAMv3.3a","NMIP3prod_SH1_fix_spitfire_permafrost","Model Period Mean (complement)","MeanState","global","scalar","mm d-1","1.57842","75.0"
"HydrologyCycle","Evapotranspiration","GLEAMv3.3a","NMIP3prod_SH1_fix_spitfire_permafrost","Spatial Distribution Score","MeanState","global","score","1","0.98342","75.0"
"HydrologyCycle","Evapotranspiration","GLEAMv3.3a","NMIP3prod_SH1_fix_spitfire_permafrost","Phase Shift","MeanState","global","scalar","months","0.966552","75.0"
"HydrologyCycle","Evapotranspiration","GLEAMv3.3a","NMIP3prod_SH1_fix_spitfire_permafrost","Seasonal Cycle Score","MeanState","global","score","1","0.806807","75.0"
"HydrologyCycle","Evapotranspiration","GLEAMv3.3a","NMIP3prod_SH1_fix_spitfire_permafrost","Bias","MeanState","global","scalar","mm d-1","-0.079935","75.0"
"HydrologyCycle","Evapotranspiration","GLEAMv3.3a","NMIP3prod_SH1_fix_spitfire_permafrost","Bias Score","MeanState","global","score","1","0.672572","75.0"
"HydrologyCycle","Evapotranspiration","GLEAMv3.3a","NMIP3prod_SH1_fix_spitfire_permafrost","RMSE","MeanState","global","scalar","mm d-1","0.461604","75.0"
"HydrologyCycle","Evapotranspiration","GLEAMv3.3a","NMIP3prod_SH1_fix_spitfire_permafrost","RMSE Score","MeanState","global","score","1","0.563327","75.0"
"HydrologyCycle","Evapotranspiration","GLEAMv3.3a","NMIP3prod_SH1_fix_spitfire_permafrost","Overall Score","MeanState","global","score","1","0.717891","75.0"
"HydrologyCycle","Evapotranspiration","MOD16A2","NMIP3prod_SH1_fix_spitfire_permafrost","Benchmark Period Mean (intersection)","MeanState","global","scalar","mm d-1","1.55798","75.0"
"HydrologyCycle","Evapotranspiration","MOD16A2","NMIP3prod_SH1_fix_spitfire_permafrost","Benchmark Period Mean (complement)","MeanState","global","scalar","mm d-1","2.12689","75.0"
"HydrologyCycle","Evapotranspiration","MOD16A2","NMIP3prod_SH1_fix_spitfire_permafrost","Period Mean (original grids)","MeanState","global","scalar","mm d-1","1.37974","75.0"
"HydrologyCycle","Evapotranspiration","MOD16A2","NMIP3prod_SH1_fix_spitfire_permafrost","Model Period Mean (intersection)","MeanState","global","scalar","mm d-1","1.60107","75.0"
"HydrologyCycle","Evapotranspiration","MOD16A2","NMIP3prod_SH1_fix_spitfire_permafrost","Model Period Mean (complement)","MeanState","global","scalar","mm d-1","0.232416","75.0"
"HydrologyCycle","Evapotranspiration","MOD16A2","NMIP3prod_SH1_fix_spitfire_permafrost","Spatial Distribution Score","MeanState","global","score","1","0.979555","75.0"
"HydrologyCycle","Evapotranspiration","MOD16A2","NMIP3prod_SH1_fix_spitfire_permafrost","Phase Shift","MeanState","global","scalar","months","1.23113","75.0"
"HydrologyCycle","Evapotranspiration","MOD16A2","NMIP3prod_SH1_fix_spitfire_permafrost","Seasonal Cycle Score","MeanState","global","score","1","0.808958","75.0"
"HydrologyCycle","Evapotranspiration","MOD16A2","NMIP3prod_SH1_fix_spitfire_permafrost","Bias","MeanState","global","scalar","mm d-1","0.0430946","75.0"
"HydrologyCycle","Evapotranspiration","MOD16A2","NMIP3prod_SH1_fix_spitfire_permafrost","Bias Score","MeanState","global","score","1","0.58282","75.0"
"HydrologyCycle","Evapotranspiration","MOD16A2","NMIP3prod_SH1_fix_spitfire_permafrost","RMSE","MeanState","global","scalar","mm d-1","0.641121","75.0"
"HydrologyCycle","Evapotranspiration","MOD16A2","NMIP3prod_SH1_fix_spitfire_permafrost","RMSE Score","MeanState","global","score","1","0.47772","75.0"
"HydrologyCycle","Evapotranspiration","MOD16A2","NMIP3prod_SH1_fix_spitfire_permafrost","Overall Score","MeanState","global","score","1","0.665355","75.0"
"HydrologyCycle","Evapotranspiration","MOD16A2","NMIP3prod_SH1_base","Benchmark Period Mean (intersection)","MeanState","global","scalar","mm d-1","1.55798","75.0"
"HydrologyCycle","Evapotranspiration","MOD16A2","NMIP3prod_SH1_base","Benchmark Period Mean (complement)","MeanState","global","scalar","mm d-1","2.12689","75.0"
"HydrologyCycle","Evapotranspiration","MOD16A2","NMIP3prod_SH1_base","Period Mean (original grids)","MeanState","global","scalar","mm d-1","1.41495","75.0"
"HydrologyCycle","Evapotranspiration","MOD16A2","NMIP3prod_SH1_base","Model Period Mean (intersection)","MeanState","global","scalar","mm d-1","1.63977","75.0"
"HydrologyCycle","Evapotranspiration","MOD16A2","NMIP3prod_SH1_base","Model Period Mean (complement)","MeanState","global","scalar","mm d-1","0.249527","75.0"
"HydrologyCycle","Evapotranspiration","MOD16A2","NMIP3prod_SH1_base","Spatial Distribution Score","MeanState","global","score","1","0.981316","75.0"
"HydrologyCycle","Evapotranspiration","MOD16A2","NMIP3prod_SH1_base","Phase Shift","MeanState","global","scalar","months","1.35077","75.0"
"HydrologyCycle","Evapotranspiration","MOD16A2","NMIP3prod_SH1_base","Seasonal Cycle Score","MeanState","global","score","1","0.79866","75.0"
"HydrologyCycle","Evapotranspiration","MOD16A2","NMIP3prod_SH1_base","Bias","MeanState","global","scalar","mm d-1","0.0817902","75.0"
"HydrologyCycle","Evapotranspiration","MOD16A2","NMIP3prod_SH1_base","Bias Score","MeanState","global","score","1","0.593933","75.0"
"HydrologyCycle","Evapotranspiration","MOD16A2","NMIP3prod_SH1_base","RMSE","MeanState","global","scalar","mm d-1","0.650334","75.0"
"HydrologyCycle","Evapotranspiration","MOD16A2","NMIP3prod_SH1_base","RMSE Score","MeanState","global","score","1","0.466434","75.0"
"HydrologyCycle","Evapotranspiration","MOD16A2","NMIP3prod_SH1_base","Overall Score","MeanState","global","score","1","0.661355","75.0"
"HydrologyCycle","Evapotranspiration","MOD16A2","NMIP3prod_SH1_fix_spitfire","Benchmark Period Mean (intersection)","MeanState","global","scalar","mm d-1","1.55798","75.0"
"HydrologyCycle","Evapotranspiration","MOD16A2","NMIP3prod_SH1_fix_spitfire","Benchmark Period Mean (complement)","MeanState","global","scalar","mm d-1","2.12689","75.0"
"HydrologyCycle","Evapotranspiration","MOD16A2","NMIP3prod_SH1_fix_spitfire","Period Mean (original grids)","MeanState","global","scalar","mm d-1","1.41489","75.0"
"HydrologyCycle","Evapotranspiration","MOD16A2","NMIP3prod_SH1_fix_spitfire","Model Period Mean (intersection)","MeanState","global","scalar","mm d-1","1.6397","75.0"
"HydrologyCycle","Evapotranspiration","MOD16A2","NMIP3prod_SH1_fix_spitfire","Model Period Mean (complement)","MeanState","global","scalar","mm d-1","0.249532","75.0"
"HydrologyCycle","Evapotranspiration","MOD16A2","NMIP3prod_SH1_fix_spitfire","Spatial Distribution Score","MeanState","global","score","1","0.981314","75.0"
"HydrologyCycle","Evapotranspiration","MOD16A2","NMIP3prod_SH1_fix_spitfire","Phase Shift","MeanState","global","scalar","months","1.34985","75.0"
"HydrologyCycle","Evapotranspiration","MOD16A2","NMIP3prod_SH1_fix_spitfire","Seasonal Cycle Score","MeanState","global","score","1","0.798937","75.0"
"HydrologyCycle","Evapotranspiration","MOD16A2","NMIP3prod_SH1_fix_spitfire","Bias","MeanState","global","scalar","mm d-1","0.0817185","75.0"
"HydrologyCycle","Evapotranspiration","MOD16A2","NMIP3prod_SH1_fix_spitfire","Bias Score","MeanState","global","score","1","0.593997","75.0"
"HydrologyCycle","Evapotranspiration","MOD16A2","NMIP3prod_SH1_fix_spitfire","RMSE","MeanState","global","scalar","mm d-1","0.650043","75.0"
"HydrologyCycle","Evapotranspiration","MOD16A2","NMIP3prod_SH1_fix_spitfire","RMSE Score","MeanState","global","score","1","0.466646","75.0"
"HydrologyCycle","Evapotranspiration","MOD16A2","NMIP3prod_SH1_fix_spitfire","Overall Score","MeanState","global","score","1","0.661508","75.0"
"HydrologyCycle","BurnedArea","GFED4.1S","NMIP3prod_SH1_fix_spitfire","Benchmark Period Mean (intersection)","MeanState","global","scalar","%","0.331542","75.0"
"HydrologyCycle","BurnedArea","GFED4.1S","NMIP3prod_SH1_fix_spitfire","Benchmark Period Mean (complement)","MeanState","global","scalar","%","0.0340364","75.0"
"HydrologyCycle","BurnedArea","GFED4.1S","NMIP3prod_SH1_fix_spitfire","Period Mean (original grids)","MeanState","global","scalar","%","0.375017","75.0"
"HydrologyCycle","BurnedArea","GFED4.1S","NMIP3prod_SH1_fix_spitfire","Model Period Mean (intersection)","MeanState","global","scalar","%","0.419902","75.0"
"HydrologyCycle","BurnedArea","GFED4.1S","NMIP3prod_SH1_fix_spitfire","Model Period Mean (complement)","MeanState","global","scalar","%","0.0321854","75.0"
"HydrologyCycle","BurnedArea","GFED4.1S","NMIP3prod_SH1_fix_spitfire","Spatial Distribution Score","MeanState","global","score","1","0.819838","75.0"
"HydrologyCycle","BurnedArea","GFED4.1S","NMIP3prod_SH1_fix_spitfire","Phase Shift","MeanState","global","scalar","months","3.23362","75.0"
"HydrologyCycle","BurnedArea","GFED4.1S","NMIP3prod_SH1_fix_spitfire","Seasonal Cycle Score","MeanState","global","score","1","0.451383","75.0"
"HydrologyCycle","BurnedArea","GFED4.1S","NMIP3prod_SH1_fix_spitfire","Bias","MeanState","global","scalar","%","0.0883594","75.0"
"HydrologyCycle","BurnedArea","GFED4.1S","NMIP3prod_SH1_fix_spitfire","Bias Score","MeanState","global","score","1","0.694912","75.0"
"HydrologyCycle","BurnedArea","GFED4.1S","NMIP3prod_SH1_fix_spitfire","RMSE","MeanState","global","scalar","%","0.730948","75.0"
"HydrologyCycle","BurnedArea","GFED4.1S","NMIP3prod_SH1_fix_spitfire","RMSE Score","MeanState","global","score","1","0.666637","75.0"
"HydrologyCycle","BurnedArea","GFED4.1S","NMIP3prod_SH1_fix_spitfire","Overall Score","MeanState","global","score","1","0.659882","75.0"
"HydrologyCycle","BurnedArea","GFED4.1S","NMIP3prod_SH1_base","Benchmark Period Mean (intersection)","MeanState","global","scalar","%","0.331542","75.0"
"HydrologyCycle","BurnedArea","GFED4.1S","NMIP3prod_SH1_base","Benchmark Period Mean (complement)","MeanState","global","scalar","%","0.0340364","75.0"
"HydrologyCycle","BurnedArea","GFED4.1S","NMIP3prod_SH1_base","Period Mean (original grids)","MeanState","global","scalar","%","0.337685","75.0"
"HydrologyCycle","BurnedArea","GFED4.1S","NMIP3prod_SH1_base","Model Period Mean (intersection)","MeanState","global","scalar","%","0.377912","75.0"
"HydrologyCycle","BurnedArea","GFED4.1S","NMIP3prod_SH1_base","Model Period Mean (complement)","MeanState","global","scalar","%","0.030428","75.0"
"HydrologyCycle","BurnedArea","GFED4.1S","NMIP3prod_SH1_base","Spatial Distribution Score","MeanState","global","score","1","0.802855","75.0"
"HydrologyCycle","BurnedArea","GFED4.1S","NMIP3prod_SH1_base","Phase Shift","MeanState","global","scalar","months","3.23362","75.0"
"HydrologyCycle","BurnedArea","GFED4.1S","NMIP3prod_SH1_base","Seasonal Cycle Score","MeanState","global","score","1","0.451383","75.0"
"HydrologyCycle","BurnedArea","GFED4.1S","NMIP3prod_SH1_base","Bias","MeanState","global","scalar","%","0.0463699","75.0"
"HydrologyCycle","BurnedArea","GFED4.1S","NMIP3prod_SH1_base","Bias Score","MeanState","global","score","1","0.702556","75.0"
"HydrologyCycle","BurnedArea","GFED4.1S","NMIP3prod_SH1_base","RMSE","MeanState","global","scalar","%","0.721237","75.0"
"HydrologyCycle","BurnedArea","GFED4.1S","NMIP3prod_SH1_base","RMSE Score","MeanState","global","score","1","0.666637","75.0"
"HydrologyCycle","BurnedArea","GFED4.1S","NMIP3prod_SH1_base","Overall Score","MeanState","global","score","1","0.658014","75.0"
"HydrologyCycle","BurnedArea","GFED4.1S","NMIP3prod_SH1_fix_spitfire_permafrost","Benchmark Period Mean (intersection)","MeanState","global","scalar","%","0.331542","75.0"
"HydrologyCycle","BurnedArea","GFED4.1S","NMIP3prod_SH1_fix_spitfire_permafrost","Benchmark Period Mean (complement)","MeanState","global","scalar","%","0.0340364","75.0"
"HydrologyCycle","BurnedArea","GFED4.1S","NMIP3prod_SH1_fix_spitfire_permafrost","Period Mean (original grids)","MeanState","global","scalar","%","0.378665","75.0"
"HydrologyCycle","BurnedArea","GFED4.1S","NMIP3prod_SH1_fix_spitfire_permafrost","Model Period Mean (intersection)","MeanState","global","scalar","%","0.423796","75.0"
"HydrologyCycle","BurnedArea","GFED4.1S","NMIP3prod_SH1_fix_spitfire_permafrost","Model Period Mean (complement)","MeanState","global","scalar","%","0.0339511","75.0"
"HydrologyCycle","BurnedArea","GFED4.1S","NMIP3prod_SH1_fix_spitfire_permafrost","Spatial Distribution Score","MeanState","global","score","1","0.820755","75.0"
"HydrologyCycle","BurnedArea","GFED4.1S","NMIP3prod_SH1_fix_spitfire_permafrost","Phase Shift","MeanState","global","scalar","months","3.23362","75.0"
"HydrologyCycle","BurnedArea","GFED4.1S","NMIP3prod_SH1_fix_spitfire_permafrost","Seasonal Cycle Score","MeanState","global","score","1","0.451383","75.0"
"HydrologyCycle","BurnedArea","GFED4.1S","NMIP3prod_SH1_fix_spitfire_permafrost","Bias","MeanState","global","scalar","%","0.092254","75.0"
"HydrologyCycle","BurnedArea","GFED4.1S","NMIP3prod_SH1_fix_spitfire_permafrost","Bias Score","MeanState","global","score","1","0.694427","75.0"
"HydrologyCycle","BurnedArea","GFED4.1S","NMIP3prod_SH1_fix_spitfire_permafrost","RMSE","MeanState","global","scalar","%","0.732157","75.0"
"HydrologyCycle","BurnedArea","GFED4.1S","NMIP3prod_SH1_fix_spitfire_permafrost","RMSE Score","MeanState","global","score","1","0.666637","75.0"
"HydrologyCycle","BurnedArea","GFED4.1S","NMIP3prod_SH1_fix_spitfire_permafrost","Overall Score","MeanState","global","score","1","0.659968","75.0"
"EcosystemandCarbonCycle","LeafAreaIndex","AVH15C1","NMIP3prod_SH1_base","Benchmark Period Mean (intersection)","MeanState","global","scalar","1","1.2191","45.0"
"EcosystemandCarbonCycle","LeafAreaIndex","AVH15C1","NMIP3prod_SH1_base","Benchmark Period Mean (complement)","MeanState","global","scalar","1","1.41296","45.0"
"EcosystemandCarbonCycle","LeafAreaIndex","AVH15C1","NMIP3prod_SH1_base","Period Mean (original grids)","MeanState","global","scalar","1","2.36799","45.0"
"EcosystemandCarbonCycle","LeafAreaIndex","AVH15C1","NMIP3prod_SH1_base","Model Period Mean (intersection)","MeanState","global","scalar","1","2.36914","45.0"
"EcosystemandCarbonCycle","LeafAreaIndex","AVH15C1","NMIP3prod_SH1_base","Model Period Mean (complement)","MeanState","global","scalar","1","0.279703","45.0"
"EcosystemandCarbonCycle","LeafAreaIndex","AVH15C1","NMIP3prod_SH1_base","Spatial Distribution Score","MeanState","global","score","1","0.693887","45.0"
"EcosystemandCarbonCycle","LeafAreaIndex","AVH15C1","NMIP3prod_SH1_base","Phase Shift","MeanState","global","scalar","months","2.35032","45.0"
"EcosystemandCarbonCycle","LeafAreaIndex","AVH15C1","NMIP3prod_SH1_base","Seasonal Cycle Score","MeanState","global","score","1","0.60785","45.0"
"EcosystemandCarbonCycle","LeafAreaIndex","AVH15C1","NMIP3prod_SH1_base","Bias","MeanState","global","scalar","1","1.15003","45.0"
"EcosystemandCarbonCycle","LeafAreaIndex","AVH15C1","NMIP3prod_SH1_base","Bias Score","MeanState","global","score","1","0.192859","45.0"
"EcosystemandCarbonCycle","LeafAreaIndex","AVH15C1","NMIP3prod_SH1_base","RMSE","MeanState","global","scalar","1","1.43138","45.0"
"EcosystemandCarbonCycle","LeafAreaIndex","AVH15C1","NMIP3prod_SH1_base","RMSE Score","MeanState","global","score","1","0.474491","45.0"
"EcosystemandCarbonCycle","LeafAreaIndex","AVH15C1","NMIP3prod_SH1_base","Overall Score","MeanState","global","score","1","0.488716","45.0"
"EcosystemandCarbonCycle","LeafAreaIndex","AVH15C1","NMIP3prod_SH1_base","Overall Score","Relationships","global","score","1","nan","45.0"
"EcosystemandCarbonCycle","LeafAreaIndex","AVH15C1","NMIP3prod_SH1_fix_spitfire","Benchmark Period Mean (intersection)","MeanState","global","scalar","1","1.2191","45.0"
"EcosystemandCarbonCycle","LeafAreaIndex","AVH15C1","NMIP3prod_SH1_fix_spitfire","Benchmark Period Mean (complement)","MeanState","global","scalar","1","1.41296","45.0"
"EcosystemandCarbonCycle","LeafAreaIndex","AVH15C1","NMIP3prod_SH1_fix_spitfire","Period Mean (original grids)","MeanState","global","scalar","1","2.41367","45.0"
"EcosystemandCarbonCycle","LeafAreaIndex","AVH15C1","NMIP3prod_SH1_fix_spitfire","Model Period Mean (intersection)","MeanState","global","scalar","1","2.41484","45.0"
"EcosystemandCarbonCycle","LeafAreaIndex","AVH15C1","NMIP3prod_SH1_fix_spitfire","Model Period Mean (complement)","MeanState","global","scalar","1","0.279687","45.0"
"EcosystemandCarbonCycle","LeafAreaIndex","AVH15C1","NMIP3prod_SH1_fix_spitfire","Spatial Distribution Score","MeanState","global","score","1","0.670878","45.0"
"EcosystemandCarbonCycle","LeafAreaIndex","AVH15C1","NMIP3prod_SH1_fix_spitfire","Phase Shift","MeanState","global","scalar","months","2.35556","45.0"
"EcosystemandCarbonCycle","LeafAreaIndex","AVH15C1","NMIP3prod_SH1_fix_spitfire","Seasonal Cycle Score","MeanState","global","score","1","0.606788","45.0"
"EcosystemandCarbonCycle","LeafAreaIndex","AVH15C1","NMIP3prod_SH1_fix_spitfire","Bias","MeanState","global","scalar","1","1.19574","45.0"
"EcosystemandCarbonCycle","LeafAreaIndex","AVH15C1","NMIP3prod_SH1_fix_spitfire","Bias Score","MeanState","global","score","1","0.191701","45.0"
"EcosystemandCarbonCycle","LeafAreaIndex","AVH15C1","NMIP3prod_SH1_fix_spitfire","RMSE","MeanState","global","scalar","1","1.47723","45.0"
"EcosystemandCarbonCycle","LeafAreaIndex","AVH15C1","NMIP3prod_SH1_fix_spitfire","RMSE Score","MeanState","global","score","1","0.472611","45.0"
"EcosystemandCarbonCycle","LeafAreaIndex","AVH15C1","NMIP3prod_SH1_fix_spitfire","Overall Score","MeanState","global","score","1","0.482918","45.0"
"EcosystemandCarbonCycle","LeafAreaIndex","AVH15C1","NMIP3prod_SH1_fix_spitfire","Overall Score","Relationships","global","score","1","nan","45.0"
"EcosystemandCarbonCycle","LeafAreaIndex","AVH15C1","NMIP3prod_SH1_fix_spitfire_permafrost","Benchmark Period Mean (intersection)","MeanState","global","scalar","1","1.2191","45.0"
"EcosystemandCarbonCycle","LeafAreaIndex","AVH15C1","NMIP3prod_SH1_fix_spitfire_permafrost","Benchmark Period Mean (complement)","MeanState","global","scalar","1","1.41296","45.0"
"EcosystemandCarbonCycle","LeafAreaIndex","AVH15C1","NMIP3prod_SH1_fix_spitfire_permafrost","Period Mean (original grids)","MeanState","global","scalar","1","2.28498","45.0"
"EcosystemandCarbonCycle","LeafAreaIndex","AVH15C1","NMIP3prod_SH1_fix_spitfire_permafrost","Model Period Mean (intersection)","MeanState","global","scalar","1","2.28608","45.0"
"EcosystemandCarbonCycle","LeafAreaIndex","AVH15C1","NMIP3prod_SH1_fix_spitfire_permafrost","Model Period Mean (complement)","MeanState","global","scalar","1","0.286315","45.0"
"EcosystemandCarbonCycle","LeafAreaIndex","AVH15C1","NMIP3prod_SH1_fix_spitfire_permafrost","Spatial Distribution Score","MeanState","global","score","1","0.668291","45.0"
"EcosystemandCarbonCycle","LeafAreaIndex","AVH15C1","NMIP3prod_SH1_fix_spitfire_permafrost","Phase Shift","MeanState","global","scalar","months","2.36266","45.0"
"EcosystemandCarbonCycle","LeafAreaIndex","AVH15C1","NMIP3prod_SH1_fix_spitfire_permafrost","Seasonal Cycle Score","MeanState","global","score","1","0.605139","45.0"
"EcosystemandCarbonCycle","LeafAreaIndex","AVH15C1","NMIP3prod_SH1_fix_spitfire_permafrost","Bias","MeanState","global","scalar","1","1.06698","45.0"
"EcosystemandCarbonCycle","LeafAreaIndex","AVH15C1","NMIP3prod_SH1_fix_spitfire_permafrost","Bias Score","MeanState","global","score","1","0.214269","45.0"
"EcosystemandCarbonCycle","LeafAreaIndex","AVH15C1","NMIP3prod_SH1_fix_spitfire_permafrost","RMSE","MeanState","global","scalar","1","1.3562","45.0"
"EcosystemandCarbonCycle","LeafAreaIndex","AVH15C1","NMIP3prod_SH1_fix_spitfire_permafrost","RMSE Score","MeanState","global","score","1","0.472705","45.0"
"EcosystemandCarbonCycle","LeafAreaIndex","AVH15C1","NMIP3prod_SH1_fix_spitfire_permafrost","Overall Score","MeanState","global","score","1","0.486621","45.0"
"EcosystemandCarbonCycle","LeafAreaIndex","AVH15C1","NMIP3prod_SH1_fix_spitfire_permafrost","Overall Score","Relationships","global","score","1","nan","45.0"
"EcosystemandCarbonCycle","LeafAreaIndex","MODIS","NMIP3prod_SH1_fix_spitfire","Benchmark Period Mean (intersection)","MeanState","global","scalar","1","1.35735","45.0"
"EcosystemandCarbonCycle","LeafAreaIndex","MODIS","NMIP3prod_SH1_fix_spitfire","Benchmark Period Mean (complement)","MeanState","global","scalar","1","nan","45.0"
"EcosystemandCarbonCycle","LeafAreaIndex","MODIS","NMIP3prod_SH1_fix_spitfire","Period Mean (original grids)","MeanState","global","scalar","1","2.42974","45.0"
"EcosystemandCarbonCycle","LeafAreaIndex","MODIS","NMIP3prod_SH1_fix_spitfire","Model Period Mean (intersection)","MeanState","global","scalar","1","2.42974","45.0"
"EcosystemandCarbonCycle","LeafAreaIndex","MODIS","NMIP3prod_SH1_fix_spitfire","Model Period Mean (complement)","MeanState","global","scalar","1","nan","45.0"
"EcosystemandCarbonCycle","LeafAreaIndex","MODIS","NMIP3prod_SH1_fix_spitfire","Spatial Distribution Score","MeanState","global","score","1","0.687296","45.0"
"EcosystemandCarbonCycle","LeafAreaIndex","MODIS","NMIP3prod_SH1_fix_spitfire","Phase Shift","MeanState","global","scalar","months","2.24213","45.0"
"EcosystemandCarbonCycle","LeafAreaIndex","MODIS","NMIP3prod_SH1_fix_spitfire","Seasonal Cycle Score","MeanState","global","score","1","0.565487","45.0"
"EcosystemandCarbonCycle","LeafAreaIndex","MODIS","NMIP3prod_SH1_fix_spitfire","Bias","MeanState","global","scalar","1","1.07239","45.0"
"EcosystemandCarbonCycle","LeafAreaIndex","MODIS","NMIP3prod_SH1_fix_spitfire","Bias Score","MeanState","global","score","1","0.213451","45.0"
"EcosystemandCarbonCycle","LeafAreaIndex","MODIS","NMIP3prod_SH1_fix_spitfire","RMSE","MeanState","global","scalar","1","1.36905","45.0"
"EcosystemandCarbonCycle","LeafAreaIndex","MODIS","NMIP3prod_SH1_fix_spitfire","RMSE Score","MeanState","global","score","1","0.33412","45.0"
"EcosystemandCarbonCycle","LeafAreaIndex","MODIS","NMIP3prod_SH1_fix_spitfire","Overall Score","MeanState","global","score","1","0.426895","45.0"
"EcosystemandCarbonCycle","LeafAreaIndex","MODIS","NMIP3prod_SH1_fix_spitfire","Overall Score","Relationships","global","score","1","nan","45.0"
"EcosystemandCarbonCycle","LeafAreaIndex","MODIS","NMIP3prod_SH1_base","Benchmark Period Mean (intersection)","MeanState","global","scalar","1","1.35735","45.0"
"EcosystemandCarbonCycle","LeafAreaIndex","MODIS","NMIP3prod_SH1_base","Benchmark Period Mean (complement)","MeanState","global","scalar","1","nan","45.0"
"EcosystemandCarbonCycle","LeafAreaIndex","MODIS","NMIP3prod_SH1_base","Period Mean (original grids)","MeanState","global","scalar","1","2.38225","45.0"
"EcosystemandCarbonCycle","LeafAreaIndex","MODIS","NMIP3prod_SH1_base","Model Period Mean (intersection)","MeanState","global","scalar","1","2.38225","45.0"
"EcosystemandCarbonCycle","LeafAreaIndex","MODIS","NMIP3prod_SH1_base","Model Period Mean (complement)","MeanState","global","scalar","1","nan","45.0"
"EcosystemandCarbonCycle","LeafAreaIndex","MODIS","NMIP3prod_SH1_base","Spatial Distribution Score","MeanState","global","score","1","0.709604","45.0"
"EcosystemandCarbonCycle","LeafAreaIndex","MODIS","NMIP3prod_SH1_base","Phase Shift","MeanState","global","scalar","months","2.23667","45.0"
"EcosystemandCarbonCycle","LeafAreaIndex","MODIS","NMIP3prod_SH1_base","Seasonal Cycle Score","MeanState","global","score","1","0.566255","45.0"
"EcosystemandCarbonCycle","LeafAreaIndex","MODIS","NMIP3prod_SH1_base","Bias","MeanState","global","scalar","1","1.0249","45.0"
"EcosystemandCarbonCycle","LeafAreaIndex","MODIS","NMIP3prod_SH1_base","Bias Score","MeanState","global","score","1","0.215551","45.0"
"EcosystemandCarbonCycle","LeafAreaIndex","MODIS","NMIP3prod_SH1_base","RMSE","MeanState","global","scalar","1","1.3227","45.0"
"EcosystemandCarbonCycle","LeafAreaIndex","MODIS","NMIP3prod_SH1_base","RMSE Score","MeanState","global","score","1","0.335774","45.0"
"EcosystemandCarbonCycle","LeafAreaIndex","MODIS","NMIP3prod_SH1_base","Overall Score","MeanState","global","score","1","0.432591","45.0"
"EcosystemandCarbonCycle","LeafAreaIndex","MODIS","NMIP3prod_SH1_base","Overall Score","Relationships","global","score","1","nan","45.0"
"EcosystemandCarbonCycle","LeafAreaIndex","MODIS","NMIP3prod_SH1_fix_spitfire_permafrost","Benchmark Period Mean (intersection)","MeanState","global","scalar","1","1.35735","45.0"
"EcosystemandCarbonCycle","LeafAreaIndex","MODIS","NMIP3prod_SH1_fix_spitfire_permafrost","Benchmark Period Mean (complement)","MeanState","global","scalar","1","nan","45.0"
"EcosystemandCarbonCycle","LeafAreaIndex","MODIS","NMIP3prod_SH1_fix_spitfire_permafrost","Period Mean (original grids)","MeanState","global","scalar","1","2.29876","45.0"
"EcosystemandCarbonCycle","LeafAreaIndex","MODIS","NMIP3prod_SH1_fix_spitfire_permafrost","Model Period Mean (intersection)","MeanState","global","scalar","1","2.29876","45.0"
"EcosystemandCarbonCycle","LeafAreaIndex","MODIS","NMIP3prod_SH1_fix_spitfire_permafrost","Model Period Mean (complement)","MeanState","global","scalar","1","nan","45.0"
"EcosystemandCarbonCycle","LeafAreaIndex","MODIS","NMIP3prod_SH1_fix_spitfire_permafrost","Spatial Distribution Score","MeanState","global","score","1","0.680341","45.0"
"EcosystemandCarbonCycle","LeafAreaIndex","MODIS","NMIP3prod_SH1_fix_spitfire_permafrost","Phase Shift","MeanState","global","scalar","months","2.24074","45.0"
"EcosystemandCarbonCycle","LeafAreaIndex","MODIS","NMIP3prod_SH1_fix_spitfire_permafrost","Seasonal Cycle Score","MeanState","global","score","1","0.564776","45.0"
"EcosystemandCarbonCycle","LeafAreaIndex","MODIS","NMIP3prod_SH1_fix_spitfire_permafrost","Bias","MeanState","global","scalar","1","0.941411","45.0"
"EcosystemandCarbonCycle","LeafAreaIndex","MODIS","NMIP3prod_SH1_fix_spitfire_permafrost","Bias Score","MeanState","global","score","1","0.222411","45.0"
"EcosystemandCarbonCycle","LeafAreaIndex","MODIS","NMIP3prod_SH1_fix_spitfire_permafrost","RMSE","MeanState","global","scalar","1","1.28827","45.0"
"EcosystemandCarbonCycle","LeafAreaIndex","MODIS","NMIP3prod_SH1_fix_spitfire_permafrost","RMSE Score","MeanState","global","score","1","0.326634","45.0"
"EcosystemandCarbonCycle","LeafAreaIndex","MODIS","NMIP3prod_SH1_fix_spitfire_permafrost","Overall Score","MeanState","global","score","1","0.424159","45.0"
"EcosystemandCarbonCycle","LeafAreaIndex","MODIS","NMIP3prod_SH1_fix_spitfire_permafrost","Overall Score","Relationships","global","score","1","nan","45.0"
"EcosystemandCarbonCycle","GrossPrimaryProductivity","FLUXCOM","NMIP3prod_SH1_fix_spitfire","Benchmark Period Mean (intersection)","MeanState","global","scalar","Pg yr-1","113.71","75.0"
"EcosystemandCarbonCycle","GrossPrimaryProductivity","FLUXCOM","NMIP3prod_SH1_fix_spitfire","Benchmark Period Mean (complement)","MeanState","global","scalar","Pg yr-1","nan","75.0"
"EcosystemandCarbonCycle","GrossPrimaryProductivity","FLUXCOM","NMIP3prod_SH1_fix_spitfire","Period Mean (original grids)","MeanState","global","scalar","Pg yr-1","119.874","75.0"
"EcosystemandCarbonCycle","GrossPrimaryProductivity","FLUXCOM","NMIP3prod_SH1_fix_spitfire","Model Period Mean (intersection)","MeanState","global","scalar","Pg yr-1","119.594","75.0"
"EcosystemandCarbonCycle","GrossPrimaryProductivity","FLUXCOM","NMIP3prod_SH1_fix_spitfire","Model Period Mean (complement)","MeanState","global","scalar","Pg yr-1","0.280502","75.0"
"EcosystemandCarbonCycle","GrossPrimaryProductivity","FLUXCOM","NMIP3prod_SH1_fix_spitfire","Spatial Distribution Score","MeanState","global","score","1","0.943607","75.0"
"EcosystemandCarbonCycle","GrossPrimaryProductivity","FLUXCOM","NMIP3prod_SH1_fix_spitfire","Phase Shift","MeanState","global","scalar","months","1.10225","75.0"
"EcosystemandCarbonCycle","GrossPrimaryProductivity","FLUXCOM","NMIP3prod_SH1_fix_spitfire","Seasonal Cycle Score","MeanState","global","score","1","0.845517","75.0"
"EcosystemandCarbonCycle","GrossPrimaryProductivity","FLUXCOM","NMIP3prod_SH1_fix_spitfire","Bias","MeanState","global","scalar","g m-2 d-1","0.135303","75.0"
"EcosystemandCarbonCycle","GrossPrimaryProductivity","FLUXCOM","NMIP3prod_SH1_fix_spitfire","Bias Score","MeanState","global","score","1","0.561512","75.0"
"EcosystemandCarbonCycle","GrossPrimaryProductivity","FLUXCOM","NMIP3prod_SH1_fix_spitfire","RMSE","MeanState","global","scalar","g m-2 d-1","1.27891","75.0"
"EcosystemandCarbonCycle","GrossPrimaryProductivity","FLUXCOM","NMIP3prod_SH1_fix_spitfire","RMSE Score","MeanState","global","score","1","0.505352","75.0"
"EcosystemandCarbonCycle","GrossPrimaryProductivity","FLUXCOM","NMIP3prod_SH1_fix_spitfire","Overall Score","MeanState","global","score","1","0.672268","75.0"
"EcosystemandCarbonCycle","GrossPrimaryProductivity","FLUXCOM","NMIP3prod_SH1_fix_spitfire","Evapotranspiration|GLEAMv3.3a Hellinger Distance","Relationships","global","scalar","1","0.600815","75.0"
"EcosystemandCarbonCycle","GrossPrimaryProductivity","FLUXCOM","NMIP3prod_SH1_fix_spitfire","Evapotranspiration|GLEAMv3.3a Score","Relationships","global","score","1","0.906224","75.0"
"EcosystemandCarbonCycle","GrossPrimaryProductivity","FLUXCOM","NMIP3prod_SH1_fix_spitfire","Overall Score","Relationships","global","score","1","0.906224","75.0"
"EcosystemandCarbonCycle","GrossPrimaryProductivity","FLUXCOM","NMIP3prod_SH1_fix_spitfire_permafrost","Benchmark Period Mean (intersection)","MeanState","global","scalar","Pg yr-1","113.71","75.0"
"EcosystemandCarbonCycle","GrossPrimaryProductivity","FLUXCOM","NMIP3prod_SH1_fix_spitfire_permafrost","Benchmark Period Mean (complement)","MeanState","global","scalar","Pg yr-1","nan","75.0"
"EcosystemandCarbonCycle","GrossPrimaryProductivity","FLUXCOM","NMIP3prod_SH1_fix_spitfire_permafrost","Period Mean (original grids)","MeanState","global","scalar","Pg yr-1","115.565","75.0"
"EcosystemandCarbonCycle","GrossPrimaryProductivity","FLUXCOM","NMIP3prod_SH1_fix_spitfire_permafrost","Model Period Mean (intersection)","MeanState","global","scalar","Pg yr-1","115.332","75.0"
"EcosystemandCarbonCycle","GrossPrimaryProductivity","FLUXCOM","NMIP3prod_SH1_fix_spitfire_permafrost","Model Period Mean (complement)","MeanState","global","scalar","Pg yr-1","0.232685","75.0"
"EcosystemandCarbonCycle","GrossPrimaryProductivity","FLUXCOM","NMIP3prod_SH1_fix_spitfire_permafrost","Spatial Distribution Score","MeanState","global","score","1","0.958721","75.0"
"EcosystemandCarbonCycle","GrossPrimaryProductivity","FLUXCOM","NMIP3prod_SH1_fix_spitfire_permafrost","Phase Shift","MeanState","global","scalar","months","1.10746","75.0"
"EcosystemandCarbonCycle","GrossPrimaryProductivity","FLUXCOM","NMIP3prod_SH1_fix_spitfire_permafrost","Seasonal Cycle Score","MeanState","global","score","1","0.844833","75.0"
"EcosystemandCarbonCycle","GrossPrimaryProductivity","FLUXCOM","NMIP3prod_SH1_fix_spitfire_permafrost","Bias","MeanState","global","scalar","g m-2 d-1","0.0373058","75.0"
"EcosystemandCarbonCycle","GrossPrimaryProductivity","FLUXCOM","NMIP3prod_SH1_fix_spitfire_permafrost","Bias Score","MeanState","global","score","1","0.570299","75.0"
"EcosystemandCarbonCycle","GrossPrimaryProductivity","FLUXCOM","NMIP3prod_SH1_fix_spitfire_permafrost","RMSE","MeanState","global","scalar","g m-2 d-1","1.17887","75.0"
"EcosystemandCarbonCycle","GrossPrimaryProductivity","FLUXCOM","NMIP3prod_SH1_fix_spitfire_permafrost","RMSE Score","MeanState","global","score","1","0.508587","75.0"
"EcosystemandCarbonCycle","GrossPrimaryProductivity","FLUXCOM","NMIP3prod_SH1_fix_spitfire_permafrost","Overall Score","MeanState","global","score","1","0.678205","75.0"
"EcosystemandCarbonCycle","GrossPrimaryProductivity","FLUXCOM","NMIP3prod_SH1_fix_spitfire_permafrost","Evapotranspiration|GLEAMv3.3a Hellinger Distance","Relationships","global","scalar","1","0.601855","75.0"
"EcosystemandCarbonCycle","GrossPrimaryProductivity","FLUXCOM","NMIP3prod_SH1_fix_spitfire_permafrost","Evapotranspiration|GLEAMv3.3a Score","Relationships","global","score","1","0.911142","75.0"
"EcosystemandCarbonCycle","GrossPrimaryProductivity","FLUXCOM","NMIP3prod_SH1_fix_spitfire_permafrost","Overall Score","Relationships","global","score","1","0.911142","75.0"
"EcosystemandCarbonCycle","GrossPrimaryProductivity","FLUXCOM","NMIP3prod_SH1_base","Benchmark Period Mean (intersection)","MeanState","global","scalar","Pg yr-1","113.71","75.0"
"EcosystemandCarbonCycle","GrossPrimaryProductivity","FLUXCOM","NMIP3prod_SH1_base","Benchmark Period Mean (complement)","MeanState","global","scalar","Pg yr-1","nan","75.0"
"EcosystemandCarbonCycle","GrossPrimaryProductivity","FLUXCOM","NMIP3prod_SH1_base","Period Mean (original grids)","MeanState","global","scalar","Pg yr-1","119.784","75.0"
"EcosystemandCarbonCycle","GrossPrimaryProductivity","FLUXCOM","NMIP3prod_SH1_base","Model Period Mean (intersection)","MeanState","global","scalar","Pg yr-1","119.504","75.0"
"EcosystemandCarbonCycle","GrossPrimaryProductivity","FLUXCOM","NMIP3prod_SH1_base","Model Period Mean (complement)","MeanState","global","scalar","Pg yr-1","0.280505","75.0"
"EcosystemandCarbonCycle","GrossPrimaryProductivity","FLUXCOM","NMIP3prod_SH1_base","Spatial Distribution Score","MeanState","global","score","1","0.943451","75.0"
"EcosystemandCarbonCycle","GrossPrimaryProductivity","FLUXCOM","NMIP3prod_SH1_base","Phase Shift","MeanState","global","scalar","months","1.10079","75.0"
"EcosystemandCarbonCycle","GrossPrimaryProductivity","FLUXCOM","NMIP3prod_SH1_base","Seasonal Cycle Score","MeanState","global","score","1","0.845887","75.0"
"EcosystemandCarbonCycle","GrossPrimaryProductivity","FLUXCOM","NMIP3prod_SH1_base","Bias","MeanState","global","scalar","g m-2 d-1","0.133238","75.0"
"EcosystemandCarbonCycle","GrossPrimaryProductivity","FLUXCOM","NMIP3prod_SH1_base","Bias Score","MeanState","global","score","1","0.561954","75.0"
"EcosystemandCarbonCycle","GrossPrimaryProductivity","FLUXCOM","NMIP3prod_SH1_base","RMSE","MeanState","global","scalar","g m-2 d-1","1.27881","75.0"
"EcosystemandCarbonCycle","GrossPrimaryProductivity","FLUXCOM","NMIP3prod_SH1_base","RMSE Score","MeanState","global","score","1","0.505128","75.0"
"EcosystemandCarbonCycle","GrossPrimaryProductivity","FLUXCOM","NMIP3prod_SH1_base","Overall Score","MeanState","global","score","1","0.67231","75.0"
"EcosystemandCarbonCycle","GrossPrimaryProductivity","FLUXCOM","NMIP3prod_SH1_base","Evapotranspiration|GLEAMv3.3a Hellinger Distance","Relationships","global","scalar","1","0.601083","75.0"
"EcosystemandCarbonCycle","GrossPrimaryProductivity","FLUXCOM","NMIP3prod_SH1_base","Evapotranspiration|GLEAMv3.3a Score","Relationships","global","score","1","0.906063","75.0"
"EcosystemandCarbonCycle","GrossPrimaryProductivity","FLUXCOM","NMIP3prod_SH1_base","Overall Score","Relationships","global","score","1","0.906063","75.0"
"EcosystemandCarbonCycle","GrossPrimaryProductivity","FLUXNET2015","NMIP3prod_SH1_fix_spitfire","Period Mean (original grids)","MeanState","global","scalar","g m-2 d-1","2.6518","45.0"
"EcosystemandCarbonCycle","GrossPrimaryProductivity","FLUXNET2015","NMIP3prod_SH1_fix_spitfire","Bias","MeanState","global","scalar","g m-2 d-1","-0.701716","45.0"
"EcosystemandCarbonCycle","GrossPrimaryProductivity","FLUXNET2015","NMIP3prod_SH1_fix_spitfire","Bias Score","MeanState","global","score","1","0.593455","45.0"
"EcosystemandCarbonCycle","GrossPrimaryProductivity","FLUXNET2015","NMIP3prod_SH1_fix_spitfire","Phase Shift","MeanState","global","scalar","months","1.30685","45.0"
"EcosystemandCarbonCycle","GrossPrimaryProductivity","FLUXNET2015","NMIP3prod_SH1_fix_spitfire","Seasonal Cycle Score","MeanState","global","score","1","0.842425","45.0"
"EcosystemandCarbonCycle","GrossPrimaryProductivity","FLUXNET2015","NMIP3prod_SH1_fix_spitfire","RMSE","MeanState","global","scalar","g m-2 d-1","2.516","45.0"
"EcosystemandCarbonCycle","GrossPrimaryProductivity","FLUXNET2015","NMIP3prod_SH1_fix_spitfire","RMSE Score","MeanState","global","score","1","0.450616","45.0"
"EcosystemandCarbonCycle","GrossPrimaryProductivity","FLUXNET2015","NMIP3prod_SH1_fix_spitfire","Overall Score","MeanState","global","score","1","0.584278","45.0"
"EcosystemandCarbonCycle","GrossPrimaryProductivity","FLUXNET2015","NMIP3prod_SH1_base","Period Mean (original grids)","MeanState","global","scalar","g m-2 d-1","2.65492","45.0"
"EcosystemandCarbonCycle","GrossPrimaryProductivity","FLUXNET2015","NMIP3prod_SH1_base","Bias","MeanState","global","scalar","g m-2 d-1","-0.698604","45.0"
"EcosystemandCarbonCycle","GrossPrimaryProductivity","FLUXNET2015","NMIP3prod_SH1_base","Bias Score","MeanState","global","score","1","0.59444","45.0"
"EcosystemandCarbonCycle","GrossPrimaryProductivity","FLUXNET2015","NMIP3prod_SH1_base","Phase Shift","MeanState","global","scalar","months","1.30685","45.0"
"EcosystemandCarbonCycle","GrossPrimaryProductivity","FLUXNET2015","NMIP3prod_SH1_base","Seasonal Cycle Score","MeanState","global","score","1","0.842425","45.0"
"EcosystemandCarbonCycle","GrossPrimaryProductivity","FLUXNET2015","NMIP3prod_SH1_base","RMSE","MeanState","global","scalar","g m-2 d-1","2.51897","45.0"
"EcosystemandCarbonCycle","GrossPrimaryProductivity","FLUXNET2015","NMIP3prod_SH1_base","RMSE Score","MeanState","global","score","1","0.45009","45.0"
"EcosystemandCarbonCycle","GrossPrimaryProductivity","FLUXNET2015","NMIP3prod_SH1_base","Overall Score","MeanState","global","score","1","0.584261","45.0"
"EcosystemandCarbonCycle","GrossPrimaryProductivity","FLUXNET2015","NMIP3prod_SH1_fix_spitfire_permafrost","Period Mean (original grids)","MeanState","global","scalar","g m-2 d-1","2.56195","45.0"
"EcosystemandCarbonCycle","GrossPrimaryProductivity","FLUXNET2015","NMIP3prod_SH1_fix_spitfire_permafrost","Bias","MeanState","global","scalar","g m-2 d-1","-0.791566","45.0"
"EcosystemandCarbonCycle","GrossPrimaryProductivity","FLUXNET2015","NMIP3prod_SH1_fix_spitfire_permafrost","Bias Score","MeanState","global","score","1","0.592871","45.0"
"EcosystemandCarbonCycle","GrossPrimaryProductivity","FLUXNET2015","NMIP3prod_SH1_fix_spitfire_permafrost","Phase Shift","MeanState","global","scalar","months","1.25701","45.0"
"EcosystemandCarbonCycle","GrossPrimaryProductivity","FLUXNET2015","NMIP3prod_SH1_fix_spitfire_permafrost","Seasonal Cycle Score","MeanState","global","score","1","0.846904","45.0"
"EcosystemandCarbonCycle","GrossPrimaryProductivity","FLUXNET2015","NMIP3prod_SH1_fix_spitfire_permafrost","RMSE","MeanState","global","scalar","g m-2 d-1","2.47815","45.0"
"EcosystemandCarbonCycle","GrossPrimaryProductivity","FLUXNET2015","NMIP3prod_SH1_fix_spitfire_permafrost","RMSE Score","MeanState","global","score","1","0.453634","45.0"
"EcosystemandCarbonCycle","GrossPrimaryProductivity","FLUXNET2015","NMIP3prod_SH1_fix_spitfire_permafrost","Overall Score","MeanState","global","score","1","0.586761","45.0"
"EcosystemandCarbonCycle","GrossPrimaryProductivity","WECANN","NMIP3prod_SH1_fix_spitfire_permafrost","Benchmark Period Mean (intersection)","MeanState","global","scalar","Pg yr-1","114.05","75.0"
"EcosystemandCarbonCycle","GrossPrimaryProductivity","WECANN","NMIP3prod_SH1_fix_spitfire_permafrost","Benchmark Period Mean (complement)","MeanState","global","scalar","Pg yr-1","1.89796","75.0"
"EcosystemandCarbonCycle","GrossPrimaryProductivity","WECANN","NMIP3prod_SH1_fix_spitfire_permafrost","Period Mean (original grids)","MeanState","global","scalar","Pg yr-1","120.743","75.0"
"EcosystemandCarbonCycle","GrossPrimaryProductivity","WECANN","NMIP3prod_SH1_fix_spitfire_permafrost","Model Period Mean (intersection)","MeanState","global","scalar","Pg yr-1","114.968","75.0"
"EcosystemandCarbonCycle","GrossPrimaryProductivity","WECANN","NMIP3prod_SH1_fix_spitfire_permafrost","Model Period Mean (complement)","MeanState","global","scalar","Pg yr-1","5.77566","75.0"
"EcosystemandCarbonCycle","GrossPrimaryProductivity","WECANN","NMIP3prod_SH1_fix_spitfire_permafrost","Spatial Distribution Score","MeanState","global","score","1","0.958527","75.0"
"EcosystemandCarbonCycle","GrossPrimaryProductivity","WECANN","NMIP3prod_SH1_fix_spitfire_permafrost","Phase Shift","MeanState","global","scalar","months","1.43832","75.0"
"EcosystemandCarbonCycle","GrossPrimaryProductivity","WECANN","NMIP3prod_SH1_fix_spitfire_permafrost","Seasonal Cycle Score","MeanState","global","score","1","0.783275","75.0"
"EcosystemandCarbonCycle","GrossPrimaryProductivity","WECANN","NMIP3prod_SH1_fix_spitfire_permafrost","Bias","MeanState","global","scalar","g m-2 d-1","0.0195983","75.0"
"EcosystemandCarbonCycle","GrossPrimaryProductivity","WECANN","NMIP3prod_SH1_fix_spitfire_permafrost","Bias Score","MeanState","global","score","1","0.611064","75.0"
"EcosystemandCarbonCycle","GrossPrimaryProductivity","WECANN","NMIP3prod_SH1_fix_spitfire_permafrost","RMSE","MeanState","global","scalar","g m-2 d-1","1.16077","75.0"
"EcosystemandCarbonCycle","GrossPrimaryProductivity","WECANN","NMIP3prod_SH1_fix_spitfire_permafrost","RMSE Score","MeanState","global","score","1","0.529478","75.0"
"EcosystemandCarbonCycle","GrossPrimaryProductivity","WECANN","NMIP3prod_SH1_fix_spitfire_permafrost","Overall Score","MeanState","global","score","1","0.682364","75.0"
"EcosystemandCarbonCycle","GrossPrimaryProductivity","WECANN","NMIP3prod_SH1_base","Benchmark Period Mean (intersection)","MeanState","global","scalar","Pg yr-1","114.05","75.0"
"EcosystemandCarbonCycle","GrossPrimaryProductivity","WECANN","NMIP3prod_SH1_base","Benchmark Period Mean (complement)","MeanState","global","scalar","Pg yr-1","1.89796","75.0"
"EcosystemandCarbonCycle","GrossPrimaryProductivity","WECANN","NMIP3prod_SH1_base","Period Mean (original grids)","MeanState","global","scalar","Pg yr-1","124.966","75.0"
"EcosystemandCarbonCycle","GrossPrimaryProductivity","WECANN","NMIP3prod_SH1_base","Model Period Mean (intersection)","MeanState","global","scalar","Pg yr-1","119.059","75.0"
"EcosystemandCarbonCycle","GrossPrimaryProductivity","WECANN","NMIP3prod_SH1_base","Model Period Mean (complement)","MeanState","global","scalar","Pg yr-1","5.90631","75.0"
"EcosystemandCarbonCycle","GrossPrimaryProductivity","WECANN","NMIP3prod_SH1_base","Spatial Distribution Score","MeanState","global","score","1","0.960939","75.0"
"EcosystemandCarbonCycle","GrossPrimaryProductivity","WECANN","NMIP3prod_SH1_base","Phase Shift","MeanState","global","scalar","months","1.42367","75.0"
"EcosystemandCarbonCycle","GrossPrimaryProductivity","WECANN","NMIP3prod_SH1_base","Seasonal Cycle Score","MeanState","global","score","1","0.784684","75.0"
"EcosystemandCarbonCycle","GrossPrimaryProductivity","WECANN","NMIP3prod_SH1_base","Bias","MeanState","global","scalar","g m-2 d-1","0.10699","75.0"
"EcosystemandCarbonCycle","GrossPrimaryProductivity","WECANN","NMIP3prod_SH1_base","Bias Score","MeanState","global","score","1","0.603109","75.0"
"EcosystemandCarbonCycle","GrossPrimaryProductivity","WECANN","NMIP3prod_SH1_base","RMSE","MeanState","global","scalar","g m-2 d-1","1.23959","75.0"
"EcosystemandCarbonCycle","GrossPrimaryProductivity","WECANN","NMIP3prod_SH1_base","RMSE Score","MeanState","global","score","1","0.521603","75.0"
"EcosystemandCarbonCycle","GrossPrimaryProductivity","WECANN","NMIP3prod_SH1_base","Overall Score","MeanState","global","score","1","0.678388","75.0"
"EcosystemandCarbonCycle","GrossPrimaryProductivity","WECANN","NMIP3prod_SH1_fix_spitfire","Benchmark Period Mean (intersection)","MeanState","global","scalar","Pg yr-1","114.05","75.0"
"EcosystemandCarbonCycle","GrossPrimaryProductivity","WECANN","NMIP3prod_SH1_fix_spitfire","Benchmark Period Mean (complement)","MeanState","global","scalar","Pg yr-1","1.89796","75.0"
"EcosystemandCarbonCycle","GrossPrimaryProductivity","WECANN","NMIP3prod_SH1_fix_spitfire","Period Mean (original grids)","MeanState","global","scalar","Pg yr-1","125.021","75.0"
"EcosystemandCarbonCycle","GrossPrimaryProductivity","WECANN","NMIP3prod_SH1_fix_spitfire","Model Period Mean (intersection)","MeanState","global","scalar","Pg yr-1","119.112","75.0"
"EcosystemandCarbonCycle","GrossPrimaryProductivity","WECANN","NMIP3prod_SH1_fix_spitfire","Model Period Mean (complement)","MeanState","global","scalar","Pg yr-1","5.9089","75.0"
"EcosystemandCarbonCycle","GrossPrimaryProductivity","WECANN","NMIP3prod_SH1_fix_spitfire","Spatial Distribution Score","MeanState","global","score","1","0.960926","75.0"
"EcosystemandCarbonCycle","GrossPrimaryProductivity","WECANN","NMIP3prod_SH1_fix_spitfire","Phase Shift","MeanState","global","scalar","months","1.42563","75.0"
"EcosystemandCarbonCycle","GrossPrimaryProductivity","WECANN","NMIP3prod_SH1_fix_spitfire","Seasonal Cycle Score","MeanState","global","score","1","0.783981","75.0"
"EcosystemandCarbonCycle","GrossPrimaryProductivity","WECANN","NMIP3prod_SH1_fix_spitfire","Bias","MeanState","global","scalar","g m-2 d-1","0.108118","75.0"
"EcosystemandCarbonCycle","GrossPrimaryProductivity","WECANN","NMIP3prod_SH1_fix_spitfire","Bias Score","MeanState","global","score","1","0.602778","75.0"
"EcosystemandCarbonCycle","GrossPrimaryProductivity","WECANN","NMIP3prod_SH1_fix_spitfire","RMSE","MeanState","global","scalar","g m-2 d-1","1.23939","75.0"
"EcosystemandCarbonCycle","GrossPrimaryProductivity","WECANN","NMIP3prod_SH1_fix_spitfire","RMSE Score","MeanState","global","score","1","0.521947","75.0"
"EcosystemandCarbonCycle","GrossPrimaryProductivity","WECANN","NMIP3prod_SH1_fix_spitfire","Overall Score","MeanState","global","score","1","0.678316","75.0"
"EcosystemandCarbonCycle","SoilCarbon","HWSD","NMIP3prod_SH1_base","Benchmark Period Mean (intersection)","MeanState","global","scalar","Pg","1233.83","75.0"
"EcosystemandCarbonCycle","SoilCarbon","HWSD","NMIP3prod_SH1_base","Benchmark Period Mean (complement)","MeanState","global","scalar","Pg","100.195","75.0"
"EcosystemandCarbonCycle","SoilCarbon","HWSD","NMIP3prod_SH1_base","Period Mean (original grids)","MeanState","global","scalar","Pg","1663.53","75.0"
"EcosystemandCarbonCycle","SoilCarbon","HWSD","NMIP3prod_SH1_base","Model Period Mean (intersection)","MeanState","global","scalar","Pg","1661.77","75.0"
"EcosystemandCarbonCycle","SoilCarbon","HWSD","NMIP3prod_SH1_base","Model Period Mean (complement)","MeanState","global","scalar","Pg","1.75753","75.0"
"EcosystemandCarbonCycle","SoilCarbon","HWSD","NMIP3prod_SH1_base","Spatial Distribution Score","MeanState","global","score","1","0.585047","75.0"
"EcosystemandCarbonCycle","SoilCarbon","HWSD","NMIP3prod_SH1_base","Bias","MeanState","global","scalar","kg m-2","3.22231","75.0"
"EcosystemandCarbonCycle","SoilCarbon","HWSD","NMIP3prod_SH1_base","Bias Score","MeanState","global","score","1","0.571836","75.0"
"EcosystemandCarbonCycle","SoilCarbon","HWSD","NMIP3prod_SH1_base","Overall Score","MeanState","global","score","1","0.578442","75.0"
"EcosystemandCarbonCycle","SoilCarbon","HWSD","NMIP3prod_SH1_fix_spitfire_permafrost","Benchmark Period Mean (intersection)","MeanState","global","scalar","Pg","1233.83","75.0"
"EcosystemandCarbonCycle","SoilCarbon","HWSD","NMIP3prod_SH1_fix_spitfire_permafrost","Benchmark Period Mean (complement)","MeanState","global","scalar","Pg","100.195","75.0"
"EcosystemandCarbonCycle","SoilCarbon","HWSD","NMIP3prod_SH1_fix_spitfire_permafrost","Period Mean (original grids)","MeanState","global","scalar","Pg","1610.3","75.0"
"EcosystemandCarbonCycle","SoilCarbon","HWSD","NMIP3prod_SH1_fix_spitfire_permafrost","Model Period Mean (intersection)","MeanState","global","scalar","Pg","1608.47","75.0"
"EcosystemandCarbonCycle","SoilCarbon","HWSD","NMIP3prod_SH1_fix_spitfire_permafrost","Model Period Mean (complement)","MeanState","global","scalar","Pg","1.82978","75.0"
"EcosystemandCarbonCycle","SoilCarbon","HWSD","NMIP3prod_SH1_fix_spitfire_permafrost","Spatial Distribution Score","MeanState","global","score","1","0.694767","75.0"
"EcosystemandCarbonCycle","SoilCarbon","HWSD","NMIP3prod_SH1_fix_spitfire_permafrost","Bias","MeanState","global","scalar","kg m-2","2.82094","75.0"
"EcosystemandCarbonCycle","SoilCarbon","HWSD","NMIP3prod_SH1_fix_spitfire_permafrost","Bias Score","MeanState","global","score","1","0.56871","75.0"
"EcosystemandCarbonCycle","SoilCarbon","HWSD","NMIP3prod_SH1_fix_spitfire_permafrost","Overall Score","MeanState","global","score","1","0.631738","75.0"
"EcosystemandCarbonCycle","SoilCarbon","HWSD","NMIP3prod_SH1_fix_spitfire","Benchmark Period Mean (intersection)","MeanState","global","scalar","Pg","1233.83","75.0"
"EcosystemandCarbonCycle","SoilCarbon","HWSD","NMIP3prod_SH1_fix_spitfire","Benchmark Period Mean (complement)","MeanState","global","scalar","Pg","100.195","75.0"
"EcosystemandCarbonCycle","SoilCarbon","HWSD","NMIP3prod_SH1_fix_spitfire","Period Mean (original grids)","MeanState","global","scalar","Pg","1673.54","75.0"
"EcosystemandCarbonCycle","SoilCarbon","HWSD","NMIP3prod_SH1_fix_spitfire","Model Period Mean (intersection)","MeanState","global","scalar","Pg","1671.79","75.0"
"EcosystemandCarbonCycle","SoilCarbon","HWSD","NMIP3prod_SH1_fix_spitfire","Model Period Mean (complement)","MeanState","global","scalar","Pg","1.75676","75.0"
"EcosystemandCarbonCycle","SoilCarbon","HWSD","NMIP3prod_SH1_fix_spitfire","Spatial Distribution Score","MeanState","global","score","1","0.585668","75.0"
"EcosystemandCarbonCycle","SoilCarbon","HWSD","NMIP3prod_SH1_fix_spitfire","Bias","MeanState","global","scalar","kg m-2","3.29772","75.0"
"EcosystemandCarbonCycle","SoilCarbon","HWSD","NMIP3prod_SH1_fix_spitfire","Bias Score","MeanState","global","score","1","0.569297","75.0"
"EcosystemandCarbonCycle","SoilCarbon","HWSD","NMIP3prod_SH1_fix_spitfire","Overall Score","MeanState","global","score","1","0.577482","75.0"
"EcosystemandCarbonCycle","SoilCarbon","NCSCDV22","NMIP3prod_SH1_fix_spitfire","Benchmark Period Mean (intersection)","MeanState","global","scalar","Pg","463.537","60.0"
"EcosystemandCarbonCycle","SoilCarbon","NCSCDV22","NMIP3prod_SH1_fix_spitfire","Benchmark Period Mean (complement)","MeanState","global","scalar","Pg","9.30841","60.0"
"EcosystemandCarbonCycle","SoilCarbon","NCSCDV22","NMIP3prod_SH1_fix_spitfire","Period Mean (original grids)","MeanState","global","scalar","Pg","1673.54","60.0"
"EcosystemandCarbonCycle","SoilCarbon","NCSCDV22","NMIP3prod_SH1_fix_spitfire","Model Period Mean (intersection)","MeanState","global","scalar","Pg","638.175","60.0"
"EcosystemandCarbonCycle","SoilCarbon","NCSCDV22","NMIP3prod_SH1_fix_spitfire","Model Period Mean (complement)","MeanState","global","scalar","Pg","1035.37","60.0"
"EcosystemandCarbonCycle","SoilCarbon","NCSCDV22","NMIP3prod_SH1_fix_spitfire","Spatial Distribution Score","MeanState","global","score","1","0.891388","60.0"
"EcosystemandCarbonCycle","SoilCarbon","NCSCDV22","NMIP3prod_SH1_fix_spitfire","Bias","MeanState","global","scalar","kg m-2","7.95999","60.0"
"EcosystemandCarbonCycle","SoilCarbon","NCSCDV22","NMIP3prod_SH1_fix_spitfire","Bias Score","MeanState","global","score","1","0.634321","60.0"
"EcosystemandCarbonCycle","SoilCarbon","NCSCDV22","NMIP3prod_SH1_fix_spitfire","Overall Score","MeanState","global","score","1","0.762855","60.0"
"EcosystemandCarbonCycle","SoilCarbon","NCSCDV22","NMIP3prod_SH1_base","Benchmark Period Mean (intersection)","MeanState","global","scalar","Pg","463.537","60.0"
"EcosystemandCarbonCycle","SoilCarbon","NCSCDV22","NMIP3prod_SH1_base","Benchmark Period Mean (complement)","MeanState","global","scalar","Pg","9.30841","60.0"
"EcosystemandCarbonCycle","SoilCarbon","NCSCDV22","NMIP3prod_SH1_base","Period Mean (original grids)","MeanState","global","scalar","Pg","1663.53","60.0"
"EcosystemandCarbonCycle","SoilCarbon","NCSCDV22","NMIP3prod_SH1_base","Model Period Mean (intersection)","MeanState","global","scalar","Pg","638.175","60.0"
"EcosystemandCarbonCycle","SoilCarbon","NCSCDV22","NMIP3prod_SH1_base","Model Period Mean (complement)","MeanState","global","scalar","Pg","1025.35","60.0"
"EcosystemandCarbonCycle","SoilCarbon","NCSCDV22","NMIP3prod_SH1_base","Spatial Distribution Score","MeanState","global","score","1","0.891388","60.0"
"EcosystemandCarbonCycle","SoilCarbon","NCSCDV22","NMIP3prod_SH1_base","Bias","MeanState","global","scalar","kg m-2","7.95999","60.0"
"EcosystemandCarbonCycle","SoilCarbon","NCSCDV22","NMIP3prod_SH1_base","Bias Score","MeanState","global","score","1","0.634321","60.0"
"EcosystemandCarbonCycle","SoilCarbon","NCSCDV22","NMIP3prod_SH1_base","Overall Score","MeanState","global","score","1","0.762855","60.0"
"EcosystemandCarbonCycle","SoilCarbon","NCSCDV22","NMIP3prod_SH1_fix_spitfire_permafrost","Benchmark Period Mean (intersection)","MeanState","global","scalar","Pg","463.537","60.0"
"EcosystemandCarbonCycle","SoilCarbon","NCSCDV22","NMIP3prod_SH1_fix_spitfire_permafrost","Benchmark Period Mean (complement)","MeanState","global","scalar","Pg","9.30841","60.0"
"EcosystemandCarbonCycle","SoilCarbon","NCSCDV22","NMIP3prod_SH1_fix_spitfire_permafrost","Period Mean (original grids)","MeanState","global","scalar","Pg","1610.3","60.0"
"EcosystemandCarbonCycle","SoilCarbon","NCSCDV22","NMIP3prod_SH1_fix_spitfire_permafrost","Model Period Mean (intersection)","MeanState","global","scalar","Pg","513.377","60.0"
"EcosystemandCarbonCycle","SoilCarbon","NCSCDV22","NMIP3prod_SH1_fix_spitfire_permafrost","Model Period Mean (complement)","MeanState","global","scalar","Pg","1096.92","60.0"
"EcosystemandCarbonCycle","SoilCarbon","NCSCDV22","NMIP3prod_SH1_fix_spitfire_permafrost","Spatial Distribution Score","MeanState","global","score","1","0.880559","60.0"
"EcosystemandCarbonCycle","SoilCarbon","NCSCDV22","NMIP3prod_SH1_fix_spitfire_permafrost","Bias","MeanState","global","scalar","kg m-2","2.27169","60.0"
"EcosystemandCarbonCycle","SoilCarbon","NCSCDV22","NMIP3prod_SH1_fix_spitfire_permafrost","Bias Score","MeanState","global","score","1","0.645162","60.0"
"EcosystemandCarbonCycle","SoilCarbon","NCSCDV22","NMIP3prod_SH1_fix_spitfire_permafrost","Overall Score","MeanState","global","score","1","0.762861","60.0"
"EcosystemandCarbonCycle","GlobalNetEcosystemCarbonBalance","Hoffman","NMIP3prod_SH1_base","nbp(2011)","MeanState","nbp(2011)","scalar","Pg","106.747","100.0"
"EcosystemandCarbonCycle","GlobalNetEcosystemCarbonBalance","Hoffman","NMIP3prod_SH1_base","diff(2011)","MeanState","diff(2011)","scalar","Pg","98.7022","100.0"
"EcosystemandCarbonCycle","GlobalNetEcosystemCarbonBalance","Hoffman","NMIP3prod_SH1_base","Difference Score","MeanState","global","score","1","0.511871","100.0"
"EcosystemandCarbonCycle","GlobalNetEcosystemCarbonBalance","Hoffman","NMIP3prod_SH1_base","Trajectory Score","MeanState","global","score","1","0.432747","100.0"
"EcosystemandCarbonCycle","GlobalNetEcosystemCarbonBalance","Hoffman","NMIP3prod_SH1_base","Overall Score","MeanState","global","score","1","0.472309","100.0"
"EcosystemandCarbonCycle","GlobalNetEcosystemCarbonBalance","Hoffman","NMIP3prod_SH1_fix_spitfire_permafrost","nbp(2011)","MeanState","nbp(2011)","scalar","Pg","81.2566","100.0"
"EcosystemandCarbonCycle","GlobalNetEcosystemCarbonBalance","Hoffman","NMIP3prod_SH1_fix_spitfire_permafrost","diff(2011)","MeanState","diff(2011)","scalar","Pg","73.2118","100.0"
"EcosystemandCarbonCycle","GlobalNetEcosystemCarbonBalance","Hoffman","NMIP3prod_SH1_fix_spitfire_permafrost","Difference Score","MeanState","global","score","1","0.608516","100.0"
"EcosystemandCarbonCycle","GlobalNetEcosystemCarbonBalance","Hoffman","NMIP3prod_SH1_fix_spitfire_permafrost","Trajectory Score","MeanState","global","score","1","0.543966","100.0"
"EcosystemandCarbonCycle","GlobalNetEcosystemCarbonBalance","Hoffman","NMIP3prod_SH1_fix_spitfire_permafrost","Overall Score","MeanState","global","score","1","0.576241","100.0"
"EcosystemandCarbonCycle","GlobalNetEcosystemCarbonBalance","Hoffman","NMIP3prod_SH1_fix_spitfire","nbp(2011)","MeanState","nbp(2011)","scalar","Pg","101.557","100.0"
"EcosystemandCarbonCycle","GlobalNetEcosystemCarbonBalance","Hoffman","NMIP3prod_SH1_fix_spitfire","diff(2011)","MeanState","diff(2011)","scalar","Pg","93.512","100.0"
"EcosystemandCarbonCycle","GlobalNetEcosystemCarbonBalance","Hoffman","NMIP3prod_SH1_fix_spitfire","Difference Score","MeanState","global","score","1","0.530218","100.0"
"EcosystemandCarbonCycle","GlobalNetEcosystemCarbonBalance","Hoffman","NMIP3prod_SH1_fix_spitfire","Trajectory Score","MeanState","global","score","1","0.462811","100.0"
"EcosystemandCarbonCycle","GlobalNetEcosystemCarbonBalance","Hoffman","NMIP3prod_SH1_fix_spitfire","Overall Score","MeanState","global","score","1","0.496514","100.0"
"EcosystemandCarbonCycle","GlobalNetEcosystemCarbonBalance","GCP","NMIP3prod_SH1_fix_spitfire","nbp(2016)","MeanState","nbp(2016)","scalar","Pg","12.4458","100.0"
"EcosystemandCarbonCycle","GlobalNetEcosystemCarbonBalance","GCP","NMIP3prod_SH1_fix_spitfire","diff(2016)","MeanState","diff(2016)","scalar","Pg","57.011","100.0"
"EcosystemandCarbonCycle","GlobalNetEcosystemCarbonBalance","GCP","NMIP3prod_SH1_fix_spitfire","Difference Score","MeanState","global","score","1","0.219805","100.0"
"EcosystemandCarbonCycle","GlobalNetEcosystemCarbonBalance","GCP","NMIP3prod_SH1_fix_spitfire","Trajectory Score","MeanState","global","score","1","0.679416","100.0"
"EcosystemandCarbonCycle","GlobalNetEcosystemCarbonBalance","GCP","NMIP3prod_SH1_fix_spitfire","Temporal Distribution Score","MeanState","global","score","1","0.739618","100.0"
"EcosystemandCarbonCycle","GlobalNetEcosystemCarbonBalance","GCP","NMIP3prod_SH1_fix_spitfire","Overall Score","MeanState","global","score","1","0.54628","100.0"
"EcosystemandCarbonCycle","GlobalNetEcosystemCarbonBalance","GCP","NMIP3prod_SH1_base","nbp(2016)","MeanState","nbp(2016)","scalar","Pg","15.2134","100.0"
"EcosystemandCarbonCycle","GlobalNetEcosystemCarbonBalance","GCP","NMIP3prod_SH1_base","diff(2016)","MeanState","diff(2016)","scalar","Pg","59.7786","100.0"
"EcosystemandCarbonCycle","GlobalNetEcosystemCarbonBalance","GCP","NMIP3prod_SH1_base","Difference Score","MeanState","global","score","1","0.204219","100.0"
"EcosystemandCarbonCycle","GlobalNetEcosystemCarbonBalance","GCP","NMIP3prod_SH1_base","Trajectory Score","MeanState","global","score","1","0.652773","100.0"
"EcosystemandCarbonCycle","GlobalNetEcosystemCarbonBalance","GCP","NMIP3prod_SH1_base","Temporal Distribution Score","MeanState","global","score","1","0.745159","100.0"
"EcosystemandCarbonCycle","GlobalNetEcosystemCarbonBalance","GCP","NMIP3prod_SH1_base","Overall Score","MeanState","global","score","1","0.53405","100.0"
"EcosystemandCarbonCycle","GlobalNetEcosystemCarbonBalance","GCP","NMIP3prod_SH1_fix_spitfire_permafrost","nbp(2016)","MeanState","nbp(2016)","scalar","Pg","-0.722401","100.0"
"EcosystemandCarbonCycle","GlobalNetEcosystemCarbonBalance","GCP","NMIP3prod_SH1_fix_spitfire_permafrost","diff(2016)","MeanState","diff(2016)","scalar","Pg","43.8428","100.0"
"EcosystemandCarbonCycle","GlobalNetEcosystemCarbonBalance","GCP","NMIP3prod_SH1_fix_spitfire_permafrost","Difference Score","MeanState","global","score","1","0.311897","100.0"
"EcosystemandCarbonCycle","GlobalNetEcosystemCarbonBalance","GCP","NMIP3prod_SH1_fix_spitfire_permafrost","Trajectory Score","MeanState","global","score","1","0.773344","100.0"
"EcosystemandCarbonCycle","GlobalNetEcosystemCarbonBalance","GCP","NMIP3prod_SH1_fix_spitfire_permafrost","Temporal Distribution Score","MeanState","global","score","1","0.730293","100.0"
"EcosystemandCarbonCycle","GlobalNetEcosystemCarbonBalance","GCP","NMIP3prod_SH1_fix_spitfire_permafrost","Overall Score","MeanState","global","score","1","0.605178","100.0"
"EcosystemandCarbonCycle","Biomass","ESACCI","NMIP3prod_SH1_fix_spitfire","Benchmark Period Mean (intersection)","MeanState","global","scalar","Pg","392.026","100.0"
"EcosystemandCarbonCycle","Biomass","ESACCI","NMIP3prod_SH1_fix_spitfire","Benchmark Period Mean (complement)","MeanState","global","scalar","Pg","7.12147","100.0"
"EcosystemandCarbonCycle","Biomass","ESACCI","NMIP3prod_SH1_fix_spitfire","Period Mean (original grids)","MeanState","global","scalar","Pg","486.854","100.0"
"EcosystemandCarbonCycle","Biomass","ESACCI","NMIP3prod_SH1_fix_spitfire","Model Period Mean (intersection)","MeanState","global","scalar","Pg","486.854","100.0"
"EcosystemandCarbonCycle","Biomass","ESACCI","NMIP3prod_SH1_fix_spitfire","Model Period Mean (complement)","MeanState","global","scalar","Pg","nan","100.0"
"EcosystemandCarbonCycle","Biomass","ESACCI","NMIP3prod_SH1_fix_spitfire","Spatial Distribution Score","MeanState","global","score","1","0.884233","100.0"
"EcosystemandCarbonCycle","Biomass","ESACCI","NMIP3prod_SH1_fix_spitfire","Bias","MeanState","global","scalar","kg m-2","0.726124","100.0"
"EcosystemandCarbonCycle","Biomass","ESACCI","NMIP3prod_SH1_fix_spitfire","Bias Score","MeanState","global","score","1","0.645678","100.0"
"EcosystemandCarbonCycle","Biomass","ESACCI","NMIP3prod_SH1_fix_spitfire","Overall Score","MeanState","global","score","1","0.764956","100.0"
"EcosystemandCarbonCycle","Biomass","ESACCI","NMIP3prod_SH1_base","Benchmark Period Mean (intersection)","MeanState","global","scalar","Pg","392.026","100.0"
"EcosystemandCarbonCycle","Biomass","ESACCI","NMIP3prod_SH1_base","Benchmark Period Mean (complement)","MeanState","global","scalar","Pg","7.12147","100.0"
"EcosystemandCarbonCycle","Biomass","ESACCI","NMIP3prod_SH1_base","Period Mean (original grids)","MeanState","global","scalar","Pg","495.66","100.0"
"EcosystemandCarbonCycle","Biomass","ESACCI","NMIP3prod_SH1_base","Model Period Mean (intersection)","MeanState","global","scalar","Pg","495.66","100.0"
"EcosystemandCarbonCycle","Biomass","ESACCI","NMIP3prod_SH1_base","Model Period Mean (complement)","MeanState","global","scalar","Pg","nan","100.0"
"EcosystemandCarbonCycle","Biomass","ESACCI","NMIP3prod_SH1_base","Spatial Distribution Score","MeanState","global","score","1","0.885228","100.0"
"EcosystemandCarbonCycle","Biomass","ESACCI","NMIP3prod_SH1_base","Bias","MeanState","global","scalar","kg m-2","0.791305","100.0"
"EcosystemandCarbonCycle","Biomass","ESACCI","NMIP3prod_SH1_base","Bias Score","MeanState","global","score","1","0.648207","100.0"
"EcosystemandCarbonCycle","Biomass","ESACCI","NMIP3prod_SH1_base","Overall Score","MeanState","global","score","1","0.766718","100.0"
"EcosystemandCarbonCycle","Biomass","ESACCI","NMIP3prod_SH1_fix_spitfire_permafrost","Benchmark Period Mean (intersection)","MeanState","global","scalar","Pg","392.026","100.0"
"EcosystemandCarbonCycle","Biomass","ESACCI","NMIP3prod_SH1_fix_spitfire_permafrost","Benchmark Period Mean (complement)","MeanState","global","scalar","Pg","7.12147","100.0"
"EcosystemandCarbonCycle","Biomass","ESACCI","NMIP3prod_SH1_fix_spitfire_permafrost","Period Mean (original grids)","MeanState","global","scalar","Pg","407.892","100.0"
"EcosystemandCarbonCycle","Biomass","ESACCI","NMIP3prod_SH1_fix_spitfire_permafrost","Model Period Mean (intersection)","MeanState","global","scalar","Pg","407.892","100.0"
"EcosystemandCarbonCycle","Biomass","ESACCI","NMIP3prod_SH1_fix_spitfire_permafrost","Model Period Mean (complement)","MeanState","global","scalar","Pg","nan","100.0"
"EcosystemandCarbonCycle","Biomass","ESACCI","NMIP3prod_SH1_fix_spitfire_permafrost","Spatial Distribution Score","MeanState","global","score","1","0.908501","100.0"
"EcosystemandCarbonCycle","Biomass","ESACCI","NMIP3prod_SH1_fix_spitfire_permafrost","Bias","MeanState","global","scalar","kg m-2","0.139942","100.0"
"EcosystemandCarbonCycle","Biomass","ESACCI","NMIP3prod_SH1_fix_spitfire_permafrost","Bias Score","MeanState","global","score","1","0.657439","100.0"
"EcosystemandCarbonCycle","Biomass","ESACCI","NMIP3prod_SH1_fix_spitfire_permafrost","Overall Score","MeanState","global","score","1","0.78297","100.0"
"EcosystemandCarbonCycle","Biomass","Thurner","NMIP3prod_SH1_fix_spitfire_permafrost","Benchmark Period Mean (intersection)","MeanState","global","scalar","Pg","164.017","100.0"
"EcosystemandCarbonCycle","Biomass","Thurner","NMIP3prod_SH1_fix_spitfire_permafrost","Benchmark Period Mean (complement)","MeanState","global","scalar","Pg","10.308","100.0"
"EcosystemandCarbonCycle","Biomass","Thurner","NMIP3prod_SH1_fix_spitfire_permafrost","Period Mean (original grids)","MeanState","global","scalar","Pg","400.441","100.0"
"EcosystemandCarbonCycle","Biomass","Thurner","NMIP3prod_SH1_fix_spitfire_permafrost","Model Period Mean (intersection)","MeanState","global","scalar","Pg","115.47","100.0"
"EcosystemandCarbonCycle","Biomass","Thurner","NMIP3prod_SH1_fix_spitfire_permafrost","Model Period Mean (complement)","MeanState","global","scalar","Pg","284.971","100.0"
"EcosystemandCarbonCycle","Biomass","Thurner","NMIP3prod_SH1_fix_spitfire_permafrost","Spatial Distribution Score","MeanState","global","score","1","0.878532","100.0"
"EcosystemandCarbonCycle","Biomass","Thurner","NMIP3prod_SH1_fix_spitfire_permafrost","Bias","MeanState","global","scalar","kg m-2","-1.07487","100.0"
"EcosystemandCarbonCycle","Biomass","Thurner","NMIP3prod_SH1_fix_spitfire_permafrost","Bias Score","MeanState","global","score","1","0.60494","100.0"
"EcosystemandCarbonCycle","Biomass","Thurner","NMIP3prod_SH1_fix_spitfire_permafrost","Overall Score","MeanState","global","score","1","0.741736","100.0"
"EcosystemandCarbonCycle","Biomass","Thurner","NMIP3prod_SH1_base","Benchmark Period Mean (intersection)","MeanState","global","scalar","Pg","164.017","100.0"
"EcosystemandCarbonCycle","Biomass","Thurner","NMIP3prod_SH1_base","Benchmark Period Mean (complement)","MeanState","global","scalar","Pg","10.308","100.0"
"EcosystemandCarbonCycle","Biomass","Thurner","NMIP3prod_SH1_base","Period Mean (original grids)","MeanState","global","scalar","Pg","488.083","100.0"
"EcosystemandCarbonCycle","Biomass","Thurner","NMIP3prod_SH1_base","Model Period Mean (intersection)","MeanState","global","scalar","Pg","187.419","100.0"
"EcosystemandCarbonCycle","Biomass","Thurner","NMIP3prod_SH1_base","Model Period Mean (complement)","MeanState","global","scalar","Pg","300.664","100.0"
"EcosystemandCarbonCycle","Biomass","Thurner","NMIP3prod_SH1_base","Spatial Distribution Score","MeanState","global","score","1","0.662718","100.0"
"EcosystemandCarbonCycle","Biomass","Thurner","NMIP3prod_SH1_base","Bias","MeanState","global","scalar","kg m-2","0.518151","100.0"
"EcosystemandCarbonCycle","Biomass","Thurner","NMIP3prod_SH1_base","Bias Score","MeanState","global","score","1","0.550109","100.0"
"EcosystemandCarbonCycle","Biomass","Thurner","NMIP3prod_SH1_base","Overall Score","MeanState","global","score","1","0.606413","100.0"
"EcosystemandCarbonCycle","Biomass","Thurner","NMIP3prod_SH1_fix_spitfire","Benchmark Period Mean (intersection)","MeanState","global","scalar","Pg","164.017","100.0"
"EcosystemandCarbonCycle","Biomass","Thurner","NMIP3prod_SH1_fix_spitfire","Benchmark Period Mean (complement)","MeanState","global","scalar","Pg","10.308","100.0"
"EcosystemandCarbonCycle","Biomass","Thurner","NMIP3prod_SH1_fix_spitfire","Period Mean (original grids)","MeanState","global","scalar","Pg","479.069","100.0"
"EcosystemandCarbonCycle","Biomass","Thurner","NMIP3prod_SH1_fix_spitfire","Model Period Mean (intersection)","MeanState","global","scalar","Pg","187.419","100.0"
"EcosystemandCarbonCycle","Biomass","Thurner","NMIP3prod_SH1_fix_spitfire","Model Period Mean (complement)","MeanState","global","scalar","Pg","291.65","100.0"
"EcosystemandCarbonCycle","Biomass","Thurner","NMIP3prod_SH1_fix_spitfire","Spatial Distribution Score","MeanState","global","score","1","0.662718","100.0"
"EcosystemandCarbonCycle","Biomass","Thurner","NMIP3prod_SH1_fix_spitfire","Bias","MeanState","global","scalar","kg m-2","0.518151","100.0"
"EcosystemandCarbonCycle","Biomass","Thurner","NMIP3prod_SH1_fix_spitfire","Bias Score","MeanState","global","score","1","0.550109","100.0"
"EcosystemandCarbonCycle","Biomass","Thurner","NMIP3prod_SH1_fix_spitfire","Overall Score","MeanState","global","score","1","0.606413","100.0"
"EcosystemandCarbonCycle","Biomass","Saatchi","NMIP3prod_SH1_fix_spitfire_permafrost","Benchmark Period Mean (intersection)","MeanState","global","scalar","Pg","344.349","100.0"
"EcosystemandCarbonCycle","Biomass","Saatchi","NMIP3prod_SH1_fix_spitfire_permafrost","Benchmark Period Mean (complement)","MeanState","global","scalar","Pg","4.57545","100.0"
"EcosystemandCarbonCycle","Biomass","Saatchi","NMIP3prod_SH1_fix_spitfire_permafrost","Period Mean (original grids)","MeanState","global","scalar","Pg","398.26","100.0"
"EcosystemandCarbonCycle","Biomass","Saatchi","NMIP3prod_SH1_fix_spitfire_permafrost","Model Period Mean (intersection)","MeanState","global","scalar","Pg","284.291","100.0"
"EcosystemandCarbonCycle","Biomass","Saatchi","NMIP3prod_SH1_fix_spitfire_permafrost","Model Period Mean (complement)","MeanState","global","scalar","Pg","113.969","100.0"
"EcosystemandCarbonCycle","Biomass","Saatchi","NMIP3prod_SH1_fix_spitfire_permafrost","Spatial Distribution Score","MeanState","global","score","1","0.878741","100.0"
"EcosystemandCarbonCycle","Biomass","Saatchi","NMIP3prod_SH1_fix_spitfire_permafrost","Bias","MeanState","global","scalar","kg m-2","-0.902843","100.0"
"EcosystemandCarbonCycle","Biomass","Saatchi","NMIP3prod_SH1_fix_spitfire_permafrost","Bias Score","MeanState","global","score","1","0.607864","100.0"
"EcosystemandCarbonCycle","Biomass","Saatchi","NMIP3prod_SH1_fix_spitfire_permafrost","Overall Score","MeanState","global","score","1","0.743303","100.0"
"EcosystemandCarbonCycle","Biomass","Saatchi","NMIP3prod_SH1_base","Benchmark Period Mean (intersection)","MeanState","global","scalar","Pg","344.349","100.0"
"EcosystemandCarbonCycle","Biomass","Saatchi","NMIP3prod_SH1_base","Benchmark Period Mean (complement)","MeanState","global","scalar","Pg","4.57545","100.0"
"EcosystemandCarbonCycle","Biomass","Saatchi","NMIP3prod_SH1_base","Period Mean (original grids)","MeanState","global","scalar","Pg","485.952","100.0"
"EcosystemandCarbonCycle","Biomass","Saatchi","NMIP3prod_SH1_base","Model Period Mean (intersection)","MeanState","global","scalar","Pg","299.283","100.0"
"EcosystemandCarbonCycle","Biomass","Saatchi","NMIP3prod_SH1_base","Model Period Mean (complement)","MeanState","global","scalar","Pg","186.669","100.0"
"EcosystemandCarbonCycle","Biomass","Saatchi","NMIP3prod_SH1_base","Spatial Distribution Score","MeanState","global","score","1","0.880348","100.0"
"EcosystemandCarbonCycle","Biomass","Saatchi","NMIP3prod_SH1_base","Bias","MeanState","global","scalar","kg m-2","-0.677469","100.0"
"EcosystemandCarbonCycle","Biomass","Saatchi","NMIP3prod_SH1_base","Bias Score","MeanState","global","score","1","0.616702","100.0"
"EcosystemandCarbonCycle","Biomass","Saatchi","NMIP3prod_SH1_base","Overall Score","MeanState","global","score","1","0.748525","100.0"
"EcosystemandCarbonCycle","Biomass","Saatchi","NMIP3prod_SH1_fix_spitfire","Benchmark Period Mean (intersection)","MeanState","global","scalar","Pg","344.349","100.0"
"EcosystemandCarbonCycle","Biomass","Saatchi","NMIP3prod_SH1_fix_spitfire","Benchmark Period Mean (complement)","MeanState","global","scalar","Pg","4.57545","100.0"
"EcosystemandCarbonCycle","Biomass","Saatchi","NMIP3prod_SH1_fix_spitfire","Period Mean (original grids)","MeanState","global","scalar","Pg","476.841","100.0"
"EcosystemandCarbonCycle","Biomass","Saatchi","NMIP3prod_SH1_fix_spitfire","Model Period Mean (intersection)","MeanState","global","scalar","Pg","290.441","100.0"
"EcosystemandCarbonCycle","Biomass","Saatchi","NMIP3prod_SH1_fix_spitfire","Model Period Mean (complement)","MeanState","global","scalar","Pg","186.4","100.0"
"EcosystemandCarbonCycle","Biomass","Saatchi","NMIP3prod_SH1_fix_spitfire","Spatial Distribution Score","MeanState","global","score","1","0.878966","100.0"
"EcosystemandCarbonCycle","Biomass","Saatchi","NMIP3prod_SH1_fix_spitfire","Bias","MeanState","global","scalar","kg m-2","-0.810402","100.0"
"EcosystemandCarbonCycle","Biomass","Saatchi","NMIP3prod_SH1_fix_spitfire","Bias Score","MeanState","global","score","1","0.611447","100.0"
"EcosystemandCarbonCycle","Biomass","Saatchi","NMIP3prod_SH1_fix_spitfire","Overall Score","MeanState","global","score","1","0.745207","100.0"
"EcosystemandCarbonCycle","Biomass","XuSaatchi","NMIP3prod_SH1_fix_spitfire_permafrost","Benchmark Period Mean (intersection)","MeanState","global","scalar","Pg","474.84","100.0"
"EcosystemandCarbonCycle","Biomass","XuSaatchi","NMIP3prod_SH1_fix_spitfire_permafrost","Benchmark Period Mean (complement)","MeanState","global","scalar","Pg","6.85758","100.0"
"EcosystemandCarbonCycle","Biomass","XuSaatchi","NMIP3prod_SH1_fix_spitfire_permafrost","Period Mean (original grids)","MeanState","global","scalar","Pg","407.087","100.0"
"EcosystemandCarbonCycle","Biomass","XuSaatchi","NMIP3prod_SH1_fix_spitfire_permafrost","Model Period Mean (intersection)","MeanState","global","scalar","Pg","407.085","100.0"
"EcosystemandCarbonCycle","Biomass","XuSaatchi","NMIP3prod_SH1_fix_spitfire_permafrost","Model Period Mean (complement)","MeanState","global","scalar","Pg","0.00183826","100.0"
"EcosystemandCarbonCycle","Biomass","XuSaatchi","NMIP3prod_SH1_fix_spitfire_permafrost","Spatial Distribution Score","MeanState","global","score","1","0.907295","100.0"
"EcosystemandCarbonCycle","Biomass","XuSaatchi","NMIP3prod_SH1_fix_spitfire_permafrost","Bias","MeanState","global","scalar","kg m-2","-0.469732","100.0"
"EcosystemandCarbonCycle","Biomass","XuSaatchi","NMIP3prod_SH1_fix_spitfire_permafrost","Bias Score","MeanState","global","score","1","0.0330664","100.0"
"EcosystemandCarbonCycle","Biomass","XuSaatchi","NMIP3prod_SH1_fix_spitfire_permafrost","Overall Score","MeanState","global","score","1","0.470181","100.0"
"EcosystemandCarbonCycle","Biomass","XuSaatchi","NMIP3prod_SH1_fix_spitfire","Benchmark Period Mean (intersection)","MeanState","global","scalar","Pg","474.84","100.0"
"EcosystemandCarbonCycle","Biomass","XuSaatchi","NMIP3prod_SH1_fix_spitfire","Benchmark Period Mean (complement)","MeanState","global","scalar","Pg","6.85758","100.0"
"EcosystemandCarbonCycle","Biomass","XuSaatchi","NMIP3prod_SH1_fix_spitfire","Period Mean (original grids)","MeanState","global","scalar","Pg","486.002","100.0"
"EcosystemandCarbonCycle","Biomass","XuSaatchi","NMIP3prod_SH1_fix_spitfire","Model Period Mean (intersection)","MeanState","global","scalar","Pg","486.001","100.0"
"EcosystemandCarbonCycle","Biomass","XuSaatchi","NMIP3prod_SH1_fix_spitfire","Model Period Mean (complement)","MeanState","global","scalar","Pg","0.00129282","100.0"
"EcosystemandCarbonCycle","Biomass","XuSaatchi","NMIP3prod_SH1_fix_spitfire","Spatial Distribution Score","MeanState","global","score","1","0.894078","100.0"
"EcosystemandCarbonCycle","Biomass","XuSaatchi","NMIP3prod_SH1_fix_spitfire","Bias","MeanState","global","scalar","kg m-2","0.116906","100.0"
"EcosystemandCarbonCycle","Biomass","XuSaatchi","NMIP3prod_SH1_fix_spitfire","Bias Score","MeanState","global","score","1","0.0369252","100.0"
"EcosystemandCarbonCycle","Biomass","XuSaatchi","NMIP3prod_SH1_fix_spitfire","Overall Score","MeanState","global","score","1","0.465502","100.0"
"EcosystemandCarbonCycle","Biomass","XuSaatchi","NMIP3prod_SH1_base","Benchmark Period Mean (intersection)","MeanState","global","scalar","Pg","474.84","100.0"
"EcosystemandCarbonCycle","Biomass","XuSaatchi","NMIP3prod_SH1_base","Benchmark Period Mean (complement)","MeanState","global","scalar","Pg","6.85758","100.0"
"EcosystemandCarbonCycle","Biomass","XuSaatchi","NMIP3prod_SH1_base","Period Mean (original grids)","MeanState","global","scalar","Pg","494.964","100.0"
"EcosystemandCarbonCycle","Biomass","XuSaatchi","NMIP3prod_SH1_base","Model Period Mean (intersection)","MeanState","global","scalar","Pg","494.962","100.0"
"EcosystemandCarbonCycle","Biomass","XuSaatchi","NMIP3prod_SH1_base","Model Period Mean (complement)","MeanState","global","scalar","Pg","0.00129298","100.0"
"EcosystemandCarbonCycle","Biomass","XuSaatchi","NMIP3prod_SH1_base","Spatial Distribution Score","MeanState","global","score","1","0.89569","100.0"
"EcosystemandCarbonCycle","Biomass","XuSaatchi","NMIP3prod_SH1_base","Bias","MeanState","global","scalar","kg m-2","0.182966","100.0"
"EcosystemandCarbonCycle","Biomass","XuSaatchi","NMIP3prod_SH1_base","Bias Score","MeanState","global","score","1","0.0379279","100.0"
"EcosystemandCarbonCycle","Biomass","XuSaatchi","NMIP3prod_SH1_base","Overall Score","MeanState","global","score","1","0.466809","100.0"
"EcosystemandCarbonCycle","EcosystemRespiration","FLUXCOM","NMIP3prod_SH1_fix_spitfire_permafrost","Benchmark Period Mean (intersection)","MeanState","global","scalar","Pg yr-1","95.6684","16.0"
"EcosystemandCarbonCycle","EcosystemRespiration","FLUXCOM","NMIP3prod_SH1_fix_spitfire_permafrost","Benchmark Period Mean (complement)","MeanState","global","scalar","Pg yr-1","nan","16.0"
"EcosystemandCarbonCycle","EcosystemRespiration","FLUXCOM","NMIP3prod_SH1_fix_spitfire_permafrost","Period Mean (original grids)","MeanState","global","scalar","Pg yr-1","110.99","16.0"
"EcosystemandCarbonCycle","EcosystemRespiration","FLUXCOM","NMIP3prod_SH1_fix_spitfire_permafrost","Model Period Mean (intersection)","MeanState","global","scalar","Pg yr-1","110.759","16.0"
"EcosystemandCarbonCycle","EcosystemRespiration","FLUXCOM","NMIP3prod_SH1_fix_spitfire_permafrost","Model Period Mean (complement)","MeanState","global","scalar","Pg yr-1","0.23008","16.0"
"EcosystemandCarbonCycle","EcosystemRespiration","FLUXCOM","NMIP3prod_SH1_fix_spitfire_permafrost","Spatial Distribution Score","MeanState","global","score","1","0.950778","16.0"
"EcosystemandCarbonCycle","EcosystemRespiration","FLUXCOM","NMIP3prod_SH1_fix_spitfire_permafrost","Phase Shift","MeanState","global","scalar","months","1.10349","16.0"
"EcosystemandCarbonCycle","EcosystemRespiration","FLUXCOM","NMIP3prod_SH1_fix_spitfire_permafrost","Seasonal Cycle Score","MeanState","global","score","1","0.779879","16.0"
"EcosystemandCarbonCycle","EcosystemRespiration","FLUXCOM","NMIP3prod_SH1_fix_spitfire_permafrost","Bias","MeanState","global","scalar","g m-2 d-1","0.347045","16.0"
"EcosystemandCarbonCycle","EcosystemRespiration","FLUXCOM","NMIP3prod_SH1_fix_spitfire_permafrost","Bias Score","MeanState","global","score","1","0.481497","16.0"
"EcosystemandCarbonCycle","EcosystemRespiration","FLUXCOM","NMIP3prod_SH1_fix_spitfire_permafrost","RMSE","MeanState","global","scalar","g m-2 d-1","1.02074","16.0"
"EcosystemandCarbonCycle","EcosystemRespiration","FLUXCOM","NMIP3prod_SH1_fix_spitfire_permafrost","RMSE Score","MeanState","global","score","1","0.463603","16.0"
"EcosystemandCarbonCycle","EcosystemRespiration","FLUXCOM","NMIP3prod_SH1_fix_spitfire_permafrost","Overall Score","MeanState","global","score","1","0.627872","16.0"
"EcosystemandCarbonCycle","EcosystemRespiration","FLUXCOM","NMIP3prod_SH1_fix_spitfire","Benchmark Period Mean (intersection)","MeanState","global","scalar","Pg yr-1","95.6684","16.0"
"EcosystemandCarbonCycle","EcosystemRespiration","FLUXCOM","NMIP3prod_SH1_fix_spitfire","Benchmark Period Mean (complement)","MeanState","global","scalar","Pg yr-1","nan","16.0"
"EcosystemandCarbonCycle","EcosystemRespiration","FLUXCOM","NMIP3prod_SH1_fix_spitfire","Period Mean (original grids)","MeanState","global","scalar","Pg yr-1","115.64","16.0"
"EcosystemandCarbonCycle","EcosystemRespiration","FLUXCOM","NMIP3prod_SH1_fix_spitfire","Model Period Mean (intersection)","MeanState","global","scalar","Pg yr-1","115.365","16.0"
"EcosystemandCarbonCycle","EcosystemRespiration","FLUXCOM","NMIP3prod_SH1_fix_spitfire","Model Period Mean (complement)","MeanState","global","scalar","Pg yr-1","0.27472","16.0"
"EcosystemandCarbonCycle","EcosystemRespiration","FLUXCOM","NMIP3prod_SH1_fix_spitfire","Spatial Distribution Score","MeanState","global","score","1","0.955423","16.0"
"EcosystemandCarbonCycle","EcosystemRespiration","FLUXCOM","NMIP3prod_SH1_fix_spitfire","Phase Shift","MeanState","global","scalar","months","1.05782","16.0"
"EcosystemandCarbonCycle","EcosystemRespiration","FLUXCOM","NMIP3prod_SH1_fix_spitfire","Seasonal Cycle Score","MeanState","global","score","1","0.779664","16.0"
"EcosystemandCarbonCycle","EcosystemRespiration","FLUXCOM","NMIP3prod_SH1_fix_spitfire","Bias","MeanState","global","scalar","g m-2 d-1","0.452964","16.0"
"EcosystemandCarbonCycle","EcosystemRespiration","FLUXCOM","NMIP3prod_SH1_fix_spitfire","Bias Score","MeanState","global","score","1","0.463047","16.0"
"EcosystemandCarbonCycle","EcosystemRespiration","FLUXCOM","NMIP3prod_SH1_fix_spitfire","RMSE","MeanState","global","scalar","g m-2 d-1","1.17009","16.0"
"EcosystemandCarbonCycle","EcosystemRespiration","FLUXCOM","NMIP3prod_SH1_fix_spitfire","RMSE Score","MeanState","global","score","1","0.450028","16.0"
"EcosystemandCarbonCycle","EcosystemRespiration","FLUXCOM","NMIP3prod_SH1_fix_spitfire","Overall Score","MeanState","global","score","1","0.619638","16.0"
"EcosystemandCarbonCycle","EcosystemRespiration","FLUXCOM","NMIP3prod_SH1_base","Benchmark Period Mean (intersection)","MeanState","global","scalar","Pg yr-1","95.6684","16.0"
"EcosystemandCarbonCycle","EcosystemRespiration","FLUXCOM","NMIP3prod_SH1_base","Benchmark Period Mean (complement)","MeanState","global","scalar","Pg yr-1","nan","16.0"
"EcosystemandCarbonCycle","EcosystemRespiration","FLUXCOM","NMIP3prod_SH1_base","Period Mean (original grids)","MeanState","global","scalar","Pg yr-1","115.812","16.0"
"EcosystemandCarbonCycle","EcosystemRespiration","FLUXCOM","NMIP3prod_SH1_base","Model Period Mean (intersection)","MeanState","global","scalar","Pg yr-1","115.538","16.0"
"EcosystemandCarbonCycle","EcosystemRespiration","FLUXCOM","NMIP3prod_SH1_base","Model Period Mean (complement)","MeanState","global","scalar","Pg yr-1","0.274782","16.0"
"EcosystemandCarbonCycle","EcosystemRespiration","FLUXCOM","NMIP3prod_SH1_base","Spatial Distribution Score","MeanState","global","score","1","0.954603","16.0"
"EcosystemandCarbonCycle","EcosystemRespiration","FLUXCOM","NMIP3prod_SH1_base","Phase Shift","MeanState","global","scalar","months","1.05884","16.0"
"EcosystemandCarbonCycle","EcosystemRespiration","FLUXCOM","NMIP3prod_SH1_base","Seasonal Cycle Score","MeanState","global","score","1","0.779336","16.0"
"EcosystemandCarbonCycle","EcosystemRespiration","FLUXCOM","NMIP3prod_SH1_base","Bias","MeanState","global","scalar","g m-2 d-1","0.456927","16.0"
"EcosystemandCarbonCycle","EcosystemRespiration","FLUXCOM","NMIP3prod_SH1_base","Bias Score","MeanState","global","score","1","0.461807","16.0"
"EcosystemandCarbonCycle","EcosystemRespiration","FLUXCOM","NMIP3prod_SH1_base","RMSE","MeanState","global","scalar","g m-2 d-1","1.17384","16.0"
"EcosystemandCarbonCycle","EcosystemRespiration","FLUXCOM","NMIP3prod_SH1_base","RMSE Score","MeanState","global","score","1","0.44945","16.0"
"EcosystemandCarbonCycle","EcosystemRespiration","FLUXCOM","NMIP3prod_SH1_base","Overall Score","MeanState","global","score","1","0.618929","16.0"
"EcosystemandCarbonCycle","EcosystemRespiration","FLUXNET2015","NMIP3prod_SH1_fix_spitfire","Period Mean (original grids)","MeanState","global","scalar","g m-2 d-1","2.55442","24.0"
"EcosystemandCarbonCycle","EcosystemRespiration","FLUXNET2015","NMIP3prod_SH1_fix_spitfire","Bias","MeanState","global","scalar","g m-2 d-1","-0.13959","24.0"
"EcosystemandCarbonCycle","EcosystemRespiration","FLUXNET2015","NMIP3prod_SH1_fix_spitfire","Bias Score","MeanState","global","score","1","0.570944","24.0"
"EcosystemandCarbonCycle","EcosystemRespiration","FLUXNET2015","NMIP3prod_SH1_fix_spitfire","Phase Shift","MeanState","global","scalar","months","0.961716","24.0"
"EcosystemandCarbonCycle","EcosystemRespiration","FLUXNET2015","NMIP3prod_SH1_fix_spitfire","Seasonal Cycle Score","MeanState","global","score","1","0.858625","24.0"
"EcosystemandCarbonCycle","EcosystemRespiration","FLUXNET2015","NMIP3prod_SH1_fix_spitfire","RMSE","MeanState","global","scalar","g m-2 d-1","1.69299","24.0"
"EcosystemandCarbonCycle","EcosystemRespiration","FLUXNET2015","NMIP3prod_SH1_fix_spitfire","RMSE Score","MeanState","global","score","1","0.460787","24.0"
"EcosystemandCarbonCycle","EcosystemRespiration","FLUXNET2015","NMIP3prod_SH1_fix_spitfire","Overall Score","MeanState","global","score","1","0.587786","24.0"
"EcosystemandCarbonCycle","EcosystemRespiration","FLUXNET2015","NMIP3prod_SH1_fix_spitfire_permafrost","Period Mean (original grids)","MeanState","global","scalar","g m-2 d-1","2.45829","24.0"
"EcosystemandCarbonCycle","EcosystemRespiration","FLUXNET2015","NMIP3prod_SH1_fix_spitfire_permafrost","Bias","MeanState","global","scalar","g m-2 d-1","-0.235715","24.0"
"EcosystemandCarbonCycle","EcosystemRespiration","FLUXNET2015","NMIP3prod_SH1_fix_spitfire_permafrost","Bias Score","MeanState","global","score","1","0.57536","24.0"
"EcosystemandCarbonCycle","EcosystemRespiration","FLUXNET2015","NMIP3prod_SH1_fix_spitfire_permafrost","Phase Shift","MeanState","global","scalar","months","0.992409","24.0"
"EcosystemandCarbonCycle","EcosystemRespiration","FLUXNET2015","NMIP3prod_SH1_fix_spitfire_permafrost","Seasonal Cycle Score","MeanState","global","score","1","0.856465","24.0"
"EcosystemandCarbonCycle","EcosystemRespiration","FLUXNET2015","NMIP3prod_SH1_fix_spitfire_permafrost","RMSE","MeanState","global","scalar","g m-2 d-1","1.59376","24.0"
"EcosystemandCarbonCycle","EcosystemRespiration","FLUXNET2015","NMIP3prod_SH1_fix_spitfire_permafrost","RMSE Score","MeanState","global","score","1","0.471878","24.0"
"EcosystemandCarbonCycle","EcosystemRespiration","FLUXNET2015","NMIP3prod_SH1_fix_spitfire_permafrost","Overall Score","MeanState","global","score","1","0.593895","24.0"
"EcosystemandCarbonCycle","EcosystemRespiration","FLUXNET2015","NMIP3prod_SH1_base","Period Mean (original grids)","MeanState","global","scalar","g m-2 d-1","2.55732","24.0"
"EcosystemandCarbonCycle","EcosystemRespiration","FLUXNET2015","NMIP3prod_SH1_base","Bias","MeanState","global","scalar","g m-2 d-1","-0.136692","24.0"
"EcosystemandCarbonCycle","EcosystemRespiration","FLUXNET2015","NMIP3prod_SH1_base","Bias Score","MeanState","global","score","1","0.572702","24.0"
"EcosystemandCarbonCycle","EcosystemRespiration","FLUXNET2015","NMIP3prod_SH1_base","Phase Shift","MeanState","global","scalar","months","0.961716","24.0"
"EcosystemandCarbonCycle","EcosystemRespiration","FLUXNET2015","NMIP3prod_SH1_base","Seasonal Cycle Score","MeanState","global","score","1","0.858625","24.0"
"EcosystemandCarbonCycle","EcosystemRespiration","FLUXNET2015","NMIP3prod_SH1_base","RMSE","MeanState","global","scalar","g m-2 d-1","1.69377","24.0"
"EcosystemandCarbonCycle","EcosystemRespiration","FLUXNET2015","NMIP3prod_SH1_base","RMSE Score","MeanState","global","score","1","0.460421","24.0"
"EcosystemandCarbonCycle","EcosystemRespiration","FLUXNET2015","NMIP3prod_SH1_base","Overall Score","MeanState","global","score","1","0.588042","24.0"
"EcosystemandCarbonCycle","CarbonDioxide","NOAA.Emulated","NMIP3prod_SH1_base","Amplitude Score","MeanState","global","score","1","0.565822","5.0"
"EcosystemandCarbonCycle","CarbonDioxide","NOAA.Emulated","NMIP3prod_SH1_base","Interannual Variability Score","MeanState","global","score","1","0.770362","5.0"
"EcosystemandCarbonCycle","CarbonDioxide","NOAA.Emulated","NMIP3prod_SH1_base","Max Phase Score","MeanState","global","score","1","0.436394","5.0"
"EcosystemandCarbonCycle","CarbonDioxide","NOAA.Emulated","NMIP3prod_SH1_base","Min Phase Score","MeanState","global","score","1","0.649546","5.0"
"EcosystemandCarbonCycle","CarbonDioxide","NOAA.Emulated","NMIP3prod_SH1_base","Overall Score","MeanState","global","score","1","0.605531","5.0"
"EcosystemandCarbonCycle","CarbonDioxide","NOAA.Emulated","NMIP3prod_SH1_fix_spitfire","Amplitude Score","MeanState","global","score","1","0.565594","5.0"
"EcosystemandCarbonCycle","CarbonDioxide","NOAA.Emulated","NMIP3prod_SH1_fix_spitfire","Interannual Variability Score","MeanState","global","score","1","0.771977","5.0"
"EcosystemandCarbonCycle","CarbonDioxide","NOAA.Emulated","NMIP3prod_SH1_fix_spitfire","Max Phase Score","MeanState","global","score","1","0.436019","5.0"
"EcosystemandCarbonCycle","CarbonDioxide","NOAA.Emulated","NMIP3prod_SH1_fix_spitfire","Min Phase Score","MeanState","global","score","1","0.649604","5.0"
"EcosystemandCarbonCycle","CarbonDioxide","NOAA.Emulated","NMIP3prod_SH1_fix_spitfire","Overall Score","MeanState","global","score","1","0.605799","5.0"
"EcosystemandCarbonCycle","CarbonDioxide","NOAA.Emulated","NMIP3prod_SH1_fix_spitfire_permafrost","Amplitude Score","MeanState","global","score","1","0.571163","5.0"
"EcosystemandCarbonCycle","CarbonDioxide","NOAA.Emulated","NMIP3prod_SH1_fix_spitfire_permafrost","Interannual Variability Score","MeanState","global","score","1","0.756923","5.0"
"EcosystemandCarbonCycle","CarbonDioxide","NOAA.Emulated","NMIP3prod_SH1_fix_spitfire_permafrost","Max Phase Score","MeanState","global","score","1","0.521613","5.0"
"EcosystemandCarbonCycle","CarbonDioxide","NOAA.Emulated","NMIP3prod_SH1_fix_spitfire_permafrost","Min Phase Score","MeanState","global","score","1","0.776651","5.0"
"EcosystemandCarbonCycle","CarbonDioxide","NOAA.Emulated","NMIP3prod_SH1_fix_spitfire_permafrost","Overall Score","MeanState","global","score","1","0.656587","5.0"
"Forcings","SurfaceAirTemperature","CRU4.02","NMIP3prod_SH1_fix_spitfire_permafrost","Benchmark Period Mean (intersection)","MeanState","global","scalar","K","286.808","50.0"
"Forcings","SurfaceAirTemperature","CRU4.02","NMIP3prod_SH1_fix_spitfire_permafrost","Benchmark Period Mean (complement)","MeanState","global","scalar","K","nan","50.0"
"Forcings","SurfaceAirTemperature","CRU4.02","NMIP3prod_SH1_fix_spitfire_permafrost","Period Mean (original grids)","MeanState","global","scalar","K","286.837","50.0"
"Forcings","SurfaceAirTemperature","CRU4.02","NMIP3prod_SH1_fix_spitfire_permafrost","Model Period Mean (intersection)","MeanState","global","scalar","K","286.837","50.0"
"Forcings","SurfaceAirTemperature","CRU4.02","NMIP3prod_SH1_fix_spitfire_permafrost","Model Period Mean (complement)","MeanState","global","scalar","K","nan","50.0"
"Forcings","SurfaceAirTemperature","CRU4.02","NMIP3prod_SH1_fix_spitfire_permafrost","Spatial Distribution Score","MeanState","global","score","1","0.999816","50.0"
"Forcings","SurfaceAirTemperature","CRU4.02","NMIP3prod_SH1_fix_spitfire_permafrost","Phase Shift","MeanState","global","scalar","months","0.157085","50.0"
"Forcings","SurfaceAirTemperature","CRU4.02","NMIP3prod_SH1_fix_spitfire_permafrost","Seasonal Cycle Score","MeanState","global","score","1","0.982006","50.0"
"Forcings","SurfaceAirTemperature","CRU4.02","NMIP3prod_SH1_fix_spitfire_permafrost","Bias","MeanState","global","scalar","K","0.0290553","50.0"
"Forcings","SurfaceAirTemperature","CRU4.02","NMIP3prod_SH1_fix_spitfire_permafrost","Bias Score","MeanState","global","score","1","0.881767","50.0"
"Forcings","SurfaceAirTemperature","CRU4.02","NMIP3prod_SH1_fix_spitfire_permafrost","RMSE","MeanState","global","scalar","K","0.611838","50.0"
"Forcings","SurfaceAirTemperature","CRU4.02","NMIP3prod_SH1_fix_spitfire_permafrost","RMSE Score","MeanState","global","score","1","0.931673","50.0"
"Forcings","SurfaceAirTemperature","CRU4.02","NMIP3prod_SH1_fix_spitfire_permafrost","Overall Score","MeanState","global","score","1","0.945387","50.0"
"Forcings","SurfaceAirTemperature","CRU4.02","NMIP3prod_SH1_base","Benchmark Period Mean (intersection)","MeanState","global","scalar","K","286.808","50.0"
"Forcings","SurfaceAirTemperature","CRU4.02","NMIP3prod_SH1_base","Benchmark Period Mean (complement)","MeanState","global","scalar","K","nan","50.0"
"Forcings","SurfaceAirTemperature","CRU4.02","NMIP3prod_SH1_base","Period Mean (original grids)","MeanState","global","scalar","K","286.837","50.0"
"Forcings","SurfaceAirTemperature","CRU4.02","NMIP3prod_SH1_base","Model Period Mean (intersection)","MeanState","global","scalar","K","286.837","50.0"
"Forcings","SurfaceAirTemperature","CRU4.02","NMIP3prod_SH1_base","Model Period Mean (complement)","MeanState","global","scalar","K","nan","50.0"
"Forcings","SurfaceAirTemperature","CRU4.02","NMIP3prod_SH1_base","Spatial Distribution Score","MeanState","global","score","1","0.999816","50.0"
"Forcings","SurfaceAirTemperature","CRU4.02","NMIP3prod_SH1_base","Phase Shift","MeanState","global","scalar","months","0.157085","50.0"
"Forcings","SurfaceAirTemperature","CRU4.02","NMIP3prod_SH1_base","Seasonal Cycle Score","MeanState","global","score","1","0.982006","50.0"
"Forcings","SurfaceAirTemperature","CRU4.02","NMIP3prod_SH1_base","Bias","MeanState","global","scalar","K","0.0290553","50.0"
"Forcings","SurfaceAirTemperature","CRU4.02","NMIP3prod_SH1_base","Bias Score","MeanState","global","score","1","0.881767","50.0"
"Forcings","SurfaceAirTemperature","CRU4.02","NMIP3prod_SH1_base","RMSE","MeanState","global","scalar","K","0.611838","50.0"
"Forcings","SurfaceAirTemperature","CRU4.02","NMIP3prod_SH1_base","RMSE Score","MeanState","global","score","1","0.931673","50.0"
"Forcings","SurfaceAirTemperature","CRU4.02","NMIP3prod_SH1_base","Overall Score","MeanState","global","score","1","0.945387","50.0"
"Forcings","SurfaceAirTemperature","CRU4.02","NMIP3prod_SH1_fix_spitfire","Benchmark Period Mean (intersection)","MeanState","global","scalar","K","286.808","50.0"
"Forcings","SurfaceAirTemperature","CRU4.02","NMIP3prod_SH1_fix_spitfire","Benchmark Period Mean (complement)","MeanState","global","scalar","K","nan","50.0"
"Forcings","SurfaceAirTemperature","CRU4.02","NMIP3prod_SH1_fix_spitfire","Period Mean (original grids)","MeanState","global","scalar","K","286.837","50.0"
"Forcings","SurfaceAirTemperature","CRU4.02","NMIP3prod_SH1_fix_spitfire","Model Period Mean (intersection)","MeanState","global","scalar","K","286.837","50.0"
"Forcings","SurfaceAirTemperature","CRU4.02","NMIP3prod_SH1_fix_spitfire","Model Period Mean (complement)","MeanState","global","scalar","K","nan","50.0"
"Forcings","SurfaceAirTemperature","CRU4.02","NMIP3prod_SH1_fix_spitfire","Spatial Distribution Score","MeanState","global","score","1","0.999816","50.0"
"Forcings","SurfaceAirTemperature","CRU4.02","NMIP3prod_SH1_fix_spitfire","Phase Shift","MeanState","global","scalar","months","0.157085","50.0"
"Forcings","SurfaceAirTemperature","CRU4.02","NMIP3prod_SH1_fix_spitfire","Seasonal Cycle Score","MeanState","global","score","1","0.982006","50.0"
"Forcings","SurfaceAirTemperature","CRU4.02","NMIP3prod_SH1_fix_spitfire","Bias","MeanState","global","scalar","K","0.0290553","50.0"
"Forcings","SurfaceAirTemperature","CRU4.02","NMIP3prod_SH1_fix_spitfire","Bias Score","MeanState","global","score","1","0.881767","50.0"
"Forcings","SurfaceAirTemperature","CRU4.02","NMIP3prod_SH1_fix_spitfire","RMSE","MeanState","global","scalar","K","0.611838","50.0"
"Forcings","SurfaceAirTemperature","CRU4.02","NMIP3prod_SH1_fix_spitfire","RMSE Score","MeanState","global","score","1","0.931673","50.0"
"Forcings","SurfaceAirTemperature","CRU4.02","NMIP3prod_SH1_fix_spitfire","Overall Score","MeanState","global","score","1","0.945387","50.0"