"Section","Variable","Source","Model","ScalarName","AnalysisType","Region","ScalarType","Units","Data","Weight"
"EcosystemandCarbonCycle","SoilCarbonExtended","Koven","TRENDYv15_CRUTS410_S3","Q10(-10","MeanState","[C])","scalar","1","1.69575","75.0"
"EcosystemandCarbonCycle","SoilCarbonExtended","Koven","TRENDYv15_CRUTS410_S3","Q10(+10","MeanState","[C])","scalar","1","2.03722","75.0"
"EcosystemandCarbonCycle","SoilCarbonExtended","Koven","TRENDYv15_CRUTS410_S3","Q10(+25","MeanState","[C])","scalar","1","2.33773","75.0"
"EcosystemandCarbonCycle","SoilCarbonExtended","Koven","TRENDYv15_CRUTS410_S3","RMSE Score","MeanState","global","score","1","0.873688","75.0"
"EcosystemandCarbonCycle","SoilCarbonExtended","Koven","TRENDYv15_CRUTS410_S3","Distribution Score","MeanState","global","score","1","0.561653","75.0"
"EcosystemandCarbonCycle","SoilCarbonExtended","Koven","TRENDYv15_CRUTS410_S3","Overall Score","MeanState","global","score","1","0.769677","75.0"
"EcosystemandCarbonCycle","EcosystemRespiration","FLUXNET2015","NMIP3prod_SH1","Period Mean (original grids)","MeanState","global","scalar","g m-2 d-1","2.67383","24.0"
"EcosystemandCarbonCycle","EcosystemRespiration","FLUXNET2015","NMIP3prod_SH1","Bias","MeanState","global","scalar","g m-2 d-1","-0.0201766","24.0"
"EcosystemandCarbonCycle","EcosystemRespiration","FLUXNET2015","NMIP3prod_SH1","Bias Score","MeanState","global","score","1","0.568069","24.0"
"EcosystemandCarbonCycle","EcosystemRespiration","FLUXNET2015","NMIP3prod_SH1","Phase Shift","MeanState","global","scalar","months","0.988201","24.0"
"EcosystemandCarbonCycle","EcosystemRespiration","FLUXNET2015","NMIP3prod_SH1","Seasonal Cycle Score","MeanState","global","score","1","0.852942","24.0"
"EcosystemandCarbonCycle","EcosystemRespiration","FLUXNET2015","NMIP3prod_SH1","RMSE","MeanState","global","scalar","g m-2 d-1","1.72064","24.0"
"EcosystemandCarbonCycle","EcosystemRespiration","FLUXNET2015","NMIP3prod_SH1","RMSE Score","MeanState","global","score","1","0.453871","24.0"
"EcosystemandCarbonCycle","EcosystemRespiration","FLUXNET2015","NMIP3prod_SH1","Overall Score","MeanState","global","score","1","0.582188","24.0"
"EcosystemandCarbonCycle","EcosystemRespiration","FLUXNET2015","TRENDYv15_CRUTS410_S3","Period Mean (original grids)","MeanState","global","scalar","g m-2 d-1","3.49442","24.0"
"EcosystemandCarbonCycle","EcosystemRespiration","FLUXNET2015","TRENDYv15_CRUTS410_S3","Bias","MeanState","global","scalar","g m-2 d-1","0.800411","24.0"
"EcosystemandCarbonCycle","EcosystemRespiration","FLUXNET2015","TRENDYv15_CRUTS410_S3","Bias Score","MeanState","global","score","1","0.502325","24.0"
"EcosystemandCarbonCycle","EcosystemRespiration","FLUXNET2015","TRENDYv15_CRUTS410_S3","Phase Shift","MeanState","global","scalar","months","0.968729","24.0"
"EcosystemandCarbonCycle","EcosystemRespiration","FLUXNET2015","TRENDYv15_CRUTS410_S3","Seasonal Cycle Score","MeanState","global","score","1","0.876736","24.0"
"EcosystemandCarbonCycle","EcosystemRespiration","FLUXNET2015","TRENDYv15_CRUTS410_S3","RMSE","MeanState","global","scalar","g m-2 d-1","2.17175","24.0"
"EcosystemandCarbonCycle","EcosystemRespiration","FLUXNET2015","TRENDYv15_CRUTS410_S3","RMSE Score","MeanState","global","score","1","0.419824","24.0"
"EcosystemandCarbonCycle","EcosystemRespiration","FLUXNET2015","TRENDYv15_CRUTS410_S3","Overall Score","MeanState","global","score","1","0.554677","24.0"
"EcosystemandCarbonCycle","EcosystemRespiration","FLUXNET2015","upperbnf","Period Mean (original grids)","MeanState","global","scalar","g m-2 d-1","2.58674","24.0"
"EcosystemandCarbonCycle","EcosystemRespiration","FLUXNET2015","upperbnf","Bias","MeanState","global","scalar","g m-2 d-1","-0.107265","24.0"
"EcosystemandCarbonCycle","EcosystemRespiration","FLUXNET2015","upperbnf","Bias Score","MeanState","global","score","1","0.568191","24.0"
"EcosystemandCarbonCycle","EcosystemRespiration","FLUXNET2015","upperbnf","Phase Shift","MeanState","global","scalar","months","0.951485","24.0"
"EcosystemandCarbonCycle","EcosystemRespiration","FLUXNET2015","upperbnf","Seasonal Cycle Score","MeanState","global","score","1","0.860258","24.0"
"EcosystemandCarbonCycle","EcosystemRespiration","FLUXNET2015","upperbnf","RMSE","MeanState","global","scalar","g m-2 d-1","1.70364","24.0"
"EcosystemandCarbonCycle","EcosystemRespiration","FLUXNET2015","upperbnf","RMSE Score","MeanState","global","score","1","0.457918","24.0"
"EcosystemandCarbonCycle","EcosystemRespiration","FLUXNET2015","upperbnf","Overall Score","MeanState","global","score","1","0.586071","24.0"
"EcosystemandCarbonCycle","EcosystemRespiration","FLUXNET2015","NMIP3_SH1","Period Mean (original grids)","MeanState","global","scalar","g m-2 d-1","2.66991","24.0"
"EcosystemandCarbonCycle","EcosystemRespiration","FLUXNET2015","NMIP3_SH1","Bias","MeanState","global","scalar","g m-2 d-1","-0.024093","24.0"
"EcosystemandCarbonCycle","EcosystemRespiration","FLUXNET2015","NMIP3_SH1","Bias Score","MeanState","global","score","1","0.568544","24.0"
"EcosystemandCarbonCycle","EcosystemRespiration","FLUXNET2015","NMIP3_SH1","Phase Shift","MeanState","global","scalar","months","0.988201","24.0"
"EcosystemandCarbonCycle","EcosystemRespiration","FLUXNET2015","NMIP3_SH1","Seasonal Cycle Score","MeanState","global","score","1","0.852942","24.0"
"EcosystemandCarbonCycle","EcosystemRespiration","FLUXNET2015","NMIP3_SH1","RMSE","MeanState","global","scalar","g m-2 d-1","1.71619","24.0"
"EcosystemandCarbonCycle","EcosystemRespiration","FLUXNET2015","NMIP3_SH1","RMSE Score","MeanState","global","score","1","0.454273","24.0"
"EcosystemandCarbonCycle","EcosystemRespiration","FLUXNET2015","NMIP3_SH1","Overall Score","MeanState","global","score","1","0.582508","24.0"
"EcosystemandCarbonCycle","EcosystemRespiration","FLUXNET2015","midbnf","Period Mean (original grids)","MeanState","global","scalar","g m-2 d-1","2.55813","24.0"
"EcosystemandCarbonCycle","EcosystemRespiration","FLUXNET2015","midbnf","Bias","MeanState","global","scalar","g m-2 d-1","-0.13588","24.0"
"EcosystemandCarbonCycle","EcosystemRespiration","FLUXNET2015","midbnf","Bias Score","MeanState","global","score","1","0.572693","24.0"
"EcosystemandCarbonCycle","EcosystemRespiration","FLUXNET2015","midbnf","Phase Shift","MeanState","global","scalar","months","0.961716","24.0"
"EcosystemandCarbonCycle","EcosystemRespiration","FLUXNET2015","midbnf","Seasonal Cycle Score","MeanState","global","score","1","0.858625","24.0"
"EcosystemandCarbonCycle","EcosystemRespiration","FLUXNET2015","midbnf","RMSE","MeanState","global","scalar","g m-2 d-1","1.69376","24.0"
"EcosystemandCarbonCycle","EcosystemRespiration","FLUXNET2015","midbnf","RMSE Score","MeanState","global","score","1","0.460406","24.0"
"EcosystemandCarbonCycle","EcosystemRespiration","FLUXNET2015","midbnf","Overall Score","MeanState","global","score","1","0.588032","24.0"
"EcosystemandCarbonCycle","EcosystemRespiration","FLUXNET2015","baseline20260821","Period Mean (original grids)","MeanState","global","scalar","g m-2 d-1","2.50396","24.0"
"EcosystemandCarbonCycle","EcosystemRespiration","FLUXNET2015","baseline20260821","Bias","MeanState","global","scalar","g m-2 d-1","-0.190051","24.0"
"EcosystemandCarbonCycle","EcosystemRespiration","FLUXNET2015","baseline20260821","Bias Score","MeanState","global","score","1","0.559946","24.0"
"EcosystemandCarbonCycle","EcosystemRespiration","FLUXNET2015","baseline20260821","Phase Shift","MeanState","global","scalar","months","0.967739","24.0"
"EcosystemandCarbonCycle","EcosystemRespiration","FLUXNET2015","baseline20260821","Seasonal Cycle Score","MeanState","global","score","1","0.859508","24.0"
"EcosystemandCarbonCycle","EcosystemRespiration","FLUXNET2015","baseline20260821","RMSE","MeanState","global","scalar","g m-2 d-1","1.69134","24.0"
"EcosystemandCarbonCycle","EcosystemRespiration","FLUXNET2015","baseline20260821","RMSE Score","MeanState","global","score","1","0.463037","24.0"
"EcosystemandCarbonCycle","EcosystemRespiration","FLUXNET2015","baseline20260821","Overall Score","MeanState","global","score","1","0.586382","24.0"
"EcosystemandCarbonCycle","EcosystemRespiration","FLUXCOM","NMIP3_SH1","Benchmark Period Mean (intersection)","MeanState","global","scalar","Pg yr-1","95.6684","16.0"
"EcosystemandCarbonCycle","EcosystemRespiration","FLUXCOM","NMIP3_SH1","Benchmark Period Mean (complement)","MeanState","global","scalar","Pg yr-1","nan","16.0"
"EcosystemandCarbonCycle","EcosystemRespiration","FLUXCOM","NMIP3_SH1","Period Mean (original grids)","MeanState","global","scalar","Pg yr-1","117.542","16.0"
"EcosystemandCarbonCycle","EcosystemRespiration","FLUXCOM","NMIP3_SH1","Model Period Mean (intersection)","MeanState","global","scalar","Pg yr-1","117.268","16.0"
"EcosystemandCarbonCycle","EcosystemRespiration","FLUXCOM","NMIP3_SH1","Model Period Mean (complement)","MeanState","global","scalar","Pg yr-1","0.274009","16.0"
"EcosystemandCarbonCycle","EcosystemRespiration","FLUXCOM","NMIP3_SH1","Spatial Distribution Score","MeanState","global","score","1","0.941778","16.0"
"EcosystemandCarbonCycle","EcosystemRespiration","FLUXCOM","NMIP3_SH1","Phase Shift","MeanState","global","scalar","months","1.09509","16.0"
"EcosystemandCarbonCycle","EcosystemRespiration","FLUXCOM","NMIP3_SH1","Seasonal Cycle Score","MeanState","global","score","1","0.771838","16.0"
"EcosystemandCarbonCycle","EcosystemRespiration","FLUXCOM","NMIP3_SH1","Bias","MeanState","global","scalar","g m-2 d-1","0.496727","16.0"
"EcosystemandCarbonCycle","EcosystemRespiration","FLUXCOM","NMIP3_SH1","Bias Score","MeanState","global","score","1","0.417876","16.0"
"EcosystemandCarbonCycle","EcosystemRespiration","FLUXCOM","NMIP3_SH1","RMSE","MeanState","global","scalar","g m-2 d-1","1.24483","16.0"
"EcosystemandCarbonCycle","EcosystemRespiration","FLUXCOM","NMIP3_SH1","RMSE Score","MeanState","global","score","1","0.435085","16.0"
"EcosystemandCarbonCycle","EcosystemRespiration","FLUXCOM","NMIP3_SH1","Overall Score","MeanState","global","score","1","0.600332","16.0"
"EcosystemandCarbonCycle","EcosystemRespiration","FLUXCOM","baseline20260821","Benchmark Period Mean (intersection)","MeanState","global","scalar","Pg yr-1","95.6684","16.0"
"EcosystemandCarbonCycle","EcosystemRespiration","FLUXCOM","baseline20260821","Benchmark Period Mean (complement)","MeanState","global","scalar","Pg yr-1","nan","16.0"
"EcosystemandCarbonCycle","EcosystemRespiration","FLUXCOM","baseline20260821","Period Mean (original grids)","MeanState","global","scalar","Pg yr-1","110.036","16.0"
"EcosystemandCarbonCycle","EcosystemRespiration","FLUXCOM","baseline20260821","Model Period Mean (intersection)","MeanState","global","scalar","Pg yr-1","109.766","16.0"
"EcosystemandCarbonCycle","EcosystemRespiration","FLUXCOM","baseline20260821","Model Period Mean (complement)","MeanState","global","scalar","Pg yr-1","0.270678","16.0"
"EcosystemandCarbonCycle","EcosystemRespiration","FLUXCOM","baseline20260821","Spatial Distribution Score","MeanState","global","score","1","0.954376","16.0"
"EcosystemandCarbonCycle","EcosystemRespiration","FLUXCOM","baseline20260821","Phase Shift","MeanState","global","scalar","months","1.07457","16.0"
"EcosystemandCarbonCycle","EcosystemRespiration","FLUXCOM","baseline20260821","Seasonal Cycle Score","MeanState","global","score","1","0.775771","16.0"
"EcosystemandCarbonCycle","EcosystemRespiration","FLUXCOM","baseline20260821","Bias","MeanState","global","scalar","g m-2 d-1","0.324188","16.0"
"EcosystemandCarbonCycle","EcosystemRespiration","FLUXCOM","baseline20260821","Bias Score","MeanState","global","score","1","0.447219","16.0"
"EcosystemandCarbonCycle","EcosystemRespiration","FLUXCOM","baseline20260821","RMSE","MeanState","global","scalar","g m-2 d-1","1.18013","16.0"
"EcosystemandCarbonCycle","EcosystemRespiration","FLUXCOM","baseline20260821","RMSE Score","MeanState","global","score","1","0.448006","16.0"
"EcosystemandCarbonCycle","EcosystemRespiration","FLUXCOM","baseline20260821","Overall Score","MeanState","global","score","1","0.614676","16.0"
"EcosystemandCarbonCycle","EcosystemRespiration","FLUXCOM","TRENDYv15_CRUTS410_S3","Benchmark Period Mean (intersection)","MeanState","global","scalar","Pg yr-1","95.6684","16.0"
"EcosystemandCarbonCycle","EcosystemRespiration","FLUXCOM","TRENDYv15_CRUTS410_S3","Benchmark Period Mean (complement)","MeanState","global","scalar","Pg yr-1","nan","16.0"
"EcosystemandCarbonCycle","EcosystemRespiration","FLUXCOM","TRENDYv15_CRUTS410_S3","Period Mean (original grids)","MeanState","global","scalar","Pg yr-1","136.174","16.0"
"EcosystemandCarbonCycle","EcosystemRespiration","FLUXCOM","TRENDYv15_CRUTS410_S3","Model Period Mean (intersection)","MeanState","global","scalar","Pg yr-1","135.869","16.0"
"EcosystemandCarbonCycle","EcosystemRespiration","FLUXCOM","TRENDYv15_CRUTS410_S3","Model Period Mean (complement)","MeanState","global","scalar","Pg yr-1","0.304274","16.0"
"EcosystemandCarbonCycle","EcosystemRespiration","FLUXCOM","TRENDYv15_CRUTS410_S3","Spatial Distribution Score","MeanState","global","score","1","0.947702","16.0"
"EcosystemandCarbonCycle","EcosystemRespiration","FLUXCOM","TRENDYv15_CRUTS410_S3","Phase Shift","MeanState","global","scalar","months","0.898442","16.0"
"EcosystemandCarbonCycle","EcosystemRespiration","FLUXCOM","TRENDYv15_CRUTS410_S3","Seasonal Cycle Score","MeanState","global","score","1","0.844791","16.0"
"EcosystemandCarbonCycle","EcosystemRespiration","FLUXCOM","TRENDYv15_CRUTS410_S3","Bias","MeanState","global","scalar","g m-2 d-1","0.924492","16.0"
"EcosystemandCarbonCycle","EcosystemRespiration","FLUXCOM","TRENDYv15_CRUTS410_S3","Bias Score","MeanState","global","score","1","0.360935","16.0"
"EcosystemandCarbonCycle","EcosystemRespiration","FLUXCOM","TRENDYv15_CRUTS410_S3","RMSE","MeanState","global","scalar","g m-2 d-1","1.5843","16.0"
"EcosystemandCarbonCycle","EcosystemRespiration","FLUXCOM","TRENDYv15_CRUTS410_S3","RMSE Score","MeanState","global","score","1","0.423054","16.0"
"EcosystemandCarbonCycle","EcosystemRespiration","FLUXCOM","TRENDYv15_CRUTS410_S3","Overall Score","MeanState","global","score","1","0.599907","16.0"
"EcosystemandCarbonCycle","EcosystemRespiration","FLUXCOM","upperbnf","Benchmark Period Mean (intersection)","MeanState","global","scalar","Pg yr-1","95.6684","16.0"
"EcosystemandCarbonCycle","EcosystemRespiration","FLUXCOM","upperbnf","Benchmark Period Mean (complement)","MeanState","global","scalar","Pg yr-1","nan","16.0"
"EcosystemandCarbonCycle","EcosystemRespiration","FLUXCOM","upperbnf","Period Mean (original grids)","MeanState","global","scalar","Pg yr-1","117.727","16.0"
"EcosystemandCarbonCycle","EcosystemRespiration","FLUXCOM","upperbnf","Model Period Mean (intersection)","MeanState","global","scalar","Pg yr-1","117.452","16.0"
"EcosystemandCarbonCycle","EcosystemRespiration","FLUXCOM","upperbnf","Model Period Mean (complement)","MeanState","global","scalar","Pg yr-1","0.275572","16.0"
"EcosystemandCarbonCycle","EcosystemRespiration","FLUXCOM","upperbnf","Spatial Distribution Score","MeanState","global","score","1","0.953449","16.0"
"EcosystemandCarbonCycle","EcosystemRespiration","FLUXCOM","upperbnf","Phase Shift","MeanState","global","scalar","months","1.05417","16.0"
"EcosystemandCarbonCycle","EcosystemRespiration","FLUXCOM","upperbnf","Seasonal Cycle Score","MeanState","global","score","1","0.779344","16.0"
"EcosystemandCarbonCycle","EcosystemRespiration","FLUXCOM","upperbnf","Bias","MeanState","global","scalar","g m-2 d-1","0.500946","16.0"
"EcosystemandCarbonCycle","EcosystemRespiration","FLUXCOM","upperbnf","Bias Score","MeanState","global","score","1","0.454333","16.0"
"EcosystemandCarbonCycle","EcosystemRespiration","FLUXCOM","upperbnf","RMSE","MeanState","global","scalar","g m-2 d-1","1.18611","16.0"
"EcosystemandCarbonCycle","EcosystemRespiration","FLUXCOM","upperbnf","RMSE Score","MeanState","global","score","1","0.445881","16.0"
"EcosystemandCarbonCycle","EcosystemRespiration","FLUXCOM","upperbnf","Overall Score","MeanState","global","score","1","0.615778","16.0"
"EcosystemandCarbonCycle","EcosystemRespiration","FLUXCOM","NMIP3prod_SH1","Benchmark Period Mean (intersection)","MeanState","global","scalar","Pg yr-1","95.6684","16.0"
"EcosystemandCarbonCycle","EcosystemRespiration","FLUXCOM","NMIP3prod_SH1","Benchmark Period Mean (complement)","MeanState","global","scalar","Pg yr-1","nan","16.0"
"EcosystemandCarbonCycle","EcosystemRespiration","FLUXCOM","NMIP3prod_SH1","Period Mean (original grids)","MeanState","global","scalar","Pg yr-1","117.749","16.0"
"EcosystemandCarbonCycle","EcosystemRespiration","FLUXCOM","NMIP3prod_SH1","Model Period Mean (intersection)","MeanState","global","scalar","Pg yr-1","117.475","16.0"
"EcosystemandCarbonCycle","EcosystemRespiration","FLUXCOM","NMIP3prod_SH1","Model Period Mean (complement)","MeanState","global","scalar","Pg yr-1","0.274194","16.0"
"EcosystemandCarbonCycle","EcosystemRespiration","FLUXCOM","NMIP3prod_SH1","Spatial Distribution Score","MeanState","global","score","1","0.94246","16.0"
"EcosystemandCarbonCycle","EcosystemRespiration","FLUXCOM","NMIP3prod_SH1","Phase Shift","MeanState","global","scalar","months","1.09453","16.0"
"EcosystemandCarbonCycle","EcosystemRespiration","FLUXCOM","NMIP3prod_SH1","Seasonal Cycle Score","MeanState","global","score","1","0.771924","16.0"
"EcosystemandCarbonCycle","EcosystemRespiration","FLUXCOM","NMIP3prod_SH1","Bias","MeanState","global","scalar","g m-2 d-1","0.501474","16.0"
"EcosystemandCarbonCycle","EcosystemRespiration","FLUXCOM","NMIP3prod_SH1","Bias Score","MeanState","global","score","1","0.418326","16.0"
"EcosystemandCarbonCycle","EcosystemRespiration","FLUXCOM","NMIP3prod_SH1","RMSE","MeanState","global","scalar","g m-2 d-1","1.25119","16.0"
"EcosystemandCarbonCycle","EcosystemRespiration","FLUXCOM","NMIP3prod_SH1","RMSE Score","MeanState","global","score","1","0.434545","16.0"
"EcosystemandCarbonCycle","EcosystemRespiration","FLUXCOM","NMIP3prod_SH1","Overall Score","MeanState","global","score","1","0.60036","16.0"
"EcosystemandCarbonCycle","EcosystemRespiration","FLUXCOM","midbnf","Benchmark Period Mean (intersection)","MeanState","global","scalar","Pg yr-1","95.6684","16.0"
"EcosystemandCarbonCycle","EcosystemRespiration","FLUXCOM","midbnf","Benchmark Period Mean (complement)","MeanState","global","scalar","Pg yr-1","nan","16.0"
"EcosystemandCarbonCycle","EcosystemRespiration","FLUXCOM","midbnf","Period Mean (original grids)","MeanState","global","scalar","Pg yr-1","115.852","16.0"
"EcosystemandCarbonCycle","EcosystemRespiration","FLUXCOM","midbnf","Model Period Mean (intersection)","MeanState","global","scalar","Pg yr-1","115.577","16.0"
"EcosystemandCarbonCycle","EcosystemRespiration","FLUXCOM","midbnf","Model Period Mean (complement)","MeanState","global","scalar","Pg yr-1","0.274835","16.0"
"EcosystemandCarbonCycle","EcosystemRespiration","FLUXCOM","midbnf","Spatial Distribution Score","MeanState","global","score","1","0.954599","16.0"
"EcosystemandCarbonCycle","EcosystemRespiration","FLUXCOM","midbnf","Phase Shift","MeanState","global","scalar","months","1.05888","16.0"
"EcosystemandCarbonCycle","EcosystemRespiration","FLUXCOM","midbnf","Seasonal Cycle Score","MeanState","global","score","1","0.779334","16.0"
"EcosystemandCarbonCycle","EcosystemRespiration","FLUXCOM","midbnf","Bias","MeanState","global","scalar","g m-2 d-1","0.45784","16.0"
"EcosystemandCarbonCycle","EcosystemRespiration","FLUXCOM","midbnf","Bias Score","MeanState","global","score","1","0.461641","16.0"
"EcosystemandCarbonCycle","EcosystemRespiration","FLUXCOM","midbnf","RMSE","MeanState","global","scalar","g m-2 d-1","1.1746","16.0"
"EcosystemandCarbonCycle","EcosystemRespiration","FLUXCOM","midbnf","RMSE Score","MeanState","global","score","1","0.449332","16.0"
"EcosystemandCarbonCycle","EcosystemRespiration","FLUXCOM","midbnf","Overall Score","MeanState","global","score","1","0.618847","16.0"
"EcosystemandCarbonCycle","GlobalNetEcosystemCarbonBalance","Hoffman","midbnf","nbp(2011)","MeanState","nbp(2011)","scalar","Pg","107.54","100.0"
"EcosystemandCarbonCycle","GlobalNetEcosystemCarbonBalance","Hoffman","midbnf","diff(2011)","MeanState","diff(2011)","scalar","Pg","99.495","100.0"
"EcosystemandCarbonCycle","GlobalNetEcosystemCarbonBalance","Hoffman","midbnf","Difference Score","MeanState","global","score","1","0.509125","100.0"
"EcosystemandCarbonCycle","GlobalNetEcosystemCarbonBalance","Hoffman","midbnf","Trajectory Score","MeanState","global","score","1","0.431683","100.0"
"EcosystemandCarbonCycle","GlobalNetEcosystemCarbonBalance","Hoffman","midbnf","Overall Score","MeanState","global","score","1","0.470404","100.0"
"EcosystemandCarbonCycle","GlobalNetEcosystemCarbonBalance","Hoffman","NMIP3_SH1","nbp(2011)","MeanState","nbp(2011)","scalar","Pg","64.3085","100.0"
"EcosystemandCarbonCycle","GlobalNetEcosystemCarbonBalance","Hoffman","NMIP3_SH1","diff(2011)","MeanState","diff(2011)","scalar","Pg","56.2638","100.0"
"EcosystemandCarbonCycle","GlobalNetEcosystemCarbonBalance","Hoffman","NMIP3_SH1","Difference Score","MeanState","global","score","1","0.682671","100.0"
"EcosystemandCarbonCycle","GlobalNetEcosystemCarbonBalance","Hoffman","NMIP3_SH1","Trajectory Score","MeanState","global","score","1","0.538413","100.0"
"EcosystemandCarbonCycle","GlobalNetEcosystemCarbonBalance","Hoffman","NMIP3_SH1","Overall Score","MeanState","global","score","1","0.610542","100.0"
"EcosystemandCarbonCycle","GlobalNetEcosystemCarbonBalance","Hoffman","baseline20260821","nbp(2011)","MeanState","nbp(2011)","scalar","Pg","103.743","100.0"
"EcosystemandCarbonCycle","GlobalNetEcosystemCarbonBalance","Hoffman","baseline20260821","diff(2011)","MeanState","diff(2011)","scalar","Pg","95.6981","100.0"
"EcosystemandCarbonCycle","GlobalNetEcosystemCarbonBalance","Hoffman","baseline20260821","Difference Score","MeanState","global","score","1","0.522412","100.0"
"EcosystemandCarbonCycle","GlobalNetEcosystemCarbonBalance","Hoffman","baseline20260821","Trajectory Score","MeanState","global","score","1","0.44104","100.0"
"EcosystemandCarbonCycle","GlobalNetEcosystemCarbonBalance","Hoffman","baseline20260821","Overall Score","MeanState","global","score","1","0.481726","100.0"
"EcosystemandCarbonCycle","GlobalNetEcosystemCarbonBalance","Hoffman","upperbnf","nbp(2011)","MeanState","nbp(2011)","scalar","Pg","108.47","100.0"
"EcosystemandCarbonCycle","GlobalNetEcosystemCarbonBalance","Hoffman","upperbnf","diff(2011)","MeanState","diff(2011)","scalar","Pg","100.425","100.0"
"EcosystemandCarbonCycle","GlobalNetEcosystemCarbonBalance","Hoffman","upperbnf","Difference Score","MeanState","global","score","1","0.505922","100.0"
"EcosystemandCarbonCycle","GlobalNetEcosystemCarbonBalance","Hoffman","upperbnf","Trajectory Score","MeanState","global","score","1","0.419304","100.0"
"EcosystemandCarbonCycle","GlobalNetEcosystemCarbonBalance","Hoffman","upperbnf","Overall Score","MeanState","global","score","1","0.462613","100.0"
"EcosystemandCarbonCycle","GlobalNetEcosystemCarbonBalance","Hoffman","TRENDYv15_CRUTS410_S3","nbp(2011)","MeanState","nbp(2011)","scalar","Pg","67.2484","100.0"
"EcosystemandCarbonCycle","GlobalNetEcosystemCarbonBalance","Hoffman","TRENDYv15_CRUTS410_S3","diff(2011)","MeanState","diff(2011)","scalar","Pg","59.2037","100.0"
"EcosystemandCarbonCycle","GlobalNetEcosystemCarbonBalance","Hoffman","TRENDYv15_CRUTS410_S3","Difference Score","MeanState","global","score","1","0.669189","100.0"
"EcosystemandCarbonCycle","GlobalNetEcosystemCarbonBalance","Hoffman","TRENDYv15_CRUTS410_S3","Trajectory Score","MeanState","global","score","1","0.346934","100.0"
"EcosystemandCarbonCycle","GlobalNetEcosystemCarbonBalance","Hoffman","TRENDYv15_CRUTS410_S3","Overall Score","MeanState","global","score","1","0.508061","100.0"
"EcosystemandCarbonCycle","GlobalNetEcosystemCarbonBalance","Hoffman","NMIP3prod_SH1","nbp(2011)","MeanState","nbp(2011)","scalar","Pg","82.1559","100.0"
"EcosystemandCarbonCycle","GlobalNetEcosystemCarbonBalance","Hoffman","NMIP3prod_SH1","diff(2011)","MeanState","diff(2011)","scalar","Pg","74.1111","100.0"
"EcosystemandCarbonCycle","GlobalNetEcosystemCarbonBalance","Hoffman","NMIP3prod_SH1","Difference Score","MeanState","global","score","1","0.604814","100.0"
"EcosystemandCarbonCycle","GlobalNetEcosystemCarbonBalance","Hoffman","NMIP3prod_SH1","Trajectory Score","MeanState","global","score","1","0.508546","100.0"
"EcosystemandCarbonCycle","GlobalNetEcosystemCarbonBalance","Hoffman","NMIP3prod_SH1","Overall Score","MeanState","global","score","1","0.55668","100.0"
"EcosystemandCarbonCycle","GlobalNetEcosystemCarbonBalance","GCP","midbnf","nbp(2016)","MeanState","nbp(2016)","scalar","Pg","15.4683","100.0"
"EcosystemandCarbonCycle","GlobalNetEcosystemCarbonBalance","GCP","midbnf","diff(2016)","MeanState","diff(2016)","scalar","Pg","60.0335","100.0"
"EcosystemandCarbonCycle","GlobalNetEcosystemCarbonBalance","GCP","midbnf","Difference Score","MeanState","global","score","1","0.202841","100.0"
"EcosystemandCarbonCycle","GlobalNetEcosystemCarbonBalance","GCP","midbnf","Trajectory Score","MeanState","global","score","1","0.647792","100.0"
"EcosystemandCarbonCycle","GlobalNetEcosystemCarbonBalance","GCP","midbnf","Temporal Distribution Score","MeanState","global","score","1","0.745085","100.0"
"EcosystemandCarbonCycle","GlobalNetEcosystemCarbonBalance","GCP","midbnf","Overall Score","MeanState","global","score","1","0.531906","100.0"
"EcosystemandCarbonCycle","GlobalNetEcosystemCarbonBalance","GCP","NMIP3_SH1","nbp(2016)","MeanState","nbp(2016)","scalar","Pg","0.39826","100.0"
"EcosystemandCarbonCycle","GlobalNetEcosystemCarbonBalance","GCP","NMIP3_SH1","diff(2016)","MeanState","diff(2016)","scalar","Pg","44.9635","100.0"
"EcosystemandCarbonCycle","GlobalNetEcosystemCarbonBalance","GCP","NMIP3_SH1","Difference Score","MeanState","global","score","1","0.302746","100.0"
"EcosystemandCarbonCycle","GlobalNetEcosystemCarbonBalance","GCP","NMIP3_SH1","Trajectory Score","MeanState","global","score","1","0.816389","100.0"
"EcosystemandCarbonCycle","GlobalNetEcosystemCarbonBalance","GCP","NMIP3_SH1","Temporal Distribution Score","MeanState","global","score","1","0.744665","100.0"
"EcosystemandCarbonCycle","GlobalNetEcosystemCarbonBalance","GCP","NMIP3_SH1","Overall Score","MeanState","global","score","1","0.621266","100.0"
"EcosystemandCarbonCycle","GlobalNetEcosystemCarbonBalance","GCP","baseline20260821","nbp(2016)","MeanState","nbp(2016)","scalar","Pg","10.7148","100.0"
"EcosystemandCarbonCycle","GlobalNetEcosystemCarbonBalance","GCP","baseline20260821","diff(2016)","MeanState","diff(2016)","scalar","Pg","55.28","100.0"
"EcosystemandCarbonCycle","GlobalNetEcosystemCarbonBalance","GCP","baseline20260821","Difference Score","MeanState","global","score","1","0.230152","100.0"
"EcosystemandCarbonCycle","GlobalNetEcosystemCarbonBalance","GCP","baseline20260821","Trajectory Score","MeanState","global","score","1","0.718067","100.0"
"EcosystemandCarbonCycle","GlobalNetEcosystemCarbonBalance","GCP","baseline20260821","Temporal Distribution Score","MeanState","global","score","1","0.779976","100.0"
"EcosystemandCarbonCycle","GlobalNetEcosystemCarbonBalance","GCP","baseline20260821","Overall Score","MeanState","global","score","1","0.576065","100.0"
"EcosystemandCarbonCycle","GlobalNetEcosystemCarbonBalance","GCP","NMIP3prod_SH1","nbp(2016)","MeanState","nbp(2016)","scalar","Pg","1.01697","100.0"
"EcosystemandCarbonCycle","GlobalNetEcosystemCarbonBalance","GCP","NMIP3prod_SH1","diff(2016)","MeanState","diff(2016)","scalar","Pg","45.5822","100.0"
"EcosystemandCarbonCycle","GlobalNetEcosystemCarbonBalance","GCP","NMIP3prod_SH1","Difference Score","MeanState","global","score","1","0.297809","100.0"
"EcosystemandCarbonCycle","GlobalNetEcosystemCarbonBalance","GCP","NMIP3prod_SH1","Trajectory Score","MeanState","global","score","1","0.811627","100.0"
"EcosystemandCarbonCycle","GlobalNetEcosystemCarbonBalance","GCP","NMIP3prod_SH1","Temporal Distribution Score","MeanState","global","score","1","0.742663","100.0"
"EcosystemandCarbonCycle","GlobalNetEcosystemCarbonBalance","GCP","NMIP3prod_SH1","Overall Score","MeanState","global","score","1","0.617366","100.0"
"EcosystemandCarbonCycle","GlobalNetEcosystemCarbonBalance","GCP","TRENDYv15_CRUTS410_S3","nbp(2016)","MeanState","nbp(2016)","scalar","Pg","0.374889","100.0"
"EcosystemandCarbonCycle","GlobalNetEcosystemCarbonBalance","GCP","TRENDYv15_CRUTS410_S3","diff(2016)","MeanState","diff(2016)","scalar","Pg","44.9401","100.0"
"EcosystemandCarbonCycle","GlobalNetEcosystemCarbonBalance","GCP","TRENDYv15_CRUTS410_S3","Difference Score","MeanState","global","score","1","0.302934","100.0"
"EcosystemandCarbonCycle","GlobalNetEcosystemCarbonBalance","GCP","TRENDYv15_CRUTS410_S3","Trajectory Score","MeanState","global","score","1","0.810632","100.0"
"EcosystemandCarbonCycle","GlobalNetEcosystemCarbonBalance","GCP","TRENDYv15_CRUTS410_S3","Temporal Distribution Score","MeanState","global","score","1","0.809126","100.0"
"EcosystemandCarbonCycle","GlobalNetEcosystemCarbonBalance","GCP","TRENDYv15_CRUTS410_S3","Overall Score","MeanState","global","score","1","0.640897","100.0"
"EcosystemandCarbonCycle","GlobalNetEcosystemCarbonBalance","GCP","upperbnf","nbp(2016)","MeanState","nbp(2016)","scalar","Pg","15.5751","100.0"
"EcosystemandCarbonCycle","GlobalNetEcosystemCarbonBalance","GCP","upperbnf","diff(2016)","MeanState","diff(2016)","scalar","Pg","60.1403","100.0"
"EcosystemandCarbonCycle","GlobalNetEcosystemCarbonBalance","GCP","upperbnf","Difference Score","MeanState","global","score","1","0.202266","100.0"
"EcosystemandCarbonCycle","GlobalNetEcosystemCarbonBalance","GCP","upperbnf","Trajectory Score","MeanState","global","score","1","0.63979","100.0"
"EcosystemandCarbonCycle","GlobalNetEcosystemCarbonBalance","GCP","upperbnf","Temporal Distribution Score","MeanState","global","score","1","0.728709","100.0"
"EcosystemandCarbonCycle","GlobalNetEcosystemCarbonBalance","GCP","upperbnf","Overall Score","MeanState","global","score","1","0.523588","100.0"
"EcosystemandCarbonCycle","Biomass","Saatchi","midbnf","Benchmark Period Mean (intersection)","MeanState","global","scalar","Pg","344.349","100.0"
"EcosystemandCarbonCycle","Biomass","Saatchi","midbnf","Benchmark Period Mean (complement)","MeanState","global","scalar","Pg","4.57545","100.0"
"EcosystemandCarbonCycle","Biomass","Saatchi","midbnf","Period Mean (original grids)","MeanState","global","scalar","Pg","486.994","100.0"
"EcosystemandCarbonCycle","Biomass","Saatchi","midbnf","Model Period Mean (intersection)","MeanState","global","scalar","Pg","299.785","100.0"
"EcosystemandCarbonCycle","Biomass","Saatchi","midbnf","Model Period Mean (complement)","MeanState","global","scalar","Pg","187.209","100.0"
"EcosystemandCarbonCycle","Biomass","Saatchi","midbnf","Spatial Distribution Score","MeanState","global","score","1","0.880151","100.0"
"EcosystemandCarbonCycle","Biomass","Saatchi","midbnf","Bias","MeanState","global","scalar","kg m-2","-0.669926","100.0"
"EcosystemandCarbonCycle","Biomass","Saatchi","midbnf","Bias Score","MeanState","global","score","1","0.616717","100.0"
"EcosystemandCarbonCycle","Biomass","Saatchi","midbnf","Overall Score","MeanState","global","score","1","0.748434","100.0"
"EcosystemandCarbonCycle","Biomass","Saatchi","upperbnf","Benchmark Period Mean (intersection)","MeanState","global","scalar","Pg","344.349","100.0"
"EcosystemandCarbonCycle","Biomass","Saatchi","upperbnf","Benchmark Period Mean (complement)","MeanState","global","scalar","Pg","4.57545","100.0"
"EcosystemandCarbonCycle","Biomass","Saatchi","upperbnf","Period Mean (original grids)","MeanState","global","scalar","Pg","492.485","100.0"
"EcosystemandCarbonCycle","Biomass","Saatchi","upperbnf","Model Period Mean (intersection)","MeanState","global","scalar","Pg","302.712","100.0"
"EcosystemandCarbonCycle","Biomass","Saatchi","upperbnf","Model Period Mean (complement)","MeanState","global","scalar","Pg","189.772","100.0"
"EcosystemandCarbonCycle","Biomass","Saatchi","upperbnf","Spatial Distribution Score","MeanState","global","score","1","0.881124","100.0"
"EcosystemandCarbonCycle","Biomass","Saatchi","upperbnf","Bias","MeanState","global","scalar","kg m-2","-0.62592","100.0"
"EcosystemandCarbonCycle","Biomass","Saatchi","upperbnf","Bias Score","MeanState","global","score","1","0.618728","100.0"
"EcosystemandCarbonCycle","Biomass","Saatchi","upperbnf","Overall Score","MeanState","global","score","1","0.749926","100.0"
"EcosystemandCarbonCycle","Biomass","Saatchi","TRENDYv15_CRUTS410_S3","Benchmark Period Mean (intersection)","MeanState","global","scalar","Pg","344.349","100.0"
"EcosystemandCarbonCycle","Biomass","Saatchi","TRENDYv15_CRUTS410_S3","Benchmark Period Mean (complement)","MeanState","global","scalar","Pg","4.57545","100.0"
"EcosystemandCarbonCycle","Biomass","Saatchi","TRENDYv15_CRUTS410_S3","Period Mean (original grids)","MeanState","global","scalar","Pg","617.143","100.0"
"EcosystemandCarbonCycle","Biomass","Saatchi","TRENDYv15_CRUTS410_S3","Model Period Mean (intersection)","MeanState","global","scalar","Pg","346.739","100.0"
"EcosystemandCarbonCycle","Biomass","Saatchi","TRENDYv15_CRUTS410_S3","Model Period Mean (complement)","MeanState","global","scalar","Pg","270.404","100.0"
"EcosystemandCarbonCycle","Biomass","Saatchi","TRENDYv15_CRUTS410_S3","Spatial Distribution Score","MeanState","global","score","1","0.902881","100.0"
"EcosystemandCarbonCycle","Biomass","Saatchi","TRENDYv15_CRUTS410_S3","Bias","MeanState","global","scalar","kg m-2","0.0359387","100.0"
"EcosystemandCarbonCycle","Biomass","Saatchi","TRENDYv15_CRUTS410_S3","Bias Score","MeanState","global","score","1","0.643013","100.0"
"EcosystemandCarbonCycle","Biomass","Saatchi","TRENDYv15_CRUTS410_S3","Overall Score","MeanState","global","score","1","0.772947","100.0"
"EcosystemandCarbonCycle","Biomass","Saatchi","baseline20260821","Benchmark Period Mean (intersection)","MeanState","global","scalar","Pg","344.349","100.0"
"EcosystemandCarbonCycle","Biomass","Saatchi","baseline20260821","Benchmark Period Mean (complement)","MeanState","global","scalar","Pg","4.57545","100.0"
"EcosystemandCarbonCycle","Biomass","Saatchi","baseline20260821","Period Mean (original grids)","MeanState","global","scalar","Pg","472.56","100.0"
"EcosystemandCarbonCycle","Biomass","Saatchi","baseline20260821","Model Period Mean (intersection)","MeanState","global","scalar","Pg","289.554","100.0"
"EcosystemandCarbonCycle","Biomass","Saatchi","baseline20260821","Model Period Mean (complement)","MeanState","global","scalar","Pg","183.006","100.0"
"EcosystemandCarbonCycle","Biomass","Saatchi","baseline20260821","Spatial Distribution Score","MeanState","global","score","1","0.87549","100.0"
"EcosystemandCarbonCycle","Biomass","Saatchi","baseline20260821","Bias","MeanState","global","scalar","kg m-2","-0.823734","100.0"
"EcosystemandCarbonCycle","Biomass","Saatchi","baseline20260821","Bias Score","MeanState","global","score","1","0.608465","100.0"
"EcosystemandCarbonCycle","Biomass","Saatchi","baseline20260821","Overall Score","MeanState","global","score","1","0.741978","100.0"
"EcosystemandCarbonCycle","Biomass","Saatchi","NMIP3_SH1","Benchmark Period Mean (intersection)","MeanState","global","scalar","Pg","344.349","100.0"
"EcosystemandCarbonCycle","Biomass","Saatchi","NMIP3_SH1","Benchmark Period Mean (complement)","MeanState","global","scalar","Pg","4.57545","100.0"
"EcosystemandCarbonCycle","Biomass","Saatchi","NMIP3_SH1","Period Mean (original grids)","MeanState","global","scalar","Pg","477.072","100.0"
"EcosystemandCarbonCycle","Biomass","Saatchi","NMIP3_SH1","Model Period Mean (intersection)","MeanState","global","scalar","Pg","292.632","100.0"
"EcosystemandCarbonCycle","Biomass","Saatchi","NMIP3_SH1","Model Period Mean (complement)","MeanState","global","scalar","Pg","184.44","100.0"
"EcosystemandCarbonCycle","Biomass","Saatchi","NMIP3_SH1","Spatial Distribution Score","MeanState","global","score","1","0.876243","100.0"
"EcosystemandCarbonCycle","Biomass","Saatchi","NMIP3_SH1","Bias","MeanState","global","scalar","kg m-2","-0.777457","100.0"
"EcosystemandCarbonCycle","Biomass","Saatchi","NMIP3_SH1","Bias Score","MeanState","global","score","1","0.610742","100.0"
"EcosystemandCarbonCycle","Biomass","Saatchi","NMIP3_SH1","Overall Score","MeanState","global","score","1","0.743493","100.0"
"EcosystemandCarbonCycle","Biomass","Saatchi","NMIP3prod_SH1","Benchmark Period Mean (intersection)","MeanState","global","scalar","Pg","344.349","100.0"
"EcosystemandCarbonCycle","Biomass","Saatchi","NMIP3prod_SH1","Benchmark Period Mean (complement)","MeanState","global","scalar","Pg","4.57545","100.0"
"EcosystemandCarbonCycle","Biomass","Saatchi","NMIP3prod_SH1","Period Mean (original grids)","MeanState","global","scalar","Pg","475.677","100.0"
"EcosystemandCarbonCycle","Biomass","Saatchi","NMIP3prod_SH1","Model Period Mean (intersection)","MeanState","global","scalar","Pg","292.234","100.0"
"EcosystemandCarbonCycle","Biomass","Saatchi","NMIP3prod_SH1","Model Period Mean (complement)","MeanState","global","scalar","Pg","183.443","100.0"
"EcosystemandCarbonCycle","Biomass","Saatchi","NMIP3prod_SH1","Spatial Distribution Score","MeanState","global","score","1","0.876235","100.0"
"EcosystemandCarbonCycle","Biomass","Saatchi","NMIP3prod_SH1","Bias","MeanState","global","scalar","kg m-2","-0.783444","100.0"
"EcosystemandCarbonCycle","Biomass","Saatchi","NMIP3prod_SH1","Bias Score","MeanState","global","score","1","0.610692","100.0"
"EcosystemandCarbonCycle","Biomass","Saatchi","NMIP3prod_SH1","Overall Score","MeanState","global","score","1","0.743463","100.0"
"EcosystemandCarbonCycle","Biomass","Thurner","midbnf","Benchmark Period Mean (intersection)","MeanState","global","scalar","Pg","164.017","100.0"
"EcosystemandCarbonCycle","Biomass","Thurner","midbnf","Benchmark Period Mean (complement)","MeanState","global","scalar","Pg","10.308","100.0"
"EcosystemandCarbonCycle","Biomass","Thurner","midbnf","Period Mean (original grids)","MeanState","global","scalar","Pg","489.133","100.0"
"EcosystemandCarbonCycle","Biomass","Thurner","midbnf","Model Period Mean (intersection)","MeanState","global","scalar","Pg","187.942","100.0"
"EcosystemandCarbonCycle","Biomass","Thurner","midbnf","Model Period Mean (complement)","MeanState","global","scalar","Pg","301.19","100.0"
"EcosystemandCarbonCycle","Biomass","Thurner","midbnf","Spatial Distribution Score","MeanState","global","score","1","0.662855","100.0"
"EcosystemandCarbonCycle","Biomass","Thurner","midbnf","Bias","MeanState","global","scalar","kg m-2","0.529734","100.0"
"EcosystemandCarbonCycle","Biomass","Thurner","midbnf","Bias Score","MeanState","global","score","1","0.550252","100.0"
"EcosystemandCarbonCycle","Biomass","Thurner","midbnf","Overall Score","MeanState","global","score","1","0.606553","100.0"
"EcosystemandCarbonCycle","Biomass","Thurner","upperbnf","Benchmark Period Mean (intersection)","MeanState","global","scalar","Pg","164.017","100.0"
"EcosystemandCarbonCycle","Biomass","Thurner","upperbnf","Benchmark Period Mean (complement)","MeanState","global","scalar","Pg","10.308","100.0"
"EcosystemandCarbonCycle","Biomass","Thurner","upperbnf","Period Mean (original grids)","MeanState","global","scalar","Pg","494.737","100.0"
"EcosystemandCarbonCycle","Biomass","Thurner","upperbnf","Model Period Mean (intersection)","MeanState","global","scalar","Pg","190.434","100.0"
"EcosystemandCarbonCycle","Biomass","Thurner","upperbnf","Model Period Mean (complement)","MeanState","global","scalar","Pg","304.304","100.0"
"EcosystemandCarbonCycle","Biomass","Thurner","upperbnf","Spatial Distribution Score","MeanState","global","score","1","0.672627","100.0"
"EcosystemandCarbonCycle","Biomass","Thurner","upperbnf","Bias","MeanState","global","scalar","kg m-2","0.584899","100.0"
"EcosystemandCarbonCycle","Biomass","Thurner","upperbnf","Bias Score","MeanState","global","score","1","0.550862","100.0"
"EcosystemandCarbonCycle","Biomass","Thurner","upperbnf","Overall Score","MeanState","global","score","1","0.611745","100.0"
"EcosystemandCarbonCycle","Biomass","Thurner","baseline20260821","Benchmark Period Mean (intersection)","MeanState","global","scalar","Pg","164.017","100.0"
"EcosystemandCarbonCycle","Biomass","Thurner","baseline20260821","Benchmark Period Mean (complement)","MeanState","global","scalar","Pg","10.308","100.0"
"EcosystemandCarbonCycle","Biomass","Thurner","baseline20260821","Period Mean (original grids)","MeanState","global","scalar","Pg","474.5","100.0"
"EcosystemandCarbonCycle","Biomass","Thurner","baseline20260821","Model Period Mean (intersection)","MeanState","global","scalar","Pg","183.875","100.0"
"EcosystemandCarbonCycle","Biomass","Thurner","baseline20260821","Model Period Mean (complement)","MeanState","global","scalar","Pg","290.625","100.0"
"EcosystemandCarbonCycle","Biomass","Thurner","baseline20260821","Spatial Distribution Score","MeanState","global","score","1","0.617934","100.0"
"EcosystemandCarbonCycle","Biomass","Thurner","baseline20260821","Bias","MeanState","global","scalar","kg m-2","0.439682","100.0"
"EcosystemandCarbonCycle","Biomass","Thurner","baseline20260821","Bias Score","MeanState","global","score","1","0.545803","100.0"
"EcosystemandCarbonCycle","Biomass","Thurner","baseline20260821","Overall Score","MeanState","global","score","1","0.581869","100.0"
"EcosystemandCarbonCycle","Biomass","Thurner","TRENDYv15_CRUTS410_S3","Benchmark Period Mean (intersection)","MeanState","global","scalar","Pg","164.017","100.0"
"EcosystemandCarbonCycle","Biomass","Thurner","TRENDYv15_CRUTS410_S3","Benchmark Period Mean (complement)","MeanState","global","scalar","Pg","10.308","100.0"
"EcosystemandCarbonCycle","Biomass","Thurner","TRENDYv15_CRUTS410_S3","Period Mean (original grids)","MeanState","global","scalar","Pg","620.02","100.0"
"EcosystemandCarbonCycle","Biomass","Thurner","TRENDYv15_CRUTS410_S3","Model Period Mean (intersection)","MeanState","global","scalar","Pg","270.327","100.0"
"EcosystemandCarbonCycle","Biomass","Thurner","TRENDYv15_CRUTS410_S3","Model Period Mean (complement)","MeanState","global","scalar","Pg","349.693","100.0"
"EcosystemandCarbonCycle","Biomass","Thurner","TRENDYv15_CRUTS410_S3","Spatial Distribution Score","MeanState","global","score","1","0.659597","100.0"
"EcosystemandCarbonCycle","Biomass","Thurner","TRENDYv15_CRUTS410_S3","Bias","MeanState","global","scalar","kg m-2","2.35384","100.0"
"EcosystemandCarbonCycle","Biomass","Thurner","TRENDYv15_CRUTS410_S3","Bias Score","MeanState","global","score","1","0.512121","100.0"
"EcosystemandCarbonCycle","Biomass","Thurner","TRENDYv15_CRUTS410_S3","Overall Score","MeanState","global","score","1","0.585859","100.0"
"EcosystemandCarbonCycle","Biomass","Thurner","NMIP3prod_SH1","Benchmark Period Mean (intersection)","MeanState","global","scalar","Pg","164.017","100.0"
"EcosystemandCarbonCycle","Biomass","Thurner","NMIP3prod_SH1","Benchmark Period Mean (complement)","MeanState","global","scalar","Pg","10.308","100.0"
"EcosystemandCarbonCycle","Biomass","Thurner","NMIP3prod_SH1","Period Mean (original grids)","MeanState","global","scalar","Pg","477.708","100.0"
"EcosystemandCarbonCycle","Biomass","Thurner","NMIP3prod_SH1","Model Period Mean (intersection)","MeanState","global","scalar","Pg","184.322","100.0"
"EcosystemandCarbonCycle","Biomass","Thurner","NMIP3prod_SH1","Model Period Mean (complement)","MeanState","global","scalar","Pg","293.386","100.0"
"EcosystemandCarbonCycle","Biomass","Thurner","NMIP3prod_SH1","Spatial Distribution Score","MeanState","global","score","1","0.618806","100.0"
"EcosystemandCarbonCycle","Biomass","Thurner","NMIP3prod_SH1","Bias","MeanState","global","scalar","kg m-2","0.449588","100.0"
"EcosystemandCarbonCycle","Biomass","Thurner","NMIP3prod_SH1","Bias Score","MeanState","global","score","1","0.546622","100.0"
"EcosystemandCarbonCycle","Biomass","Thurner","NMIP3prod_SH1","Overall Score","MeanState","global","score","1","0.582714","100.0"
"EcosystemandCarbonCycle","Biomass","Thurner","NMIP3_SH1","Benchmark Period Mean (intersection)","MeanState","global","scalar","Pg","164.017","100.0"
"EcosystemandCarbonCycle","Biomass","Thurner","NMIP3_SH1","Benchmark Period Mean (complement)","MeanState","global","scalar","Pg","10.308","100.0"
"EcosystemandCarbonCycle","Biomass","Thurner","NMIP3_SH1","Period Mean (original grids)","MeanState","global","scalar","Pg","479.038","100.0"
"EcosystemandCarbonCycle","Biomass","Thurner","NMIP3_SH1","Model Period Mean (intersection)","MeanState","global","scalar","Pg","185.452","100.0"
"EcosystemandCarbonCycle","Biomass","Thurner","NMIP3_SH1","Model Period Mean (complement)","MeanState","global","scalar","Pg","293.586","100.0"
"EcosystemandCarbonCycle","Biomass","Thurner","NMIP3_SH1","Spatial Distribution Score","MeanState","global","score","1","0.598628","100.0"
"EcosystemandCarbonCycle","Biomass","Thurner","NMIP3_SH1","Bias","MeanState","global","scalar","kg m-2","0.474596","100.0"
"EcosystemandCarbonCycle","Biomass","Thurner","NMIP3_SH1","Bias Score","MeanState","global","score","1","0.540507","100.0"
"EcosystemandCarbonCycle","Biomass","Thurner","NMIP3_SH1","Overall Score","MeanState","global","score","1","0.569568","100.0"
"EcosystemandCarbonCycle","Biomass","XuSaatchi","NMIP3_SH1","Benchmark Period Mean (intersection)","MeanState","global","scalar","Pg","474.84","100.0"
"EcosystemandCarbonCycle","Biomass","XuSaatchi","NMIP3_SH1","Benchmark Period Mean (complement)","MeanState","global","scalar","Pg","6.85758","100.0"
"EcosystemandCarbonCycle","Biomass","XuSaatchi","NMIP3_SH1","Period Mean (original grids)","MeanState","global","scalar","Pg","485.471","100.0"
"EcosystemandCarbonCycle","Biomass","XuSaatchi","NMIP3_SH1","Model Period Mean (intersection)","MeanState","global","scalar","Pg","485.469","100.0"
"EcosystemandCarbonCycle","Biomass","XuSaatchi","NMIP3_SH1","Model Period Mean (complement)","MeanState","global","scalar","Pg","0.00124804","100.0"
"EcosystemandCarbonCycle","Biomass","XuSaatchi","NMIP3_SH1","Spatial Distribution Score","MeanState","global","score","1","0.883419","100.0"
"EcosystemandCarbonCycle","Biomass","XuSaatchi","NMIP3_SH1","Bias","MeanState","global","scalar","kg m-2","0.113584","100.0"
"EcosystemandCarbonCycle","Biomass","XuSaatchi","NMIP3_SH1","Bias Score","MeanState","global","score","1","0.032727","100.0"
"EcosystemandCarbonCycle","Biomass","XuSaatchi","NMIP3_SH1","Overall Score","MeanState","global","score","1","0.458073","100.0"
"EcosystemandCarbonCycle","Biomass","XuSaatchi","midbnf","Benchmark Period Mean (intersection)","MeanState","global","scalar","Pg","474.84","100.0"
"EcosystemandCarbonCycle","Biomass","XuSaatchi","midbnf","Benchmark Period Mean (complement)","MeanState","global","scalar","Pg","6.85758","100.0"
"EcosystemandCarbonCycle","Biomass","XuSaatchi","midbnf","Period Mean (original grids)","MeanState","global","scalar","Pg","496.062","100.0"
"EcosystemandCarbonCycle","Biomass","XuSaatchi","midbnf","Model Period Mean (intersection)","MeanState","global","scalar","Pg","496.06","100.0"
"EcosystemandCarbonCycle","Biomass","XuSaatchi","midbnf","Model Period Mean (complement)","MeanState","global","scalar","Pg","0.00129327","100.0"
"EcosystemandCarbonCycle","Biomass","XuSaatchi","midbnf","Spatial Distribution Score","MeanState","global","score","1","0.895669","100.0"
"EcosystemandCarbonCycle","Biomass","XuSaatchi","midbnf","Bias","MeanState","global","scalar","kg m-2","0.19109","100.0"
"EcosystemandCarbonCycle","Biomass","XuSaatchi","midbnf","Bias Score","MeanState","global","score","1","0.03804","100.0"
"EcosystemandCarbonCycle","Biomass","XuSaatchi","midbnf","Overall Score","MeanState","global","score","1","0.466855","100.0"
"EcosystemandCarbonCycle","Biomass","XuSaatchi","TRENDYv15_CRUTS410_S3","Benchmark Period Mean (intersection)","MeanState","global","scalar","Pg","474.84","100.0"
"EcosystemandCarbonCycle","Biomass","XuSaatchi","TRENDYv15_CRUTS410_S3","Benchmark Period Mean (complement)","MeanState","global","scalar","Pg","6.85758","100.0"
"EcosystemandCarbonCycle","Biomass","XuSaatchi","TRENDYv15_CRUTS410_S3","Period Mean (original grids)","MeanState","global","scalar","Pg","629.044","100.0"
"EcosystemandCarbonCycle","Biomass","XuSaatchi","TRENDYv15_CRUTS410_S3","Model Period Mean (intersection)","MeanState","global","scalar","Pg","629.042","100.0"
"EcosystemandCarbonCycle","Biomass","XuSaatchi","TRENDYv15_CRUTS410_S3","Model Period Mean (complement)","MeanState","global","scalar","Pg","0.00245808","100.0"
"EcosystemandCarbonCycle","Biomass","XuSaatchi","TRENDYv15_CRUTS410_S3","Spatial Distribution Score","MeanState","global","score","1","0.895452","100.0"
"EcosystemandCarbonCycle","Biomass","XuSaatchi","TRENDYv15_CRUTS410_S3","Bias","MeanState","global","scalar","kg m-2","1.17595","100.0"
"EcosystemandCarbonCycle","Biomass","XuSaatchi","TRENDYv15_CRUTS410_S3","Bias Score","MeanState","global","score","1","0.0330611","100.0"
"EcosystemandCarbonCycle","Biomass","XuSaatchi","TRENDYv15_CRUTS410_S3","Overall Score","MeanState","global","score","1","0.464257","100.0"
"EcosystemandCarbonCycle","Biomass","XuSaatchi","upperbnf","Benchmark Period Mean (intersection)","MeanState","global","scalar","Pg","474.84","100.0"
"EcosystemandCarbonCycle","Biomass","XuSaatchi","upperbnf","Benchmark Period Mean (complement)","MeanState","global","scalar","Pg","6.85758","100.0"
"EcosystemandCarbonCycle","Biomass","XuSaatchi","upperbnf","Period Mean (original grids)","MeanState","global","scalar","Pg","501.992","100.0"
"EcosystemandCarbonCycle","Biomass","XuSaatchi","upperbnf","Model Period Mean (intersection)","MeanState","global","scalar","Pg","501.99","100.0"
"EcosystemandCarbonCycle","Biomass","XuSaatchi","upperbnf","Model Period Mean (complement)","MeanState","global","scalar","Pg","0.0013356","100.0"
"EcosystemandCarbonCycle","Biomass","XuSaatchi","upperbnf","Spatial Distribution Score","MeanState","global","score","1","0.897559","100.0"
"EcosystemandCarbonCycle","Biomass","XuSaatchi","upperbnf","Bias","MeanState","global","scalar","kg m-2","0.235105","100.0"
"EcosystemandCarbonCycle","Biomass","XuSaatchi","upperbnf","Bias Score","MeanState","global","score","1","0.0384614","100.0"
"EcosystemandCarbonCycle","Biomass","XuSaatchi","upperbnf","Overall Score","MeanState","global","score","1","0.46801","100.0"
"EcosystemandCarbonCycle","Biomass","XuSaatchi","NMIP3prod_SH1","Benchmark Period Mean (intersection)","MeanState","global","scalar","Pg","474.84","100.0"
"EcosystemandCarbonCycle","Biomass","XuSaatchi","NMIP3prod_SH1","Benchmark Period Mean (complement)","MeanState","global","scalar","Pg","6.85758","100.0"
"EcosystemandCarbonCycle","Biomass","XuSaatchi","NMIP3prod_SH1","Period Mean (original grids)","MeanState","global","scalar","Pg","484.242","100.0"
"EcosystemandCarbonCycle","Biomass","XuSaatchi","NMIP3prod_SH1","Model Period Mean (intersection)","MeanState","global","scalar","Pg","484.241","100.0"
"EcosystemandCarbonCycle","Biomass","XuSaatchi","NMIP3prod_SH1","Model Period Mean (complement)","MeanState","global","scalar","Pg","0.00123347","100.0"
"EcosystemandCarbonCycle","Biomass","XuSaatchi","NMIP3prod_SH1","Spatial Distribution Score","MeanState","global","score","1","0.886757","100.0"
"EcosystemandCarbonCycle","Biomass","XuSaatchi","NMIP3prod_SH1","Bias","MeanState","global","scalar","kg m-2","0.103743","100.0"
"EcosystemandCarbonCycle","Biomass","XuSaatchi","NMIP3prod_SH1","Bias Score","MeanState","global","score","1","0.0345906","100.0"
"EcosystemandCarbonCycle","Biomass","XuSaatchi","NMIP3prod_SH1","Overall Score","MeanState","global","score","1","0.460674","100.0"
"EcosystemandCarbonCycle","Biomass","XuSaatchi","baseline20260821","Benchmark Period Mean (intersection)","MeanState","global","scalar","Pg","474.84","100.0"
"EcosystemandCarbonCycle","Biomass","XuSaatchi","baseline20260821","Benchmark Period Mean (complement)","MeanState","global","scalar","Pg","6.85758","100.0"
"EcosystemandCarbonCycle","Biomass","XuSaatchi","baseline20260821","Period Mean (original grids)","MeanState","global","scalar","Pg","480.816","100.0"
"EcosystemandCarbonCycle","Biomass","XuSaatchi","baseline20260821","Model Period Mean (intersection)","MeanState","global","scalar","Pg","480.815","100.0"
"EcosystemandCarbonCycle","Biomass","XuSaatchi","baseline20260821","Model Period Mean (complement)","MeanState","global","scalar","Pg","0.00123347","100.0"
"EcosystemandCarbonCycle","Biomass","XuSaatchi","baseline20260821","Spatial Distribution Score","MeanState","global","score","1","0.886135","100.0"
"EcosystemandCarbonCycle","Biomass","XuSaatchi","baseline20260821","Bias","MeanState","global","scalar","kg m-2","0.0785472","100.0"
"EcosystemandCarbonCycle","Biomass","XuSaatchi","baseline20260821","Bias Score","MeanState","global","score","1","0.0342403","100.0"
"EcosystemandCarbonCycle","Biomass","XuSaatchi","baseline20260821","Overall Score","MeanState","global","score","1","0.460188","100.0"
"EcosystemandCarbonCycle","Biomass","ESACCI","NMIP3_SH1","Benchmark Period Mean (intersection)","MeanState","global","scalar","Pg","392.026","100.0"
"EcosystemandCarbonCycle","Biomass","ESACCI","NMIP3_SH1","Benchmark Period Mean (complement)","MeanState","global","scalar","Pg","7.12147","100.0"
"EcosystemandCarbonCycle","Biomass","ESACCI","NMIP3_SH1","Period Mean (original grids)","MeanState","global","scalar","Pg","486.058","100.0"
"EcosystemandCarbonCycle","Biomass","ESACCI","NMIP3_SH1","Model Period Mean (intersection)","MeanState","global","scalar","Pg","486.058","100.0"
"EcosystemandCarbonCycle","Biomass","ESACCI","NMIP3_SH1","Model Period Mean (complement)","MeanState","global","scalar","Pg","nan","100.0"
"EcosystemandCarbonCycle","Biomass","ESACCI","NMIP3_SH1","Spatial Distribution Score","MeanState","global","score","1","0.875403","100.0"
"EcosystemandCarbonCycle","Biomass","ESACCI","NMIP3_SH1","Bias","MeanState","global","scalar","kg m-2","0.720123","100.0"
"EcosystemandCarbonCycle","Biomass","ESACCI","NMIP3_SH1","Bias Score","MeanState","global","score","1","0.641658","100.0"
"EcosystemandCarbonCycle","Biomass","ESACCI","NMIP3_SH1","Overall Score","MeanState","global","score","1","0.758531","100.0"
"EcosystemandCarbonCycle","Biomass","ESACCI","midbnf","Benchmark Period Mean (intersection)","MeanState","global","scalar","Pg","392.026","100.0"
"EcosystemandCarbonCycle","Biomass","ESACCI","midbnf","Benchmark Period Mean (complement)","MeanState","global","scalar","Pg","7.12147","100.0"
"EcosystemandCarbonCycle","Biomass","ESACCI","midbnf","Period Mean (original grids)","MeanState","global","scalar","Pg","496.725","100.0"
"EcosystemandCarbonCycle","Biomass","ESACCI","midbnf","Model Period Mean (intersection)","MeanState","global","scalar","Pg","496.725","100.0"
"EcosystemandCarbonCycle","Biomass","ESACCI","midbnf","Model Period Mean (complement)","MeanState","global","scalar","Pg","nan","100.0"
"EcosystemandCarbonCycle","Biomass","ESACCI","midbnf","Spatial Distribution Score","MeanState","global","score","1","0.885277","100.0"
"EcosystemandCarbonCycle","Biomass","ESACCI","midbnf","Bias","MeanState","global","scalar","kg m-2","0.799202","100.0"
"EcosystemandCarbonCycle","Biomass","ESACCI","midbnf","Bias Score","MeanState","global","score","1","0.648618","100.0"
"EcosystemandCarbonCycle","Biomass","ESACCI","midbnf","Overall Score","MeanState","global","score","1","0.766948","100.0"
"EcosystemandCarbonCycle","Biomass","ESACCI","NMIP3prod_SH1","Benchmark Period Mean (intersection)","MeanState","global","scalar","Pg","392.026","100.0"
"EcosystemandCarbonCycle","Biomass","ESACCI","NMIP3prod_SH1","Benchmark Period Mean (complement)","MeanState","global","scalar","Pg","7.12147","100.0"
"EcosystemandCarbonCycle","Biomass","ESACCI","NMIP3prod_SH1","Period Mean (original grids)","MeanState","global","scalar","Pg","484.901","100.0"
"EcosystemandCarbonCycle","Biomass","ESACCI","NMIP3prod_SH1","Model Period Mean (intersection)","MeanState","global","scalar","Pg","484.901","100.0"
"EcosystemandCarbonCycle","Biomass","ESACCI","NMIP3prod_SH1","Model Period Mean (complement)","MeanState","global","scalar","Pg","nan","100.0"
"EcosystemandCarbonCycle","Biomass","ESACCI","NMIP3prod_SH1","Spatial Distribution Score","MeanState","global","score","1","0.878615","100.0"
"EcosystemandCarbonCycle","Biomass","ESACCI","NMIP3prod_SH1","Bias","MeanState","global","scalar","kg m-2","0.71153","100.0"
"EcosystemandCarbonCycle","Biomass","ESACCI","NMIP3prod_SH1","Bias Score","MeanState","global","score","1","0.644226","100.0"
"EcosystemandCarbonCycle","Biomass","ESACCI","NMIP3prod_SH1","Overall Score","MeanState","global","score","1","0.76142","100.0"
"EcosystemandCarbonCycle","Biomass","ESACCI","TRENDYv15_CRUTS410_S3","Benchmark Period Mean (intersection)","MeanState","global","scalar","Pg","392.026","100.0"
"EcosystemandCarbonCycle","Biomass","ESACCI","TRENDYv15_CRUTS410_S3","Benchmark Period Mean (complement)","MeanState","global","scalar","Pg","7.12147","100.0"
"EcosystemandCarbonCycle","Biomass","ESACCI","TRENDYv15_CRUTS410_S3","Period Mean (original grids)","MeanState","global","scalar","Pg","629.585","100.0"
"EcosystemandCarbonCycle","Biomass","ESACCI","TRENDYv15_CRUTS410_S3","Model Period Mean (intersection)","MeanState","global","scalar","Pg","629.585","100.0"
"EcosystemandCarbonCycle","Biomass","ESACCI","TRENDYv15_CRUTS410_S3","Model Period Mean (complement)","MeanState","global","scalar","Pg","nan","100.0"
"EcosystemandCarbonCycle","Biomass","ESACCI","TRENDYv15_CRUTS410_S3","Spatial Distribution Score","MeanState","global","score","1","0.872789","100.0"
"EcosystemandCarbonCycle","Biomass","ESACCI","TRENDYv15_CRUTS410_S3","Bias","MeanState","global","scalar","kg m-2","1.78451","100.0"
"EcosystemandCarbonCycle","Biomass","ESACCI","TRENDYv15_CRUTS410_S3","Bias Score","MeanState","global","score","1","0.637764","100.0"
"EcosystemandCarbonCycle","Biomass","ESACCI","TRENDYv15_CRUTS410_S3","Overall Score","MeanState","global","score","1","0.755277","100.0"
"EcosystemandCarbonCycle","Biomass","ESACCI","baseline20260821","Benchmark Period Mean (intersection)","MeanState","global","scalar","Pg","392.026","100.0"
"EcosystemandCarbonCycle","Biomass","ESACCI","baseline20260821","Benchmark Period Mean (complement)","MeanState","global","scalar","Pg","7.12147","100.0"
"EcosystemandCarbonCycle","Biomass","ESACCI","baseline20260821","Period Mean (original grids)","MeanState","global","scalar","Pg","481.315","100.0"
"EcosystemandCarbonCycle","Biomass","ESACCI","baseline20260821","Model Period Mean (intersection)","MeanState","global","scalar","Pg","481.315","100.0"
"EcosystemandCarbonCycle","Biomass","ESACCI","baseline20260821","Model Period Mean (complement)","MeanState","global","scalar","Pg","nan","100.0"
"EcosystemandCarbonCycle","Biomass","ESACCI","baseline20260821","Spatial Distribution Score","MeanState","global","score","1","0.878149","100.0"
"EcosystemandCarbonCycle","Biomass","ESACCI","baseline20260821","Bias","MeanState","global","scalar","kg m-2","0.684987","100.0"
"EcosystemandCarbonCycle","Biomass","ESACCI","baseline20260821","Bias Score","MeanState","global","score","1","0.642483","100.0"
"EcosystemandCarbonCycle","Biomass","ESACCI","baseline20260821","Overall Score","MeanState","global","score","1","0.760316","100.0"
"EcosystemandCarbonCycle","Biomass","ESACCI","upperbnf","Benchmark Period Mean (intersection)","MeanState","global","scalar","Pg","392.026","100.0"
"EcosystemandCarbonCycle","Biomass","ESACCI","upperbnf","Benchmark Period Mean (complement)","MeanState","global","scalar","Pg","7.12147","100.0"
"EcosystemandCarbonCycle","Biomass","ESACCI","upperbnf","Period Mean (original grids)","MeanState","global","scalar","Pg","502.705","100.0"
"EcosystemandCarbonCycle","Biomass","ESACCI","upperbnf","Model Period Mean (intersection)","MeanState","global","scalar","Pg","502.705","100.0"
"EcosystemandCarbonCycle","Biomass","ESACCI","upperbnf","Model Period Mean (complement)","MeanState","global","scalar","Pg","nan","100.0"
"EcosystemandCarbonCycle","Biomass","ESACCI","upperbnf","Spatial Distribution Score","MeanState","global","score","1","0.886306","100.0"
"EcosystemandCarbonCycle","Biomass","ESACCI","upperbnf","Bias","MeanState","global","scalar","kg m-2","0.843547","100.0"
"EcosystemandCarbonCycle","Biomass","ESACCI","upperbnf","Bias Score","MeanState","global","score","1","0.650029","100.0"
"EcosystemandCarbonCycle","Biomass","ESACCI","upperbnf","Overall Score","MeanState","global","score","1","0.768167","100.0"
"EcosystemandCarbonCycle","LeafAreaIndex","MODIS","NMIP3prod_SH1","Benchmark Period Mean (intersection)","MeanState","global","scalar","1","1.35735","45.0"
"EcosystemandCarbonCycle","LeafAreaIndex","MODIS","NMIP3prod_SH1","Benchmark Period Mean (complement)","MeanState","global","scalar","1","nan","45.0"
"EcosystemandCarbonCycle","LeafAreaIndex","MODIS","NMIP3prod_SH1","Period Mean (original grids)","MeanState","global","scalar","1","2.22883","45.0"
"EcosystemandCarbonCycle","LeafAreaIndex","MODIS","NMIP3prod_SH1","Model Period Mean (intersection)","MeanState","global","scalar","1","2.22883","45.0"
"EcosystemandCarbonCycle","LeafAreaIndex","MODIS","NMIP3prod_SH1","Model Period Mean (complement)","MeanState","global","scalar","1","nan","45.0"
"EcosystemandCarbonCycle","LeafAreaIndex","MODIS","NMIP3prod_SH1","Spatial Distribution Score","MeanState","global","score","1","0.738593","45.0"
"EcosystemandCarbonCycle","LeafAreaIndex","MODIS","NMIP3prod_SH1","Phase Shift","MeanState","global","scalar","months","1.97062","45.0"
"EcosystemandCarbonCycle","LeafAreaIndex","MODIS","NMIP3prod_SH1","Seasonal Cycle Score","MeanState","global","score","1","0.615726","45.0"
"EcosystemandCarbonCycle","LeafAreaIndex","MODIS","NMIP3prod_SH1","Bias","MeanState","global","scalar","1","0.871474","45.0"
"EcosystemandCarbonCycle","LeafAreaIndex","MODIS","NMIP3prod_SH1","Bias Score","MeanState","global","score","1","0.216656","45.0"
"EcosystemandCarbonCycle","LeafAreaIndex","MODIS","NMIP3prod_SH1","RMSE","MeanState","global","scalar","1","1.24405","45.0"
"EcosystemandCarbonCycle","LeafAreaIndex","MODIS","NMIP3prod_SH1","RMSE Score","MeanState","global","score","1","0.394137","45.0"
"EcosystemandCarbonCycle","LeafAreaIndex","MODIS","NMIP3prod_SH1","Overall Score","MeanState","global","score","1","0.47185","45.0"
"EcosystemandCarbonCycle","LeafAreaIndex","MODIS","NMIP3prod_SH1","Overall Score","Relationships","global","score","1","nan","45.0"
"EcosystemandCarbonCycle","LeafAreaIndex","MODIS","TRENDYv15_CRUTS410_S3","Benchmark Period Mean (intersection)","MeanState","global","scalar","1","1.35735","45.0"
"EcosystemandCarbonCycle","LeafAreaIndex","MODIS","TRENDYv15_CRUTS410_S3","Benchmark Period Mean (complement)","MeanState","global","scalar","1","nan","45.0"
"EcosystemandCarbonCycle","LeafAreaIndex","MODIS","TRENDYv15_CRUTS410_S3","Period Mean (original grids)","MeanState","global","scalar","1","1.93457","45.0"
"EcosystemandCarbonCycle","LeafAreaIndex","MODIS","TRENDYv15_CRUTS410_S3","Model Period Mean (intersection)","MeanState","global","scalar","1","1.93457","45.0"
"EcosystemandCarbonCycle","LeafAreaIndex","MODIS","TRENDYv15_CRUTS410_S3","Model Period Mean (complement)","MeanState","global","scalar","1","nan","45.0"
"EcosystemandCarbonCycle","LeafAreaIndex","MODIS","TRENDYv15_CRUTS410_S3","Spatial Distribution Score","MeanState","global","score","1","0.850733","45.0"
"EcosystemandCarbonCycle","LeafAreaIndex","MODIS","TRENDYv15_CRUTS410_S3","Phase Shift","MeanState","global","scalar","months","1.85243","45.0"
"EcosystemandCarbonCycle","LeafAreaIndex","MODIS","TRENDYv15_CRUTS410_S3","Seasonal Cycle Score","MeanState","global","score","1","0.614595","45.0"
"EcosystemandCarbonCycle","LeafAreaIndex","MODIS","TRENDYv15_CRUTS410_S3","Bias","MeanState","global","scalar","1","0.577221","45.0"
"EcosystemandCarbonCycle","LeafAreaIndex","MODIS","TRENDYv15_CRUTS410_S3","Bias Score","MeanState","global","score","1","0.252852","45.0"
"EcosystemandCarbonCycle","LeafAreaIndex","MODIS","TRENDYv15_CRUTS410_S3","RMSE","MeanState","global","scalar","1","0.952404","45.0"
"EcosystemandCarbonCycle","LeafAreaIndex","MODIS","TRENDYv15_CRUTS410_S3","RMSE Score","MeanState","global","score","1","0.368229","45.0"
"EcosystemandCarbonCycle","LeafAreaIndex","MODIS","TRENDYv15_CRUTS410_S3","Overall Score","MeanState","global","score","1","0.490927","45.0"
"EcosystemandCarbonCycle","LeafAreaIndex","MODIS","TRENDYv15_CRUTS410_S3","Precipitation|GPCPv2.3 Hellinger Distance","Relationships","global","scalar","1","0.678019","45.0"
"EcosystemandCarbonCycle","LeafAreaIndex","MODIS","TRENDYv15_CRUTS410_S3","Precipitation|GPCPv2.3 Score","Relationships","global","score","1","0.699509","45.0"
"EcosystemandCarbonCycle","LeafAreaIndex","MODIS","TRENDYv15_CRUTS410_S3","Overall Score","Relationships","global","score","1","0.699509","45.0"
"EcosystemandCarbonCycle","LeafAreaIndex","MODIS","NMIP3_SH1","Benchmark Period Mean (intersection)","MeanState","global","scalar","1","1.35735","45.0"
"EcosystemandCarbonCycle","LeafAreaIndex","MODIS","NMIP3_SH1","Benchmark Period Mean (complement)","MeanState","global","scalar","1","nan","45.0"
"EcosystemandCarbonCycle","LeafAreaIndex","MODIS","NMIP3_SH1","Period Mean (original grids)","MeanState","global","scalar","1","2.2438","45.0"
"EcosystemandCarbonCycle","LeafAreaIndex","MODIS","NMIP3_SH1","Model Period Mean (intersection)","MeanState","global","scalar","1","2.2438","45.0"
"EcosystemandCarbonCycle","LeafAreaIndex","MODIS","NMIP3_SH1","Model Period Mean (complement)","MeanState","global","scalar","1","nan","45.0"
"EcosystemandCarbonCycle","LeafAreaIndex","MODIS","NMIP3_SH1","Spatial Distribution Score","MeanState","global","score","1","0.739108","45.0"
"EcosystemandCarbonCycle","LeafAreaIndex","MODIS","NMIP3_SH1","Phase Shift","MeanState","global","scalar","months","1.97098","45.0"
"EcosystemandCarbonCycle","LeafAreaIndex","MODIS","NMIP3_SH1","Seasonal Cycle Score","MeanState","global","score","1","0.615508","45.0"
"EcosystemandCarbonCycle","LeafAreaIndex","MODIS","NMIP3_SH1","Bias","MeanState","global","scalar","1","0.886445","45.0"
"EcosystemandCarbonCycle","LeafAreaIndex","MODIS","NMIP3_SH1","Bias Score","MeanState","global","score","1","0.212563","45.0"
"EcosystemandCarbonCycle","LeafAreaIndex","MODIS","NMIP3_SH1","RMSE","MeanState","global","scalar","1","1.25621","45.0"
"EcosystemandCarbonCycle","LeafAreaIndex","MODIS","NMIP3_SH1","RMSE Score","MeanState","global","score","1","0.391615","45.0"
"EcosystemandCarbonCycle","LeafAreaIndex","MODIS","NMIP3_SH1","Overall Score","MeanState","global","score","1","0.470082","45.0"
"EcosystemandCarbonCycle","LeafAreaIndex","MODIS","NMIP3_SH1","Overall Score","Relationships","global","score","1","nan","45.0"
"EcosystemandCarbonCycle","LeafAreaIndex","MODIS","upperbnf","Benchmark Period Mean (intersection)","MeanState","global","scalar","1","1.35735","45.0"
"EcosystemandCarbonCycle","LeafAreaIndex","MODIS","upperbnf","Benchmark Period Mean (complement)","MeanState","global","scalar","1","nan","45.0"
"EcosystemandCarbonCycle","LeafAreaIndex","MODIS","upperbnf","Period Mean (original grids)","MeanState","global","scalar","1","2.29827","45.0"
"EcosystemandCarbonCycle","LeafAreaIndex","MODIS","upperbnf","Model Period Mean (intersection)","MeanState","global","scalar","1","2.29827","45.0"
"EcosystemandCarbonCycle","LeafAreaIndex","MODIS","upperbnf","Model Period Mean (complement)","MeanState","global","scalar","1","nan","45.0"
"EcosystemandCarbonCycle","LeafAreaIndex","MODIS","upperbnf","Spatial Distribution Score","MeanState","global","score","1","0.731504","45.0"
"EcosystemandCarbonCycle","LeafAreaIndex","MODIS","upperbnf","Phase Shift","MeanState","global","scalar","months","2.21845","45.0"
"EcosystemandCarbonCycle","LeafAreaIndex","MODIS","upperbnf","Seasonal Cycle Score","MeanState","global","score","1","0.569141","45.0"
"EcosystemandCarbonCycle","LeafAreaIndex","MODIS","upperbnf","Bias","MeanState","global","scalar","1","0.940922","45.0"
"EcosystemandCarbonCycle","LeafAreaIndex","MODIS","upperbnf","Bias Score","MeanState","global","score","1","0.224952","45.0"
"EcosystemandCarbonCycle","LeafAreaIndex","MODIS","upperbnf","RMSE","MeanState","global","scalar","1","1.24314","45.0"
"EcosystemandCarbonCycle","LeafAreaIndex","MODIS","upperbnf","RMSE Score","MeanState","global","score","1","0.33617","45.0"
"EcosystemandCarbonCycle","LeafAreaIndex","MODIS","upperbnf","Overall Score","MeanState","global","score","1","0.439587","45.0"
"EcosystemandCarbonCycle","LeafAreaIndex","MODIS","upperbnf","Overall Score","Relationships","global","score","1","nan","45.0"
"EcosystemandCarbonCycle","LeafAreaIndex","MODIS","baseline20260821","Benchmark Period Mean (intersection)","MeanState","global","scalar","1","1.35735","45.0"
"EcosystemandCarbonCycle","LeafAreaIndex","MODIS","baseline20260821","Benchmark Period Mean (complement)","MeanState","global","scalar","1","nan","45.0"
"EcosystemandCarbonCycle","LeafAreaIndex","MODIS","baseline20260821","Period Mean (original grids)","MeanState","global","scalar","1","2.41035","45.0"
"EcosystemandCarbonCycle","LeafAreaIndex","MODIS","baseline20260821","Model Period Mean (intersection)","MeanState","global","scalar","1","2.41035","45.0"
"EcosystemandCarbonCycle","LeafAreaIndex","MODIS","baseline20260821","Model Period Mean (complement)","MeanState","global","scalar","1","nan","45.0"
"EcosystemandCarbonCycle","LeafAreaIndex","MODIS","baseline20260821","Spatial Distribution Score","MeanState","global","score","1","0.742838","45.0"
"EcosystemandCarbonCycle","LeafAreaIndex","MODIS","baseline20260821","Phase Shift","MeanState","global","scalar","months","2.27241","45.0"
"EcosystemandCarbonCycle","LeafAreaIndex","MODIS","baseline20260821","Seasonal Cycle Score","MeanState","global","score","1","0.560384","45.0"
"EcosystemandCarbonCycle","LeafAreaIndex","MODIS","baseline20260821","Bias","MeanState","global","scalar","1","1.053","45.0"
"EcosystemandCarbonCycle","LeafAreaIndex","MODIS","baseline20260821","Bias Score","MeanState","global","score","1","0.201648","45.0"
"EcosystemandCarbonCycle","LeafAreaIndex","MODIS","baseline20260821","RMSE","MeanState","global","scalar","1","1.34038","45.0"
"EcosystemandCarbonCycle","LeafAreaIndex","MODIS","baseline20260821","RMSE Score","MeanState","global","score","1","0.334556","45.0"
"EcosystemandCarbonCycle","LeafAreaIndex","MODIS","baseline20260821","Overall Score","MeanState","global","score","1","0.434797","45.0"
"EcosystemandCarbonCycle","LeafAreaIndex","MODIS","baseline20260821","Overall Score","Relationships","global","score","1","nan","45.0"
"EcosystemandCarbonCycle","LeafAreaIndex","MODIS","midbnf","Benchmark Period Mean (intersection)","MeanState","global","scalar","1","1.35735","45.0"
"EcosystemandCarbonCycle","LeafAreaIndex","MODIS","midbnf","Benchmark Period Mean (complement)","MeanState","global","scalar","1","nan","45.0"
"EcosystemandCarbonCycle","LeafAreaIndex","MODIS","midbnf","Period Mean (original grids)","MeanState","global","scalar","1","2.38036","45.0"
"EcosystemandCarbonCycle","LeafAreaIndex","MODIS","midbnf","Model Period Mean (intersection)","MeanState","global","scalar","1","2.38036","45.0"
"EcosystemandCarbonCycle","LeafAreaIndex","MODIS","midbnf","Model Period Mean (complement)","MeanState","global","scalar","1","nan","45.0"
"EcosystemandCarbonCycle","LeafAreaIndex","MODIS","midbnf","Spatial Distribution Score","MeanState","global","score","1","0.709917","45.0"
"EcosystemandCarbonCycle","LeafAreaIndex","MODIS","midbnf","Phase Shift","MeanState","global","scalar","months","2.23498","45.0"
"EcosystemandCarbonCycle","LeafAreaIndex","MODIS","midbnf","Seasonal Cycle Score","MeanState","global","score","1","0.56642","45.0"
"EcosystemandCarbonCycle","LeafAreaIndex","MODIS","midbnf","Bias","MeanState","global","scalar","1","1.02301","45.0"
"EcosystemandCarbonCycle","LeafAreaIndex","MODIS","midbnf","Bias Score","MeanState","global","score","1","0.215698","45.0"
"EcosystemandCarbonCycle","LeafAreaIndex","MODIS","midbnf","RMSE","MeanState","global","scalar","1","1.32101","45.0"
"EcosystemandCarbonCycle","LeafAreaIndex","MODIS","midbnf","RMSE Score","MeanState","global","score","1","0.336083","45.0"
"EcosystemandCarbonCycle","LeafAreaIndex","MODIS","midbnf","Overall Score","MeanState","global","score","1","0.43284","45.0"
"EcosystemandCarbonCycle","LeafAreaIndex","MODIS","midbnf","Overall Score","Relationships","global","score","1","nan","45.0"
"EcosystemandCarbonCycle","LeafAreaIndex","AVH15C1","midbnf","Benchmark Period Mean (intersection)","MeanState","global","scalar","1","1.2191","45.0"
"EcosystemandCarbonCycle","LeafAreaIndex","AVH15C1","midbnf","Benchmark Period Mean (complement)","MeanState","global","scalar","1","1.41296","45.0"
"EcosystemandCarbonCycle","LeafAreaIndex","AVH15C1","midbnf","Period Mean (original grids)","MeanState","global","scalar","1","2.36604","45.0"
"EcosystemandCarbonCycle","LeafAreaIndex","AVH15C1","midbnf","Model Period Mean (intersection)","MeanState","global","scalar","1","2.36719","45.0"
"EcosystemandCarbonCycle","LeafAreaIndex","AVH15C1","midbnf","Model Period Mean (complement)","MeanState","global","scalar","1","0.279711","45.0"
"EcosystemandCarbonCycle","LeafAreaIndex","AVH15C1","midbnf","Spatial Distribution Score","MeanState","global","score","1","0.694269","45.0"
"EcosystemandCarbonCycle","LeafAreaIndex","AVH15C1","midbnf","Phase Shift","MeanState","global","scalar","months","2.34818","45.0"
"EcosystemandCarbonCycle","LeafAreaIndex","AVH15C1","midbnf","Seasonal Cycle Score","MeanState","global","score","1","0.608223","45.0"
"EcosystemandCarbonCycle","LeafAreaIndex","AVH15C1","midbnf","Bias","MeanState","global","scalar","1","1.14809","45.0"
"EcosystemandCarbonCycle","LeafAreaIndex","AVH15C1","midbnf","Bias Score","MeanState","global","score","1","0.193099","45.0"
"EcosystemandCarbonCycle","LeafAreaIndex","AVH15C1","midbnf","RMSE","MeanState","global","scalar","1","1.42949","45.0"
"EcosystemandCarbonCycle","LeafAreaIndex","AVH15C1","midbnf","RMSE Score","MeanState","global","score","1","0.474776","45.0"
"EcosystemandCarbonCycle","LeafAreaIndex","AVH15C1","midbnf","Overall Score","MeanState","global","score","1","0.489029","45.0"
"EcosystemandCarbonCycle","LeafAreaIndex","AVH15C1","midbnf","Overall Score","Relationships","global","score","1","nan","45.0"
"EcosystemandCarbonCycle","LeafAreaIndex","AVH15C1","upperbnf","Benchmark Period Mean (intersection)","MeanState","global","scalar","1","1.2191","45.0"
"EcosystemandCarbonCycle","LeafAreaIndex","AVH15C1","upperbnf","Benchmark Period Mean (complement)","MeanState","global","scalar","1","1.41296","45.0"
"EcosystemandCarbonCycle","LeafAreaIndex","AVH15C1","upperbnf","Period Mean (original grids)","MeanState","global","scalar","1","2.28114","45.0"
"EcosystemandCarbonCycle","LeafAreaIndex","AVH15C1","upperbnf","Model Period Mean (intersection)","MeanState","global","scalar","1","2.28224","45.0"
"EcosystemandCarbonCycle","LeafAreaIndex","AVH15C1","upperbnf","Model Period Mean (complement)","MeanState","global","scalar","1","0.277739","45.0"
"EcosystemandCarbonCycle","LeafAreaIndex","AVH15C1","upperbnf","Spatial Distribution Score","MeanState","global","score","1","0.718215","45.0"
"EcosystemandCarbonCycle","LeafAreaIndex","AVH15C1","upperbnf","Phase Shift","MeanState","global","scalar","months","2.33062","45.0"
"EcosystemandCarbonCycle","LeafAreaIndex","AVH15C1","upperbnf","Seasonal Cycle Score","MeanState","global","score","1","0.611253","45.0"
"EcosystemandCarbonCycle","LeafAreaIndex","AVH15C1","upperbnf","Bias","MeanState","global","scalar","1","1.06314","45.0"
"EcosystemandCarbonCycle","LeafAreaIndex","AVH15C1","upperbnf","Bias Score","MeanState","global","score","1","0.202221","45.0"
"EcosystemandCarbonCycle","LeafAreaIndex","AVH15C1","upperbnf","RMSE","MeanState","global","scalar","1","1.34772","45.0"
"EcosystemandCarbonCycle","LeafAreaIndex","AVH15C1","upperbnf","RMSE Score","MeanState","global","score","1","0.475708","45.0"
"EcosystemandCarbonCycle","LeafAreaIndex","AVH15C1","upperbnf","Overall Score","MeanState","global","score","1","0.496621","45.0"
"EcosystemandCarbonCycle","LeafAreaIndex","AVH15C1","upperbnf","Overall Score","Relationships","global","score","1","nan","45.0"
"EcosystemandCarbonCycle","LeafAreaIndex","AVH15C1","NMIP3prod_SH1","Benchmark Period Mean (intersection)","MeanState","global","scalar","1","1.2191","45.0"
"EcosystemandCarbonCycle","LeafAreaIndex","AVH15C1","NMIP3prod_SH1","Benchmark Period Mean (complement)","MeanState","global","scalar","1","1.41296","45.0"
"EcosystemandCarbonCycle","LeafAreaIndex","AVH15C1","NMIP3prod_SH1","Period Mean (original grids)","MeanState","global","scalar","1","2.21592","45.0"
"EcosystemandCarbonCycle","LeafAreaIndex","AVH15C1","NMIP3prod_SH1","Model Period Mean (intersection)","MeanState","global","scalar","1","2.21699","45.0"
"EcosystemandCarbonCycle","LeafAreaIndex","AVH15C1","NMIP3prod_SH1","Model Period Mean (complement)","MeanState","global","scalar","1","0.280391","45.0"
"EcosystemandCarbonCycle","LeafAreaIndex","AVH15C1","NMIP3prod_SH1","Spatial Distribution Score","MeanState","global","score","1","0.723788","45.0"
"EcosystemandCarbonCycle","LeafAreaIndex","AVH15C1","NMIP3prod_SH1","Phase Shift","MeanState","global","scalar","months","1.97092","45.0"
"EcosystemandCarbonCycle","LeafAreaIndex","AVH15C1","NMIP3prod_SH1","Seasonal Cycle Score","MeanState","global","score","1","0.682582","45.0"
"EcosystemandCarbonCycle","LeafAreaIndex","AVH15C1","NMIP3prod_SH1","Bias","MeanState","global","scalar","1","0.997883","45.0"
"EcosystemandCarbonCycle","LeafAreaIndex","AVH15C1","NMIP3prod_SH1","Bias Score","MeanState","global","score","1","0.21315","45.0"
"EcosystemandCarbonCycle","LeafAreaIndex","AVH15C1","NMIP3prod_SH1","RMSE","MeanState","global","scalar","1","1.32083","45.0"
"EcosystemandCarbonCycle","LeafAreaIndex","AVH15C1","NMIP3prod_SH1","RMSE Score","MeanState","global","score","1","0.536764","45.0"
"EcosystemandCarbonCycle","LeafAreaIndex","AVH15C1","NMIP3prod_SH1","Overall Score","MeanState","global","score","1","0.538609","45.0"
"EcosystemandCarbonCycle","LeafAreaIndex","AVH15C1","NMIP3prod_SH1","Overall Score","Relationships","global","score","1","nan","45.0"
"EcosystemandCarbonCycle","LeafAreaIndex","AVH15C1","baseline20260821","Benchmark Period Mean (intersection)","MeanState","global","scalar","1","1.2191","45.0"
"EcosystemandCarbonCycle","LeafAreaIndex","AVH15C1","baseline20260821","Benchmark Period Mean (complement)","MeanState","global","scalar","1","1.41296","45.0"
"EcosystemandCarbonCycle","LeafAreaIndex","AVH15C1","baseline20260821","Period Mean (original grids)","MeanState","global","scalar","1","2.39696","45.0"
"EcosystemandCarbonCycle","LeafAreaIndex","AVH15C1","baseline20260821","Model Period Mean (intersection)","MeanState","global","scalar","1","2.39813","45.0"
"EcosystemandCarbonCycle","LeafAreaIndex","AVH15C1","baseline20260821","Model Period Mean (complement)","MeanState","global","scalar","1","0.281158","45.0"
"EcosystemandCarbonCycle","LeafAreaIndex","AVH15C1","baseline20260821","Spatial Distribution Score","MeanState","global","score","1","0.724106","45.0"
"EcosystemandCarbonCycle","LeafAreaIndex","AVH15C1","baseline20260821","Phase Shift","MeanState","global","scalar","months","2.39826","45.0"
"EcosystemandCarbonCycle","LeafAreaIndex","AVH15C1","baseline20260821","Seasonal Cycle Score","MeanState","global","score","1","0.60131","45.0"
"EcosystemandCarbonCycle","LeafAreaIndex","AVH15C1","baseline20260821","Bias","MeanState","global","scalar","1","1.17902","45.0"
"EcosystemandCarbonCycle","LeafAreaIndex","AVH15C1","baseline20260821","Bias Score","MeanState","global","score","1","0.179779","45.0"
"EcosystemandCarbonCycle","LeafAreaIndex","AVH15C1","baseline20260821","RMSE","MeanState","global","scalar","1","1.4536","45.0"
"EcosystemandCarbonCycle","LeafAreaIndex","AVH15C1","baseline20260821","RMSE Score","MeanState","global","score","1","0.473159","45.0"
"EcosystemandCarbonCycle","LeafAreaIndex","AVH15C1","baseline20260821","Overall Score","MeanState","global","score","1","0.490303","45.0"
"EcosystemandCarbonCycle","LeafAreaIndex","AVH15C1","baseline20260821","Overall Score","Relationships","global","score","1","nan","45.0"
"EcosystemandCarbonCycle","LeafAreaIndex","AVH15C1","TRENDYv15_CRUTS410_S3","Benchmark Period Mean (intersection)","MeanState","global","scalar","1","1.2191","45.0"
"EcosystemandCarbonCycle","LeafAreaIndex","AVH15C1","TRENDYv15_CRUTS410_S3","Benchmark Period Mean (complement)","MeanState","global","scalar","1","1.41296","45.0"
"EcosystemandCarbonCycle","LeafAreaIndex","AVH15C1","TRENDYv15_CRUTS410_S3","Period Mean (original grids)","MeanState","global","scalar","1","1.91799","45.0"
"EcosystemandCarbonCycle","LeafAreaIndex","AVH15C1","TRENDYv15_CRUTS410_S3","Model Period Mean (intersection)","MeanState","global","scalar","1","1.91881","45.0"
"EcosystemandCarbonCycle","LeafAreaIndex","AVH15C1","TRENDYv15_CRUTS410_S3","Model Period Mean (complement)","MeanState","global","scalar","1","0.419165","45.0"
"EcosystemandCarbonCycle","LeafAreaIndex","AVH15C1","TRENDYv15_CRUTS410_S3","Spatial Distribution Score","MeanState","global","score","1","0.833835","45.0"
"EcosystemandCarbonCycle","LeafAreaIndex","AVH15C1","TRENDYv15_CRUTS410_S3","Phase Shift","MeanState","global","scalar","months","1.74651","45.0"
"EcosystemandCarbonCycle","LeafAreaIndex","AVH15C1","TRENDYv15_CRUTS410_S3","Seasonal Cycle Score","MeanState","global","score","1","0.720115","45.0"
"EcosystemandCarbonCycle","LeafAreaIndex","AVH15C1","TRENDYv15_CRUTS410_S3","Bias","MeanState","global","scalar","1","0.699711","45.0"
"EcosystemandCarbonCycle","LeafAreaIndex","AVH15C1","TRENDYv15_CRUTS410_S3","Bias Score","MeanState","global","score","1","0.285533","45.0"
"EcosystemandCarbonCycle","LeafAreaIndex","AVH15C1","TRENDYv15_CRUTS410_S3","RMSE","MeanState","global","scalar","1","1.0318","45.0"
"EcosystemandCarbonCycle","LeafAreaIndex","AVH15C1","TRENDYv15_CRUTS410_S3","RMSE Score","MeanState","global","score","1","0.557628","45.0"
"EcosystemandCarbonCycle","LeafAreaIndex","AVH15C1","TRENDYv15_CRUTS410_S3","Overall Score","MeanState","global","score","1","0.590948","45.0"
"EcosystemandCarbonCycle","LeafAreaIndex","AVH15C1","TRENDYv15_CRUTS410_S3","Precipitation|GPCPv2.3 Hellinger Distance","Relationships","global","scalar","1","0.58749","45.0"
"EcosystemandCarbonCycle","LeafAreaIndex","AVH15C1","TRENDYv15_CRUTS410_S3","Precipitation|GPCPv2.3 Score","Relationships","global","score","1","0.649713","45.0"
"EcosystemandCarbonCycle","LeafAreaIndex","AVH15C1","TRENDYv15_CRUTS410_S3","Overall Score","Relationships","global","score","1","0.649713","45.0"
"EcosystemandCarbonCycle","LeafAreaIndex","AVH15C1","NMIP3_SH1","Benchmark Period Mean (intersection)","MeanState","global","scalar","1","1.2191","45.0"
"EcosystemandCarbonCycle","LeafAreaIndex","AVH15C1","NMIP3_SH1","Benchmark Period Mean (complement)","MeanState","global","scalar","1","1.41296","45.0"
"EcosystemandCarbonCycle","LeafAreaIndex","AVH15C1","NMIP3_SH1","Period Mean (original grids)","MeanState","global","scalar","1","2.23037","45.0"
"EcosystemandCarbonCycle","LeafAreaIndex","AVH15C1","NMIP3_SH1","Model Period Mean (intersection)","MeanState","global","scalar","1","2.23145","45.0"
"EcosystemandCarbonCycle","LeafAreaIndex","AVH15C1","NMIP3_SH1","Model Period Mean (complement)","MeanState","global","scalar","1","0.279985","45.0"
"EcosystemandCarbonCycle","LeafAreaIndex","AVH15C1","NMIP3_SH1","Spatial Distribution Score","MeanState","global","score","1","0.723884","45.0"
"EcosystemandCarbonCycle","LeafAreaIndex","AVH15C1","NMIP3_SH1","Phase Shift","MeanState","global","scalar","months","1.97026","45.0"
"EcosystemandCarbonCycle","LeafAreaIndex","AVH15C1","NMIP3_SH1","Seasonal Cycle Score","MeanState","global","score","1","0.683257","45.0"
"EcosystemandCarbonCycle","LeafAreaIndex","AVH15C1","NMIP3_SH1","Bias","MeanState","global","scalar","1","1.01234","45.0"
"EcosystemandCarbonCycle","LeafAreaIndex","AVH15C1","NMIP3_SH1","Bias Score","MeanState","global","score","1","0.210163","45.0"
"EcosystemandCarbonCycle","LeafAreaIndex","AVH15C1","NMIP3_SH1","RMSE","MeanState","global","scalar","1","1.33399","45.0"
"EcosystemandCarbonCycle","LeafAreaIndex","AVH15C1","NMIP3_SH1","RMSE Score","MeanState","global","score","1","0.534288","45.0"
"EcosystemandCarbonCycle","LeafAreaIndex","AVH15C1","NMIP3_SH1","Overall Score","MeanState","global","score","1","0.537176","45.0"
"EcosystemandCarbonCycle","LeafAreaIndex","AVH15C1","NMIP3_SH1","Overall Score","Relationships","global","score","1","nan","45.0"
"EcosystemandCarbonCycle","CarbonDioxide","NOAA.Emulated","NMIP3_SH1","Amplitude Score","MeanState","global","score","1","0.612889","5.0"
"EcosystemandCarbonCycle","CarbonDioxide","NOAA.Emulated","NMIP3_SH1","Interannual Variability Score","MeanState","global","score","1","0.789535","5.0"
"EcosystemandCarbonCycle","CarbonDioxide","NOAA.Emulated","NMIP3_SH1","Max Phase Score","MeanState","global","score","1","0.396981","5.0"
"EcosystemandCarbonCycle","CarbonDioxide","NOAA.Emulated","NMIP3_SH1","Min Phase Score","MeanState","global","score","1","0.633912","5.0"
"EcosystemandCarbonCycle","CarbonDioxide","NOAA.Emulated","NMIP3_SH1","Overall Score","MeanState","global","score","1","0.608329","5.0"
"EcosystemandCarbonCycle","CarbonDioxide","NOAA.Emulated","NMIP3prod_SH1","Amplitude Score","MeanState","global","score","1","0.612643","5.0"
"EcosystemandCarbonCycle","CarbonDioxide","NOAA.Emulated","NMIP3prod_SH1","Interannual Variability Score","MeanState","global","score","1","0.791066","5.0"
"EcosystemandCarbonCycle","CarbonDioxide","NOAA.Emulated","NMIP3prod_SH1","Max Phase Score","MeanState","global","score","1","0.395911","5.0"
"EcosystemandCarbonCycle","CarbonDioxide","NOAA.Emulated","NMIP3prod_SH1","Min Phase Score","MeanState","global","score","1","0.634665","5.0"
"EcosystemandCarbonCycle","CarbonDioxide","NOAA.Emulated","NMIP3prod_SH1","Overall Score","MeanState","global","score","1","0.608572","5.0"
"EcosystemandCarbonCycle","CarbonDioxide","NOAA.Emulated","midbnf","Amplitude Score","MeanState","global","score","1","0.565871","5.0"
"EcosystemandCarbonCycle","CarbonDioxide","NOAA.Emulated","midbnf","Interannual Variability Score","MeanState","global","score","1","0.770063","5.0"
"EcosystemandCarbonCycle","CarbonDioxide","NOAA.Emulated","midbnf","Max Phase Score","MeanState","global","score","1","0.436225","5.0"
"EcosystemandCarbonCycle","CarbonDioxide","NOAA.Emulated","midbnf","Min Phase Score","MeanState","global","score","1","0.649479","5.0"
"EcosystemandCarbonCycle","CarbonDioxide","NOAA.Emulated","midbnf","Overall Score","MeanState","global","score","1","0.605409","5.0"
"EcosystemandCarbonCycle","CarbonDioxide","NOAA.Emulated","TRENDYv15_CRUTS410_S3","Amplitude Score","MeanState","global","score","1","0.677459","5.0"
"EcosystemandCarbonCycle","CarbonDioxide","NOAA.Emulated","TRENDYv15_CRUTS410_S3","Interannual Variability Score","MeanState","global","score","1","0.760896","5.0"
"EcosystemandCarbonCycle","CarbonDioxide","NOAA.Emulated","TRENDYv15_CRUTS410_S3","Max Phase Score","MeanState","global","score","1","0.550313","5.0"
"EcosystemandCarbonCycle","CarbonDioxide","NOAA.Emulated","TRENDYv15_CRUTS410_S3","Min Phase Score","MeanState","global","score","1","0.891474","5.0"
"EcosystemandCarbonCycle","CarbonDioxide","NOAA.Emulated","TRENDYv15_CRUTS410_S3","Overall Score","MeanState","global","score","1","0.720035","5.0"
"EcosystemandCarbonCycle","CarbonDioxide","NOAA.Emulated","upperbnf","Amplitude Score","MeanState","global","score","1","0.550013","5.0"
"EcosystemandCarbonCycle","CarbonDioxide","NOAA.Emulated","upperbnf","Interannual Variability Score","MeanState","global","score","1","0.77204","5.0"
"EcosystemandCarbonCycle","CarbonDioxide","NOAA.Emulated","upperbnf","Max Phase Score","MeanState","global","score","1","0.419854","5.0"
"EcosystemandCarbonCycle","CarbonDioxide","NOAA.Emulated","upperbnf","Min Phase Score","MeanState","global","score","1","0.667557","5.0"
"EcosystemandCarbonCycle","CarbonDioxide","NOAA.Emulated","upperbnf","Overall Score","MeanState","global","score","1","0.602366","5.0"
"EcosystemandCarbonCycle","CarbonDioxide","NOAA.Emulated","baseline20260821","Amplitude Score","MeanState","global","score","1","0.603669","5.0"
"EcosystemandCarbonCycle","CarbonDioxide","NOAA.Emulated","baseline20260821","Interannual Variability Score","MeanState","global","score","1","0.757959","5.0"
"EcosystemandCarbonCycle","CarbonDioxide","NOAA.Emulated","baseline20260821","Max Phase Score","MeanState","global","score","1","0.432405","5.0"
"EcosystemandCarbonCycle","CarbonDioxide","NOAA.Emulated","baseline20260821","Min Phase Score","MeanState","global","score","1","0.645214","5.0"
"EcosystemandCarbonCycle","CarbonDioxide","NOAA.Emulated","baseline20260821","Overall Score","MeanState","global","score","1","0.609812","5.0"
"EcosystemandCarbonCycle","GrossPrimaryProductivity","FLUXNET2015","TRENDYv15_CRUTS410_S3","Period Mean (original grids)","MeanState","global","scalar","g m-2 d-1","3.54197","45.0"
"EcosystemandCarbonCycle","GrossPrimaryProductivity","FLUXNET2015","TRENDYv15_CRUTS410_S3","Bias","MeanState","global","scalar","g m-2 d-1","0.188454","45.0"
"EcosystemandCarbonCycle","GrossPrimaryProductivity","FLUXNET2015","TRENDYv15_CRUTS410_S3","Bias Score","MeanState","global","score","1","0.652496","45.0"
"EcosystemandCarbonCycle","GrossPrimaryProductivity","FLUXNET2015","TRENDYv15_CRUTS410_S3","Phase Shift","MeanState","global","scalar","months","1.15149","45.0"
"EcosystemandCarbonCycle","GrossPrimaryProductivity","FLUXNET2015","TRENDYv15_CRUTS410_S3","Seasonal Cycle Score","MeanState","global","score","1","0.869687","45.0"
"EcosystemandCarbonCycle","GrossPrimaryProductivity","FLUXNET2015","TRENDYv15_CRUTS410_S3","RMSE","MeanState","global","scalar","g m-2 d-1","2.71158","45.0"
"EcosystemandCarbonCycle","GrossPrimaryProductivity","FLUXNET2015","TRENDYv15_CRUTS410_S3","RMSE Score","MeanState","global","score","1","0.430443","45.0"
"EcosystemandCarbonCycle","GrossPrimaryProductivity","FLUXNET2015","TRENDYv15_CRUTS410_S3","Overall Score","MeanState","global","score","1","0.595767","45.0"
"EcosystemandCarbonCycle","GrossPrimaryProductivity","FLUXNET2015","upperbnf","Period Mean (original grids)","MeanState","global","scalar","g m-2 d-1","2.68483","45.0"
"EcosystemandCarbonCycle","GrossPrimaryProductivity","FLUXNET2015","upperbnf","Bias","MeanState","global","scalar","g m-2 d-1","-0.668691","45.0"
"EcosystemandCarbonCycle","GrossPrimaryProductivity","FLUXNET2015","upperbnf","Bias Score","MeanState","global","score","1","0.596076","45.0"
"EcosystemandCarbonCycle","GrossPrimaryProductivity","FLUXNET2015","upperbnf","Phase Shift","MeanState","global","scalar","months","1.2821","45.0"
"EcosystemandCarbonCycle","GrossPrimaryProductivity","FLUXNET2015","upperbnf","Seasonal Cycle Score","MeanState","global","score","1","0.843787","45.0"
"EcosystemandCarbonCycle","GrossPrimaryProductivity","FLUXNET2015","upperbnf","RMSE","MeanState","global","scalar","g m-2 d-1","2.53647","45.0"
"EcosystemandCarbonCycle","GrossPrimaryProductivity","FLUXNET2015","upperbnf","RMSE Score","MeanState","global","score","1","0.447264","45.0"
"EcosystemandCarbonCycle","GrossPrimaryProductivity","FLUXNET2015","upperbnf","Overall Score","MeanState","global","score","1","0.583598","45.0"
"EcosystemandCarbonCycle","GrossPrimaryProductivity","FLUXNET2015","NMIP3_SH1","Period Mean (original grids)","MeanState","global","scalar","g m-2 d-1","2.70852","45.0"
"EcosystemandCarbonCycle","GrossPrimaryProductivity","FLUXNET2015","NMIP3_SH1","Bias","MeanState","global","scalar","g m-2 d-1","-0.645","45.0"
"EcosystemandCarbonCycle","GrossPrimaryProductivity","FLUXNET2015","NMIP3_SH1","Bias Score","MeanState","global","score","1","0.603379","45.0"
"EcosystemandCarbonCycle","GrossPrimaryProductivity","FLUXNET2015","NMIP3_SH1","Phase Shift","MeanState","global","scalar","months","1.29884","45.0"
"EcosystemandCarbonCycle","GrossPrimaryProductivity","FLUXNET2015","NMIP3_SH1","Seasonal Cycle Score","MeanState","global","score","1","0.853971","45.0"
"EcosystemandCarbonCycle","GrossPrimaryProductivity","FLUXNET2015","NMIP3_SH1","RMSE","MeanState","global","scalar","g m-2 d-1","2.48146","45.0"
"EcosystemandCarbonCycle","GrossPrimaryProductivity","FLUXNET2015","NMIP3_SH1","RMSE Score","MeanState","global","score","1","0.453406","45.0"
"EcosystemandCarbonCycle","GrossPrimaryProductivity","FLUXNET2015","NMIP3_SH1","Overall Score","MeanState","global","score","1","0.59104","45.0"
"EcosystemandCarbonCycle","GrossPrimaryProductivity","FLUXNET2015","NMIP3prod_SH1","Period Mean (original grids)","MeanState","global","scalar","g m-2 d-1","2.71226","45.0"
"EcosystemandCarbonCycle","GrossPrimaryProductivity","FLUXNET2015","NMIP3prod_SH1","Bias","MeanState","global","scalar","g m-2 d-1","-0.641258","45.0"
"EcosystemandCarbonCycle","GrossPrimaryProductivity","FLUXNET2015","NMIP3prod_SH1","Bias Score","MeanState","global","score","1","0.60321","45.0"
"EcosystemandCarbonCycle","GrossPrimaryProductivity","FLUXNET2015","NMIP3prod_SH1","Phase Shift","MeanState","global","scalar","months","1.31394","45.0"
"EcosystemandCarbonCycle","GrossPrimaryProductivity","FLUXNET2015","NMIP3prod_SH1","Seasonal Cycle Score","MeanState","global","score","1","0.850835","45.0"
"EcosystemandCarbonCycle","GrossPrimaryProductivity","FLUXNET2015","NMIP3prod_SH1","RMSE","MeanState","global","scalar","g m-2 d-1","2.48486","45.0"
"EcosystemandCarbonCycle","GrossPrimaryProductivity","FLUXNET2015","NMIP3prod_SH1","RMSE Score","MeanState","global","score","1","0.453577","45.0"
"EcosystemandCarbonCycle","GrossPrimaryProductivity","FLUXNET2015","NMIP3prod_SH1","Overall Score","MeanState","global","score","1","0.590299","45.0"
"EcosystemandCarbonCycle","GrossPrimaryProductivity","FLUXNET2015","midbnf","Period Mean (original grids)","MeanState","global","scalar","g m-2 d-1","2.65542","45.0"
"EcosystemandCarbonCycle","GrossPrimaryProductivity","FLUXNET2015","midbnf","Bias","MeanState","global","scalar","g m-2 d-1","-0.698096","45.0"
"EcosystemandCarbonCycle","GrossPrimaryProductivity","FLUXNET2015","midbnf","Bias Score","MeanState","global","score","1","0.594451","45.0"
"EcosystemandCarbonCycle","GrossPrimaryProductivity","FLUXNET2015","midbnf","Phase Shift","MeanState","global","scalar","months","1.30685","45.0"
"EcosystemandCarbonCycle","GrossPrimaryProductivity","FLUXNET2015","midbnf","Seasonal Cycle Score","MeanState","global","score","1","0.842425","45.0"
"EcosystemandCarbonCycle","GrossPrimaryProductivity","FLUXNET2015","midbnf","RMSE","MeanState","global","scalar","g m-2 d-1","2.51901","45.0"
"EcosystemandCarbonCycle","GrossPrimaryProductivity","FLUXNET2015","midbnf","RMSE Score","MeanState","global","score","1","0.450058","45.0"
"EcosystemandCarbonCycle","GrossPrimaryProductivity","FLUXNET2015","midbnf","Overall Score","MeanState","global","score","1","0.584248","45.0"
"EcosystemandCarbonCycle","GrossPrimaryProductivity","FLUXNET2015","baseline20260821","Period Mean (original grids)","MeanState","global","scalar","g m-2 d-1","2.59285","45.0"
"EcosystemandCarbonCycle","GrossPrimaryProductivity","FLUXNET2015","baseline20260821","Bias","MeanState","global","scalar","g m-2 d-1","-0.760668","45.0"
"EcosystemandCarbonCycle","GrossPrimaryProductivity","FLUXNET2015","baseline20260821","Bias Score","MeanState","global","score","1","0.588422","45.0"
"EcosystemandCarbonCycle","GrossPrimaryProductivity","FLUXNET2015","baseline20260821","Phase Shift","MeanState","global","scalar","months","1.30767","45.0"
"EcosystemandCarbonCycle","GrossPrimaryProductivity","FLUXNET2015","baseline20260821","Seasonal Cycle Score","MeanState","global","score","1","0.842427","45.0"
"EcosystemandCarbonCycle","GrossPrimaryProductivity","FLUXNET2015","baseline20260821","RMSE","MeanState","global","scalar","g m-2 d-1","2.51387","45.0"
"EcosystemandCarbonCycle","GrossPrimaryProductivity","FLUXNET2015","baseline20260821","RMSE Score","MeanState","global","score","1","0.453527","45.0"
"EcosystemandCarbonCycle","GrossPrimaryProductivity","FLUXNET2015","baseline20260821","Overall Score","MeanState","global","score","1","0.584475","45.0"
"EcosystemandCarbonCycle","GrossPrimaryProductivity","WECANN","midbnf","Benchmark Period Mean (intersection)","MeanState","global","scalar","Pg yr-1","114.05","75.0"
"EcosystemandCarbonCycle","GrossPrimaryProductivity","WECANN","midbnf","Benchmark Period Mean (complement)","MeanState","global","scalar","Pg yr-1","1.89796","75.0"
"EcosystemandCarbonCycle","GrossPrimaryProductivity","WECANN","midbnf","Period Mean (original grids)","MeanState","global","scalar","Pg yr-1","124.986","75.0"
"EcosystemandCarbonCycle","GrossPrimaryProductivity","WECANN","midbnf","Model Period Mean (intersection)","MeanState","global","scalar","Pg yr-1","119.079","75.0"
"EcosystemandCarbonCycle","GrossPrimaryProductivity","WECANN","midbnf","Model Period Mean (complement)","MeanState","global","scalar","Pg yr-1","5.9068","75.0"
"EcosystemandCarbonCycle","GrossPrimaryProductivity","WECANN","midbnf","Spatial Distribution Score","MeanState","global","score","1","0.960951","75.0"
"EcosystemandCarbonCycle","GrossPrimaryProductivity","WECANN","midbnf","Phase Shift","MeanState","global","scalar","months","1.42362","75.0"
"EcosystemandCarbonCycle","GrossPrimaryProductivity","WECANN","midbnf","Seasonal Cycle Score","MeanState","global","score","1","0.784709","75.0"
"EcosystemandCarbonCycle","GrossPrimaryProductivity","WECANN","midbnf","Bias","MeanState","global","scalar","g m-2 d-1","0.107416","75.0"
"EcosystemandCarbonCycle","GrossPrimaryProductivity","WECANN","midbnf","Bias Score","MeanState","global","score","1","0.603088","75.0"
"EcosystemandCarbonCycle","GrossPrimaryProductivity","WECANN","midbnf","RMSE","MeanState","global","scalar","g m-2 d-1","1.23974","75.0"
"EcosystemandCarbonCycle","GrossPrimaryProductivity","WECANN","midbnf","RMSE Score","MeanState","global","score","1","0.521589","75.0"
"EcosystemandCarbonCycle","GrossPrimaryProductivity","WECANN","midbnf","Overall Score","MeanState","global","score","1","0.678385","75.0"
"EcosystemandCarbonCycle","GrossPrimaryProductivity","WECANN","baseline20260821","Benchmark Period Mean (intersection)","MeanState","global","scalar","Pg yr-1","114.05","75.0"
"EcosystemandCarbonCycle","GrossPrimaryProductivity","WECANN","baseline20260821","Benchmark Period Mean (complement)","MeanState","global","scalar","Pg yr-1","1.89796","75.0"
"EcosystemandCarbonCycle","GrossPrimaryProductivity","WECANN","baseline20260821","Period Mean (original grids)","MeanState","global","scalar","Pg yr-1","118.481","75.0"
"EcosystemandCarbonCycle","GrossPrimaryProductivity","WECANN","baseline20260821","Model Period Mean (intersection)","MeanState","global","scalar","Pg yr-1","112.861","75.0"
"EcosystemandCarbonCycle","GrossPrimaryProductivity","WECANN","baseline20260821","Model Period Mean (complement)","MeanState","global","scalar","Pg yr-1","5.62022","75.0"
"EcosystemandCarbonCycle","GrossPrimaryProductivity","WECANN","baseline20260821","Spatial Distribution Score","MeanState","global","score","1","0.961578","75.0"
"EcosystemandCarbonCycle","GrossPrimaryProductivity","WECANN","baseline20260821","Phase Shift","MeanState","global","scalar","months","1.44212","75.0"
"EcosystemandCarbonCycle","GrossPrimaryProductivity","WECANN","baseline20260821","Seasonal Cycle Score","MeanState","global","score","1","0.78282","75.0"
"EcosystemandCarbonCycle","GrossPrimaryProductivity","WECANN","baseline20260821","Bias","MeanState","global","scalar","g m-2 d-1","-0.0254019","75.0"
"EcosystemandCarbonCycle","GrossPrimaryProductivity","WECANN","baseline20260821","Bias Score","MeanState","global","score","1","0.578333","75.0"
"EcosystemandCarbonCycle","GrossPrimaryProductivity","WECANN","baseline20260821","RMSE","MeanState","global","scalar","g m-2 d-1","1.26321","75.0"
"EcosystemandCarbonCycle","GrossPrimaryProductivity","WECANN","baseline20260821","RMSE Score","MeanState","global","score","1","0.522245","75.0"
"EcosystemandCarbonCycle","GrossPrimaryProductivity","WECANN","baseline20260821","Overall Score","MeanState","global","score","1","0.673444","75.0"
"EcosystemandCarbonCycle","GrossPrimaryProductivity","WECANN","NMIP3_SH1","Benchmark Period Mean (intersection)","MeanState","global","scalar","Pg yr-1","114.05","75.0"
"EcosystemandCarbonCycle","GrossPrimaryProductivity","WECANN","NMIP3_SH1","Benchmark Period Mean (complement)","MeanState","global","scalar","Pg yr-1","1.89796","75.0"
"EcosystemandCarbonCycle","GrossPrimaryProductivity","WECANN","NMIP3_SH1","Period Mean (original grids)","MeanState","global","scalar","Pg yr-1","124.613","75.0"
"EcosystemandCarbonCycle","GrossPrimaryProductivity","WECANN","NMIP3_SH1","Model Period Mean (intersection)","MeanState","global","scalar","Pg yr-1","118.698","75.0"
"EcosystemandCarbonCycle","GrossPrimaryProductivity","WECANN","NMIP3_SH1","Model Period Mean (complement)","MeanState","global","scalar","Pg yr-1","5.91463","75.0"
"EcosystemandCarbonCycle","GrossPrimaryProductivity","WECANN","NMIP3_SH1","Spatial Distribution Score","MeanState","global","score","1","0.9556","75.0"
"EcosystemandCarbonCycle","GrossPrimaryProductivity","WECANN","NMIP3_SH1","Phase Shift","MeanState","global","scalar","months","1.44876","75.0"
"EcosystemandCarbonCycle","GrossPrimaryProductivity","WECANN","NMIP3_SH1","Seasonal Cycle Score","MeanState","global","score","1","0.780811","75.0"
"EcosystemandCarbonCycle","GrossPrimaryProductivity","WECANN","NMIP3_SH1","Bias","MeanState","global","scalar","g m-2 d-1","0.0992802","75.0"
"EcosystemandCarbonCycle","GrossPrimaryProductivity","WECANN","NMIP3_SH1","Bias Score","MeanState","global","score","1","0.595184","75.0"
"EcosystemandCarbonCycle","GrossPrimaryProductivity","WECANN","NMIP3_SH1","RMSE","MeanState","global","scalar","g m-2 d-1","1.26651","75.0"
"EcosystemandCarbonCycle","GrossPrimaryProductivity","WECANN","NMIP3_SH1","RMSE Score","MeanState","global","score","1","0.508825","75.0"
"EcosystemandCarbonCycle","GrossPrimaryProductivity","WECANN","NMIP3_SH1","Overall Score","MeanState","global","score","1","0.669849","75.0"
"EcosystemandCarbonCycle","GrossPrimaryProductivity","WECANN","NMIP3prod_SH1","Benchmark Period Mean (intersection)","MeanState","global","scalar","Pg yr-1","114.05","75.0"
"EcosystemandCarbonCycle","GrossPrimaryProductivity","WECANN","NMIP3prod_SH1","Benchmark Period Mean (complement)","MeanState","global","scalar","Pg yr-1","1.89796","75.0"
"EcosystemandCarbonCycle","GrossPrimaryProductivity","WECANN","NMIP3prod_SH1","Period Mean (original grids)","MeanState","global","scalar","Pg yr-1","124.764","75.0"
"EcosystemandCarbonCycle","GrossPrimaryProductivity","WECANN","NMIP3prod_SH1","Model Period Mean (intersection)","MeanState","global","scalar","Pg yr-1","118.851","75.0"
"EcosystemandCarbonCycle","GrossPrimaryProductivity","WECANN","NMIP3prod_SH1","Model Period Mean (complement)","MeanState","global","scalar","Pg yr-1","5.91248","75.0"
"EcosystemandCarbonCycle","GrossPrimaryProductivity","WECANN","NMIP3prod_SH1","Spatial Distribution Score","MeanState","global","score","1","0.955852","75.0"
"EcosystemandCarbonCycle","GrossPrimaryProductivity","WECANN","NMIP3prod_SH1","Phase Shift","MeanState","global","scalar","months","1.45008","75.0"
"EcosystemandCarbonCycle","GrossPrimaryProductivity","WECANN","NMIP3prod_SH1","Seasonal Cycle Score","MeanState","global","score","1","0.780538","75.0"
"EcosystemandCarbonCycle","GrossPrimaryProductivity","WECANN","NMIP3prod_SH1","Bias","MeanState","global","scalar","g m-2 d-1","0.102544","75.0"
"EcosystemandCarbonCycle","GrossPrimaryProductivity","WECANN","NMIP3prod_SH1","Bias Score","MeanState","global","score","1","0.595064","75.0"
"EcosystemandCarbonCycle","GrossPrimaryProductivity","WECANN","NMIP3prod_SH1","RMSE","MeanState","global","scalar","g m-2 d-1","1.2702","75.0"
"EcosystemandCarbonCycle","GrossPrimaryProductivity","WECANN","NMIP3prod_SH1","RMSE Score","MeanState","global","score","1","0.508555","75.0"
"EcosystemandCarbonCycle","GrossPrimaryProductivity","WECANN","NMIP3prod_SH1","Overall Score","MeanState","global","score","1","0.669713","75.0"
"EcosystemandCarbonCycle","GrossPrimaryProductivity","WECANN","TRENDYv15_CRUTS410_S3","Benchmark Period Mean (intersection)","MeanState","global","scalar","Pg yr-1","114.05","75.0"
"EcosystemandCarbonCycle","GrossPrimaryProductivity","WECANN","TRENDYv15_CRUTS410_S3","Benchmark Period Mean (complement)","MeanState","global","scalar","Pg yr-1","1.89796","75.0"
"EcosystemandCarbonCycle","GrossPrimaryProductivity","WECANN","TRENDYv15_CRUTS410_S3","Period Mean (original grids)","MeanState","global","scalar","Pg yr-1","143.325","75.0"
"EcosystemandCarbonCycle","GrossPrimaryProductivity","WECANN","TRENDYv15_CRUTS410_S3","Model Period Mean (intersection)","MeanState","global","scalar","Pg yr-1","136.909","75.0"
"EcosystemandCarbonCycle","GrossPrimaryProductivity","WECANN","TRENDYv15_CRUTS410_S3","Model Period Mean (complement)","MeanState","global","scalar","Pg yr-1","6.41583","75.0"
"EcosystemandCarbonCycle","GrossPrimaryProductivity","WECANN","TRENDYv15_CRUTS410_S3","Spatial Distribution Score","MeanState","global","score","1","0.958101","75.0"
"EcosystemandCarbonCycle","GrossPrimaryProductivity","WECANN","TRENDYv15_CRUTS410_S3","Phase Shift","MeanState","global","scalar","months","1.54486","75.0"
"EcosystemandCarbonCycle","GrossPrimaryProductivity","WECANN","TRENDYv15_CRUTS410_S3","Seasonal Cycle Score","MeanState","global","score","1","0.727238","75.0"
"EcosystemandCarbonCycle","GrossPrimaryProductivity","WECANN","TRENDYv15_CRUTS410_S3","Bias","MeanState","global","scalar","g m-2 d-1","0.48821","75.0"
"EcosystemandCarbonCycle","GrossPrimaryProductivity","WECANN","TRENDYv15_CRUTS410_S3","Bias Score","MeanState","global","score","1","0.572234","75.0"
"EcosystemandCarbonCycle","GrossPrimaryProductivity","WECANN","TRENDYv15_CRUTS410_S3","RMSE","MeanState","global","scalar","g m-2 d-1","1.54761","75.0"
"EcosystemandCarbonCycle","GrossPrimaryProductivity","WECANN","TRENDYv15_CRUTS410_S3","RMSE Score","MeanState","global","score","1","0.466162","75.0"
"EcosystemandCarbonCycle","GrossPrimaryProductivity","WECANN","TRENDYv15_CRUTS410_S3","Overall Score","MeanState","global","score","1","0.63798","75.0"
"EcosystemandCarbonCycle","GrossPrimaryProductivity","WECANN","upperbnf","Benchmark Period Mean (intersection)","MeanState","global","scalar","Pg yr-1","114.05","75.0"
"EcosystemandCarbonCycle","GrossPrimaryProductivity","WECANN","upperbnf","Benchmark Period Mean (complement)","MeanState","global","scalar","Pg yr-1","1.89796","75.0"
"EcosystemandCarbonCycle","GrossPrimaryProductivity","WECANN","upperbnf","Period Mean (original grids)","MeanState","global","scalar","Pg yr-1","127.3","75.0"
"EcosystemandCarbonCycle","GrossPrimaryProductivity","WECANN","upperbnf","Model Period Mean (intersection)","MeanState","global","scalar","Pg yr-1","121.309","75.0"
"EcosystemandCarbonCycle","GrossPrimaryProductivity","WECANN","upperbnf","Model Period Mean (complement)","MeanState","global","scalar","Pg yr-1","5.99087","75.0"
"EcosystemandCarbonCycle","GrossPrimaryProductivity","WECANN","upperbnf","Spatial Distribution Score","MeanState","global","score","1","0.958909","75.0"
"EcosystemandCarbonCycle","GrossPrimaryProductivity","WECANN","upperbnf","Phase Shift","MeanState","global","scalar","months","1.42512","75.0"
"EcosystemandCarbonCycle","GrossPrimaryProductivity","WECANN","upperbnf","Seasonal Cycle Score","MeanState","global","score","1","0.782802","75.0"
"EcosystemandCarbonCycle","GrossPrimaryProductivity","WECANN","upperbnf","Bias","MeanState","global","scalar","g m-2 d-1","0.155038","75.0"
"EcosystemandCarbonCycle","GrossPrimaryProductivity","WECANN","upperbnf","Bias Score","MeanState","global","score","1","0.606423","75.0"
"EcosystemandCarbonCycle","GrossPrimaryProductivity","WECANN","upperbnf","RMSE","MeanState","global","scalar","g m-2 d-1","1.24845","75.0"
"EcosystemandCarbonCycle","GrossPrimaryProductivity","WECANN","upperbnf","RMSE Score","MeanState","global","score","1","0.515703","75.0"
"EcosystemandCarbonCycle","GrossPrimaryProductivity","WECANN","upperbnf","Overall Score","MeanState","global","score","1","0.675908","75.0"
"EcosystemandCarbonCycle","GrossPrimaryProductivity","FLUXCOM","midbnf","Benchmark Period Mean (intersection)","MeanState","global","scalar","Pg yr-1","113.71","75.0"
"EcosystemandCarbonCycle","GrossPrimaryProductivity","FLUXCOM","midbnf","Benchmark Period Mean (complement)","MeanState","global","scalar","Pg yr-1","nan","75.0"
"EcosystemandCarbonCycle","GrossPrimaryProductivity","FLUXCOM","midbnf","Period Mean (original grids)","MeanState","global","scalar","Pg yr-1","119.807","75.0"
"EcosystemandCarbonCycle","GrossPrimaryProductivity","FLUXCOM","midbnf","Model Period Mean (intersection)","MeanState","global","scalar","Pg yr-1","119.526","75.0"
"EcosystemandCarbonCycle","GrossPrimaryProductivity","FLUXCOM","midbnf","Model Period Mean (complement)","MeanState","global","scalar","Pg yr-1","0.280525","75.0"
"EcosystemandCarbonCycle","GrossPrimaryProductivity","FLUXCOM","midbnf","Spatial Distribution Score","MeanState","global","score","1","0.943414","75.0"
"EcosystemandCarbonCycle","GrossPrimaryProductivity","FLUXCOM","midbnf","Phase Shift","MeanState","global","scalar","months","1.10112","75.0"
"EcosystemandCarbonCycle","GrossPrimaryProductivity","FLUXCOM","midbnf","Seasonal Cycle Score","MeanState","global","score","1","0.845707","75.0"
"EcosystemandCarbonCycle","GrossPrimaryProductivity","FLUXCOM","midbnf","Bias","MeanState","global","scalar","g m-2 d-1","0.133747","75.0"
"EcosystemandCarbonCycle","GrossPrimaryProductivity","FLUXCOM","midbnf","Bias Score","MeanState","global","score","1","0.561941","75.0"
"EcosystemandCarbonCycle","GrossPrimaryProductivity","FLUXCOM","midbnf","RMSE","MeanState","global","scalar","g m-2 d-1","1.2791","75.0"
"EcosystemandCarbonCycle","GrossPrimaryProductivity","FLUXCOM","midbnf","RMSE Score","MeanState","global","score","1","0.505119","75.0"
"EcosystemandCarbonCycle","GrossPrimaryProductivity","FLUXCOM","midbnf","Overall Score","MeanState","global","score","1","0.67226","75.0"
"EcosystemandCarbonCycle","GrossPrimaryProductivity","FLUXCOM","midbnf","Evapotranspiration|GLEAMv3.3a Hellinger Distance","Relationships","global","scalar","1","0.602702","75.0"
"EcosystemandCarbonCycle","GrossPrimaryProductivity","FLUXCOM","midbnf","Evapotranspiration|GLEAMv3.3a Score","Relationships","global","score","1","0.907521","75.0"
"EcosystemandCarbonCycle","GrossPrimaryProductivity","FLUXCOM","midbnf","Overall Score","Relationships","global","score","1","0.907521","75.0"
"EcosystemandCarbonCycle","GrossPrimaryProductivity","FLUXCOM","TRENDYv15_CRUTS410_S3","Benchmark Period Mean (intersection)","MeanState","global","scalar","Pg yr-1","113.71","75.0"
"EcosystemandCarbonCycle","GrossPrimaryProductivity","FLUXCOM","TRENDYv15_CRUTS410_S3","Benchmark Period Mean (complement)","MeanState","global","scalar","Pg yr-1","nan","75.0"
"EcosystemandCarbonCycle","GrossPrimaryProductivity","FLUXCOM","TRENDYv15_CRUTS410_S3","Period Mean (original grids)","MeanState","global","scalar","Pg yr-1","137.871","75.0"
"EcosystemandCarbonCycle","GrossPrimaryProductivity","FLUXCOM","TRENDYv15_CRUTS410_S3","Model Period Mean (intersection)","MeanState","global","scalar","Pg yr-1","137.556","75.0"
"EcosystemandCarbonCycle","GrossPrimaryProductivity","FLUXCOM","TRENDYv15_CRUTS410_S3","Model Period Mean (complement)","MeanState","global","scalar","Pg yr-1","0.314834","75.0"
"EcosystemandCarbonCycle","GrossPrimaryProductivity","FLUXCOM","TRENDYv15_CRUTS410_S3","Spatial Distribution Score","MeanState","global","score","1","0.915636","75.0"
"EcosystemandCarbonCycle","GrossPrimaryProductivity","FLUXCOM","TRENDYv15_CRUTS410_S3","Phase Shift","MeanState","global","scalar","months","1.33687","75.0"
"EcosystemandCarbonCycle","GrossPrimaryProductivity","FLUXCOM","TRENDYv15_CRUTS410_S3","Seasonal Cycle Score","MeanState","global","score","1","0.762931","75.0"
"EcosystemandCarbonCycle","GrossPrimaryProductivity","FLUXCOM","TRENDYv15_CRUTS410_S3","Bias","MeanState","global","scalar","g m-2 d-1","0.548382","75.0"
"EcosystemandCarbonCycle","GrossPrimaryProductivity","FLUXCOM","TRENDYv15_CRUTS410_S3","Bias Score","MeanState","global","score","1","0.491735","75.0"
"EcosystemandCarbonCycle","GrossPrimaryProductivity","FLUXCOM","TRENDYv15_CRUTS410_S3","RMSE","MeanState","global","scalar","g m-2 d-1","1.71959","75.0"
"EcosystemandCarbonCycle","GrossPrimaryProductivity","FLUXCOM","TRENDYv15_CRUTS410_S3","RMSE Score","MeanState","global","score","1","0.46298","75.0"
"EcosystemandCarbonCycle","GrossPrimaryProductivity","FLUXCOM","TRENDYv15_CRUTS410_S3","Overall Score","MeanState","global","score","1","0.619252","75.0"
"EcosystemandCarbonCycle","GrossPrimaryProductivity","FLUXCOM","TRENDYv15_CRUTS410_S3","Evapotranspiration|GLEAMv3.3a Hellinger Distance","Relationships","global","scalar","1","0.42112","75.0"
"EcosystemandCarbonCycle","GrossPrimaryProductivity","FLUXCOM","TRENDYv15_CRUTS410_S3","Evapotranspiration|GLEAMv3.3a Score","Relationships","global","score","1","0.715214","75.0"
"EcosystemandCarbonCycle","GrossPrimaryProductivity","FLUXCOM","TRENDYv15_CRUTS410_S3","Overall Score","Relationships","global","score","1","0.715214","75.0"
"EcosystemandCarbonCycle","GrossPrimaryProductivity","FLUXCOM","NMIP3_SH1","Benchmark Period Mean (intersection)","MeanState","global","scalar","Pg yr-1","113.71","75.0"
"EcosystemandCarbonCycle","GrossPrimaryProductivity","FLUXCOM","NMIP3_SH1","Benchmark Period Mean (complement)","MeanState","global","scalar","Pg yr-1","nan","75.0"
"EcosystemandCarbonCycle","GrossPrimaryProductivity","FLUXCOM","NMIP3_SH1","Period Mean (original grids)","MeanState","global","scalar","Pg yr-1","118.849","75.0"
"EcosystemandCarbonCycle","GrossPrimaryProductivity","FLUXCOM","NMIP3_SH1","Model Period Mean (intersection)","MeanState","global","scalar","Pg yr-1","118.572","75.0"
"EcosystemandCarbonCycle","GrossPrimaryProductivity","FLUXCOM","NMIP3_SH1","Model Period Mean (complement)","MeanState","global","scalar","Pg yr-1","0.277635","75.0"
"EcosystemandCarbonCycle","GrossPrimaryProductivity","FLUXCOM","NMIP3_SH1","Spatial Distribution Score","MeanState","global","score","1","0.946689","75.0"
"EcosystemandCarbonCycle","GrossPrimaryProductivity","FLUXCOM","NMIP3_SH1","Phase Shift","MeanState","global","scalar","months","1.14459","75.0"
"EcosystemandCarbonCycle","GrossPrimaryProductivity","FLUXCOM","NMIP3_SH1","Seasonal Cycle Score","MeanState","global","score","1","0.836875","75.0"
"EcosystemandCarbonCycle","GrossPrimaryProductivity","FLUXCOM","NMIP3_SH1","Bias","MeanState","global","scalar","g m-2 d-1","0.111802","75.0"
"EcosystemandCarbonCycle","GrossPrimaryProductivity","FLUXCOM","NMIP3_SH1","Bias Score","MeanState","global","score","1","0.546874","75.0"
"EcosystemandCarbonCycle","GrossPrimaryProductivity","FLUXCOM","NMIP3_SH1","RMSE","MeanState","global","scalar","g m-2 d-1","1.33069","75.0"
"EcosystemandCarbonCycle","GrossPrimaryProductivity","FLUXCOM","NMIP3_SH1","RMSE Score","MeanState","global","score","1","0.48745","75.0"
"EcosystemandCarbonCycle","GrossPrimaryProductivity","FLUXCOM","NMIP3_SH1","Overall Score","MeanState","global","score","1","0.661068","75.0"
"EcosystemandCarbonCycle","GrossPrimaryProductivity","FLUXCOM","NMIP3_SH1","Evapotranspiration|GLEAMv3.3a Hellinger Distance","Relationships","global","scalar","1","0.606104","75.0"
"EcosystemandCarbonCycle","GrossPrimaryProductivity","FLUXCOM","NMIP3_SH1","Evapotranspiration|GLEAMv3.3a Score","Relationships","global","score","1","0.902268","75.0"
"EcosystemandCarbonCycle","GrossPrimaryProductivity","FLUXCOM","NMIP3_SH1","Overall Score","Relationships","global","score","1","0.902268","75.0"
"EcosystemandCarbonCycle","GrossPrimaryProductivity","FLUXCOM","upperbnf","Benchmark Period Mean (intersection)","MeanState","global","scalar","Pg yr-1","113.71","75.0"
"EcosystemandCarbonCycle","GrossPrimaryProductivity","FLUXCOM","upperbnf","Benchmark Period Mean (complement)","MeanState","global","scalar","Pg yr-1","nan","75.0"
"EcosystemandCarbonCycle","GrossPrimaryProductivity","FLUXCOM","upperbnf","Period Mean (original grids)","MeanState","global","scalar","Pg yr-1","121.941","75.0"
"EcosystemandCarbonCycle","GrossPrimaryProductivity","FLUXCOM","upperbnf","Model Period Mean (intersection)","MeanState","global","scalar","Pg yr-1","121.66","75.0"
"EcosystemandCarbonCycle","GrossPrimaryProductivity","FLUXCOM","upperbnf","Model Period Mean (complement)","MeanState","global","scalar","Pg yr-1","0.281667","75.0"
"EcosystemandCarbonCycle","GrossPrimaryProductivity","FLUXCOM","upperbnf","Spatial Distribution Score","MeanState","global","score","1","0.948999","75.0"
"EcosystemandCarbonCycle","GrossPrimaryProductivity","FLUXCOM","upperbnf","Phase Shift","MeanState","global","scalar","months","1.10414","75.0"
"EcosystemandCarbonCycle","GrossPrimaryProductivity","FLUXCOM","upperbnf","Seasonal Cycle Score","MeanState","global","score","1","0.842916","75.0"
"EcosystemandCarbonCycle","GrossPrimaryProductivity","FLUXCOM","upperbnf","Bias","MeanState","global","scalar","g m-2 d-1","0.182814","75.0"
"EcosystemandCarbonCycle","GrossPrimaryProductivity","FLUXCOM","upperbnf","Bias Score","MeanState","global","score","1","0.569446","75.0"
"EcosystemandCarbonCycle","GrossPrimaryProductivity","FLUXCOM","upperbnf","RMSE","MeanState","global","scalar","g m-2 d-1","1.27362","75.0"
"EcosystemandCarbonCycle","GrossPrimaryProductivity","FLUXCOM","upperbnf","RMSE Score","MeanState","global","score","1","0.50336","75.0"
"EcosystemandCarbonCycle","GrossPrimaryProductivity","FLUXCOM","upperbnf","Overall Score","MeanState","global","score","1","0.673616","75.0"
"EcosystemandCarbonCycle","GrossPrimaryProductivity","FLUXCOM","upperbnf","Evapotranspiration|GLEAMv3.3a Hellinger Distance","Relationships","global","scalar","1","0.600796","75.0"
"EcosystemandCarbonCycle","GrossPrimaryProductivity","FLUXCOM","upperbnf","Evapotranspiration|GLEAMv3.3a Score","Relationships","global","score","1","0.906155","75.0"
"EcosystemandCarbonCycle","GrossPrimaryProductivity","FLUXCOM","upperbnf","Overall Score","Relationships","global","score","1","0.906155","75.0"
"EcosystemandCarbonCycle","GrossPrimaryProductivity","FLUXCOM","baseline20260821","Benchmark Period Mean (intersection)","MeanState","global","scalar","Pg yr-1","113.71","75.0"
"EcosystemandCarbonCycle","GrossPrimaryProductivity","FLUXCOM","baseline20260821","Benchmark Period Mean (complement)","MeanState","global","scalar","Pg yr-1","nan","75.0"
"EcosystemandCarbonCycle","GrossPrimaryProductivity","FLUXCOM","baseline20260821","Period Mean (original grids)","MeanState","global","scalar","Pg yr-1","113.434","75.0"
"EcosystemandCarbonCycle","GrossPrimaryProductivity","FLUXCOM","baseline20260821","Model Period Mean (intersection)","MeanState","global","scalar","Pg yr-1","113.158","75.0"
"EcosystemandCarbonCycle","GrossPrimaryProductivity","FLUXCOM","baseline20260821","Model Period Mean (complement)","MeanState","global","scalar","Pg yr-1","0.275332","75.0"
"EcosystemandCarbonCycle","GrossPrimaryProductivity","FLUXCOM","baseline20260821","Spatial Distribution Score","MeanState","global","score","1","0.928033","75.0"
"EcosystemandCarbonCycle","GrossPrimaryProductivity","FLUXCOM","baseline20260821","Phase Shift","MeanState","global","scalar","months","1.1219","75.0"
"EcosystemandCarbonCycle","GrossPrimaryProductivity","FLUXCOM","baseline20260821","Seasonal Cycle Score","MeanState","global","score","1","0.840999","75.0"
"EcosystemandCarbonCycle","GrossPrimaryProductivity","FLUXCOM","baseline20260821","Bias","MeanState","global","scalar","g m-2 d-1","-0.0126901","75.0"
"EcosystemandCarbonCycle","GrossPrimaryProductivity","FLUXCOM","baseline20260821","Bias Score","MeanState","global","score","1","0.526898","75.0"
"EcosystemandCarbonCycle","GrossPrimaryProductivity","FLUXCOM","baseline20260821","RMSE","MeanState","global","scalar","g m-2 d-1","1.33007","75.0"
"EcosystemandCarbonCycle","GrossPrimaryProductivity","FLUXCOM","baseline20260821","RMSE Score","MeanState","global","score","1","0.501697","75.0"
"EcosystemandCarbonCycle","GrossPrimaryProductivity","FLUXCOM","baseline20260821","Overall Score","MeanState","global","score","1","0.659865","75.0"
"EcosystemandCarbonCycle","GrossPrimaryProductivity","FLUXCOM","baseline20260821","Evapotranspiration|GLEAMv3.3a Hellinger Distance","Relationships","global","scalar","1","0.607627","75.0"
"EcosystemandCarbonCycle","GrossPrimaryProductivity","FLUXCOM","baseline20260821","Evapotranspiration|GLEAMv3.3a Score","Relationships","global","score","1","0.896609","75.0"
"EcosystemandCarbonCycle","GrossPrimaryProductivity","FLUXCOM","baseline20260821","Overall Score","Relationships","global","score","1","0.896609","75.0"
"EcosystemandCarbonCycle","GrossPrimaryProductivity","FLUXCOM","NMIP3prod_SH1","Benchmark Period Mean (intersection)","MeanState","global","scalar","Pg yr-1","113.71","75.0"
"EcosystemandCarbonCycle","GrossPrimaryProductivity","FLUXCOM","NMIP3prod_SH1","Benchmark Period Mean (complement)","MeanState","global","scalar","Pg yr-1","nan","75.0"
"EcosystemandCarbonCycle","GrossPrimaryProductivity","FLUXCOM","NMIP3prod_SH1","Period Mean (original grids)","MeanState","global","scalar","Pg yr-1","119.052","75.0"
"EcosystemandCarbonCycle","GrossPrimaryProductivity","FLUXCOM","NMIP3prod_SH1","Model Period Mean (intersection)","MeanState","global","scalar","Pg yr-1","118.775","75.0"
"EcosystemandCarbonCycle","GrossPrimaryProductivity","FLUXCOM","NMIP3prod_SH1","Model Period Mean (complement)","MeanState","global","scalar","Pg yr-1","0.27773","75.0"
"EcosystemandCarbonCycle","GrossPrimaryProductivity","FLUXCOM","NMIP3prod_SH1","Spatial Distribution Score","MeanState","global","score","1","0.946126","75.0"
"EcosystemandCarbonCycle","GrossPrimaryProductivity","FLUXCOM","NMIP3prod_SH1","Phase Shift","MeanState","global","scalar","months","1.14575","75.0"
"EcosystemandCarbonCycle","GrossPrimaryProductivity","FLUXCOM","NMIP3prod_SH1","Seasonal Cycle Score","MeanState","global","score","1","0.836793","75.0"
"EcosystemandCarbonCycle","GrossPrimaryProductivity","FLUXCOM","NMIP3prod_SH1","Bias","MeanState","global","scalar","g m-2 d-1","0.116466","75.0"
"EcosystemandCarbonCycle","GrossPrimaryProductivity","FLUXCOM","NMIP3prod_SH1","Bias Score","MeanState","global","score","1","0.547861","75.0"
"EcosystemandCarbonCycle","GrossPrimaryProductivity","FLUXCOM","NMIP3prod_SH1","RMSE","MeanState","global","scalar","g m-2 d-1","1.33531","75.0"
"EcosystemandCarbonCycle","GrossPrimaryProductivity","FLUXCOM","NMIP3prod_SH1","RMSE Score","MeanState","global","score","1","0.487326","75.0"
"EcosystemandCarbonCycle","GrossPrimaryProductivity","FLUXCOM","NMIP3prod_SH1","Overall Score","MeanState","global","score","1","0.661086","75.0"
"EcosystemandCarbonCycle","GrossPrimaryProductivity","FLUXCOM","NMIP3prod_SH1","Evapotranspiration|GLEAMv3.3a Hellinger Distance","Relationships","global","scalar","1","0.604103","75.0"
"EcosystemandCarbonCycle","GrossPrimaryProductivity","FLUXCOM","NMIP3prod_SH1","Evapotranspiration|GLEAMv3.3a Score","Relationships","global","score","1","0.901781","75.0"
"EcosystemandCarbonCycle","GrossPrimaryProductivity","FLUXCOM","NMIP3prod_SH1","Overall Score","Relationships","global","score","1","0.901781","75.0"
"EcosystemandCarbonCycle","SoilCarbon","NCSCDV22","TRENDYv15_CRUTS410_S3","Benchmark Period Mean (intersection)","MeanState","global","scalar","Pg","463.537","60.0"
"EcosystemandCarbonCycle","SoilCarbon","NCSCDV22","TRENDYv15_CRUTS410_S3","Benchmark Period Mean (complement)","MeanState","global","scalar","Pg","9.30841","60.0"
"EcosystemandCarbonCycle","SoilCarbon","NCSCDV22","TRENDYv15_CRUTS410_S3","Period Mean (original grids)","MeanState","global","scalar","Pg","1315.19","60.0"
"EcosystemandCarbonCycle","SoilCarbon","NCSCDV22","TRENDYv15_CRUTS410_S3","Model Period Mean (intersection)","MeanState","global","scalar","Pg","512.681","60.0"
"EcosystemandCarbonCycle","SoilCarbon","NCSCDV22","TRENDYv15_CRUTS410_S3","Model Period Mean (complement)","MeanState","global","scalar","Pg","802.505","60.0"
"EcosystemandCarbonCycle","SoilCarbon","NCSCDV22","TRENDYv15_CRUTS410_S3","Spatial Distribution Score","MeanState","global","score","1","0.885545","60.0"
"EcosystemandCarbonCycle","SoilCarbon","NCSCDV22","TRENDYv15_CRUTS410_S3","Bias","MeanState","global","scalar","kg m-2","2.23995","60.0"
"EcosystemandCarbonCycle","SoilCarbon","NCSCDV22","TRENDYv15_CRUTS410_S3","Bias Score","MeanState","global","score","1","0.640536","60.0"
"EcosystemandCarbonCycle","SoilCarbon","NCSCDV22","TRENDYv15_CRUTS410_S3","Overall Score","MeanState","global","score","1","0.76304","60.0"
"EcosystemandCarbonCycle","SoilCarbon","NCSCDV22","upperbnf","Benchmark Period Mean (intersection)","MeanState","global","scalar","Pg","463.537","60.0"
"EcosystemandCarbonCycle","SoilCarbon","NCSCDV22","upperbnf","Benchmark Period Mean (complement)","MeanState","global","scalar","Pg","9.30841","60.0"
"EcosystemandCarbonCycle","SoilCarbon","NCSCDV22","upperbnf","Period Mean (original grids)","MeanState","global","scalar","Pg","1698.37","60.0"
"EcosystemandCarbonCycle","SoilCarbon","NCSCDV22","upperbnf","Model Period Mean (intersection)","MeanState","global","scalar","Pg","660.565","60.0"
"EcosystemandCarbonCycle","SoilCarbon","NCSCDV22","upperbnf","Model Period Mean (complement)","MeanState","global","scalar","Pg","1037.8","60.0"
"EcosystemandCarbonCycle","SoilCarbon","NCSCDV22","upperbnf","Spatial Distribution Score","MeanState","global","score","1","0.881024","60.0"
"EcosystemandCarbonCycle","SoilCarbon","NCSCDV22","upperbnf","Bias","MeanState","global","scalar","kg m-2","8.98053","60.0"
"EcosystemandCarbonCycle","SoilCarbon","NCSCDV22","upperbnf","Bias Score","MeanState","global","score","1","0.624437","60.0"
"EcosystemandCarbonCycle","SoilCarbon","NCSCDV22","upperbnf","Overall Score","MeanState","global","score","1","0.75273","60.0"
"EcosystemandCarbonCycle","SoilCarbon","NCSCDV22","baseline20260821","Benchmark Period Mean (intersection)","MeanState","global","scalar","Pg","463.537","60.0"
"EcosystemandCarbonCycle","SoilCarbon","NCSCDV22","baseline20260821","Benchmark Period Mean (complement)","MeanState","global","scalar","Pg","9.30841","60.0"
"EcosystemandCarbonCycle","SoilCarbon","NCSCDV22","baseline20260821","Period Mean (original grids)","MeanState","global","scalar","Pg","1563.77","60.0"
"EcosystemandCarbonCycle","SoilCarbon","NCSCDV22","baseline20260821","Model Period Mean (intersection)","MeanState","global","scalar","Pg","582.383","60.0"
"EcosystemandCarbonCycle","SoilCarbon","NCSCDV22","baseline20260821","Model Period Mean (complement)","MeanState","global","scalar","Pg","981.386","60.0"
"EcosystemandCarbonCycle","SoilCarbon","NCSCDV22","baseline20260821","Spatial Distribution Score","MeanState","global","score","1","0.898019","60.0"
"EcosystemandCarbonCycle","SoilCarbon","NCSCDV22","baseline20260821","Bias","MeanState","global","scalar","kg m-2","5.41698","60.0"
"EcosystemandCarbonCycle","SoilCarbon","NCSCDV22","baseline20260821","Bias Score","MeanState","global","score","1","0.659686","60.0"
"EcosystemandCarbonCycle","SoilCarbon","NCSCDV22","baseline20260821","Overall Score","MeanState","global","score","1","0.778852","60.0"
"EcosystemandCarbonCycle","SoilCarbon","NCSCDV22","NMIP3_SH1","Benchmark Period Mean (intersection)","MeanState","global","scalar","Pg","463.537","60.0"
"EcosystemandCarbonCycle","SoilCarbon","NCSCDV22","NMIP3_SH1","Benchmark Period Mean (complement)","MeanState","global","scalar","Pg","9.30841","60.0"
"EcosystemandCarbonCycle","SoilCarbon","NCSCDV22","NMIP3_SH1","Period Mean (original grids)","MeanState","global","scalar","Pg","1572.82","60.0"
"EcosystemandCarbonCycle","SoilCarbon","NCSCDV22","NMIP3_SH1","Model Period Mean (intersection)","MeanState","global","scalar","Pg","568.745","60.0"
"EcosystemandCarbonCycle","SoilCarbon","NCSCDV22","NMIP3_SH1","Model Period Mean (complement)","MeanState","global","scalar","Pg","1004.08","60.0"
"EcosystemandCarbonCycle","SoilCarbon","NCSCDV22","NMIP3_SH1","Spatial Distribution Score","MeanState","global","score","1","0.895761","60.0"
"EcosystemandCarbonCycle","SoilCarbon","NCSCDV22","NMIP3_SH1","Bias","MeanState","global","scalar","kg m-2","4.79536","60.0"
"EcosystemandCarbonCycle","SoilCarbon","NCSCDV22","NMIP3_SH1","Bias Score","MeanState","global","score","1","0.663863","60.0"
"EcosystemandCarbonCycle","SoilCarbon","NCSCDV22","NMIP3_SH1","Overall Score","MeanState","global","score","1","0.779812","60.0"
"EcosystemandCarbonCycle","SoilCarbon","NCSCDV22","NMIP3prod_SH1","Benchmark Period Mean (intersection)","MeanState","global","scalar","Pg","463.537","60.0"
"EcosystemandCarbonCycle","SoilCarbon","NCSCDV22","NMIP3prod_SH1","Benchmark Period Mean (complement)","MeanState","global","scalar","Pg","9.30841","60.0"
"EcosystemandCarbonCycle","SoilCarbon","NCSCDV22","NMIP3prod_SH1","Period Mean (original grids)","MeanState","global","scalar","Pg","1586.43","60.0"
"EcosystemandCarbonCycle","SoilCarbon","NCSCDV22","NMIP3prod_SH1","Model Period Mean (intersection)","MeanState","global","scalar","Pg","583.585","60.0"
"EcosystemandCarbonCycle","SoilCarbon","NCSCDV22","NMIP3prod_SH1","Model Period Mean (complement)","MeanState","global","scalar","Pg","1002.84","60.0"
"EcosystemandCarbonCycle","SoilCarbon","NCSCDV22","NMIP3prod_SH1","Spatial Distribution Score","MeanState","global","score","1","0.898069","60.0"
"EcosystemandCarbonCycle","SoilCarbon","NCSCDV22","NMIP3prod_SH1","Bias","MeanState","global","scalar","kg m-2","5.47176","60.0"
"EcosystemandCarbonCycle","SoilCarbon","NCSCDV22","NMIP3prod_SH1","Bias Score","MeanState","global","score","1","0.659212","60.0"
"EcosystemandCarbonCycle","SoilCarbon","NCSCDV22","NMIP3prod_SH1","Overall Score","MeanState","global","score","1","0.77864","60.0"
"EcosystemandCarbonCycle","SoilCarbon","NCSCDV22","midbnf","Benchmark Period Mean (intersection)","MeanState","global","scalar","Pg","463.537","60.0"
"EcosystemandCarbonCycle","SoilCarbon","NCSCDV22","midbnf","Benchmark Period Mean (complement)","MeanState","global","scalar","Pg","9.30841","60.0"
"EcosystemandCarbonCycle","SoilCarbon","NCSCDV22","midbnf","Period Mean (original grids)","MeanState","global","scalar","Pg","1663.31","60.0"
"EcosystemandCarbonCycle","SoilCarbon","NCSCDV22","midbnf","Model Period Mean (intersection)","MeanState","global","scalar","Pg","638.562","60.0"
"EcosystemandCarbonCycle","SoilCarbon","NCSCDV22","midbnf","Model Period Mean (complement)","MeanState","global","scalar","Pg","1024.75","60.0"
"EcosystemandCarbonCycle","SoilCarbon","NCSCDV22","midbnf","Spatial Distribution Score","MeanState","global","score","1","0.89143","60.0"
"EcosystemandCarbonCycle","SoilCarbon","NCSCDV22","midbnf","Bias","MeanState","global","scalar","kg m-2","7.97764","60.0"
"EcosystemandCarbonCycle","SoilCarbon","NCSCDV22","midbnf","Bias Score","MeanState","global","score","1","0.634399","60.0"
"EcosystemandCarbonCycle","SoilCarbon","NCSCDV22","midbnf","Overall Score","MeanState","global","score","1","0.762914","60.0"
"EcosystemandCarbonCycle","SoilCarbon","HWSD","upperbnf","Benchmark Period Mean (intersection)","MeanState","global","scalar","Pg","1233.83","75.0"
"EcosystemandCarbonCycle","SoilCarbon","HWSD","upperbnf","Benchmark Period Mean (complement)","MeanState","global","scalar","Pg","100.195","75.0"
"EcosystemandCarbonCycle","SoilCarbon","HWSD","upperbnf","Period Mean (original grids)","MeanState","global","scalar","Pg","1698.37","75.0"
"EcosystemandCarbonCycle","SoilCarbon","HWSD","upperbnf","Model Period Mean (intersection)","MeanState","global","scalar","Pg","1696.61","75.0"
"EcosystemandCarbonCycle","SoilCarbon","HWSD","upperbnf","Model Period Mean (complement)","MeanState","global","scalar","Pg","1.75479","75.0"
"EcosystemandCarbonCycle","SoilCarbon","HWSD","upperbnf","Spatial Distribution Score","MeanState","global","score","1","0.553919","75.0"
"EcosystemandCarbonCycle","SoilCarbon","HWSD","upperbnf","Bias","MeanState","global","scalar","kg m-2","3.48464","75.0"
"EcosystemandCarbonCycle","SoilCarbon","HWSD","upperbnf","Bias Score","MeanState","global","score","1","0.564992","75.0"
"EcosystemandCarbonCycle","SoilCarbon","HWSD","upperbnf","Overall Score","MeanState","global","score","1","0.559456","75.0"
"EcosystemandCarbonCycle","SoilCarbon","HWSD","baseline20260821","Benchmark Period Mean (intersection)","MeanState","global","scalar","Pg","1233.83","75.0"
"EcosystemandCarbonCycle","SoilCarbon","HWSD","baseline20260821","Benchmark Period Mean (complement)","MeanState","global","scalar","Pg","100.195","75.0"
"EcosystemandCarbonCycle","SoilCarbon","HWSD","baseline20260821","Period Mean (original grids)","MeanState","global","scalar","Pg","1563.77","75.0"
"EcosystemandCarbonCycle","SoilCarbon","HWSD","baseline20260821","Model Period Mean (intersection)","MeanState","global","scalar","Pg","1561.99","75.0"
"EcosystemandCarbonCycle","SoilCarbon","HWSD","baseline20260821","Model Period Mean (complement)","MeanState","global","scalar","Pg","1.77376","75.0"
"EcosystemandCarbonCycle","SoilCarbon","HWSD","baseline20260821","Spatial Distribution Score","MeanState","global","score","1","0.658261","75.0"
"EcosystemandCarbonCycle","SoilCarbon","HWSD","baseline20260821","Bias","MeanState","global","scalar","kg m-2","2.471","75.0"
"EcosystemandCarbonCycle","SoilCarbon","HWSD","baseline20260821","Bias Score","MeanState","global","score","1","0.590693","75.0"
"EcosystemandCarbonCycle","SoilCarbon","HWSD","baseline20260821","Overall Score","MeanState","global","score","1","0.624477","75.0"
"EcosystemandCarbonCycle","SoilCarbon","HWSD","NMIP3prod_SH1","Benchmark Period Mean (intersection)","MeanState","global","scalar","Pg","1233.83","75.0"
"EcosystemandCarbonCycle","SoilCarbon","HWSD","NMIP3prod_SH1","Benchmark Period Mean (complement)","MeanState","global","scalar","Pg","100.195","75.0"
"EcosystemandCarbonCycle","SoilCarbon","HWSD","NMIP3prod_SH1","Period Mean (original grids)","MeanState","global","scalar","Pg","1586.43","75.0"
"EcosystemandCarbonCycle","SoilCarbon","HWSD","NMIP3prod_SH1","Model Period Mean (intersection)","MeanState","global","scalar","Pg","1584.65","75.0"
"EcosystemandCarbonCycle","SoilCarbon","HWSD","NMIP3prod_SH1","Model Period Mean (complement)","MeanState","global","scalar","Pg","1.77384","75.0"
"EcosystemandCarbonCycle","SoilCarbon","HWSD","NMIP3prod_SH1","Spatial Distribution Score","MeanState","global","score","1","0.658309","75.0"
"EcosystemandCarbonCycle","SoilCarbon","HWSD","NMIP3prod_SH1","Bias","MeanState","global","scalar","kg m-2","2.64161","75.0"
"EcosystemandCarbonCycle","SoilCarbon","HWSD","NMIP3prod_SH1","Bias Score","MeanState","global","score","1","0.588815","75.0"
"EcosystemandCarbonCycle","SoilCarbon","HWSD","NMIP3prod_SH1","Overall Score","MeanState","global","score","1","0.623562","75.0"
"EcosystemandCarbonCycle","SoilCarbon","HWSD","midbnf","Benchmark Period Mean (intersection)","MeanState","global","scalar","Pg","1233.83","75.0"
"EcosystemandCarbonCycle","SoilCarbon","HWSD","midbnf","Benchmark Period Mean (complement)","MeanState","global","scalar","Pg","100.195","75.0"
"EcosystemandCarbonCycle","SoilCarbon","HWSD","midbnf","Period Mean (original grids)","MeanState","global","scalar","Pg","1663.31","75.0"
"EcosystemandCarbonCycle","SoilCarbon","HWSD","midbnf","Model Period Mean (intersection)","MeanState","global","scalar","Pg","1661.56","75.0"
"EcosystemandCarbonCycle","SoilCarbon","HWSD","midbnf","Model Period Mean (complement)","MeanState","global","scalar","Pg","1.75855","75.0"
"EcosystemandCarbonCycle","SoilCarbon","HWSD","midbnf","Spatial Distribution Score","MeanState","global","score","1","0.584848","75.0"
"EcosystemandCarbonCycle","SoilCarbon","HWSD","midbnf","Bias","MeanState","global","scalar","kg m-2","3.22068","75.0"
"EcosystemandCarbonCycle","SoilCarbon","HWSD","midbnf","Bias Score","MeanState","global","score","1","0.571909","75.0"
"EcosystemandCarbonCycle","SoilCarbon","HWSD","midbnf","Overall Score","MeanState","global","score","1","0.578379","75.0"
"EcosystemandCarbonCycle","SoilCarbon","HWSD","NMIP3_SH1","Benchmark Period Mean (intersection)","MeanState","global","scalar","Pg","1233.83","75.0"
"EcosystemandCarbonCycle","SoilCarbon","HWSD","NMIP3_SH1","Benchmark Period Mean (complement)","MeanState","global","scalar","Pg","100.195","75.0"
"EcosystemandCarbonCycle","SoilCarbon","HWSD","NMIP3_SH1","Period Mean (original grids)","MeanState","global","scalar","Pg","1572.82","75.0"
"EcosystemandCarbonCycle","SoilCarbon","HWSD","NMIP3_SH1","Model Period Mean (intersection)","MeanState","global","scalar","Pg","1571.08","75.0"
"EcosystemandCarbonCycle","SoilCarbon","HWSD","NMIP3_SH1","Model Period Mean (complement)","MeanState","global","scalar","Pg","1.74117","75.0"
"EcosystemandCarbonCycle","SoilCarbon","HWSD","NMIP3_SH1","Spatial Distribution Score","MeanState","global","score","1","0.677583","75.0"
"EcosystemandCarbonCycle","SoilCarbon","HWSD","NMIP3_SH1","Bias","MeanState","global","scalar","kg m-2","2.53943","75.0"
"EcosystemandCarbonCycle","SoilCarbon","HWSD","NMIP3_SH1","Bias Score","MeanState","global","score","1","0.591515","75.0"
"EcosystemandCarbonCycle","SoilCarbon","HWSD","NMIP3_SH1","Overall Score","MeanState","global","score","1","0.634549","75.0"
"EcosystemandCarbonCycle","SoilCarbon","HWSD","TRENDYv15_CRUTS410_S3","Benchmark Period Mean (intersection)","MeanState","global","scalar","Pg","1233.83","75.0"
"EcosystemandCarbonCycle","SoilCarbon","HWSD","TRENDYv15_CRUTS410_S3","Benchmark Period Mean (complement)","MeanState","global","scalar","Pg","100.195","75.0"
"EcosystemandCarbonCycle","SoilCarbon","HWSD","TRENDYv15_CRUTS410_S3","Period Mean (original grids)","MeanState","global","scalar","Pg","1315.19","75.0"
"EcosystemandCarbonCycle","SoilCarbon","HWSD","TRENDYv15_CRUTS410_S3","Model Period Mean (intersection)","MeanState","global","scalar","Pg","1314.93","75.0"
"EcosystemandCarbonCycle","SoilCarbon","HWSD","TRENDYv15_CRUTS410_S3","Model Period Mean (complement)","MeanState","global","scalar","Pg","0.254307","75.0"
"EcosystemandCarbonCycle","SoilCarbon","HWSD","TRENDYv15_CRUTS410_S3","Spatial Distribution Score","MeanState","global","score","1","0.68475","75.0"
"EcosystemandCarbonCycle","SoilCarbon","HWSD","TRENDYv15_CRUTS410_S3","Bias","MeanState","global","scalar","kg m-2","0.610653","75.0"
"EcosystemandCarbonCycle","SoilCarbon","HWSD","TRENDYv15_CRUTS410_S3","Bias Score","MeanState","global","score","1","0.589779","75.0"
"EcosystemandCarbonCycle","SoilCarbon","HWSD","TRENDYv15_CRUTS410_S3","Overall Score","MeanState","global","score","1","0.637264","75.0"
"HydrologyCycle","BurnedArea","GFED4.1S","baseline20260821","Benchmark Period Mean (intersection)","MeanState","global","scalar","%","0.331542","75.0"
"HydrologyCycle","BurnedArea","GFED4.1S","baseline20260821","Benchmark Period Mean (complement)","MeanState","global","scalar","%","0.0340364","75.0"
"HydrologyCycle","BurnedArea","GFED4.1S","baseline20260821","Period Mean (original grids)","MeanState","global","scalar","%","0.344874","75.0"
"HydrologyCycle","BurnedArea","GFED4.1S","baseline20260821","Model Period Mean (intersection)","MeanState","global","scalar","%","0.385947","75.0"
"HydrologyCycle","BurnedArea","GFED4.1S","baseline20260821","Model Period Mean (complement)","MeanState","global","scalar","%","0.0311621","75.0"
"HydrologyCycle","BurnedArea","GFED4.1S","baseline20260821","Spatial Distribution Score","MeanState","global","score","1","0.805862","75.0"
"HydrologyCycle","BurnedArea","GFED4.1S","baseline20260821","Phase Shift","MeanState","global","scalar","months","3.23362","75.0"
"HydrologyCycle","BurnedArea","GFED4.1S","baseline20260821","Seasonal Cycle Score","MeanState","global","score","1","0.451383","75.0"
"HydrologyCycle","BurnedArea","GFED4.1S","baseline20260821","Bias","MeanState","global","scalar","%","0.0544047","75.0"
"HydrologyCycle","BurnedArea","GFED4.1S","baseline20260821","Bias Score","MeanState","global","score","1","0.702208","75.0"
"HydrologyCycle","BurnedArea","GFED4.1S","baseline20260821","RMSE","MeanState","global","scalar","%","0.724689","75.0"
"HydrologyCycle","BurnedArea","GFED4.1S","baseline20260821","RMSE Score","MeanState","global","score","1","0.666637","75.0"
"HydrologyCycle","BurnedArea","GFED4.1S","baseline20260821","Overall Score","MeanState","global","score","1","0.658545","75.0"
"HydrologyCycle","BurnedArea","GFED4.1S","midbnf","Benchmark Period Mean (intersection)","MeanState","global","scalar","%","0.331542","75.0"
"HydrologyCycle","BurnedArea","GFED4.1S","midbnf","Benchmark Period Mean (complement)","MeanState","global","scalar","%","0.0340364","75.0"
"HydrologyCycle","BurnedArea","GFED4.1S","midbnf","Period Mean (original grids)","MeanState","global","scalar","%","0.335205","75.0"
"HydrologyCycle","BurnedArea","GFED4.1S","midbnf","Model Period Mean (intersection)","MeanState","global","scalar","%","0.375119","75.0"
"HydrologyCycle","BurnedArea","GFED4.1S","midbnf","Model Period Mean (complement)","MeanState","global","scalar","%","0.0303395","75.0"
"HydrologyCycle","BurnedArea","GFED4.1S","midbnf","Spatial Distribution Score","MeanState","global","score","1","0.802287","75.0"
"HydrologyCycle","BurnedArea","GFED4.1S","midbnf","Phase Shift","MeanState","global","scalar","months","3.23362","75.0"
"HydrologyCycle","BurnedArea","GFED4.1S","midbnf","Seasonal Cycle Score","MeanState","global","score","1","0.451383","75.0"
"HydrologyCycle","BurnedArea","GFED4.1S","midbnf","Bias","MeanState","global","scalar","%","0.0435771","75.0"
"HydrologyCycle","BurnedArea","GFED4.1S","midbnf","Bias Score","MeanState","global","score","1","0.705144","75.0"
"HydrologyCycle","BurnedArea","GFED4.1S","midbnf","RMSE","MeanState","global","scalar","%","0.720671","75.0"
"HydrologyCycle","BurnedArea","GFED4.1S","midbnf","RMSE Score","MeanState","global","score","1","0.666637","75.0"
"HydrologyCycle","BurnedArea","GFED4.1S","midbnf","Overall Score","MeanState","global","score","1","0.658418","75.0"
"HydrologyCycle","BurnedArea","GFED4.1S","NMIP3_SH1","Benchmark Period Mean (intersection)","MeanState","global","scalar","%","0.331542","75.0"
"HydrologyCycle","BurnedArea","GFED4.1S","NMIP3_SH1","Benchmark Period Mean (complement)","MeanState","global","scalar","%","0.0340364","75.0"
"HydrologyCycle","BurnedArea","GFED4.1S","NMIP3_SH1","Period Mean (original grids)","MeanState","global","scalar","%","0.340352","75.0"
"HydrologyCycle","BurnedArea","GFED4.1S","NMIP3_SH1","Model Period Mean (intersection)","MeanState","global","scalar","%","0.380844","75.0"
"HydrologyCycle","BurnedArea","GFED4.1S","NMIP3_SH1","Model Period Mean (complement)","MeanState","global","scalar","%","0.0310692","75.0"
"HydrologyCycle","BurnedArea","GFED4.1S","NMIP3_SH1","Spatial Distribution Score","MeanState","global","score","1","0.803945","75.0"
"HydrologyCycle","BurnedArea","GFED4.1S","NMIP3_SH1","Phase Shift","MeanState","global","scalar","months","3.23362","75.0"
"HydrologyCycle","BurnedArea","GFED4.1S","NMIP3_SH1","Seasonal Cycle Score","MeanState","global","score","1","0.451383","75.0"
"HydrologyCycle","BurnedArea","GFED4.1S","NMIP3_SH1","Bias","MeanState","global","scalar","%","0.049302","75.0"
"HydrologyCycle","BurnedArea","GFED4.1S","NMIP3_SH1","Bias Score","MeanState","global","score","1","0.701841","75.0"
"HydrologyCycle","BurnedArea","GFED4.1S","NMIP3_SH1","RMSE","MeanState","global","scalar","%","0.723547","75.0"
"HydrologyCycle","BurnedArea","GFED4.1S","NMIP3_SH1","RMSE Score","MeanState","global","score","1","0.666637","75.0"
"HydrologyCycle","BurnedArea","GFED4.1S","NMIP3_SH1","Overall Score","MeanState","global","score","1","0.658089","75.0"
"HydrologyCycle","BurnedArea","GFED4.1S","TRENDYv15_CRUTS410_S3","Benchmark Period Mean (intersection)","MeanState","global","scalar","%","0.331542","75.0"
"HydrologyCycle","BurnedArea","GFED4.1S","TRENDYv15_CRUTS410_S3","Benchmark Period Mean (complement)","MeanState","global","scalar","%","0.0340364","75.0"
"HydrologyCycle","BurnedArea","GFED4.1S","TRENDYv15_CRUTS410_S3","Period Mean (original grids)","MeanState","global","scalar","%","0.0818103","75.0"
"HydrologyCycle","BurnedArea","GFED4.1S","TRENDYv15_CRUTS410_S3","Model Period Mean (intersection)","MeanState","global","scalar","%","0.091287","75.0"
"HydrologyCycle","BurnedArea","GFED4.1S","TRENDYv15_CRUTS410_S3","Model Period Mean (complement)","MeanState","global","scalar","%","0.00942735","75.0"
"HydrologyCycle","BurnedArea","GFED4.1S","TRENDYv15_CRUTS410_S3","Spatial Distribution Score","MeanState","global","score","1","0.147153","75.0"
"HydrologyCycle","BurnedArea","GFED4.1S","TRENDYv15_CRUTS410_S3","Phase Shift","MeanState","global","scalar","months","3.23362","75.0"
"HydrologyCycle","BurnedArea","GFED4.1S","TRENDYv15_CRUTS410_S3","Seasonal Cycle Score","MeanState","global","score","1","0.451383","75.0"
"HydrologyCycle","BurnedArea","GFED4.1S","TRENDYv15_CRUTS410_S3","Bias","MeanState","global","scalar","%","-0.240255","75.0"
"HydrologyCycle","BurnedArea","GFED4.1S","TRENDYv15_CRUTS410_S3","Bias Score","MeanState","global","score","1","0.686815","75.0"
"HydrologyCycle","BurnedArea","GFED4.1S","TRENDYv15_CRUTS410_S3","RMSE","MeanState","global","scalar","%","0.649317","75.0"
"HydrologyCycle","BurnedArea","GFED4.1S","TRENDYv15_CRUTS410_S3","RMSE Score","MeanState","global","score","1","0.666637","75.0"
"HydrologyCycle","BurnedArea","GFED4.1S","TRENDYv15_CRUTS410_S3","Overall Score","MeanState","global","score","1","0.523725","75.0"
"HydrologyCycle","BurnedArea","GFED4.1S","NMIP3prod_SH1","Benchmark Period Mean (intersection)","MeanState","global","scalar","%","0.331542","75.0"
"HydrologyCycle","BurnedArea","GFED4.1S","NMIP3prod_SH1","Benchmark Period Mean (complement)","MeanState","global","scalar","%","0.0340364","75.0"
"HydrologyCycle","BurnedArea","GFED4.1S","NMIP3prod_SH1","Period Mean (original grids)","MeanState","global","scalar","%","0.340383","75.0"
"HydrologyCycle","BurnedArea","GFED4.1S","NMIP3prod_SH1","Model Period Mean (intersection)","MeanState","global","scalar","%","0.380865","75.0"
"HydrologyCycle","BurnedArea","GFED4.1S","NMIP3prod_SH1","Model Period Mean (complement)","MeanState","global","scalar","%","0.0311752","75.0"
"HydrologyCycle","BurnedArea","GFED4.1S","NMIP3prod_SH1","Spatial Distribution Score","MeanState","global","score","1","0.805746","75.0"
"HydrologyCycle","BurnedArea","GFED4.1S","NMIP3prod_SH1","Phase Shift","MeanState","global","scalar","months","3.23362","75.0"
"HydrologyCycle","BurnedArea","GFED4.1S","NMIP3prod_SH1","Seasonal Cycle Score","MeanState","global","score","1","0.451383","75.0"
"HydrologyCycle","BurnedArea","GFED4.1S","NMIP3prod_SH1","Bias","MeanState","global","scalar","%","0.0493232","75.0"
"HydrologyCycle","BurnedArea","GFED4.1S","NMIP3prod_SH1","Bias Score","MeanState","global","score","1","0.702408","75.0"
"HydrologyCycle","BurnedArea","GFED4.1S","NMIP3prod_SH1","RMSE","MeanState","global","scalar","%","0.722708","75.0"
"HydrologyCycle","BurnedArea","GFED4.1S","NMIP3prod_SH1","RMSE Score","MeanState","global","score","1","0.666637","75.0"
"HydrologyCycle","BurnedArea","GFED4.1S","NMIP3prod_SH1","Overall Score","MeanState","global","score","1","0.658562","75.0"
"HydrologyCycle","BurnedArea","GFED4.1S","upperbnf","Benchmark Period Mean (intersection)","MeanState","global","scalar","%","0.331542","75.0"
"HydrologyCycle","BurnedArea","GFED4.1S","upperbnf","Benchmark Period Mean (complement)","MeanState","global","scalar","%","0.0340364","75.0"
"HydrologyCycle","BurnedArea","GFED4.1S","upperbnf","Period Mean (original grids)","MeanState","global","scalar","%","0.327399","75.0"
"HydrologyCycle","BurnedArea","GFED4.1S","upperbnf","Model Period Mean (intersection)","MeanState","global","scalar","%","0.366315","75.0"
"HydrologyCycle","BurnedArea","GFED4.1S","upperbnf","Model Period Mean (complement)","MeanState","global","scalar","%","0.0301581","75.0"
"HydrologyCycle","BurnedArea","GFED4.1S","upperbnf","Spatial Distribution Score","MeanState","global","score","1","0.803578","75.0"
"HydrologyCycle","BurnedArea","GFED4.1S","upperbnf","Phase Shift","MeanState","global","scalar","months","3.23362","75.0"
"HydrologyCycle","BurnedArea","GFED4.1S","upperbnf","Seasonal Cycle Score","MeanState","global","score","1","0.451383","75.0"
"HydrologyCycle","BurnedArea","GFED4.1S","upperbnf","Bias","MeanState","global","scalar","%","0.0347731","75.0"
"HydrologyCycle","BurnedArea","GFED4.1S","upperbnf","Bias Score","MeanState","global","score","1","0.70667","75.0"
"HydrologyCycle","BurnedArea","GFED4.1S","upperbnf","RMSE","MeanState","global","scalar","%","0.716009","75.0"
"HydrologyCycle","BurnedArea","GFED4.1S","upperbnf","RMSE Score","MeanState","global","score","1","0.666637","75.0"
"HydrologyCycle","BurnedArea","GFED4.1S","upperbnf","Overall Score","MeanState","global","score","1","0.658981","75.0"
"HydrologyCycle","Evapotranspiration","MOD16A2","TRENDYv15_CRUTS410_S3","Benchmark Period Mean (intersection)","MeanState","global","scalar","mm d-1","1.55798","75.0"
"HydrologyCycle","Evapotranspiration","MOD16A2","TRENDYv15_CRUTS410_S3","Benchmark Period Mean (complement)","MeanState","global","scalar","mm d-1","2.12689","75.0"
"HydrologyCycle","Evapotranspiration","MOD16A2","TRENDYv15_CRUTS410_S3","Period Mean (original grids)","MeanState","global","scalar","mm d-1","1.25862","75.0"
"HydrologyCycle","Evapotranspiration","MOD16A2","TRENDYv15_CRUTS410_S3","Model Period Mean (intersection)","MeanState","global","scalar","mm d-1","1.45639","75.0"
"HydrologyCycle","Evapotranspiration","MOD16A2","TRENDYv15_CRUTS410_S3","Model Period Mean (complement)","MeanState","global","scalar","mm d-1","0.233391","75.0"
"HydrologyCycle","Evapotranspiration","MOD16A2","TRENDYv15_CRUTS410_S3","Spatial Distribution Score","MeanState","global","score","1","0.924373","75.0"
"HydrologyCycle","Evapotranspiration","MOD16A2","TRENDYv15_CRUTS410_S3","Phase Shift","MeanState","global","scalar","months","1.2838","75.0"
"HydrologyCycle","Evapotranspiration","MOD16A2","TRENDYv15_CRUTS410_S3","Seasonal Cycle Score","MeanState","global","score","1","0.812628","75.0"
"HydrologyCycle","Evapotranspiration","MOD16A2","TRENDYv15_CRUTS410_S3","Bias","MeanState","global","scalar","mm d-1","-0.101588","75.0"
"HydrologyCycle","Evapotranspiration","MOD16A2","TRENDYv15_CRUTS410_S3","Bias Score","MeanState","global","score","1","0.534018","75.0"
"HydrologyCycle","Evapotranspiration","MOD16A2","TRENDYv15_CRUTS410_S3","RMSE","MeanState","global","scalar","mm d-1","0.614113","75.0"
"HydrologyCycle","Evapotranspiration","MOD16A2","TRENDYv15_CRUTS410_S3","RMSE Score","MeanState","global","score","1","0.557537","75.0"
"HydrologyCycle","Evapotranspiration","MOD16A2","TRENDYv15_CRUTS410_S3","Overall Score","MeanState","global","score","1","0.677219","75.0"
"HydrologyCycle","Evapotranspiration","MOD16A2","midbnf","Benchmark Period Mean (intersection)","MeanState","global","scalar","mm d-1","1.55798","75.0"
"HydrologyCycle","Evapotranspiration","MOD16A2","midbnf","Benchmark Period Mean (complement)","MeanState","global","scalar","mm d-1","2.12689","75.0"
"HydrologyCycle","Evapotranspiration","MOD16A2","midbnf","Period Mean (original grids)","MeanState","global","scalar","mm d-1","1.41493","75.0"
"HydrologyCycle","Evapotranspiration","MOD16A2","midbnf","Model Period Mean (intersection)","MeanState","global","scalar","mm d-1","1.63974","75.0"
"HydrologyCycle","Evapotranspiration","MOD16A2","midbnf","Model Period Mean (complement)","MeanState","global","scalar","mm d-1","0.249529","75.0"
"HydrologyCycle","Evapotranspiration","MOD16A2","midbnf","Spatial Distribution Score","MeanState","global","score","1","0.981315","75.0"
"HydrologyCycle","Evapotranspiration","MOD16A2","midbnf","Phase Shift","MeanState","global","scalar","months","1.35049","75.0"
"HydrologyCycle","Evapotranspiration","MOD16A2","midbnf","Seasonal Cycle Score","MeanState","global","score","1","0.79873","75.0"
"HydrologyCycle","Evapotranspiration","MOD16A2","midbnf","Bias","MeanState","global","scalar","mm d-1","0.0817622","75.0"
"HydrologyCycle","Evapotranspiration","MOD16A2","midbnf","Bias Score","MeanState","global","score","1","0.593933","75.0"
"HydrologyCycle","Evapotranspiration","MOD16A2","midbnf","RMSE","MeanState","global","scalar","mm d-1","0.650349","75.0"
"HydrologyCycle","Evapotranspiration","MOD16A2","midbnf","RMSE Score","MeanState","global","score","1","0.466427","75.0"
"HydrologyCycle","Evapotranspiration","MOD16A2","midbnf","Overall Score","MeanState","global","score","1","0.661366","75.0"
"HydrologyCycle","Evapotranspiration","MOD16A2","NMIP3prod_SH1","Benchmark Period Mean (intersection)","MeanState","global","scalar","mm d-1","1.55798","75.0"
"HydrologyCycle","Evapotranspiration","MOD16A2","NMIP3prod_SH1","Benchmark Period Mean (complement)","MeanState","global","scalar","mm d-1","2.12689","75.0"
"HydrologyCycle","Evapotranspiration","MOD16A2","NMIP3prod_SH1","Period Mean (original grids)","MeanState","global","scalar","mm d-1","1.41783","75.0"
"HydrologyCycle","Evapotranspiration","MOD16A2","NMIP3prod_SH1","Model Period Mean (intersection)","MeanState","global","scalar","mm d-1","1.64319","75.0"
"HydrologyCycle","Evapotranspiration","MOD16A2","NMIP3prod_SH1","Model Period Mean (complement)","MeanState","global","scalar","mm d-1","0.249557","75.0"
"HydrologyCycle","Evapotranspiration","MOD16A2","NMIP3prod_SH1","Spatial Distribution Score","MeanState","global","score","1","0.981407","75.0"
"HydrologyCycle","Evapotranspiration","MOD16A2","NMIP3prod_SH1","Phase Shift","MeanState","global","scalar","months","1.35372","75.0"
"HydrologyCycle","Evapotranspiration","MOD16A2","NMIP3prod_SH1","Seasonal Cycle Score","MeanState","global","score","1","0.797607","75.0"
"HydrologyCycle","Evapotranspiration","MOD16A2","NMIP3prod_SH1","Bias","MeanState","global","scalar","mm d-1","0.0852146","75.0"
"HydrologyCycle","Evapotranspiration","MOD16A2","NMIP3prod_SH1","Bias Score","MeanState","global","score","1","0.592573","75.0"
"HydrologyCycle","Evapotranspiration","MOD16A2","NMIP3prod_SH1","RMSE","MeanState","global","scalar","mm d-1","0.651292","75.0"
"HydrologyCycle","Evapotranspiration","MOD16A2","NMIP3prod_SH1","RMSE Score","MeanState","global","score","1","0.466751","75.0"
"HydrologyCycle","Evapotranspiration","MOD16A2","NMIP3prod_SH1","Overall Score","MeanState","global","score","1","0.661018","75.0"
"HydrologyCycle","Evapotranspiration","MOD16A2","upperbnf","Benchmark Period Mean (intersection)","MeanState","global","scalar","mm d-1","1.55798","75.0"
"HydrologyCycle","Evapotranspiration","MOD16A2","upperbnf","Benchmark Period Mean (complement)","MeanState","global","scalar","mm d-1","2.12689","75.0"
"HydrologyCycle","Evapotranspiration","MOD16A2","upperbnf","Period Mean (original grids)","MeanState","global","scalar","mm d-1","1.41458","75.0"
"HydrologyCycle","Evapotranspiration","MOD16A2","upperbnf","Model Period Mean (intersection)","MeanState","global","scalar","mm d-1","1.63932","75.0"
"HydrologyCycle","Evapotranspiration","MOD16A2","upperbnf","Model Period Mean (complement)","MeanState","global","scalar","mm d-1","0.24952","75.0"
"HydrologyCycle","Evapotranspiration","MOD16A2","upperbnf","Spatial Distribution Score","MeanState","global","score","1","0.981316","75.0"
"HydrologyCycle","Evapotranspiration","MOD16A2","upperbnf","Phase Shift","MeanState","global","scalar","months","1.35207","75.0"
"HydrologyCycle","Evapotranspiration","MOD16A2","upperbnf","Seasonal Cycle Score","MeanState","global","score","1","0.798343","75.0"
"HydrologyCycle","Evapotranspiration","MOD16A2","upperbnf","Bias","MeanState","global","scalar","mm d-1","0.0813467","75.0"
"HydrologyCycle","Evapotranspiration","MOD16A2","upperbnf","Bias Score","MeanState","global","score","1","0.594081","75.0"
"HydrologyCycle","Evapotranspiration","MOD16A2","upperbnf","RMSE","MeanState","global","scalar","mm d-1","0.650343","75.0"
"HydrologyCycle","Evapotranspiration","MOD16A2","upperbnf","RMSE Score","MeanState","global","score","1","0.466304","75.0"
"HydrologyCycle","Evapotranspiration","MOD16A2","upperbnf","Overall Score","MeanState","global","score","1","0.66127","75.0"
"HydrologyCycle","Evapotranspiration","MOD16A2","baseline20260821","Benchmark Period Mean (intersection)","MeanState","global","scalar","mm d-1","1.55798","75.0"
"HydrologyCycle","Evapotranspiration","MOD16A2","baseline20260821","Benchmark Period Mean (complement)","MeanState","global","scalar","mm d-1","2.12689","75.0"
"HydrologyCycle","Evapotranspiration","MOD16A2","baseline20260821","Period Mean (original grids)","MeanState","global","scalar","mm d-1","1.41386","75.0"
"HydrologyCycle","Evapotranspiration","MOD16A2","baseline20260821","Model Period Mean (intersection)","MeanState","global","scalar","mm d-1","1.63848","75.0"
"HydrologyCycle","Evapotranspiration","MOD16A2","baseline20260821","Model Period Mean (complement)","MeanState","global","scalar","mm d-1","0.249498","75.0"
"HydrologyCycle","Evapotranspiration","MOD16A2","baseline20260821","Spatial Distribution Score","MeanState","global","score","1","0.981261","75.0"
"HydrologyCycle","Evapotranspiration","MOD16A2","baseline20260821","Phase Shift","MeanState","global","scalar","months","1.34918","75.0"
"HydrologyCycle","Evapotranspiration","MOD16A2","baseline20260821","Seasonal Cycle Score","MeanState","global","score","1","0.798933","75.0"
"HydrologyCycle","Evapotranspiration","MOD16A2","baseline20260821","Bias","MeanState","global","scalar","mm d-1","0.0804987","75.0"
"HydrologyCycle","Evapotranspiration","MOD16A2","baseline20260821","Bias Score","MeanState","global","score","1","0.593832","75.0"
"HydrologyCycle","Evapotranspiration","MOD16A2","baseline20260821","RMSE","MeanState","global","scalar","mm d-1","0.650069","75.0"
"HydrologyCycle","Evapotranspiration","MOD16A2","baseline20260821","RMSE Score","MeanState","global","score","1","0.466747","75.0"
"HydrologyCycle","Evapotranspiration","MOD16A2","baseline20260821","Overall Score","MeanState","global","score","1","0.661504","75.0"
"HydrologyCycle","Evapotranspiration","MOD16A2","NMIP3_SH1","Benchmark Period Mean (intersection)","MeanState","global","scalar","mm d-1","1.55798","75.0"
"HydrologyCycle","Evapotranspiration","MOD16A2","NMIP3_SH1","Benchmark Period Mean (complement)","MeanState","global","scalar","mm d-1","2.12689","75.0"
"HydrologyCycle","Evapotranspiration","MOD16A2","NMIP3_SH1","Period Mean (original grids)","MeanState","global","scalar","mm d-1","1.41764","75.0"
"HydrologyCycle","Evapotranspiration","MOD16A2","NMIP3_SH1","Model Period Mean (intersection)","MeanState","global","scalar","mm d-1","1.64297","75.0"
"HydrologyCycle","Evapotranspiration","MOD16A2","NMIP3_SH1","Model Period Mean (complement)","MeanState","global","scalar","mm d-1","0.249553","75.0"
"HydrologyCycle","Evapotranspiration","MOD16A2","NMIP3_SH1","Spatial Distribution Score","MeanState","global","score","1","0.981395","75.0"
"HydrologyCycle","Evapotranspiration","MOD16A2","NMIP3_SH1","Phase Shift","MeanState","global","scalar","months","1.35289","75.0"
"HydrologyCycle","Evapotranspiration","MOD16A2","NMIP3_SH1","Seasonal Cycle Score","MeanState","global","score","1","0.797646","75.0"
"HydrologyCycle","Evapotranspiration","MOD16A2","NMIP3_SH1","Bias","MeanState","global","scalar","mm d-1","0.0849932","75.0"
"HydrologyCycle","Evapotranspiration","MOD16A2","NMIP3_SH1","Bias Score","MeanState","global","score","1","0.592492","75.0"
"HydrologyCycle","Evapotranspiration","MOD16A2","NMIP3_SH1","RMSE","MeanState","global","scalar","mm d-1","0.651402","75.0"
"HydrologyCycle","Evapotranspiration","MOD16A2","NMIP3_SH1","RMSE Score","MeanState","global","score","1","0.466804","75.0"
"HydrologyCycle","Evapotranspiration","MOD16A2","NMIP3_SH1","Overall Score","MeanState","global","score","1","0.661028","75.0"
"HydrologyCycle","Evapotranspiration","GLEAMv3.3a","baseline20260821","Benchmark Period Mean (intersection)","MeanState","global","scalar","mm d-1","1.44892","75.0"
"HydrologyCycle","Evapotranspiration","GLEAMv3.3a","baseline20260821","Benchmark Period Mean (complement)","MeanState","global","scalar","mm d-1","0.647636","75.0"
"HydrologyCycle","Evapotranspiration","GLEAMv3.3a","baseline20260821","Period Mean (original grids)","MeanState","global","scalar","mm d-1","1.40609","75.0"
"HydrologyCycle","Evapotranspiration","GLEAMv3.3a","baseline20260821","Model Period Mean (intersection)","MeanState","global","scalar","mm d-1","1.40322","75.0"
"HydrologyCycle","Evapotranspiration","GLEAMv3.3a","baseline20260821","Model Period Mean (complement)","MeanState","global","scalar","mm d-1","1.62381","75.0"
"HydrologyCycle","Evapotranspiration","GLEAMv3.3a","baseline20260821","Spatial Distribution Score","MeanState","global","score","1","0.981476","75.0"
"HydrologyCycle","Evapotranspiration","GLEAMv3.3a","baseline20260821","Phase Shift","MeanState","global","scalar","months","1.0203","75.0"
"HydrologyCycle","Evapotranspiration","GLEAMv3.3a","baseline20260821","Seasonal Cycle Score","MeanState","global","score","1","0.800812","75.0"
"HydrologyCycle","Evapotranspiration","GLEAMv3.3a","baseline20260821","Bias","MeanState","global","scalar","mm d-1","-0.0456975","75.0"
"HydrologyCycle","Evapotranspiration","GLEAMv3.3a","baseline20260821","Bias Score","MeanState","global","score","1","0.680147","75.0"
"HydrologyCycle","Evapotranspiration","GLEAMv3.3a","baseline20260821","RMSE","MeanState","global","scalar","mm d-1","0.44085","75.0"
"HydrologyCycle","Evapotranspiration","GLEAMv3.3a","baseline20260821","RMSE Score","MeanState","global","score","1","0.569773","75.0"
"HydrologyCycle","Evapotranspiration","GLEAMv3.3a","baseline20260821","Overall Score","MeanState","global","score","1","0.720396","75.0"
"HydrologyCycle","Evapotranspiration","GLEAMv3.3a","NMIP3prod_SH1","Benchmark Period Mean (intersection)","MeanState","global","scalar","mm d-1","1.44892","75.0"
"HydrologyCycle","Evapotranspiration","GLEAMv3.3a","NMIP3prod_SH1","Benchmark Period Mean (complement)","MeanState","global","scalar","mm d-1","0.647636","75.0"
"HydrologyCycle","Evapotranspiration","GLEAMv3.3a","NMIP3prod_SH1","Period Mean (original grids)","MeanState","global","scalar","mm d-1","1.40978","75.0"
"HydrologyCycle","Evapotranspiration","GLEAMv3.3a","NMIP3prod_SH1","Model Period Mean (intersection)","MeanState","global","scalar","mm d-1","1.40691","75.0"
"HydrologyCycle","Evapotranspiration","GLEAMv3.3a","NMIP3prod_SH1","Model Period Mean (complement)","MeanState","global","scalar","mm d-1","1.62802","75.0"
"HydrologyCycle","Evapotranspiration","GLEAMv3.3a","NMIP3prod_SH1","Spatial Distribution Score","MeanState","global","score","1","0.981988","75.0"
"HydrologyCycle","Evapotranspiration","GLEAMv3.3a","NMIP3prod_SH1","Phase Shift","MeanState","global","scalar","months","1.02296","75.0"
"HydrologyCycle","Evapotranspiration","GLEAMv3.3a","NMIP3prod_SH1","Seasonal Cycle Score","MeanState","global","score","1","0.799957","75.0"
"HydrologyCycle","Evapotranspiration","GLEAMv3.3a","NMIP3prod_SH1","Bias","MeanState","global","scalar","mm d-1","-0.0420098","75.0"
"HydrologyCycle","Evapotranspiration","GLEAMv3.3a","NMIP3prod_SH1","Bias Score","MeanState","global","score","1","0.679846","75.0"
"HydrologyCycle","Evapotranspiration","GLEAMv3.3a","NMIP3prod_SH1","RMSE","MeanState","global","scalar","mm d-1","0.441212","75.0"
"HydrologyCycle","Evapotranspiration","GLEAMv3.3a","NMIP3prod_SH1","RMSE Score","MeanState","global","score","1","0.56966","75.0"
"HydrologyCycle","Evapotranspiration","GLEAMv3.3a","NMIP3prod_SH1","Overall Score","MeanState","global","score","1","0.720222","75.0"
"HydrologyCycle","Evapotranspiration","GLEAMv3.3a","midbnf","Benchmark Period Mean (intersection)","MeanState","global","scalar","mm d-1","1.44892","75.0"
"HydrologyCycle","Evapotranspiration","GLEAMv3.3a","midbnf","Benchmark Period Mean (complement)","MeanState","global","scalar","mm d-1","0.647636","75.0"
"HydrologyCycle","Evapotranspiration","GLEAMv3.3a","midbnf","Period Mean (original grids)","MeanState","global","scalar","mm d-1","1.40701","75.0"
"HydrologyCycle","Evapotranspiration","GLEAMv3.3a","midbnf","Model Period Mean (intersection)","MeanState","global","scalar","mm d-1","1.40414","75.0"
"HydrologyCycle","Evapotranspiration","GLEAMv3.3a","midbnf","Model Period Mean (complement)","MeanState","global","scalar","mm d-1","1.62454","75.0"
"HydrologyCycle","Evapotranspiration","GLEAMv3.3a","midbnf","Spatial Distribution Score","MeanState","global","score","1","0.981625","75.0"
"HydrologyCycle","Evapotranspiration","GLEAMv3.3a","midbnf","Phase Shift","MeanState","global","scalar","months","1.02005","75.0"
"HydrologyCycle","Evapotranspiration","GLEAMv3.3a","midbnf","Seasonal Cycle Score","MeanState","global","score","1","0.801124","75.0"
"HydrologyCycle","Evapotranspiration","GLEAMv3.3a","midbnf","Bias","MeanState","global","scalar","mm d-1","-0.0447768","75.0"
"HydrologyCycle","Evapotranspiration","GLEAMv3.3a","midbnf","Bias Score","MeanState","global","score","1","0.681029","75.0"
"HydrologyCycle","Evapotranspiration","GLEAMv3.3a","midbnf","RMSE","MeanState","global","scalar","mm d-1","0.441003","75.0"
"HydrologyCycle","Evapotranspiration","GLEAMv3.3a","midbnf","RMSE Score","MeanState","global","score","1","0.569353","75.0"
"HydrologyCycle","Evapotranspiration","GLEAMv3.3a","midbnf","Overall Score","MeanState","global","score","1","0.720497","75.0"
"HydrologyCycle","Evapotranspiration","GLEAMv3.3a","upperbnf","Benchmark Period Mean (intersection)","MeanState","global","scalar","mm d-1","1.44892","75.0"
"HydrologyCycle","Evapotranspiration","GLEAMv3.3a","upperbnf","Benchmark Period Mean (complement)","MeanState","global","scalar","mm d-1","0.647636","75.0"
"HydrologyCycle","Evapotranspiration","GLEAMv3.3a","upperbnf","Period Mean (original grids)","MeanState","global","scalar","mm d-1","1.40658","75.0"
"HydrologyCycle","Evapotranspiration","GLEAMv3.3a","upperbnf","Model Period Mean (intersection)","MeanState","global","scalar","mm d-1","1.40371","75.0"
"HydrologyCycle","Evapotranspiration","GLEAMv3.3a","upperbnf","Model Period Mean (complement)","MeanState","global","scalar","mm d-1","1.62416","75.0"
"HydrologyCycle","Evapotranspiration","GLEAMv3.3a","upperbnf","Spatial Distribution Score","MeanState","global","score","1","0.981614","75.0"
"HydrologyCycle","Evapotranspiration","GLEAMv3.3a","upperbnf","Phase Shift","MeanState","global","scalar","months","1.01968","75.0"
"HydrologyCycle","Evapotranspiration","GLEAMv3.3a","upperbnf","Seasonal Cycle Score","MeanState","global","score","1","0.801387","75.0"
"HydrologyCycle","Evapotranspiration","GLEAMv3.3a","upperbnf","Bias","MeanState","global","scalar","mm d-1","-0.0452053","75.0"
"HydrologyCycle","Evapotranspiration","GLEAMv3.3a","upperbnf","Bias Score","MeanState","global","score","1","0.681117","75.0"
"HydrologyCycle","Evapotranspiration","GLEAMv3.3a","upperbnf","RMSE","MeanState","global","scalar","mm d-1","0.440917","75.0"
"HydrologyCycle","Evapotranspiration","GLEAMv3.3a","upperbnf","RMSE Score","MeanState","global","score","1","0.569375","75.0"
"HydrologyCycle","Evapotranspiration","GLEAMv3.3a","upperbnf","Overall Score","MeanState","global","score","1","0.720573","75.0"
"HydrologyCycle","Evapotranspiration","GLEAMv3.3a","NMIP3_SH1","Benchmark Period Mean (intersection)","MeanState","global","scalar","mm d-1","1.44892","75.0"
"HydrologyCycle","Evapotranspiration","GLEAMv3.3a","NMIP3_SH1","Benchmark Period Mean (complement)","MeanState","global","scalar","mm d-1","0.647636","75.0"
"HydrologyCycle","Evapotranspiration","GLEAMv3.3a","NMIP3_SH1","Period Mean (original grids)","MeanState","global","scalar","mm d-1","1.40962","75.0"
"HydrologyCycle","Evapotranspiration","GLEAMv3.3a","NMIP3_SH1","Model Period Mean (intersection)","MeanState","global","scalar","mm d-1","1.40675","75.0"
"HydrologyCycle","Evapotranspiration","GLEAMv3.3a","NMIP3_SH1","Model Period Mean (complement)","MeanState","global","scalar","mm d-1","1.62755","75.0"
"HydrologyCycle","Evapotranspiration","GLEAMv3.3a","NMIP3_SH1","Spatial Distribution Score","MeanState","global","score","1","0.981994","75.0"
"HydrologyCycle","Evapotranspiration","GLEAMv3.3a","NMIP3_SH1","Phase Shift","MeanState","global","scalar","months","1.02198","75.0"
"HydrologyCycle","Evapotranspiration","GLEAMv3.3a","NMIP3_SH1","Seasonal Cycle Score","MeanState","global","score","1","0.800175","75.0"
"HydrologyCycle","Evapotranspiration","GLEAMv3.3a","NMIP3_SH1","Bias","MeanState","global","scalar","mm d-1","-0.0421679","75.0"
"HydrologyCycle","Evapotranspiration","GLEAMv3.3a","NMIP3_SH1","Bias Score","MeanState","global","score","1","0.679776","75.0"
"HydrologyCycle","Evapotranspiration","GLEAMv3.3a","NMIP3_SH1","RMSE","MeanState","global","scalar","mm d-1","0.441102","75.0"
"HydrologyCycle","Evapotranspiration","GLEAMv3.3a","NMIP3_SH1","RMSE Score","MeanState","global","score","1","0.569751","75.0"
"HydrologyCycle","Evapotranspiration","GLEAMv3.3a","NMIP3_SH1","Overall Score","MeanState","global","score","1","0.720289","75.0"
"HydrologyCycle","Evapotranspiration","GLEAMv3.3a","TRENDYv15_CRUTS410_S3","Benchmark Period Mean (intersection)","MeanState","global","scalar","mm d-1","1.44892","75.0"
"HydrologyCycle","Evapotranspiration","GLEAMv3.3a","TRENDYv15_CRUTS410_S3","Benchmark Period Mean (complement)","MeanState","global","scalar","mm d-1","0.647636","75.0"
"HydrologyCycle","Evapotranspiration","GLEAMv3.3a","TRENDYv15_CRUTS410_S3","Period Mean (original grids)","MeanState","global","scalar","mm d-1","1.24864","75.0"
"HydrologyCycle","Evapotranspiration","GLEAMv3.3a","TRENDYv15_CRUTS410_S3","Model Period Mean (intersection)","MeanState","global","scalar","mm d-1","1.24701","75.0"
"HydrologyCycle","Evapotranspiration","GLEAMv3.3a","TRENDYv15_CRUTS410_S3","Model Period Mean (complement)","MeanState","global","scalar","mm d-1","1.37255","75.0"
"HydrologyCycle","Evapotranspiration","GLEAMv3.3a","TRENDYv15_CRUTS410_S3","Spatial Distribution Score","MeanState","global","score","1","0.917971","75.0"
"HydrologyCycle","Evapotranspiration","GLEAMv3.3a","TRENDYv15_CRUTS410_S3","Phase Shift","MeanState","global","scalar","months","1.04646","75.0"
"HydrologyCycle","Evapotranspiration","GLEAMv3.3a","TRENDYv15_CRUTS410_S3","Seasonal Cycle Score","MeanState","global","score","1","0.777247","75.0"
"HydrologyCycle","Evapotranspiration","GLEAMv3.3a","TRENDYv15_CRUTS410_S3","Bias","MeanState","global","scalar","mm d-1","-0.201905","75.0"
"HydrologyCycle","Evapotranspiration","GLEAMv3.3a","TRENDYv15_CRUTS410_S3","Bias Score","MeanState","global","score","1","0.59269","75.0"
"HydrologyCycle","Evapotranspiration","GLEAMv3.3a","TRENDYv15_CRUTS410_S3","RMSE","MeanState","global","scalar","mm d-1","0.444046","75.0"
"HydrologyCycle","Evapotranspiration","GLEAMv3.3a","TRENDYv15_CRUTS410_S3","RMSE Score","MeanState","global","score","1","0.646207","75.0"
"HydrologyCycle","Evapotranspiration","GLEAMv3.3a","TRENDYv15_CRUTS410_S3","Overall Score","MeanState","global","score","1","0.716064","75.0"
"HydrologyCycle","Evapotranspiration","MODIS","upperbnf","Benchmark Period Mean (intersection)","MeanState","global","scalar","mm d-1","1.55764","75.0"
"HydrologyCycle","Evapotranspiration","MODIS","upperbnf","Benchmark Period Mean (complement)","MeanState","global","scalar","mm d-1","2.12771","75.0"
"HydrologyCycle","Evapotranspiration","MODIS","upperbnf","Period Mean (original grids)","MeanState","global","scalar","mm d-1","1.41387","75.0"
"HydrologyCycle","Evapotranspiration","MODIS","upperbnf","Model Period Mean (intersection)","MeanState","global","scalar","mm d-1","1.6386","75.0"
"HydrologyCycle","Evapotranspiration","MODIS","upperbnf","Model Period Mean (complement)","MeanState","global","scalar","mm d-1","0.249038","75.0"
"HydrologyCycle","Evapotranspiration","MODIS","upperbnf","Spatial Distribution Score","MeanState","global","score","1","0.981356","75.0"
"HydrologyCycle","Evapotranspiration","MODIS","upperbnf","Phase Shift","MeanState","global","scalar","months","1.35103","75.0"
"HydrologyCycle","Evapotranspiration","MODIS","upperbnf","Seasonal Cycle Score","MeanState","global","score","1","0.797776","75.0"
"HydrologyCycle","Evapotranspiration","MODIS","upperbnf","Bias","MeanState","global","scalar","mm d-1","0.0809541","75.0"
"HydrologyCycle","Evapotranspiration","MODIS","upperbnf","Bias Score","MeanState","global","score","1","0.595039","75.0"
"HydrologyCycle","Evapotranspiration","MODIS","upperbnf","RMSE","MeanState","global","scalar","mm d-1","0.650045","75.0"
"HydrologyCycle","Evapotranspiration","MODIS","upperbnf","RMSE Score","MeanState","global","score","1","0.466162","75.0"
"HydrologyCycle","Evapotranspiration","MODIS","upperbnf","Overall Score","MeanState","global","score","1","0.661299","75.0"
"HydrologyCycle","Evapotranspiration","MODIS","TRENDYv15_CRUTS410_S3","Benchmark Period Mean (intersection)","MeanState","global","scalar","mm d-1","1.55764","75.0"
"HydrologyCycle","Evapotranspiration","MODIS","TRENDYv15_CRUTS410_S3","Benchmark Period Mean (complement)","MeanState","global","scalar","mm d-1","2.12771","75.0"
"HydrologyCycle","Evapotranspiration","MODIS","TRENDYv15_CRUTS410_S3","Period Mean (original grids)","MeanState","global","scalar","mm d-1","1.25836","75.0"
"HydrologyCycle","Evapotranspiration","MODIS","TRENDYv15_CRUTS410_S3","Model Period Mean (intersection)","MeanState","global","scalar","mm d-1","1.45615","75.0"
"HydrologyCycle","Evapotranspiration","MODIS","TRENDYv15_CRUTS410_S3","Model Period Mean (complement)","MeanState","global","scalar","mm d-1","0.233099","75.0"
"HydrologyCycle","Evapotranspiration","MODIS","TRENDYv15_CRUTS410_S3","Spatial Distribution Score","MeanState","global","score","1","0.924855","75.0"
"HydrologyCycle","Evapotranspiration","MODIS","TRENDYv15_CRUTS410_S3","Phase Shift","MeanState","global","scalar","months","1.28658","75.0"
"HydrologyCycle","Evapotranspiration","MODIS","TRENDYv15_CRUTS410_S3","Seasonal Cycle Score","MeanState","global","score","1","0.812228","75.0"
"HydrologyCycle","Evapotranspiration","MODIS","TRENDYv15_CRUTS410_S3","Bias","MeanState","global","scalar","mm d-1","-0.101492","75.0"
"HydrologyCycle","Evapotranspiration","MODIS","TRENDYv15_CRUTS410_S3","Bias Score","MeanState","global","score","1","0.534271","75.0"
"HydrologyCycle","Evapotranspiration","MODIS","TRENDYv15_CRUTS410_S3","RMSE","MeanState","global","scalar","mm d-1","0.613132","75.0"
"HydrologyCycle","Evapotranspiration","MODIS","TRENDYv15_CRUTS410_S3","RMSE Score","MeanState","global","score","1","0.558213","75.0"
"HydrologyCycle","Evapotranspiration","MODIS","TRENDYv15_CRUTS410_S3","Overall Score","MeanState","global","score","1","0.677556","75.0"
"HydrologyCycle","Evapotranspiration","MODIS","midbnf","Benchmark Period Mean (intersection)","MeanState","global","scalar","mm d-1","1.55764","75.0"
"HydrologyCycle","Evapotranspiration","MODIS","midbnf","Benchmark Period Mean (complement)","MeanState","global","scalar","mm d-1","2.12771","75.0"
"HydrologyCycle","Evapotranspiration","MODIS","midbnf","Period Mean (original grids)","MeanState","global","scalar","mm d-1","1.41422","75.0"
"HydrologyCycle","Evapotranspiration","MODIS","midbnf","Model Period Mean (intersection)","MeanState","global","scalar","mm d-1","1.63901","75.0"
"HydrologyCycle","Evapotranspiration","MODIS","midbnf","Model Period Mean (complement)","MeanState","global","scalar","mm d-1","0.24905","75.0"
"HydrologyCycle","Evapotranspiration","MODIS","midbnf","Spatial Distribution Score","MeanState","global","score","1","0.981355","75.0"
"HydrologyCycle","Evapotranspiration","MODIS","midbnf","Phase Shift","MeanState","global","scalar","months","1.35007","75.0"
"HydrologyCycle","Evapotranspiration","MODIS","midbnf","Seasonal Cycle Score","MeanState","global","score","1","0.798167","75.0"
"HydrologyCycle","Evapotranspiration","MODIS","midbnf","Bias","MeanState","global","scalar","mm d-1","0.0813658","75.0"
"HydrologyCycle","Evapotranspiration","MODIS","midbnf","Bias Score","MeanState","global","score","1","0.594881","75.0"
"HydrologyCycle","Evapotranspiration","MODIS","midbnf","RMSE","MeanState","global","scalar","mm d-1","0.650057","75.0"
"HydrologyCycle","Evapotranspiration","MODIS","midbnf","RMSE Score","MeanState","global","score","1","0.466285","75.0"
"HydrologyCycle","Evapotranspiration","MODIS","midbnf","Overall Score","MeanState","global","score","1","0.661394","75.0"
"HydrologyCycle","Evapotranspiration","MODIS","NMIP3_SH1","Benchmark Period Mean (intersection)","MeanState","global","scalar","mm d-1","1.55764","75.0"
"HydrologyCycle","Evapotranspiration","MODIS","NMIP3_SH1","Benchmark Period Mean (complement)","MeanState","global","scalar","mm d-1","2.12771","75.0"
"HydrologyCycle","Evapotranspiration","MODIS","NMIP3_SH1","Period Mean (original grids)","MeanState","global","scalar","mm d-1","1.41692","75.0"
"HydrologyCycle","Evapotranspiration","MODIS","NMIP3_SH1","Model Period Mean (intersection)","MeanState","global","scalar","mm d-1","1.64222","75.0"
"HydrologyCycle","Evapotranspiration","MODIS","NMIP3_SH1","Model Period Mean (complement)","MeanState","global","scalar","mm d-1","0.249073","75.0"
"HydrologyCycle","Evapotranspiration","MODIS","NMIP3_SH1","Spatial Distribution Score","MeanState","global","score","1","0.98142","75.0"
"HydrologyCycle","Evapotranspiration","MODIS","NMIP3_SH1","Phase Shift","MeanState","global","scalar","months","1.35355","75.0"
"HydrologyCycle","Evapotranspiration","MODIS","NMIP3_SH1","Seasonal Cycle Score","MeanState","global","score","1","0.79686","75.0"
"HydrologyCycle","Evapotranspiration","MODIS","NMIP3_SH1","Bias","MeanState","global","scalar","mm d-1","0.0845754","75.0"
"HydrologyCycle","Evapotranspiration","MODIS","NMIP3_SH1","Bias Score","MeanState","global","score","1","0.593543","75.0"
"HydrologyCycle","Evapotranspiration","MODIS","NMIP3_SH1","RMSE","MeanState","global","scalar","mm d-1","0.65109","75.0"
"HydrologyCycle","Evapotranspiration","MODIS","NMIP3_SH1","RMSE Score","MeanState","global","score","1","0.466676","75.0"
"HydrologyCycle","Evapotranspiration","MODIS","NMIP3_SH1","Overall Score","MeanState","global","score","1","0.661035","75.0"
"HydrologyCycle","Evapotranspiration","MODIS","baseline20260821","Benchmark Period Mean (intersection)","MeanState","global","scalar","mm d-1","1.55764","75.0"
"HydrologyCycle","Evapotranspiration","MODIS","baseline20260821","Benchmark Period Mean (complement)","MeanState","global","scalar","mm d-1","2.12771","75.0"
"HydrologyCycle","Evapotranspiration","MODIS","baseline20260821","Period Mean (original grids)","MeanState","global","scalar","mm d-1","1.41316","75.0"
"HydrologyCycle","Evapotranspiration","MODIS","baseline20260821","Model Period Mean (intersection)","MeanState","global","scalar","mm d-1","1.63775","75.0"
"HydrologyCycle","Evapotranspiration","MODIS","baseline20260821","Model Period Mean (complement)","MeanState","global","scalar","mm d-1","0.249017","75.0"
"HydrologyCycle","Evapotranspiration","MODIS","baseline20260821","Spatial Distribution Score","MeanState","global","score","1","0.981302","75.0"
"HydrologyCycle","Evapotranspiration","MODIS","baseline20260821","Phase Shift","MeanState","global","scalar","months","1.34987","75.0"
"HydrologyCycle","Evapotranspiration","MODIS","baseline20260821","Seasonal Cycle Score","MeanState","global","score","1","0.797961","75.0"
"HydrologyCycle","Evapotranspiration","MODIS","baseline20260821","Bias","MeanState","global","scalar","mm d-1","0.0801048","75.0"
"HydrologyCycle","Evapotranspiration","MODIS","baseline20260821","Bias Score","MeanState","global","score","1","0.594752","75.0"
"HydrologyCycle","Evapotranspiration","MODIS","baseline20260821","RMSE","MeanState","global","scalar","mm d-1","0.649776","75.0"
"HydrologyCycle","Evapotranspiration","MODIS","baseline20260821","RMSE Score","MeanState","global","score","1","0.466614","75.0"
"HydrologyCycle","Evapotranspiration","MODIS","baseline20260821","Overall Score","MeanState","global","score","1","0.661449","75.0"
"HydrologyCycle","Evapotranspiration","MODIS","NMIP3prod_SH1","Benchmark Period Mean (intersection)","MeanState","global","scalar","mm d-1","1.55764","75.0"
"HydrologyCycle","Evapotranspiration","MODIS","NMIP3prod_SH1","Benchmark Period Mean (complement)","MeanState","global","scalar","mm d-1","2.12771","75.0"
"HydrologyCycle","Evapotranspiration","MODIS","NMIP3prod_SH1","Period Mean (original grids)","MeanState","global","scalar","mm d-1","1.4171","75.0"
"HydrologyCycle","Evapotranspiration","MODIS","NMIP3prod_SH1","Model Period Mean (intersection)","MeanState","global","scalar","mm d-1","1.64244","75.0"
"HydrologyCycle","Evapotranspiration","MODIS","NMIP3prod_SH1","Model Period Mean (complement)","MeanState","global","scalar","mm d-1","0.249077","75.0"
"HydrologyCycle","Evapotranspiration","MODIS","NMIP3prod_SH1","Spatial Distribution Score","MeanState","global","score","1","0.981432","75.0"
"HydrologyCycle","Evapotranspiration","MODIS","NMIP3prod_SH1","Phase Shift","MeanState","global","scalar","months","1.35418","75.0"
"HydrologyCycle","Evapotranspiration","MODIS","NMIP3prod_SH1","Seasonal Cycle Score","MeanState","global","score","1","0.797007","75.0"
"HydrologyCycle","Evapotranspiration","MODIS","NMIP3prod_SH1","Bias","MeanState","global","scalar","mm d-1","0.0847988","75.0"
"HydrologyCycle","Evapotranspiration","MODIS","NMIP3prod_SH1","Bias Score","MeanState","global","score","1","0.593624","75.0"
"HydrologyCycle","Evapotranspiration","MODIS","NMIP3prod_SH1","RMSE","MeanState","global","scalar","mm d-1","0.650992","75.0"
"HydrologyCycle","Evapotranspiration","MODIS","NMIP3prod_SH1","RMSE Score","MeanState","global","score","1","0.466618","75.0"
"HydrologyCycle","Evapotranspiration","MODIS","NMIP3prod_SH1","Overall Score","MeanState","global","score","1","0.66106","75.0"
"HydrologyCycle","Runoff","Dai","NMIP3_SH1","Period Mean","MeanState","global","scalar","mm d-1","0.729349","75.0"
"HydrologyCycle","Runoff","Dai","NMIP3_SH1","Bias","MeanState","global","scalar","mm d-1","-0.0960585","75.0"
"HydrologyCycle","Runoff","Dai","NMIP3_SH1","Bias Score","MeanState","global","score","1","0.776311","75.0"
"HydrologyCycle","Runoff","Dai","NMIP3_SH1","Interannual Variability Score","MeanState","global","score","1","0.602423","75.0"
"HydrologyCycle","Runoff","Dai","NMIP3_SH1","Spatial Distribution Score","MeanState","global","score","1","0.943119","75.0"
"HydrologyCycle","Runoff","Dai","NMIP3_SH1","Overall Score","MeanState","global","score","1","0.773951","75.0"
"HydrologyCycle","Runoff","Dai","baseline20260821","Period Mean","MeanState","global","scalar","mm d-1","0.732461","75.0"
"HydrologyCycle","Runoff","Dai","baseline20260821","Bias","MeanState","global","scalar","mm d-1","-0.0929467","75.0"
"HydrologyCycle","Runoff","Dai","baseline20260821","Bias Score","MeanState","global","score","1","0.776499","75.0"
"HydrologyCycle","Runoff","Dai","baseline20260821","Interannual Variability Score","MeanState","global","score","1","0.60095","75.0"
"HydrologyCycle","Runoff","Dai","baseline20260821","Spatial Distribution Score","MeanState","global","score","1","0.943568","75.0"
"HydrologyCycle","Runoff","Dai","baseline20260821","Overall Score","MeanState","global","score","1","0.773672","75.0"
"HydrologyCycle","Runoff","Dai","upperbnf","Period Mean","MeanState","global","scalar","mm d-1","0.73227","75.0"
"HydrologyCycle","Runoff","Dai","upperbnf","Bias","MeanState","global","scalar","mm d-1","-0.0931378","75.0"
"HydrologyCycle","Runoff","Dai","upperbnf","Bias Score","MeanState","global","score","1","0.776908","75.0"
"HydrologyCycle","Runoff","Dai","upperbnf","Interannual Variability Score","MeanState","global","score","1","0.599876","75.0"
"HydrologyCycle","Runoff","Dai","upperbnf","Spatial Distribution Score","MeanState","global","score","1","0.943663","75.0"
"HydrologyCycle","Runoff","Dai","upperbnf","Overall Score","MeanState","global","score","1","0.773483","75.0"
"HydrologyCycle","Runoff","Dai","NMIP3prod_SH1","Period Mean","MeanState","global","scalar","mm d-1","0.728852","75.0"
"HydrologyCycle","Runoff","Dai","NMIP3prod_SH1","Bias","MeanState","global","scalar","mm d-1","-0.0965563","75.0"
"HydrologyCycle","Runoff","Dai","NMIP3prod_SH1","Bias Score","MeanState","global","score","1","0.775917","75.0"
"HydrologyCycle","Runoff","Dai","NMIP3prod_SH1","Interannual Variability Score","MeanState","global","score","1","0.601757","75.0"
"HydrologyCycle","Runoff","Dai","NMIP3prod_SH1","Spatial Distribution Score","MeanState","global","score","1","0.94299","75.0"
"HydrologyCycle","Runoff","Dai","NMIP3prod_SH1","Overall Score","MeanState","global","score","1","0.773555","75.0"
"HydrologyCycle","Runoff","Dai","midbnf","Period Mean","MeanState","global","scalar","mm d-1","0.731369","75.0"
"HydrologyCycle","Runoff","Dai","midbnf","Bias","MeanState","global","scalar","mm d-1","-0.0940393","75.0"
"HydrologyCycle","Runoff","Dai","midbnf","Bias Score","MeanState","global","score","1","0.776733","75.0"
"HydrologyCycle","Runoff","Dai","midbnf","Interannual Variability Score","MeanState","global","score","1","0.600331","75.0"
"HydrologyCycle","Runoff","Dai","midbnf","Spatial Distribution Score","MeanState","global","score","1","0.943591","75.0"
"HydrologyCycle","Runoff","Dai","midbnf","Overall Score","MeanState","global","score","1","0.773551","75.0"
"HydrologyCycle","Runoff","Dai","TRENDYv15_CRUTS410_S3","Period Mean","MeanState","global","scalar","mm d-1","0.867778","75.0"
"HydrologyCycle","Runoff","Dai","TRENDYv15_CRUTS410_S3","Bias","MeanState","global","scalar","mm d-1","0.04237","75.0"
"HydrologyCycle","Runoff","Dai","TRENDYv15_CRUTS410_S3","Bias Score","MeanState","global","score","1","0.771615","75.0"
"HydrologyCycle","Runoff","Dai","TRENDYv15_CRUTS410_S3","Interannual Variability Score","MeanState","global","score","1","0.574537","75.0"
"HydrologyCycle","Runoff","Dai","TRENDYv15_CRUTS410_S3","Spatial Distribution Score","MeanState","global","score","1","0.954872","75.0"
"HydrologyCycle","Runoff","Dai","TRENDYv15_CRUTS410_S3","Overall Score","MeanState","global","score","1","0.767008","75.0"
"HydrologyCycle","Runoff","LORA","NMIP3prod_SH1","Benchmark Period Mean (intersection)","MeanState","global","scalar","mm d-1","0.816857","75.0"
"HydrologyCycle","Runoff","LORA","NMIP3prod_SH1","Benchmark Period Mean (complement)","MeanState","global","scalar","mm d-1","0.815953","75.0"
"HydrologyCycle","Runoff","LORA","NMIP3prod_SH1","Period Mean (original grids)","MeanState","global","scalar","mm d-1","0.771068","75.0"
"HydrologyCycle","Runoff","LORA","NMIP3prod_SH1","Model Period Mean (intersection)","MeanState","global","scalar","mm d-1","0.731066","75.0"
"HydrologyCycle","Runoff","LORA","NMIP3prod_SH1","Model Period Mean (complement)","MeanState","global","scalar","mm d-1","1.35341","75.0"
"HydrologyCycle","Runoff","LORA","NMIP3prod_SH1","Spatial Distribution Score","MeanState","global","score","1","0.925359","75.0"
"HydrologyCycle","Runoff","LORA","NMIP3prod_SH1","Phase Shift","MeanState","global","scalar","months","1.08407","75.0"
"HydrologyCycle","Runoff","LORA","NMIP3prod_SH1","Seasonal Cycle Score","MeanState","global","score","1","0.88767","75.0"
"HydrologyCycle","Runoff","LORA","NMIP3prod_SH1","Bias","MeanState","global","scalar","mm d-1","-0.0857915","75.0"
"HydrologyCycle","Runoff","LORA","NMIP3prod_SH1","Bias Score","MeanState","global","score","1","0.657572","75.0"
"HydrologyCycle","Runoff","LORA","NMIP3prod_SH1","RMSE","MeanState","global","scalar","mm d-1","0.665108","75.0"
"HydrologyCycle","Runoff","LORA","NMIP3prod_SH1","RMSE Score","MeanState","global","score","1","0.534182","75.0"
"HydrologyCycle","Runoff","LORA","NMIP3prod_SH1","Overall Score","MeanState","global","score","1","0.707793","75.0"
"HydrologyCycle","Runoff","LORA","NMIP3_SH1","Benchmark Period Mean (intersection)","MeanState","global","scalar","mm d-1","0.816857","75.0"
"HydrologyCycle","Runoff","LORA","NMIP3_SH1","Benchmark Period Mean (complement)","MeanState","global","scalar","mm d-1","0.815953","75.0"
"HydrologyCycle","Runoff","LORA","NMIP3_SH1","Period Mean (original grids)","MeanState","global","scalar","mm d-1","0.771225","75.0"
"HydrologyCycle","Runoff","LORA","NMIP3_SH1","Model Period Mean (intersection)","MeanState","global","scalar","mm d-1","0.731221","75.0"
"HydrologyCycle","Runoff","LORA","NMIP3_SH1","Model Period Mean (complement)","MeanState","global","scalar","mm d-1","1.3536","75.0"
"HydrologyCycle","Runoff","LORA","NMIP3_SH1","Spatial Distribution Score","MeanState","global","score","1","0.925481","75.0"
"HydrologyCycle","Runoff","LORA","NMIP3_SH1","Phase Shift","MeanState","global","scalar","months","1.08504","75.0"
"HydrologyCycle","Runoff","LORA","NMIP3_SH1","Seasonal Cycle Score","MeanState","global","score","1","0.887674","75.0"
"HydrologyCycle","Runoff","LORA","NMIP3_SH1","Bias","MeanState","global","scalar","mm d-1","-0.0856366","75.0"
"HydrologyCycle","Runoff","LORA","NMIP3_SH1","Bias Score","MeanState","global","score","1","0.657707","75.0"
"HydrologyCycle","Runoff","LORA","NMIP3_SH1","RMSE","MeanState","global","scalar","mm d-1","0.664967","75.0"
"HydrologyCycle","Runoff","LORA","NMIP3_SH1","RMSE Score","MeanState","global","score","1","0.534126","75.0"
"HydrologyCycle","Runoff","LORA","NMIP3_SH1","Overall Score","MeanState","global","score","1","0.707823","75.0"
"HydrologyCycle","Runoff","LORA","midbnf","Benchmark Period Mean (intersection)","MeanState","global","scalar","mm d-1","0.816857","75.0"
"HydrologyCycle","Runoff","LORA","midbnf","Benchmark Period Mean (complement)","MeanState","global","scalar","mm d-1","0.815953","75.0"
"HydrologyCycle","Runoff","LORA","midbnf","Period Mean (original grids)","MeanState","global","scalar","mm d-1","0.773846","75.0"
"HydrologyCycle","Runoff","LORA","midbnf","Model Period Mean (intersection)","MeanState","global","scalar","mm d-1","0.73383","75.0"
"HydrologyCycle","Runoff","LORA","midbnf","Model Period Mean (complement)","MeanState","global","scalar","mm d-1","1.35638","75.0"
"HydrologyCycle","Runoff","LORA","midbnf","Spatial Distribution Score","MeanState","global","score","1","0.925802","75.0"
"HydrologyCycle","Runoff","LORA","midbnf","Phase Shift","MeanState","global","scalar","months","1.08538","75.0"
"HydrologyCycle","Runoff","LORA","midbnf","Seasonal Cycle Score","MeanState","global","score","1","0.887437","75.0"
"HydrologyCycle","Runoff","LORA","midbnf","Bias","MeanState","global","scalar","mm d-1","-0.0830275","75.0"
"HydrologyCycle","Runoff","LORA","midbnf","Bias Score","MeanState","global","score","1","0.65751","75.0"
"HydrologyCycle","Runoff","LORA","midbnf","RMSE","MeanState","global","scalar","mm d-1","0.665748","75.0"
"HydrologyCycle","Runoff","LORA","midbnf","RMSE Score","MeanState","global","score","1","0.533858","75.0"
"HydrologyCycle","Runoff","LORA","midbnf","Overall Score","MeanState","global","score","1","0.707693","75.0"
"HydrologyCycle","Runoff","LORA","upperbnf","Benchmark Period Mean (intersection)","MeanState","global","scalar","mm d-1","0.816857","75.0"
"HydrologyCycle","Runoff","LORA","upperbnf","Benchmark Period Mean (complement)","MeanState","global","scalar","mm d-1","0.815953","75.0"
"HydrologyCycle","Runoff","LORA","upperbnf","Period Mean (original grids)","MeanState","global","scalar","mm d-1","0.774325","75.0"
"HydrologyCycle","Runoff","LORA","upperbnf","Model Period Mean (intersection)","MeanState","global","scalar","mm d-1","0.734315","75.0"
"HydrologyCycle","Runoff","LORA","upperbnf","Model Period Mean (complement)","MeanState","global","scalar","mm d-1","1.35679","75.0"
"HydrologyCycle","Runoff","LORA","upperbnf","Spatial Distribution Score","MeanState","global","score","1","0.925814","75.0"
"HydrologyCycle","Runoff","LORA","upperbnf","Phase Shift","MeanState","global","scalar","months","1.08543","75.0"
"HydrologyCycle","Runoff","LORA","upperbnf","Seasonal Cycle Score","MeanState","global","score","1","0.887458","75.0"
"HydrologyCycle","Runoff","LORA","upperbnf","Bias","MeanState","global","scalar","mm d-1","-0.0825425","75.0"
"HydrologyCycle","Runoff","LORA","upperbnf","Bias Score","MeanState","global","score","1","0.657473","75.0"
"HydrologyCycle","Runoff","LORA","upperbnf","RMSE","MeanState","global","scalar","mm d-1","0.666109","75.0"
"HydrologyCycle","Runoff","LORA","upperbnf","RMSE Score","MeanState","global","score","1","0.533785","75.0"
"HydrologyCycle","Runoff","LORA","upperbnf","Overall Score","MeanState","global","score","1","0.707663","75.0"
"HydrologyCycle","Runoff","LORA","baseline20260821","Benchmark Period Mean (intersection)","MeanState","global","scalar","mm d-1","0.816857","75.0"
"HydrologyCycle","Runoff","LORA","baseline20260821","Benchmark Period Mean (complement)","MeanState","global","scalar","mm d-1","0.815953","75.0"
"HydrologyCycle","Runoff","LORA","baseline20260821","Period Mean (original grids)","MeanState","global","scalar","mm d-1","0.77471","75.0"
"HydrologyCycle","Runoff","LORA","baseline20260821","Model Period Mean (intersection)","MeanState","global","scalar","mm d-1","0.7347","75.0"
"HydrologyCycle","Runoff","LORA","baseline20260821","Model Period Mean (complement)","MeanState","global","scalar","mm d-1","1.35717","75.0"
"HydrologyCycle","Runoff","LORA","baseline20260821","Spatial Distribution Score","MeanState","global","score","1","0.925966","75.0"
"HydrologyCycle","Runoff","LORA","baseline20260821","Phase Shift","MeanState","global","scalar","months","1.08585","75.0"
"HydrologyCycle","Runoff","LORA","baseline20260821","Seasonal Cycle Score","MeanState","global","score","1","0.887399","75.0"
"HydrologyCycle","Runoff","LORA","baseline20260821","Bias","MeanState","global","scalar","mm d-1","-0.0821575","75.0"
"HydrologyCycle","Runoff","LORA","baseline20260821","Bias Score","MeanState","global","score","1","0.657569","75.0"
"HydrologyCycle","Runoff","LORA","baseline20260821","RMSE","MeanState","global","scalar","mm d-1","0.66624","75.0"
"HydrologyCycle","Runoff","LORA","baseline20260821","RMSE Score","MeanState","global","score","1","0.533587","75.0"
"HydrologyCycle","Runoff","LORA","baseline20260821","Overall Score","MeanState","global","score","1","0.707622","75.0"
"HydrologyCycle","Runoff","LORA","TRENDYv15_CRUTS410_S3","Benchmark Period Mean (intersection)","MeanState","global","scalar","mm d-1","0.816857","75.0"
"HydrologyCycle","Runoff","LORA","TRENDYv15_CRUTS410_S3","Benchmark Period Mean (complement)","MeanState","global","scalar","mm d-1","0.815953","75.0"
"HydrologyCycle","Runoff","LORA","TRENDYv15_CRUTS410_S3","Period Mean (original grids)","MeanState","global","scalar","mm d-1","0.955194","75.0"
"HydrologyCycle","Runoff","LORA","TRENDYv15_CRUTS410_S3","Model Period Mean (intersection)","MeanState","global","scalar","mm d-1","0.91074","75.0"
"HydrologyCycle","Runoff","LORA","TRENDYv15_CRUTS410_S3","Model Period Mean (complement)","MeanState","global","scalar","mm d-1","1.60233","75.0"
"HydrologyCycle","Runoff","LORA","TRENDYv15_CRUTS410_S3","Spatial Distribution Score","MeanState","global","score","1","0.937319","75.0"
"HydrologyCycle","Runoff","LORA","TRENDYv15_CRUTS410_S3","Phase Shift","MeanState","global","scalar","months","1.04571","75.0"
"HydrologyCycle","Runoff","LORA","TRENDYv15_CRUTS410_S3","Seasonal Cycle Score","MeanState","global","score","1","0.894257","75.0"
"HydrologyCycle","Runoff","LORA","TRENDYv15_CRUTS410_S3","Bias","MeanState","global","scalar","mm d-1","0.0938828","75.0"
"HydrologyCycle","Runoff","LORA","TRENDYv15_CRUTS410_S3","Bias Score","MeanState","global","score","1","0.651866","75.0"
"HydrologyCycle","Runoff","LORA","TRENDYv15_CRUTS410_S3","RMSE","MeanState","global","scalar","mm d-1","0.814007","75.0"
"HydrologyCycle","Runoff","LORA","TRENDYv15_CRUTS410_S3","RMSE Score","MeanState","global","score","1","0.476319","75.0"
"HydrologyCycle","Runoff","LORA","TRENDYv15_CRUTS410_S3","Overall Score","MeanState","global","score","1","0.687216","75.0"
"HydrologyCycle","Runoff","CLASS","midbnf","Benchmark Period Mean (intersection)","MeanState","global","scalar","mm d-1","0.724101","125.0"
"HydrologyCycle","Runoff","CLASS","midbnf","Benchmark Period Mean (complement)","MeanState","global","scalar","mm d-1","1.07634","125.0"
"HydrologyCycle","Runoff","CLASS","midbnf","Period Mean (original grids)","MeanState","global","scalar","mm d-1","0.788157","125.0"
"HydrologyCycle","Runoff","CLASS","midbnf","Model Period Mean (intersection)","MeanState","global","scalar","mm d-1","0.730968","125.0"
"HydrologyCycle","Runoff","CLASS","midbnf","Model Period Mean (complement)","MeanState","global","scalar","mm d-1","1.23095","125.0"
"HydrologyCycle","Runoff","CLASS","midbnf","Spatial Distribution Score","MeanState","global","score","1","0.959979","125.0"
"HydrologyCycle","Runoff","CLASS","midbnf","Phase Shift","MeanState","global","scalar","months","1.34446","125.0"
"HydrologyCycle","Runoff","CLASS","midbnf","Seasonal Cycle Score","MeanState","global","score","1","0.858518","125.0"
"HydrologyCycle","Runoff","CLASS","midbnf","Bias","MeanState","global","scalar","mm d-1","0.0068675","125.0"
"HydrologyCycle","Runoff","CLASS","midbnf","Bias Score","MeanState","global","score","1","0.675859","125.0"
"HydrologyCycle","Runoff","CLASS","midbnf","RMSE","MeanState","global","scalar","mm d-1","0.626559","125.0"
"HydrologyCycle","Runoff","CLASS","midbnf","RMSE Score","MeanState","global","score","1","0.46401","125.0"
"HydrologyCycle","Runoff","CLASS","midbnf","Overall Score","MeanState","global","score","1","0.684475","125.0"
"HydrologyCycle","Runoff","CLASS","NMIP3_SH1","Benchmark Period Mean (intersection)","MeanState","global","scalar","mm d-1","0.724101","125.0"
"HydrologyCycle","Runoff","CLASS","NMIP3_SH1","Benchmark Period Mean (complement)","MeanState","global","scalar","mm d-1","1.07634","125.0"
"HydrologyCycle","Runoff","CLASS","NMIP3_SH1","Period Mean (original grids)","MeanState","global","scalar","mm d-1","0.785387","125.0"
"HydrologyCycle","Runoff","CLASS","NMIP3_SH1","Model Period Mean (intersection)","MeanState","global","scalar","mm d-1","0.728309","125.0"
"HydrologyCycle","Runoff","CLASS","NMIP3_SH1","Model Period Mean (complement)","MeanState","global","scalar","mm d-1","1.22733","125.0"
"HydrologyCycle","Runoff","CLASS","NMIP3_SH1","Spatial Distribution Score","MeanState","global","score","1","0.96005","125.0"
"HydrologyCycle","Runoff","CLASS","NMIP3_SH1","Phase Shift","MeanState","global","scalar","months","1.34582","125.0"
"HydrologyCycle","Runoff","CLASS","NMIP3_SH1","Seasonal Cycle Score","MeanState","global","score","1","0.858569","125.0"
"HydrologyCycle","Runoff","CLASS","NMIP3_SH1","Bias","MeanState","global","scalar","mm d-1","0.00420779","125.0"
"HydrologyCycle","Runoff","CLASS","NMIP3_SH1","Bias Score","MeanState","global","score","1","0.676108","125.0"
"HydrologyCycle","Runoff","CLASS","NMIP3_SH1","RMSE","MeanState","global","scalar","mm d-1","0.626677","125.0"
"HydrologyCycle","Runoff","CLASS","NMIP3_SH1","RMSE Score","MeanState","global","score","1","0.463961","125.0"
"HydrologyCycle","Runoff","CLASS","NMIP3_SH1","Overall Score","MeanState","global","score","1","0.68453","125.0"
"HydrologyCycle","Runoff","CLASS","TRENDYv15_CRUTS410_S3","Benchmark Period Mean (intersection)","MeanState","global","scalar","mm d-1","0.724101","125.0"
"HydrologyCycle","Runoff","CLASS","TRENDYv15_CRUTS410_S3","Benchmark Period Mean (complement)","MeanState","global","scalar","mm d-1","1.07634","125.0"
"HydrologyCycle","Runoff","CLASS","TRENDYv15_CRUTS410_S3","Period Mean (original grids)","MeanState","global","scalar","mm d-1","0.967168","125.0"
"HydrologyCycle","Runoff","CLASS","TRENDYv15_CRUTS410_S3","Model Period Mean (intersection)","MeanState","global","scalar","mm d-1","0.902692","125.0"
"HydrologyCycle","Runoff","CLASS","TRENDYv15_CRUTS410_S3","Model Period Mean (complement)","MeanState","global","scalar","mm d-1","1.46638","125.0"
"HydrologyCycle","Runoff","CLASS","TRENDYv15_CRUTS410_S3","Spatial Distribution Score","MeanState","global","score","1","0.931597","125.0"
"HydrologyCycle","Runoff","CLASS","TRENDYv15_CRUTS410_S3","Phase Shift","MeanState","global","scalar","months","1.29808","125.0"
"HydrologyCycle","Runoff","CLASS","TRENDYv15_CRUTS410_S3","Seasonal Cycle Score","MeanState","global","score","1","0.853622","125.0"
"HydrologyCycle","Runoff","CLASS","TRENDYv15_CRUTS410_S3","Bias","MeanState","global","scalar","mm d-1","0.178591","125.0"
"HydrologyCycle","Runoff","CLASS","TRENDYv15_CRUTS410_S3","Bias Score","MeanState","global","score","1","0.647767","125.0"
"HydrologyCycle","Runoff","CLASS","TRENDYv15_CRUTS410_S3","RMSE","MeanState","global","scalar","mm d-1","0.815537","125.0"
"HydrologyCycle","Runoff","CLASS","TRENDYv15_CRUTS410_S3","RMSE Score","MeanState","global","score","1","0.396841","125.0"
"HydrologyCycle","Runoff","CLASS","TRENDYv15_CRUTS410_S3","Overall Score","MeanState","global","score","1","0.645334","125.0"
"HydrologyCycle","Runoff","CLASS","upperbnf","Benchmark Period Mean (intersection)","MeanState","global","scalar","mm d-1","0.724101","125.0"
"HydrologyCycle","Runoff","CLASS","upperbnf","Benchmark Period Mean (complement)","MeanState","global","scalar","mm d-1","1.07634","125.0"
"HydrologyCycle","Runoff","CLASS","upperbnf","Period Mean (original grids)","MeanState","global","scalar","mm d-1","0.788564","125.0"
"HydrologyCycle","Runoff","CLASS","upperbnf","Model Period Mean (intersection)","MeanState","global","scalar","mm d-1","0.731385","125.0"
"HydrologyCycle","Runoff","CLASS","upperbnf","Model Period Mean (complement)","MeanState","global","scalar","mm d-1","1.23128","125.0"
"HydrologyCycle","Runoff","CLASS","upperbnf","Spatial Distribution Score","MeanState","global","score","1","0.959943","125.0"
"HydrologyCycle","Runoff","CLASS","upperbnf","Phase Shift","MeanState","global","scalar","months","1.34369","125.0"
"HydrologyCycle","Runoff","CLASS","upperbnf","Seasonal Cycle Score","MeanState","global","score","1","0.858559","125.0"
"HydrologyCycle","Runoff","CLASS","upperbnf","Bias","MeanState","global","scalar","mm d-1","0.00728392","125.0"
"HydrologyCycle","Runoff","CLASS","upperbnf","Bias Score","MeanState","global","score","1","0.67574","125.0"
"HydrologyCycle","Runoff","CLASS","upperbnf","RMSE","MeanState","global","scalar","mm d-1","0.626915","125.0"
"HydrologyCycle","Runoff","CLASS","upperbnf","RMSE Score","MeanState","global","score","1","0.463954","125.0"
"HydrologyCycle","Runoff","CLASS","upperbnf","Overall Score","MeanState","global","score","1","0.68443","125.0"
"HydrologyCycle","Runoff","CLASS","baseline20260821","Benchmark Period Mean (intersection)","MeanState","global","scalar","mm d-1","0.724101","125.0"
"HydrologyCycle","Runoff","CLASS","baseline20260821","Benchmark Period Mean (complement)","MeanState","global","scalar","mm d-1","1.07634","125.0"
"HydrologyCycle","Runoff","CLASS","baseline20260821","Period Mean (original grids)","MeanState","global","scalar","mm d-1","0.789197","125.0"
"HydrologyCycle","Runoff","CLASS","baseline20260821","Model Period Mean (intersection)","MeanState","global","scalar","mm d-1","0.731979","125.0"
"HydrologyCycle","Runoff","CLASS","baseline20260821","Model Period Mean (complement)","MeanState","global","scalar","mm d-1","1.23222","125.0"
"HydrologyCycle","Runoff","CLASS","baseline20260821","Spatial Distribution Score","MeanState","global","score","1","0.959974","125.0"
"HydrologyCycle","Runoff","CLASS","baseline20260821","Phase Shift","MeanState","global","scalar","months","1.34563","125.0"
"HydrologyCycle","Runoff","CLASS","baseline20260821","Seasonal Cycle Score","MeanState","global","score","1","0.858482","125.0"
"HydrologyCycle","Runoff","CLASS","baseline20260821","Bias","MeanState","global","scalar","mm d-1","0.00787841","125.0"
"HydrologyCycle","Runoff","CLASS","baseline20260821","Bias Score","MeanState","global","score","1","0.675858","125.0"
"HydrologyCycle","Runoff","CLASS","baseline20260821","RMSE","MeanState","global","scalar","mm d-1","0.627803","125.0"
"HydrologyCycle","Runoff","CLASS","baseline20260821","RMSE Score","MeanState","global","score","1","0.463428","125.0"
"HydrologyCycle","Runoff","CLASS","baseline20260821","Overall Score","MeanState","global","score","1","0.684234","125.0"
"HydrologyCycle","Runoff","CLASS","NMIP3prod_SH1","Benchmark Period Mean (intersection)","MeanState","global","scalar","mm d-1","0.724101","125.0"
"HydrologyCycle","Runoff","CLASS","NMIP3prod_SH1","Benchmark Period Mean (complement)","MeanState","global","scalar","mm d-1","1.07634","125.0"
"HydrologyCycle","Runoff","CLASS","NMIP3prod_SH1","Period Mean (original grids)","MeanState","global","scalar","mm d-1","0.785205","125.0"
"HydrologyCycle","Runoff","CLASS","NMIP3prod_SH1","Model Period Mean (intersection)","MeanState","global","scalar","mm d-1","0.728144","125.0"
"HydrologyCycle","Runoff","CLASS","NMIP3prod_SH1","Model Period Mean (complement)","MeanState","global","scalar","mm d-1","1.22701","125.0"
"HydrologyCycle","Runoff","CLASS","NMIP3prod_SH1","Spatial Distribution Score","MeanState","global","score","1","0.960005","125.0"
"HydrologyCycle","Runoff","CLASS","NMIP3prod_SH1","Phase Shift","MeanState","global","scalar","months","1.34547","125.0"
"HydrologyCycle","Runoff","CLASS","NMIP3prod_SH1","Seasonal Cycle Score","MeanState","global","score","1","0.858689","125.0"
"HydrologyCycle","Runoff","CLASS","NMIP3prod_SH1","Bias","MeanState","global","scalar","mm d-1","0.0040428","125.0"
"HydrologyCycle","Runoff","CLASS","NMIP3prod_SH1","Bias Score","MeanState","global","score","1","0.675965","125.0"
"HydrologyCycle","Runoff","CLASS","NMIP3prod_SH1","RMSE","MeanState","global","scalar","mm d-1","0.62635","125.0"
"HydrologyCycle","Runoff","CLASS","NMIP3prod_SH1","RMSE Score","MeanState","global","score","1","0.464162","125.0"
"HydrologyCycle","Runoff","CLASS","NMIP3prod_SH1","Overall Score","MeanState","global","score","1","0.684597","125.0"
"Forcings","SurfaceAirTemperature","CRU4.02","TRENDYv15_CRUTS410_S3","Benchmark Period Mean (intersection)","MeanState","global","scalar","K","286.724","50.0"
"Forcings","SurfaceAirTemperature","CRU4.02","TRENDYv15_CRUTS410_S3","Benchmark Period Mean (complement)","MeanState","global","scalar","K","288.333","50.0"
"Forcings","SurfaceAirTemperature","CRU4.02","TRENDYv15_CRUTS410_S3","Period Mean (original grids)","MeanState","global","scalar","K","286.746","50.0"
"Forcings","SurfaceAirTemperature","CRU4.02","TRENDYv15_CRUTS410_S3","Model Period Mean (intersection)","MeanState","global","scalar","K","286.746","50.0"
"Forcings","SurfaceAirTemperature","CRU4.02","TRENDYv15_CRUTS410_S3","Model Period Mean (complement)","MeanState","global","scalar","K","nan","50.0"
"Forcings","SurfaceAirTemperature","CRU4.02","TRENDYv15_CRUTS410_S3","Spatial Distribution Score","MeanState","global","score","1","0.999788","50.0"
"Forcings","SurfaceAirTemperature","CRU4.02","TRENDYv15_CRUTS410_S3","Phase Shift","MeanState","global","scalar","months","0.161009","50.0"
"Forcings","SurfaceAirTemperature","CRU4.02","TRENDYv15_CRUTS410_S3","Seasonal Cycle Score","MeanState","global","score","1","0.982663","50.0"
"Forcings","SurfaceAirTemperature","CRU4.02","TRENDYv15_CRUTS410_S3","Bias","MeanState","global","scalar","K","0.0222072","50.0"
"Forcings","SurfaceAirTemperature","CRU4.02","TRENDYv15_CRUTS410_S3","Bias Score","MeanState","global","score","1","0.883767","50.0"
"Forcings","SurfaceAirTemperature","CRU4.02","TRENDYv15_CRUTS410_S3","RMSE","MeanState","global","scalar","K","0.70838","50.0"
"Forcings","SurfaceAirTemperature","CRU4.02","TRENDYv15_CRUTS410_S3","RMSE Score","MeanState","global","score","1","0.919112","50.0"
"Forcings","SurfaceAirTemperature","CRU4.02","TRENDYv15_CRUTS410_S3","Overall Score","MeanState","global","score","1","0.940889","50.0"
"Forcings","Precipitation","GPCPv2.3","TRENDYv15_CRUTS410_S3","Benchmark Period Mean (intersection)","MeanState","global","scalar","mm d-1","2.34609","40.0"
"Forcings","Precipitation","GPCPv2.3","TRENDYv15_CRUTS410_S3","Benchmark Period Mean (complement)","MeanState","global","scalar","mm d-1","2.11369","40.0"
"Forcings","Precipitation","GPCPv2.3","TRENDYv15_CRUTS410_S3","Period Mean (original grids)","MeanState","global","scalar","mm d-1","2.18696","40.0"
"Forcings","Precipitation","GPCPv2.3","TRENDYv15_CRUTS410_S3","Model Period Mean (intersection)","MeanState","global","scalar","mm d-1","2.18696","40.0"
"Forcings","Precipitation","GPCPv2.3","TRENDYv15_CRUTS410_S3","Model Period Mean (complement)","MeanState","global","scalar","mm d-1","nan","40.0"
"Forcings","Precipitation","GPCPv2.3","TRENDYv15_CRUTS410_S3","Spatial Distribution Score","MeanState","global","score","1","0.984461","40.0"
"Forcings","Precipitation","GPCPv2.3","TRENDYv15_CRUTS410_S3","Phase Shift","MeanState","global","scalar","months","0.786072","40.0"
"Forcings","Precipitation","GPCPv2.3","TRENDYv15_CRUTS410_S3","Seasonal Cycle Score","MeanState","global","score","1","0.893461","40.0"
"Forcings","Precipitation","GPCPv2.3","TRENDYv15_CRUTS410_S3","Bias","MeanState","global","scalar","mm d-1","-0.159124","40.0"
"Forcings","Precipitation","GPCPv2.3","TRENDYv15_CRUTS410_S3","Bias Score","MeanState","global","score","1","0.783906","40.0"
"Forcings","Precipitation","GPCPv2.3","TRENDYv15_CRUTS410_S3","RMSE","MeanState","global","scalar","mm d-1","0.60492","40.0"
"Forcings","Precipitation","GPCPv2.3","TRENDYv15_CRUTS410_S3","RMSE Score","MeanState","global","score","1","0.784701","40.0"
"Forcings","Precipitation","GPCPv2.3","TRENDYv15_CRUTS410_S3","Overall Score","MeanState","global","score","1","0.846246","40.0"