"Section","Variable","Source","Model","ScalarName","AnalysisType","Region","ScalarType","Units","Data","Weight"
"HydrologyCycle","BurnedArea","GFED4.1S","TRENDYv14","Benchmark Period Mean (intersection)","MeanState","global","scalar","%","0.331542","75.0"
"HydrologyCycle","BurnedArea","GFED4.1S","TRENDYv14","Benchmark Period Mean (complement)","MeanState","global","scalar","%","0.0340364","75.0"
"HydrologyCycle","BurnedArea","GFED4.1S","TRENDYv14","Period Mean (original grids)","MeanState","global","scalar","%","0.10928","75.0"
"HydrologyCycle","BurnedArea","GFED4.1S","TRENDYv14","Model Period Mean (intersection)","MeanState","global","scalar","%","0.119337","75.0"
"HydrologyCycle","BurnedArea","GFED4.1S","TRENDYv14","Model Period Mean (complement)","MeanState","global","scalar","%","0.0324667","75.0"
"HydrologyCycle","BurnedArea","GFED4.1S","TRENDYv14","Spatial Distribution Score","MeanState","global","score","1","0.213599","75.0"
"HydrologyCycle","BurnedArea","GFED4.1S","TRENDYv14","Phase Shift","MeanState","global","scalar","months","3.23362","75.0"
"HydrologyCycle","BurnedArea","GFED4.1S","TRENDYv14","Seasonal Cycle Score","MeanState","global","score","1","0.451383","75.0"
"HydrologyCycle","BurnedArea","GFED4.1S","TRENDYv14","Bias","MeanState","global","scalar","%","-0.212206","75.0"
"HydrologyCycle","BurnedArea","GFED4.1S","TRENDYv14","Bias Score","MeanState","global","score","1","0.665013","75.0"
"HydrologyCycle","BurnedArea","GFED4.1S","TRENDYv14","RMSE","MeanState","global","scalar","%","0.670884","75.0"
"HydrologyCycle","BurnedArea","GFED4.1S","TRENDYv14","RMSE Score","MeanState","global","score","1","0.666637","75.0"
"HydrologyCycle","BurnedArea","GFED4.1S","TRENDYv14","Overall Score","MeanState","global","score","1","0.532654","75.0"
"HydrologyCycle","BurnedArea","GFED4.1S","CRUTS410_accum","Benchmark Period Mean (intersection)","MeanState","global","scalar","%","0.331542","75.0"
"HydrologyCycle","BurnedArea","GFED4.1S","CRUTS410_accum","Benchmark Period Mean (complement)","MeanState","global","scalar","%","0.0340364","75.0"
"HydrologyCycle","BurnedArea","GFED4.1S","CRUTS410_accum","Period Mean (original grids)","MeanState","global","scalar","%","0.0818103","75.0"
"HydrologyCycle","BurnedArea","GFED4.1S","CRUTS410_accum","Model Period Mean (intersection)","MeanState","global","scalar","%","0.091287","75.0"
"HydrologyCycle","BurnedArea","GFED4.1S","CRUTS410_accum","Model Period Mean (complement)","MeanState","global","scalar","%","0.00942735","75.0"
"HydrologyCycle","BurnedArea","GFED4.1S","CRUTS410_accum","Spatial Distribution Score","MeanState","global","score","1","0.147153","75.0"
"HydrologyCycle","BurnedArea","GFED4.1S","CRUTS410_accum","Phase Shift","MeanState","global","scalar","months","3.23362","75.0"
"HydrologyCycle","BurnedArea","GFED4.1S","CRUTS410_accum","Seasonal Cycle Score","MeanState","global","score","1","0.451383","75.0"
"HydrologyCycle","BurnedArea","GFED4.1S","CRUTS410_accum","Bias","MeanState","global","scalar","%","-0.240255","75.0"
"HydrologyCycle","BurnedArea","GFED4.1S","CRUTS410_accum","Bias Score","MeanState","global","score","1","0.686815","75.0"
"HydrologyCycle","BurnedArea","GFED4.1S","CRUTS410_accum","RMSE","MeanState","global","scalar","%","0.649317","75.0"
"HydrologyCycle","BurnedArea","GFED4.1S","CRUTS410_accum","RMSE Score","MeanState","global","score","1","0.666637","75.0"
"HydrologyCycle","BurnedArea","GFED4.1S","CRUTS410_accum","Overall Score","MeanState","global","score","1","0.523725","75.0"
"HydrologyCycle","BurnedArea","GFED4.1S","TRENDYv13","Benchmark Period Mean (intersection)","MeanState","global","scalar","%","0.331542","75.0"
"HydrologyCycle","BurnedArea","GFED4.1S","TRENDYv13","Benchmark Period Mean (complement)","MeanState","global","scalar","%","0.0340364","75.0"
"HydrologyCycle","BurnedArea","GFED4.1S","TRENDYv13","Period Mean (original grids)","MeanState","global","scalar","%","0.973449","75.0"
"HydrologyCycle","BurnedArea","GFED4.1S","TRENDYv13","Model Period Mean (intersection)","MeanState","global","scalar","%","1.0871","75.0"
"HydrologyCycle","BurnedArea","GFED4.1S","TRENDYv13","Model Period Mean (complement)","MeanState","global","scalar","%","0.105414","75.0"
"HydrologyCycle","BurnedArea","GFED4.1S","TRENDYv13","Spatial Distribution Score","MeanState","global","score","1","0.216548","75.0"
"HydrologyCycle","BurnedArea","GFED4.1S","TRENDYv13","Phase Shift","MeanState","global","scalar","months","3.23362","75.0"
"HydrologyCycle","BurnedArea","GFED4.1S","TRENDYv13","Seasonal Cycle Score","MeanState","global","score","1","0.451383","75.0"
"HydrologyCycle","BurnedArea","GFED4.1S","TRENDYv13","Bias","MeanState","global","scalar","%","0.755554","75.0"
"HydrologyCycle","BurnedArea","GFED4.1S","TRENDYv13","Bias Score","MeanState","global","score","1","0.477363","75.0"
"HydrologyCycle","BurnedArea","GFED4.1S","TRENDYv13","RMSE","MeanState","global","scalar","%","1.37408","75.0"
"HydrologyCycle","BurnedArea","GFED4.1S","TRENDYv13","RMSE Score","MeanState","global","score","1","0.666637","75.0"
"HydrologyCycle","BurnedArea","GFED4.1S","TRENDYv13","Overall Score","MeanState","global","score","1","0.495714","75.0"
"HydrologyCycle","BurnedArea","GFED4.1S","CRUJRAv15_accum","Benchmark Period Mean (intersection)","MeanState","global","scalar","%","0.331542","75.0"
"HydrologyCycle","BurnedArea","GFED4.1S","CRUJRAv15_accum","Benchmark Period Mean (complement)","MeanState","global","scalar","%","0.0340364","75.0"
"HydrologyCycle","BurnedArea","GFED4.1S","CRUJRAv15_accum","Period Mean (original grids)","MeanState","global","scalar","%","0.108364","75.0"
"HydrologyCycle","BurnedArea","GFED4.1S","CRUJRAv15_accum","Model Period Mean (intersection)","MeanState","global","scalar","%","0.121188","75.0"
"HydrologyCycle","BurnedArea","GFED4.1S","CRUJRAv15_accum","Model Period Mean (complement)","MeanState","global","scalar","%","0.0104141","75.0"
"HydrologyCycle","BurnedArea","GFED4.1S","CRUJRAv15_accum","Spatial Distribution Score","MeanState","global","score","1","0.205849","75.0"
"HydrologyCycle","BurnedArea","GFED4.1S","CRUJRAv15_accum","Phase Shift","MeanState","global","scalar","months","3.23362","75.0"
"HydrologyCycle","BurnedArea","GFED4.1S","CRUJRAv15_accum","Seasonal Cycle Score","MeanState","global","score","1","0.451383","75.0"
"HydrologyCycle","BurnedArea","GFED4.1S","CRUJRAv15_accum","Bias","MeanState","global","scalar","%","-0.210355","75.0"
"HydrologyCycle","BurnedArea","GFED4.1S","CRUJRAv15_accum","Bias Score","MeanState","global","score","1","0.672544","75.0"
"HydrologyCycle","BurnedArea","GFED4.1S","CRUJRAv15_accum","RMSE","MeanState","global","scalar","%","0.658637","75.0"
"HydrologyCycle","BurnedArea","GFED4.1S","CRUJRAv15_accum","RMSE Score","MeanState","global","score","1","0.666637","75.0"
"HydrologyCycle","BurnedArea","GFED4.1S","CRUJRAv15_accum","Overall Score","MeanState","global","score","1","0.53261","75.0"
"HydrologyCycle","Runoff","CLASS","TRENDYv13","Benchmark Period Mean (intersection)","MeanState","global","scalar","mm d-1","0.724101","125.0"
"HydrologyCycle","Runoff","CLASS","TRENDYv13","Benchmark Period Mean (complement)","MeanState","global","scalar","mm d-1","1.07634","125.0"
"HydrologyCycle","Runoff","CLASS","TRENDYv13","Period Mean (original grids)","MeanState","global","scalar","mm d-1","0.964164","125.0"
"HydrologyCycle","Runoff","CLASS","TRENDYv13","Model Period Mean (intersection)","MeanState","global","scalar","mm d-1","0.899917","125.0"
"HydrologyCycle","Runoff","CLASS","TRENDYv13","Model Period Mean (complement)","MeanState","global","scalar","mm d-1","1.4616","125.0"
"HydrologyCycle","Runoff","CLASS","TRENDYv13","Spatial Distribution Score","MeanState","global","score","1","0.931842","125.0"
"HydrologyCycle","Runoff","CLASS","TRENDYv13","Phase Shift","MeanState","global","scalar","months","1.30499","125.0"
"HydrologyCycle","Runoff","CLASS","TRENDYv13","Seasonal Cycle Score","MeanState","global","score","1","0.852595","125.0"
"HydrologyCycle","Runoff","CLASS","TRENDYv13","Bias","MeanState","global","scalar","mm d-1","0.175817","125.0"
"HydrologyCycle","Runoff","CLASS","TRENDYv13","Bias Score","MeanState","global","score","1","0.647523","125.0"
"HydrologyCycle","Runoff","CLASS","TRENDYv13","RMSE","MeanState","global","scalar","mm d-1","0.81444","125.0"
"HydrologyCycle","Runoff","CLASS","TRENDYv13","RMSE Score","MeanState","global","score","1","0.396713","125.0"
"HydrologyCycle","Runoff","CLASS","TRENDYv13","Overall Score","MeanState","global","score","1","0.645077","125.0"
"HydrologyCycle","Runoff","CLASS","TRENDYv14","Benchmark Period Mean (intersection)","MeanState","global","scalar","mm d-1","0.724101","125.0"
"HydrologyCycle","Runoff","CLASS","TRENDYv14","Benchmark Period Mean (complement)","MeanState","global","scalar","mm d-1","1.07634","125.0"
"HydrologyCycle","Runoff","CLASS","TRENDYv14","Period Mean (original grids)","MeanState","global","scalar","mm d-1","0.973832","125.0"
"HydrologyCycle","Runoff","CLASS","TRENDYv14","Model Period Mean (intersection)","MeanState","global","scalar","mm d-1","0.909138","125.0"
"HydrologyCycle","Runoff","CLASS","TRENDYv14","Model Period Mean (complement)","MeanState","global","scalar","mm d-1","1.47473","125.0"
"HydrologyCycle","Runoff","CLASS","TRENDYv14","Spatial Distribution Score","MeanState","global","score","1","0.934154","125.0"
"HydrologyCycle","Runoff","CLASS","TRENDYv14","Phase Shift","MeanState","global","scalar","months","1.4069","125.0"
"HydrologyCycle","Runoff","CLASS","TRENDYv14","Seasonal Cycle Score","MeanState","global","score","1","0.841545","125.0"
"HydrologyCycle","Runoff","CLASS","TRENDYv14","Bias","MeanState","global","scalar","mm d-1","0.185037","125.0"
"HydrologyCycle","Runoff","CLASS","TRENDYv14","Bias Score","MeanState","global","score","1","0.652075","125.0"
"HydrologyCycle","Runoff","CLASS","TRENDYv14","RMSE","MeanState","global","scalar","mm d-1","0.837023","125.0"
"HydrologyCycle","Runoff","CLASS","TRENDYv14","RMSE Score","MeanState","global","score","1","0.387493","125.0"
"HydrologyCycle","Runoff","CLASS","TRENDYv14","Overall Score","MeanState","global","score","1","0.640552","125.0"
"HydrologyCycle","Runoff","CLASS","CRUTS410_accum","Benchmark Period Mean (intersection)","MeanState","global","scalar","mm d-1","0.724101","125.0"
"HydrologyCycle","Runoff","CLASS","CRUTS410_accum","Benchmark Period Mean (complement)","MeanState","global","scalar","mm d-1","1.07634","125.0"
"HydrologyCycle","Runoff","CLASS","CRUTS410_accum","Period Mean (original grids)","MeanState","global","scalar","mm d-1","0.967168","125.0"
"HydrologyCycle","Runoff","CLASS","CRUTS410_accum","Model Period Mean (intersection)","MeanState","global","scalar","mm d-1","0.902692","125.0"
"HydrologyCycle","Runoff","CLASS","CRUTS410_accum","Model Period Mean (complement)","MeanState","global","scalar","mm d-1","1.46638","125.0"
"HydrologyCycle","Runoff","CLASS","CRUTS410_accum","Spatial Distribution Score","MeanState","global","score","1","0.931597","125.0"
"HydrologyCycle","Runoff","CLASS","CRUTS410_accum","Phase Shift","MeanState","global","scalar","months","1.29808","125.0"
"HydrologyCycle","Runoff","CLASS","CRUTS410_accum","Seasonal Cycle Score","MeanState","global","score","1","0.853622","125.0"
"HydrologyCycle","Runoff","CLASS","CRUTS410_accum","Bias","MeanState","global","scalar","mm d-1","0.178591","125.0"
"HydrologyCycle","Runoff","CLASS","CRUTS410_accum","Bias Score","MeanState","global","score","1","0.647767","125.0"
"HydrologyCycle","Runoff","CLASS","CRUTS410_accum","RMSE","MeanState","global","scalar","mm d-1","0.815537","125.0"
"HydrologyCycle","Runoff","CLASS","CRUTS410_accum","RMSE Score","MeanState","global","score","1","0.396841","125.0"
"HydrologyCycle","Runoff","CLASS","CRUTS410_accum","Overall Score","MeanState","global","score","1","0.645334","125.0"
"HydrologyCycle","Runoff","CLASS","CRUJRAv15_accum","Benchmark Period Mean (intersection)","MeanState","global","scalar","mm d-1","0.724101","125.0"
"HydrologyCycle","Runoff","CLASS","CRUJRAv15_accum","Benchmark Period Mean (complement)","MeanState","global","scalar","mm d-1","1.07634","125.0"
"HydrologyCycle","Runoff","CLASS","CRUJRAv15_accum","Period Mean (original grids)","MeanState","global","scalar","mm d-1","0.81655","125.0"
"HydrologyCycle","Runoff","CLASS","CRUJRAv15_accum","Model Period Mean (intersection)","MeanState","global","scalar","mm d-1","0.758534","125.0"
"HydrologyCycle","Runoff","CLASS","CRUJRAv15_accum","Model Period Mean (complement)","MeanState","global","scalar","mm d-1","1.26574","125.0"
"HydrologyCycle","Runoff","CLASS","CRUJRAv15_accum","Spatial Distribution Score","MeanState","global","score","1","0.960099","125.0"
"HydrologyCycle","Runoff","CLASS","CRUJRAv15_accum","Phase Shift","MeanState","global","scalar","months","1.3385","125.0"
"HydrologyCycle","Runoff","CLASS","CRUJRAv15_accum","Seasonal Cycle Score","MeanState","global","score","1","0.855403","125.0"
"HydrologyCycle","Runoff","CLASS","CRUJRAv15_accum","Bias","MeanState","global","scalar","mm d-1","0.0344337","125.0"
"HydrologyCycle","Runoff","CLASS","CRUJRAv15_accum","Bias Score","MeanState","global","score","1","0.675792","125.0"
"HydrologyCycle","Runoff","CLASS","CRUJRAv15_accum","RMSE","MeanState","global","scalar","mm d-1","0.652882","125.0"
"HydrologyCycle","Runoff","CLASS","CRUJRAv15_accum","RMSE Score","MeanState","global","score","1","0.452297","125.0"
"HydrologyCycle","Runoff","CLASS","CRUJRAv15_accum","Overall Score","MeanState","global","score","1","0.679178","125.0"
"HydrologyCycle","Runoff","LORA","TRENDYv13","Benchmark Period Mean (intersection)","MeanState","global","scalar","mm d-1","0.816857","75.0"
"HydrologyCycle","Runoff","LORA","TRENDYv13","Benchmark Period Mean (complement)","MeanState","global","scalar","mm d-1","0.815953","75.0"
"HydrologyCycle","Runoff","LORA","TRENDYv13","Period Mean (original grids)","MeanState","global","scalar","mm d-1","0.955539","75.0"
"HydrologyCycle","Runoff","LORA","TRENDYv13","Model Period Mean (intersection)","MeanState","global","scalar","mm d-1","0.911146","75.0"
"HydrologyCycle","Runoff","LORA","TRENDYv13","Model Period Mean (complement)","MeanState","global","scalar","mm d-1","1.6018","75.0"
"HydrologyCycle","Runoff","LORA","TRENDYv13","Spatial Distribution Score","MeanState","global","score","1","0.937218","75.0"
"HydrologyCycle","Runoff","LORA","TRENDYv13","Phase Shift","MeanState","global","scalar","months","1.04946","75.0"
"HydrologyCycle","Runoff","LORA","TRENDYv13","Seasonal Cycle Score","MeanState","global","score","1","0.893783","75.0"
"HydrologyCycle","Runoff","LORA","TRENDYv13","Bias","MeanState","global","scalar","mm d-1","0.0942892","75.0"
"HydrologyCycle","Runoff","LORA","TRENDYv13","Bias Score","MeanState","global","score","1","0.651792","75.0"
"HydrologyCycle","Runoff","LORA","TRENDYv13","RMSE","MeanState","global","scalar","mm d-1","0.8142","75.0"
"HydrologyCycle","Runoff","LORA","TRENDYv13","RMSE Score","MeanState","global","score","1","0.476271","75.0"
"HydrologyCycle","Runoff","LORA","TRENDYv13","Overall Score","MeanState","global","score","1","0.687067","75.0"
"HydrologyCycle","Runoff","LORA","TRENDYv14","Benchmark Period Mean (intersection)","MeanState","global","scalar","mm d-1","0.816857","75.0"
"HydrologyCycle","Runoff","LORA","TRENDYv14","Benchmark Period Mean (complement)","MeanState","global","scalar","mm d-1","0.815953","75.0"
"HydrologyCycle","Runoff","LORA","TRENDYv14","Period Mean (original grids)","MeanState","global","scalar","mm d-1","0.961634","75.0"
"HydrologyCycle","Runoff","LORA","TRENDYv14","Model Period Mean (intersection)","MeanState","global","scalar","mm d-1","0.917101","75.0"
"HydrologyCycle","Runoff","LORA","TRENDYv14","Model Period Mean (complement)","MeanState","global","scalar","mm d-1","1.60993","75.0"
"HydrologyCycle","Runoff","LORA","TRENDYv14","Spatial Distribution Score","MeanState","global","score","1","0.939558","75.0"
"HydrologyCycle","Runoff","LORA","TRENDYv14","Phase Shift","MeanState","global","scalar","months","1.10278","75.0"
"HydrologyCycle","Runoff","LORA","TRENDYv14","Seasonal Cycle Score","MeanState","global","score","1","0.8841","75.0"
"HydrologyCycle","Runoff","LORA","TRENDYv14","Bias","MeanState","global","scalar","mm d-1","0.100244","75.0"
"HydrologyCycle","Runoff","LORA","TRENDYv14","Bias Score","MeanState","global","score","1","0.656633","75.0"
"HydrologyCycle","Runoff","LORA","TRENDYv14","RMSE","MeanState","global","scalar","mm d-1","0.818637","75.0"
"HydrologyCycle","Runoff","LORA","TRENDYv14","RMSE Score","MeanState","global","score","1","0.470753","75.0"
"HydrologyCycle","Runoff","LORA","TRENDYv14","Overall Score","MeanState","global","score","1","0.684359","75.0"
"HydrologyCycle","Runoff","LORA","CRUTS410_accum","Benchmark Period Mean (intersection)","MeanState","global","scalar","mm d-1","0.816857","75.0"
"HydrologyCycle","Runoff","LORA","CRUTS410_accum","Benchmark Period Mean (complement)","MeanState","global","scalar","mm d-1","0.815953","75.0"
"HydrologyCycle","Runoff","LORA","CRUTS410_accum","Period Mean (original grids)","MeanState","global","scalar","mm d-1","0.955194","75.0"
"HydrologyCycle","Runoff","LORA","CRUTS410_accum","Model Period Mean (intersection)","MeanState","global","scalar","mm d-1","0.91074","75.0"
"HydrologyCycle","Runoff","LORA","CRUTS410_accum","Model Period Mean (complement)","MeanState","global","scalar","mm d-1","1.60233","75.0"
"HydrologyCycle","Runoff","LORA","CRUTS410_accum","Spatial Distribution Score","MeanState","global","score","1","0.937319","75.0"
"HydrologyCycle","Runoff","LORA","CRUTS410_accum","Phase Shift","MeanState","global","scalar","months","1.04571","75.0"
"HydrologyCycle","Runoff","LORA","CRUTS410_accum","Seasonal Cycle Score","MeanState","global","score","1","0.894257","75.0"
"HydrologyCycle","Runoff","LORA","CRUTS410_accum","Bias","MeanState","global","scalar","mm d-1","0.0938828","75.0"
"HydrologyCycle","Runoff","LORA","CRUTS410_accum","Bias Score","MeanState","global","score","1","0.651866","75.0"
"HydrologyCycle","Runoff","LORA","CRUTS410_accum","RMSE","MeanState","global","scalar","mm d-1","0.814007","75.0"
"HydrologyCycle","Runoff","LORA","CRUTS410_accum","RMSE Score","MeanState","global","score","1","0.476319","75.0"
"HydrologyCycle","Runoff","LORA","CRUTS410_accum","Overall Score","MeanState","global","score","1","0.687216","75.0"
"HydrologyCycle","Runoff","LORA","CRUJRAv15_accum","Benchmark Period Mean (intersection)","MeanState","global","scalar","mm d-1","0.816857","75.0"
"HydrologyCycle","Runoff","LORA","CRUJRAv15_accum","Benchmark Period Mean (complement)","MeanState","global","scalar","mm d-1","0.815953","75.0"
"HydrologyCycle","Runoff","LORA","CRUJRAv15_accum","Period Mean (original grids)","MeanState","global","scalar","mm d-1","0.800902","75.0"
"HydrologyCycle","Runoff","LORA","CRUJRAv15_accum","Model Period Mean (intersection)","MeanState","global","scalar","mm d-1","0.760437","75.0"
"HydrologyCycle","Runoff","LORA","CRUJRAv15_accum","Model Period Mean (complement)","MeanState","global","scalar","mm d-1","1.38997","75.0"
"HydrologyCycle","Runoff","LORA","CRUJRAv15_accum","Spatial Distribution Score","MeanState","global","score","1","0.930088","75.0"
"HydrologyCycle","Runoff","LORA","CRUJRAv15_accum","Phase Shift","MeanState","global","scalar","months","1.08876","75.0"
"HydrologyCycle","Runoff","LORA","CRUJRAv15_accum","Seasonal Cycle Score","MeanState","global","score","1","0.883452","75.0"
"HydrologyCycle","Runoff","LORA","CRUJRAv15_accum","Bias","MeanState","global","scalar","mm d-1","-0.0564203","75.0"
"HydrologyCycle","Runoff","LORA","CRUJRAv15_accum","Bias Score","MeanState","global","score","1","0.660023","75.0"
"HydrologyCycle","Runoff","LORA","CRUJRAv15_accum","RMSE","MeanState","global","scalar","mm d-1","0.685406","75.0"
"HydrologyCycle","Runoff","LORA","CRUJRAv15_accum","RMSE Score","MeanState","global","score","1","0.523958","75.0"
"HydrologyCycle","Runoff","LORA","CRUJRAv15_accum","Overall Score","MeanState","global","score","1","0.704296","75.0"
"HydrologyCycle","Runoff","Dai","TRENDYv14","Period Mean","MeanState","global","scalar","mm d-1","0.88271","75.0"
"HydrologyCycle","Runoff","Dai","TRENDYv14","Bias","MeanState","global","scalar","mm d-1","0.057302","75.0"
"HydrologyCycle","Runoff","Dai","TRENDYv14","Bias Score","MeanState","global","score","1","0.78385","75.0"
"HydrologyCycle","Runoff","Dai","TRENDYv14","Interannual Variability Score","MeanState","global","score","1","0.573192","75.0"
"HydrologyCycle","Runoff","Dai","TRENDYv14","Spatial Distribution Score","MeanState","global","score","1","0.95794","75.0"
"HydrologyCycle","Runoff","Dai","TRENDYv14","Overall Score","MeanState","global","score","1","0.771661","75.0"
"HydrologyCycle","Runoff","Dai","TRENDYv13","Period Mean","MeanState","global","scalar","mm d-1","0.870596","75.0"
"HydrologyCycle","Runoff","Dai","TRENDYv13","Bias","MeanState","global","scalar","mm d-1","0.0451882","75.0"
"HydrologyCycle","Runoff","Dai","TRENDYv13","Bias Score","MeanState","global","score","1","0.771102","75.0"
"HydrologyCycle","Runoff","Dai","TRENDYv13","Interannual Variability Score","MeanState","global","score","1","0.570545","75.0"
"HydrologyCycle","Runoff","Dai","TRENDYv13","Spatial Distribution Score","MeanState","global","score","1","0.954792","75.0"
"HydrologyCycle","Runoff","Dai","TRENDYv13","Overall Score","MeanState","global","score","1","0.76548","75.0"
"HydrologyCycle","Runoff","Dai","CRUTS410_accum","Period Mean","MeanState","global","scalar","mm d-1","0.867778","75.0"
"HydrologyCycle","Runoff","Dai","CRUTS410_accum","Bias","MeanState","global","scalar","mm d-1","0.04237","75.0"
"HydrologyCycle","Runoff","Dai","CRUTS410_accum","Bias Score","MeanState","global","score","1","0.771615","75.0"
"HydrologyCycle","Runoff","Dai","CRUTS410_accum","Interannual Variability Score","MeanState","global","score","1","0.574537","75.0"
"HydrologyCycle","Runoff","Dai","CRUTS410_accum","Spatial Distribution Score","MeanState","global","score","1","0.954872","75.0"
"HydrologyCycle","Runoff","Dai","CRUTS410_accum","Overall Score","MeanState","global","score","1","0.767008","75.0"
"HydrologyCycle","Runoff","Dai","CRUJRAv15_accum","Period Mean","MeanState","global","scalar","mm d-1","0.76366","75.0"
"HydrologyCycle","Runoff","Dai","CRUJRAv15_accum","Bias","MeanState","global","scalar","mm d-1","-0.0617478","75.0"
"HydrologyCycle","Runoff","Dai","CRUJRAv15_accum","Bias Score","MeanState","global","score","1","0.786545","75.0"
"HydrologyCycle","Runoff","Dai","CRUJRAv15_accum","Interannual Variability Score","MeanState","global","score","1","0.59601","75.0"
"HydrologyCycle","Runoff","Dai","CRUJRAv15_accum","Spatial Distribution Score","MeanState","global","score","1","0.948336","75.0"
"HydrologyCycle","Runoff","Dai","CRUJRAv15_accum","Overall Score","MeanState","global","score","1","0.776964","75.0"
"HydrologyCycle","Evapotranspiration","GLEAMv3.3a","TRENDYv13","Benchmark Period Mean (intersection)","MeanState","global","scalar","mm d-1","1.44892","75.0"
"HydrologyCycle","Evapotranspiration","GLEAMv3.3a","TRENDYv13","Benchmark Period Mean (complement)","MeanState","global","scalar","mm d-1","0.647636","75.0"
"HydrologyCycle","Evapotranspiration","GLEAMv3.3a","TRENDYv13","Period Mean (original grids)","MeanState","global","scalar","mm d-1","1.09231","75.0"
"HydrologyCycle","Evapotranspiration","GLEAMv3.3a","TRENDYv13","Model Period Mean (intersection)","MeanState","global","scalar","mm d-1","1.09151","75.0"
"HydrologyCycle","Evapotranspiration","GLEAMv3.3a","TRENDYv13","Model Period Mean (complement)","MeanState","global","scalar","mm d-1","1.15268","75.0"
"HydrologyCycle","Evapotranspiration","GLEAMv3.3a","TRENDYv13","Spatial Distribution Score","MeanState","global","score","1","0.805345","75.0"
"HydrologyCycle","Evapotranspiration","GLEAMv3.3a","TRENDYv13","Phase Shift","MeanState","global","scalar","months","1.11107","75.0"
"HydrologyCycle","Evapotranspiration","GLEAMv3.3a","TRENDYv13","Seasonal Cycle Score","MeanState","global","score","1","0.765763","75.0"
"HydrologyCycle","Evapotranspiration","GLEAMv3.3a","TRENDYv13","Bias","MeanState","global","scalar","mm d-1","-0.357402","75.0"
"HydrologyCycle","Evapotranspiration","GLEAMv3.3a","TRENDYv13","Bias Score","MeanState","global","score","1","0.512861","75.0"
"HydrologyCycle","Evapotranspiration","GLEAMv3.3a","TRENDYv13","RMSE","MeanState","global","scalar","mm d-1","0.573237","75.0"
"HydrologyCycle","Evapotranspiration","GLEAMv3.3a","TRENDYv13","RMSE Score","MeanState","global","score","1","0.59644","75.0"
"HydrologyCycle","Evapotranspiration","GLEAMv3.3a","TRENDYv13","Overall Score","MeanState","global","score","1","0.65537","75.0"
"HydrologyCycle","Evapotranspiration","GLEAMv3.3a","CRUJRAv15_accum","Benchmark Period Mean (intersection)","MeanState","global","scalar","mm d-1","1.44892","75.0"
"HydrologyCycle","Evapotranspiration","GLEAMv3.3a","CRUJRAv15_accum","Benchmark Period Mean (complement)","MeanState","global","scalar","mm d-1","0.647636","75.0"
"HydrologyCycle","Evapotranspiration","GLEAMv3.3a","CRUJRAv15_accum","Period Mean (original grids)","MeanState","global","scalar","mm d-1","1.39874","75.0"
"HydrologyCycle","Evapotranspiration","GLEAMv3.3a","CRUJRAv15_accum","Model Period Mean (intersection)","MeanState","global","scalar","mm d-1","1.39593","75.0"
"HydrologyCycle","Evapotranspiration","GLEAMv3.3a","CRUJRAv15_accum","Model Period Mean (complement)","MeanState","global","scalar","mm d-1","1.61194","75.0"
"HydrologyCycle","Evapotranspiration","GLEAMv3.3a","CRUJRAv15_accum","Spatial Distribution Score","MeanState","global","score","1","0.981147","75.0"
"HydrologyCycle","Evapotranspiration","GLEAMv3.3a","CRUJRAv15_accum","Phase Shift","MeanState","global","scalar","months","1.03519","75.0"
"HydrologyCycle","Evapotranspiration","GLEAMv3.3a","CRUJRAv15_accum","Seasonal Cycle Score","MeanState","global","score","1","0.798391","75.0"
"HydrologyCycle","Evapotranspiration","GLEAMv3.3a","CRUJRAv15_accum","Bias","MeanState","global","scalar","mm d-1","-0.0529824","75.0"
"HydrologyCycle","Evapotranspiration","GLEAMv3.3a","CRUJRAv15_accum","Bias Score","MeanState","global","score","1","0.679042","75.0"
"HydrologyCycle","Evapotranspiration","GLEAMv3.3a","CRUJRAv15_accum","RMSE","MeanState","global","scalar","mm d-1","0.448111","75.0"
"HydrologyCycle","Evapotranspiration","GLEAMv3.3a","CRUJRAv15_accum","RMSE Score","MeanState","global","score","1","0.563617","75.0"
"HydrologyCycle","Evapotranspiration","GLEAMv3.3a","CRUJRAv15_accum","Overall Score","MeanState","global","score","1","0.717163","75.0"
"HydrologyCycle","Evapotranspiration","GLEAMv3.3a","TRENDYv14","Benchmark Period Mean (intersection)","MeanState","global","scalar","mm d-1","1.44892","75.0"
"HydrologyCycle","Evapotranspiration","GLEAMv3.3a","TRENDYv14","Benchmark Period Mean (complement)","MeanState","global","scalar","mm d-1","0.647636","75.0"
"HydrologyCycle","Evapotranspiration","GLEAMv3.3a","TRENDYv14","Period Mean (original grids)","MeanState","global","scalar","mm d-1","1.24208","75.0"
"HydrologyCycle","Evapotranspiration","GLEAMv3.3a","TRENDYv14","Model Period Mean (intersection)","MeanState","global","scalar","mm d-1","1.24053","75.0"
"HydrologyCycle","Evapotranspiration","GLEAMv3.3a","TRENDYv14","Model Period Mean (complement)","MeanState","global","scalar","mm d-1","1.35992","75.0"
"HydrologyCycle","Evapotranspiration","GLEAMv3.3a","TRENDYv14","Spatial Distribution Score","MeanState","global","score","1","0.923658","75.0"
"HydrologyCycle","Evapotranspiration","GLEAMv3.3a","TRENDYv14","Phase Shift","MeanState","global","scalar","months","1.03343","75.0"
"HydrologyCycle","Evapotranspiration","GLEAMv3.3a","TRENDYv14","Seasonal Cycle Score","MeanState","global","score","1","0.778795","75.0"
"HydrologyCycle","Evapotranspiration","GLEAMv3.3a","TRENDYv14","Bias","MeanState","global","scalar","mm d-1","-0.20839","75.0"
"HydrologyCycle","Evapotranspiration","GLEAMv3.3a","TRENDYv14","Bias Score","MeanState","global","score","1","0.589919","75.0"
"HydrologyCycle","Evapotranspiration","GLEAMv3.3a","TRENDYv14","RMSE","MeanState","global","scalar","mm d-1","0.464369","75.0"
"HydrologyCycle","Evapotranspiration","GLEAMv3.3a","TRENDYv14","RMSE Score","MeanState","global","score","1","0.636724","75.0"
"HydrologyCycle","Evapotranspiration","GLEAMv3.3a","TRENDYv14","Overall Score","MeanState","global","score","1","0.713164","75.0"
"HydrologyCycle","Evapotranspiration","GLEAMv3.3a","CRUTS410_accum","Benchmark Period Mean (intersection)","MeanState","global","scalar","mm d-1","1.44892","75.0"
"HydrologyCycle","Evapotranspiration","GLEAMv3.3a","CRUTS410_accum","Benchmark Period Mean (complement)","MeanState","global","scalar","mm d-1","0.647636","75.0"
"HydrologyCycle","Evapotranspiration","GLEAMv3.3a","CRUTS410_accum","Period Mean (original grids)","MeanState","global","scalar","mm d-1","1.24864","75.0"
"HydrologyCycle","Evapotranspiration","GLEAMv3.3a","CRUTS410_accum","Model Period Mean (intersection)","MeanState","global","scalar","mm d-1","1.24701","75.0"
"HydrologyCycle","Evapotranspiration","GLEAMv3.3a","CRUTS410_accum","Model Period Mean (complement)","MeanState","global","scalar","mm d-1","1.37255","75.0"
"HydrologyCycle","Evapotranspiration","GLEAMv3.3a","CRUTS410_accum","Spatial Distribution Score","MeanState","global","score","1","0.917971","75.0"
"HydrologyCycle","Evapotranspiration","GLEAMv3.3a","CRUTS410_accum","Phase Shift","MeanState","global","scalar","months","1.04646","75.0"
"HydrologyCycle","Evapotranspiration","GLEAMv3.3a","CRUTS410_accum","Seasonal Cycle Score","MeanState","global","score","1","0.777247","75.0"
"HydrologyCycle","Evapotranspiration","GLEAMv3.3a","CRUTS410_accum","Bias","MeanState","global","scalar","mm d-1","-0.201905","75.0"
"HydrologyCycle","Evapotranspiration","GLEAMv3.3a","CRUTS410_accum","Bias Score","MeanState","global","score","1","0.59269","75.0"
"HydrologyCycle","Evapotranspiration","GLEAMv3.3a","CRUTS410_accum","RMSE","MeanState","global","scalar","mm d-1","0.444046","75.0"
"HydrologyCycle","Evapotranspiration","GLEAMv3.3a","CRUTS410_accum","RMSE Score","MeanState","global","score","1","0.646207","75.0"
"HydrologyCycle","Evapotranspiration","GLEAMv3.3a","CRUTS410_accum","Overall Score","MeanState","global","score","1","0.716064","75.0"
"HydrologyCycle","Evapotranspiration","MOD16A2","CRUJRAv15_accum","Benchmark Period Mean (intersection)","MeanState","global","scalar","mm d-1","1.55798","75.0"
"HydrologyCycle","Evapotranspiration","MOD16A2","CRUJRAv15_accum","Benchmark Period Mean (complement)","MeanState","global","scalar","mm d-1","2.12689","75.0"
"HydrologyCycle","Evapotranspiration","MOD16A2","CRUJRAv15_accum","Period Mean (original grids)","MeanState","global","scalar","mm d-1","1.40714","75.0"
"HydrologyCycle","Evapotranspiration","MOD16A2","CRUJRAv15_accum","Model Period Mean (intersection)","MeanState","global","scalar","mm d-1","1.63083","75.0"
"HydrologyCycle","Evapotranspiration","MOD16A2","CRUJRAv15_accum","Model Period Mean (complement)","MeanState","global","scalar","mm d-1","0.247609","75.0"
"HydrologyCycle","Evapotranspiration","MOD16A2","CRUJRAv15_accum","Spatial Distribution Score","MeanState","global","score","1","0.981088","75.0"
"HydrologyCycle","Evapotranspiration","MOD16A2","CRUJRAv15_accum","Phase Shift","MeanState","global","scalar","months","1.37186","75.0"
"HydrologyCycle","Evapotranspiration","MOD16A2","CRUJRAv15_accum","Seasonal Cycle Score","MeanState","global","score","1","0.794293","75.0"
"HydrologyCycle","Evapotranspiration","MOD16A2","CRUJRAv15_accum","Bias","MeanState","global","scalar","mm d-1","0.0728492","75.0"
"HydrologyCycle","Evapotranspiration","MOD16A2","CRUJRAv15_accum","Bias Score","MeanState","global","score","1","0.591184","75.0"
"HydrologyCycle","Evapotranspiration","MOD16A2","CRUJRAv15_accum","RMSE","MeanState","global","scalar","mm d-1","0.655785","75.0"
"HydrologyCycle","Evapotranspiration","MOD16A2","CRUJRAv15_accum","RMSE Score","MeanState","global","score","1","0.461053","75.0"
"HydrologyCycle","Evapotranspiration","MOD16A2","CRUJRAv15_accum","Overall Score","MeanState","global","score","1","0.657734","75.0"
"HydrologyCycle","Evapotranspiration","MOD16A2","TRENDYv13","Benchmark Period Mean (intersection)","MeanState","global","scalar","mm d-1","1.55798","75.0"
"HydrologyCycle","Evapotranspiration","MOD16A2","TRENDYv13","Benchmark Period Mean (complement)","MeanState","global","scalar","mm d-1","2.12689","75.0"
"HydrologyCycle","Evapotranspiration","MOD16A2","TRENDYv13","Period Mean (original grids)","MeanState","global","scalar","mm d-1","1.09893","75.0"
"HydrologyCycle","Evapotranspiration","MOD16A2","TRENDYv13","Model Period Mean (intersection)","MeanState","global","scalar","mm d-1","1.2677","75.0"
"HydrologyCycle","Evapotranspiration","MOD16A2","TRENDYv13","Model Period Mean (complement)","MeanState","global","scalar","mm d-1","0.224043","75.0"
"HydrologyCycle","Evapotranspiration","MOD16A2","TRENDYv13","Spatial Distribution Score","MeanState","global","score","1","0.807274","75.0"
"HydrologyCycle","Evapotranspiration","MOD16A2","TRENDYv13","Phase Shift","MeanState","global","scalar","months","1.37093","75.0"
"HydrologyCycle","Evapotranspiration","MOD16A2","TRENDYv13","Seasonal Cycle Score","MeanState","global","score","1","0.798617","75.0"
"HydrologyCycle","Evapotranspiration","MOD16A2","TRENDYv13","Bias","MeanState","global","scalar","mm d-1","-0.290281","75.0"
"HydrologyCycle","Evapotranspiration","MOD16A2","TRENDYv13","Bias Score","MeanState","global","score","1","0.454627","75.0"
"HydrologyCycle","Evapotranspiration","MOD16A2","TRENDYv13","RMSE","MeanState","global","scalar","mm d-1","0.719531","75.0"
"HydrologyCycle","Evapotranspiration","MOD16A2","TRENDYv13","RMSE Score","MeanState","global","score","1","0.550883","75.0"
"HydrologyCycle","Evapotranspiration","MOD16A2","TRENDYv13","Overall Score","MeanState","global","score","1","0.632457","75.0"
"HydrologyCycle","Evapotranspiration","MOD16A2","TRENDYv14","Benchmark Period Mean (intersection)","MeanState","global","scalar","mm d-1","1.55798","75.0"
"HydrologyCycle","Evapotranspiration","MOD16A2","TRENDYv14","Benchmark Period Mean (complement)","MeanState","global","scalar","mm d-1","2.12689","75.0"
"HydrologyCycle","Evapotranspiration","MOD16A2","TRENDYv14","Period Mean (original grids)","MeanState","global","scalar","mm d-1","1.25192","75.0"
"HydrologyCycle","Evapotranspiration","MOD16A2","TRENDYv14","Model Period Mean (intersection)","MeanState","global","scalar","mm d-1","1.44853","75.0"
"HydrologyCycle","Evapotranspiration","MOD16A2","TRENDYv14","Model Period Mean (complement)","MeanState","global","scalar","mm d-1","0.232766","75.0"
"HydrologyCycle","Evapotranspiration","MOD16A2","TRENDYv14","Spatial Distribution Score","MeanState","global","score","1","0.933341","75.0"
"HydrologyCycle","Evapotranspiration","MOD16A2","TRENDYv14","Phase Shift","MeanState","global","scalar","months","1.21103","75.0"
"HydrologyCycle","Evapotranspiration","MOD16A2","TRENDYv14","Seasonal Cycle Score","MeanState","global","score","1","0.818173","75.0"
"HydrologyCycle","Evapotranspiration","MOD16A2","TRENDYv14","Bias","MeanState","global","scalar","mm d-1","-0.10945","75.0"
"HydrologyCycle","Evapotranspiration","MOD16A2","TRENDYv14","Bias Score","MeanState","global","score","1","0.529217","75.0"
"HydrologyCycle","Evapotranspiration","MOD16A2","TRENDYv14","RMSE","MeanState","global","scalar","mm d-1","0.607498","75.0"
"HydrologyCycle","Evapotranspiration","MOD16A2","TRENDYv14","RMSE Score","MeanState","global","score","1","0.564943","75.0"
"HydrologyCycle","Evapotranspiration","MOD16A2","TRENDYv14","Overall Score","MeanState","global","score","1","0.682123","75.0"
"HydrologyCycle","Evapotranspiration","MOD16A2","CRUTS410_accum","Benchmark Period Mean (intersection)","MeanState","global","scalar","mm d-1","1.55798","75.0"
"HydrologyCycle","Evapotranspiration","MOD16A2","CRUTS410_accum","Benchmark Period Mean (complement)","MeanState","global","scalar","mm d-1","2.12689","75.0"
"HydrologyCycle","Evapotranspiration","MOD16A2","CRUTS410_accum","Period Mean (original grids)","MeanState","global","scalar","mm d-1","1.25862","75.0"
"HydrologyCycle","Evapotranspiration","MOD16A2","CRUTS410_accum","Model Period Mean (intersection)","MeanState","global","scalar","mm d-1","1.45639","75.0"
"HydrologyCycle","Evapotranspiration","MOD16A2","CRUTS410_accum","Model Period Mean (complement)","MeanState","global","scalar","mm d-1","0.233391","75.0"
"HydrologyCycle","Evapotranspiration","MOD16A2","CRUTS410_accum","Spatial Distribution Score","MeanState","global","score","1","0.924373","75.0"
"HydrologyCycle","Evapotranspiration","MOD16A2","CRUTS410_accum","Phase Shift","MeanState","global","scalar","months","1.2838","75.0"
"HydrologyCycle","Evapotranspiration","MOD16A2","CRUTS410_accum","Seasonal Cycle Score","MeanState","global","score","1","0.812628","75.0"
"HydrologyCycle","Evapotranspiration","MOD16A2","CRUTS410_accum","Bias","MeanState","global","scalar","mm d-1","-0.101588","75.0"
"HydrologyCycle","Evapotranspiration","MOD16A2","CRUTS410_accum","Bias Score","MeanState","global","score","1","0.534018","75.0"
"HydrologyCycle","Evapotranspiration","MOD16A2","CRUTS410_accum","RMSE","MeanState","global","scalar","mm d-1","0.614113","75.0"
"HydrologyCycle","Evapotranspiration","MOD16A2","CRUTS410_accum","RMSE Score","MeanState","global","score","1","0.557537","75.0"
"HydrologyCycle","Evapotranspiration","MOD16A2","CRUTS410_accum","Overall Score","MeanState","global","score","1","0.677219","75.0"
"HydrologyCycle","Evapotranspiration","MODIS","TRENDYv14","Benchmark Period Mean (intersection)","MeanState","global","scalar","mm d-1","1.55764","75.0"
"HydrologyCycle","Evapotranspiration","MODIS","TRENDYv14","Benchmark Period Mean (complement)","MeanState","global","scalar","mm d-1","2.12771","75.0"
"HydrologyCycle","Evapotranspiration","MODIS","TRENDYv14","Period Mean (original grids)","MeanState","global","scalar","mm d-1","1.25162","75.0"
"HydrologyCycle","Evapotranspiration","MODIS","TRENDYv14","Model Period Mean (intersection)","MeanState","global","scalar","mm d-1","1.44824","75.0"
"HydrologyCycle","Evapotranspiration","MODIS","TRENDYv14","Model Period Mean (complement)","MeanState","global","scalar","mm d-1","0.232431","75.0"
"HydrologyCycle","Evapotranspiration","MODIS","TRENDYv14","Spatial Distribution Score","MeanState","global","score","1","0.933832","75.0"
"HydrologyCycle","Evapotranspiration","MODIS","TRENDYv14","Phase Shift","MeanState","global","scalar","months","1.21673","75.0"
"HydrologyCycle","Evapotranspiration","MODIS","TRENDYv14","Seasonal Cycle Score","MeanState","global","score","1","0.817189","75.0"
"HydrologyCycle","Evapotranspiration","MODIS","TRENDYv14","Bias","MeanState","global","scalar","mm d-1","-0.109401","75.0"
"HydrologyCycle","Evapotranspiration","MODIS","TRENDYv14","Bias Score","MeanState","global","score","1","0.529397","75.0"
"HydrologyCycle","Evapotranspiration","MODIS","TRENDYv14","RMSE","MeanState","global","scalar","mm d-1","0.607041","75.0"
"HydrologyCycle","Evapotranspiration","MODIS","TRENDYv14","RMSE Score","MeanState","global","score","1","0.565388","75.0"
"HydrologyCycle","Evapotranspiration","MODIS","TRENDYv14","Overall Score","MeanState","global","score","1","0.682239","75.0"
"HydrologyCycle","Evapotranspiration","MODIS","CRUJRAv15_accum","Benchmark Period Mean (intersection)","MeanState","global","scalar","mm d-1","1.55764","75.0"
"HydrologyCycle","Evapotranspiration","MODIS","CRUJRAv15_accum","Benchmark Period Mean (complement)","MeanState","global","scalar","mm d-1","2.12771","75.0"
"HydrologyCycle","Evapotranspiration","MODIS","CRUJRAv15_accum","Period Mean (original grids)","MeanState","global","scalar","mm d-1","1.40681","75.0"
"HydrologyCycle","Evapotranspiration","MODIS","CRUJRAv15_accum","Model Period Mean (intersection)","MeanState","global","scalar","mm d-1","1.63052","75.0"
"HydrologyCycle","Evapotranspiration","MODIS","CRUJRAv15_accum","Model Period Mean (complement)","MeanState","global","scalar","mm d-1","0.247215","75.0"
"HydrologyCycle","Evapotranspiration","MODIS","CRUJRAv15_accum","Spatial Distribution Score","MeanState","global","score","1","0.981128","75.0"
"HydrologyCycle","Evapotranspiration","MODIS","CRUJRAv15_accum","Phase Shift","MeanState","global","scalar","months","1.36883","75.0"
"HydrologyCycle","Evapotranspiration","MODIS","CRUJRAv15_accum","Seasonal Cycle Score","MeanState","global","score","1","0.794318","75.0"
"HydrologyCycle","Evapotranspiration","MODIS","CRUJRAv15_accum","Bias","MeanState","global","scalar","mm d-1","0.072877","75.0"
"HydrologyCycle","Evapotranspiration","MODIS","CRUJRAv15_accum","Bias Score","MeanState","global","score","1","0.592064","75.0"
"HydrologyCycle","Evapotranspiration","MODIS","CRUJRAv15_accum","RMSE","MeanState","global","scalar","mm d-1","0.655579","75.0"
"HydrologyCycle","Evapotranspiration","MODIS","CRUJRAv15_accum","RMSE Score","MeanState","global","score","1","0.46095","75.0"
"HydrologyCycle","Evapotranspiration","MODIS","CRUJRAv15_accum","Overall Score","MeanState","global","score","1","0.657882","75.0"
"HydrologyCycle","Evapotranspiration","MODIS","TRENDYv13","Benchmark Period Mean (intersection)","MeanState","global","scalar","mm d-1","1.55764","75.0"
"HydrologyCycle","Evapotranspiration","MODIS","TRENDYv13","Benchmark Period Mean (complement)","MeanState","global","scalar","mm d-1","2.12771","75.0"
"HydrologyCycle","Evapotranspiration","MODIS","TRENDYv13","Period Mean (original grids)","MeanState","global","scalar","mm d-1","1.09864","75.0"
"HydrologyCycle","Evapotranspiration","MODIS","TRENDYv13","Model Period Mean (intersection)","MeanState","global","scalar","mm d-1","1.26741","75.0"
"HydrologyCycle","Evapotranspiration","MODIS","TRENDYv13","Model Period Mean (complement)","MeanState","global","scalar","mm d-1","0.223804","75.0"
"HydrologyCycle","Evapotranspiration","MODIS","TRENDYv13","Spatial Distribution Score","MeanState","global","score","1","0.807741","75.0"
"HydrologyCycle","Evapotranspiration","MODIS","TRENDYv13","Phase Shift","MeanState","global","scalar","months","1.37423","75.0"
"HydrologyCycle","Evapotranspiration","MODIS","TRENDYv13","Seasonal Cycle Score","MeanState","global","score","1","0.798185","75.0"
"HydrologyCycle","Evapotranspiration","MODIS","TRENDYv13","Bias","MeanState","global","scalar","mm d-1","-0.290228","75.0"
"HydrologyCycle","Evapotranspiration","MODIS","TRENDYv13","Bias Score","MeanState","global","score","1","0.454243","75.0"
"HydrologyCycle","Evapotranspiration","MODIS","TRENDYv13","RMSE","MeanState","global","scalar","mm d-1","0.718992","75.0"
"HydrologyCycle","Evapotranspiration","MODIS","TRENDYv13","RMSE Score","MeanState","global","score","1","0.550997","75.0"
"HydrologyCycle","Evapotranspiration","MODIS","TRENDYv13","Overall Score","MeanState","global","score","1","0.632433","75.0"
"HydrologyCycle","Evapotranspiration","MODIS","CRUTS410_accum","Benchmark Period Mean (intersection)","MeanState","global","scalar","mm d-1","1.55764","75.0"
"HydrologyCycle","Evapotranspiration","MODIS","CRUTS410_accum","Benchmark Period Mean (complement)","MeanState","global","scalar","mm d-1","2.12771","75.0"
"HydrologyCycle","Evapotranspiration","MODIS","CRUTS410_accum","Period Mean (original grids)","MeanState","global","scalar","mm d-1","1.25836","75.0"
"HydrologyCycle","Evapotranspiration","MODIS","CRUTS410_accum","Model Period Mean (intersection)","MeanState","global","scalar","mm d-1","1.45615","75.0"
"HydrologyCycle","Evapotranspiration","MODIS","CRUTS410_accum","Model Period Mean (complement)","MeanState","global","scalar","mm d-1","0.233099","75.0"
"HydrologyCycle","Evapotranspiration","MODIS","CRUTS410_accum","Spatial Distribution Score","MeanState","global","score","1","0.924855","75.0"
"HydrologyCycle","Evapotranspiration","MODIS","CRUTS410_accum","Phase Shift","MeanState","global","scalar","months","1.28658","75.0"
"HydrologyCycle","Evapotranspiration","MODIS","CRUTS410_accum","Seasonal Cycle Score","MeanState","global","score","1","0.812228","75.0"
"HydrologyCycle","Evapotranspiration","MODIS","CRUTS410_accum","Bias","MeanState","global","scalar","mm d-1","-0.101492","75.0"
"HydrologyCycle","Evapotranspiration","MODIS","CRUTS410_accum","Bias Score","MeanState","global","score","1","0.534271","75.0"
"HydrologyCycle","Evapotranspiration","MODIS","CRUTS410_accum","RMSE","MeanState","global","scalar","mm d-1","0.613132","75.0"
"HydrologyCycle","Evapotranspiration","MODIS","CRUTS410_accum","RMSE Score","MeanState","global","score","1","0.558213","75.0"
"HydrologyCycle","Evapotranspiration","MODIS","CRUTS410_accum","Overall Score","MeanState","global","score","1","0.677556","75.0"
"Forcings","Precipitation","GPCPv2.3","CRUJRAv15_accum","Benchmark Period Mean (intersection)","MeanState","global","scalar","mm d-1","2.34609","40.0"
"Forcings","Precipitation","GPCPv2.3","CRUJRAv15_accum","Benchmark Period Mean (complement)","MeanState","global","scalar","mm d-1","2.11369","40.0"
"Forcings","Precipitation","GPCPv2.3","CRUJRAv15_accum","Period Mean (original grids)","MeanState","global","scalar","mm d-1","2.18553","40.0"
"Forcings","Precipitation","GPCPv2.3","CRUJRAv15_accum","Model Period Mean (intersection)","MeanState","global","scalar","mm d-1","2.18553","40.0"
"Forcings","Precipitation","GPCPv2.3","CRUJRAv15_accum","Model Period Mean (complement)","MeanState","global","scalar","mm d-1","nan","40.0"
"Forcings","Precipitation","GPCPv2.3","CRUJRAv15_accum","Spatial Distribution Score","MeanState","global","score","1","0.98451","40.0"
"Forcings","Precipitation","GPCPv2.3","CRUJRAv15_accum","Phase Shift","MeanState","global","scalar","months","0.783977","40.0"
"Forcings","Precipitation","GPCPv2.3","CRUJRAv15_accum","Seasonal Cycle Score","MeanState","global","score","1","0.893351","40.0"
"Forcings","Precipitation","GPCPv2.3","CRUJRAv15_accum","Bias","MeanState","global","scalar","mm d-1","-0.160552","40.0"
"Forcings","Precipitation","GPCPv2.3","CRUJRAv15_accum","Bias Score","MeanState","global","score","1","0.783905","40.0"
"Forcings","Precipitation","GPCPv2.3","CRUJRAv15_accum","RMSE","MeanState","global","scalar","mm d-1","0.604212","40.0"
"Forcings","Precipitation","GPCPv2.3","CRUJRAv15_accum","RMSE Score","MeanState","global","score","1","0.784717","40.0"
"Forcings","Precipitation","GPCPv2.3","CRUJRAv15_accum","Overall Score","MeanState","global","score","1","0.84624","40.0"
"Forcings","Precipitation","GPCPv2.3","CRUTS410_accum","Benchmark Period Mean (intersection)","MeanState","global","scalar","mm d-1","2.34609","40.0"
"Forcings","Precipitation","GPCPv2.3","CRUTS410_accum","Benchmark Period Mean (complement)","MeanState","global","scalar","mm d-1","2.11369","40.0"
"Forcings","Precipitation","GPCPv2.3","CRUTS410_accum","Period Mean (original grids)","MeanState","global","scalar","mm d-1","2.18696","40.0"
"Forcings","Precipitation","GPCPv2.3","CRUTS410_accum","Model Period Mean (intersection)","MeanState","global","scalar","mm d-1","2.18696","40.0"
"Forcings","Precipitation","GPCPv2.3","CRUTS410_accum","Model Period Mean (complement)","MeanState","global","scalar","mm d-1","nan","40.0"
"Forcings","Precipitation","GPCPv2.3","CRUTS410_accum","Spatial Distribution Score","MeanState","global","score","1","0.984461","40.0"
"Forcings","Precipitation","GPCPv2.3","CRUTS410_accum","Phase Shift","MeanState","global","scalar","months","0.786072","40.0"
"Forcings","Precipitation","GPCPv2.3","CRUTS410_accum","Seasonal Cycle Score","MeanState","global","score","1","0.893461","40.0"
"Forcings","Precipitation","GPCPv2.3","CRUTS410_accum","Bias","MeanState","global","scalar","mm d-1","-0.159124","40.0"
"Forcings","Precipitation","GPCPv2.3","CRUTS410_accum","Bias Score","MeanState","global","score","1","0.783906","40.0"
"Forcings","Precipitation","GPCPv2.3","CRUTS410_accum","RMSE","MeanState","global","scalar","mm d-1","0.60492","40.0"
"Forcings","Precipitation","GPCPv2.3","CRUTS410_accum","RMSE Score","MeanState","global","score","1","0.784701","40.0"
"Forcings","Precipitation","GPCPv2.3","CRUTS410_accum","Overall Score","MeanState","global","score","1","0.846246","40.0"
"Forcings","Precipitation","GPCPv2.3","TRENDYv13","Benchmark Period Mean (intersection)","MeanState","global","scalar","mm d-1","2.34609","40.0"
"Forcings","Precipitation","GPCPv2.3","TRENDYv13","Benchmark Period Mean (complement)","MeanState","global","scalar","mm d-1","2.11369","40.0"
"Forcings","Precipitation","GPCPv2.3","TRENDYv13","Period Mean (original grids)","MeanState","global","scalar","mm d-1","2.18671","40.0"
"Forcings","Precipitation","GPCPv2.3","TRENDYv13","Model Period Mean (intersection)","MeanState","global","scalar","mm d-1","2.18671","40.0"
"Forcings","Precipitation","GPCPv2.3","TRENDYv13","Model Period Mean (complement)","MeanState","global","scalar","mm d-1","nan","40.0"
"Forcings","Precipitation","GPCPv2.3","TRENDYv13","Spatial Distribution Score","MeanState","global","score","1","0.984391","40.0"
"Forcings","Precipitation","GPCPv2.3","TRENDYv13","Phase Shift","MeanState","global","scalar","months","0.785872","40.0"
"Forcings","Precipitation","GPCPv2.3","TRENDYv13","Seasonal Cycle Score","MeanState","global","score","1","0.894175","40.0"
"Forcings","Precipitation","GPCPv2.3","TRENDYv13","Bias","MeanState","global","scalar","mm d-1","-0.15938","40.0"
"Forcings","Precipitation","GPCPv2.3","TRENDYv13","Bias Score","MeanState","global","score","1","0.783694","40.0"
"Forcings","Precipitation","GPCPv2.3","TRENDYv13","RMSE","MeanState","global","scalar","mm d-1","0.607489","40.0"
"Forcings","Precipitation","GPCPv2.3","TRENDYv13","RMSE Score","MeanState","global","score","1","0.783245","40.0"
"Forcings","Precipitation","GPCPv2.3","TRENDYv13","Overall Score","MeanState","global","score","1","0.84575","40.0"
"Forcings","Precipitation","GPCPv2.3","TRENDYv14","Benchmark Period Mean (intersection)","MeanState","global","scalar","mm d-1","2.34609","40.0"
"Forcings","Precipitation","GPCPv2.3","TRENDYv14","Benchmark Period Mean (complement)","MeanState","global","scalar","mm d-1","2.11369","40.0"
"Forcings","Precipitation","GPCPv2.3","TRENDYv14","Period Mean (original grids)","MeanState","global","scalar","mm d-1","2.1869","40.0"
"Forcings","Precipitation","GPCPv2.3","TRENDYv14","Model Period Mean (intersection)","MeanState","global","scalar","mm d-1","2.1869","40.0"
"Forcings","Precipitation","GPCPv2.3","TRENDYv14","Model Period Mean (complement)","MeanState","global","scalar","mm d-1","nan","40.0"
"Forcings","Precipitation","GPCPv2.3","TRENDYv14","Spatial Distribution Score","MeanState","global","score","1","0.984463","40.0"
"Forcings","Precipitation","GPCPv2.3","TRENDYv14","Phase Shift","MeanState","global","scalar","months","0.78593","40.0"
"Forcings","Precipitation","GPCPv2.3","TRENDYv14","Seasonal Cycle Score","MeanState","global","score","1","0.89355","40.0"
"Forcings","Precipitation","GPCPv2.3","TRENDYv14","Bias","MeanState","global","scalar","mm d-1","-0.159185","40.0"
"Forcings","Precipitation","GPCPv2.3","TRENDYv14","Bias Score","MeanState","global","score","1","0.783901","40.0"
"Forcings","Precipitation","GPCPv2.3","TRENDYv14","RMSE","MeanState","global","scalar","mm d-1","0.604909","40.0"
"Forcings","Precipitation","GPCPv2.3","TRENDYv14","RMSE Score","MeanState","global","score","1","0.784713","40.0"
"Forcings","Precipitation","GPCPv2.3","TRENDYv14","Overall Score","MeanState","global","score","1","0.846268","40.0"
"Forcings","SurfaceAirTemperature","CRU4.02","TRENDYv13","Benchmark Period Mean (intersection)","MeanState","global","scalar","K","286.724","50.0"
"Forcings","SurfaceAirTemperature","CRU4.02","TRENDYv13","Benchmark Period Mean (complement)","MeanState","global","scalar","K","288.333","50.0"
"Forcings","SurfaceAirTemperature","CRU4.02","TRENDYv13","Period Mean (original grids)","MeanState","global","scalar","K","286.745","50.0"
"Forcings","SurfaceAirTemperature","CRU4.02","TRENDYv13","Model Period Mean (intersection)","MeanState","global","scalar","K","286.745","50.0"
"Forcings","SurfaceAirTemperature","CRU4.02","TRENDYv13","Model Period Mean (complement)","MeanState","global","scalar","K","nan","50.0"
"Forcings","SurfaceAirTemperature","CRU4.02","TRENDYv13","Spatial Distribution Score","MeanState","global","score","1","0.999787","50.0"
"Forcings","SurfaceAirTemperature","CRU4.02","TRENDYv13","Phase Shift","MeanState","global","scalar","months","0.161563","50.0"
"Forcings","SurfaceAirTemperature","CRU4.02","TRENDYv13","Seasonal Cycle Score","MeanState","global","score","1","0.982514","50.0"
"Forcings","SurfaceAirTemperature","CRU4.02","TRENDYv13","Bias","MeanState","global","scalar","K","0.0212605","50.0"
"Forcings","SurfaceAirTemperature","CRU4.02","TRENDYv13","Bias Score","MeanState","global","score","1","0.883882","50.0"
"Forcings","SurfaceAirTemperature","CRU4.02","TRENDYv13","RMSE","MeanState","global","scalar","K","0.707388","50.0"
"Forcings","SurfaceAirTemperature","CRU4.02","TRENDYv13","RMSE Score","MeanState","global","score","1","0.919223","50.0"
"Forcings","SurfaceAirTemperature","CRU4.02","TRENDYv13","Overall Score","MeanState","global","score","1","0.940926","50.0"
"Forcings","SurfaceAirTemperature","CRU4.02","TRENDYv14","Benchmark Period Mean (intersection)","MeanState","global","scalar","K","286.724","50.0"
"Forcings","SurfaceAirTemperature","CRU4.02","TRENDYv14","Benchmark Period Mean (complement)","MeanState","global","scalar","K","288.333","50.0"
"Forcings","SurfaceAirTemperature","CRU4.02","TRENDYv14","Period Mean (original grids)","MeanState","global","scalar","K","286.746","50.0"
"Forcings","SurfaceAirTemperature","CRU4.02","TRENDYv14","Model Period Mean (intersection)","MeanState","global","scalar","K","286.746","50.0"
"Forcings","SurfaceAirTemperature","CRU4.02","TRENDYv14","Model Period Mean (complement)","MeanState","global","scalar","K","nan","50.0"
"Forcings","SurfaceAirTemperature","CRU4.02","TRENDYv14","Spatial Distribution Score","MeanState","global","score","1","0.999788","50.0"
"Forcings","SurfaceAirTemperature","CRU4.02","TRENDYv14","Phase Shift","MeanState","global","scalar","months","0.161326","50.0"
"Forcings","SurfaceAirTemperature","CRU4.02","TRENDYv14","Seasonal Cycle Score","MeanState","global","score","1","0.982591","50.0"
"Forcings","SurfaceAirTemperature","CRU4.02","TRENDYv14","Bias","MeanState","global","scalar","K","0.0221976","50.0"
"Forcings","SurfaceAirTemperature","CRU4.02","TRENDYv14","Bias Score","MeanState","global","score","1","0.883874","50.0"
"Forcings","SurfaceAirTemperature","CRU4.02","TRENDYv14","RMSE","MeanState","global","scalar","K","0.708128","50.0"
"Forcings","SurfaceAirTemperature","CRU4.02","TRENDYv14","RMSE Score","MeanState","global","score","1","0.91912","50.0"
"Forcings","SurfaceAirTemperature","CRU4.02","TRENDYv14","Overall Score","MeanState","global","score","1","0.940899","50.0"
"Forcings","SurfaceAirTemperature","CRU4.02","CRUJRAv15_accum","Benchmark Period Mean (intersection)","MeanState","global","scalar","K","286.724","50.0"
"Forcings","SurfaceAirTemperature","CRU4.02","CRUJRAv15_accum","Benchmark Period Mean (complement)","MeanState","global","scalar","K","288.333","50.0"
"Forcings","SurfaceAirTemperature","CRU4.02","CRUJRAv15_accum","Period Mean (original grids)","MeanState","global","scalar","K","286.75","50.0"
"Forcings","SurfaceAirTemperature","CRU4.02","CRUJRAv15_accum","Model Period Mean (intersection)","MeanState","global","scalar","K","286.75","50.0"
"Forcings","SurfaceAirTemperature","CRU4.02","CRUJRAv15_accum","Model Period Mean (complement)","MeanState","global","scalar","K","nan","50.0"
"Forcings","SurfaceAirTemperature","CRU4.02","CRUJRAv15_accum","Spatial Distribution Score","MeanState","global","score","1","0.9998","50.0"
"Forcings","SurfaceAirTemperature","CRU4.02","CRUJRAv15_accum","Phase Shift","MeanState","global","scalar","months","0.150867","50.0"
"Forcings","SurfaceAirTemperature","CRU4.02","CRUJRAv15_accum","Seasonal Cycle Score","MeanState","global","score","1","0.982826","50.0"
"Forcings","SurfaceAirTemperature","CRU4.02","CRUJRAv15_accum","Bias","MeanState","global","scalar","K","0.0265006","50.0"
"Forcings","SurfaceAirTemperature","CRU4.02","CRUJRAv15_accum","Bias Score","MeanState","global","score","1","0.883799","50.0"
"Forcings","SurfaceAirTemperature","CRU4.02","CRUJRAv15_accum","RMSE","MeanState","global","scalar","K","0.614993","50.0"
"Forcings","SurfaceAirTemperature","CRU4.02","CRUJRAv15_accum","RMSE Score","MeanState","global","score","1","0.934","50.0"
"Forcings","SurfaceAirTemperature","CRU4.02","CRUJRAv15_accum","Overall Score","MeanState","global","score","1","0.946885","50.0"
"Forcings","SurfaceAirTemperature","CRU4.02","CRUTS410_accum","Benchmark Period Mean (intersection)","MeanState","global","scalar","K","286.724","50.0"
"Forcings","SurfaceAirTemperature","CRU4.02","CRUTS410_accum","Benchmark Period Mean (complement)","MeanState","global","scalar","K","288.333","50.0"
"Forcings","SurfaceAirTemperature","CRU4.02","CRUTS410_accum","Period Mean (original grids)","MeanState","global","scalar","K","286.746","50.0"
"Forcings","SurfaceAirTemperature","CRU4.02","CRUTS410_accum","Model Period Mean (intersection)","MeanState","global","scalar","K","286.746","50.0"
"Forcings","SurfaceAirTemperature","CRU4.02","CRUTS410_accum","Model Period Mean (complement)","MeanState","global","scalar","K","nan","50.0"
"Forcings","SurfaceAirTemperature","CRU4.02","CRUTS410_accum","Spatial Distribution Score","MeanState","global","score","1","0.999788","50.0"
"Forcings","SurfaceAirTemperature","CRU4.02","CRUTS410_accum","Phase Shift","MeanState","global","scalar","months","0.161009","50.0"
"Forcings","SurfaceAirTemperature","CRU4.02","CRUTS410_accum","Seasonal Cycle Score","MeanState","global","score","1","0.982663","50.0"
"Forcings","SurfaceAirTemperature","CRU4.02","CRUTS410_accum","Bias","MeanState","global","scalar","K","0.0222072","50.0"
"Forcings","SurfaceAirTemperature","CRU4.02","CRUTS410_accum","Bias Score","MeanState","global","score","1","0.883767","50.0"
"Forcings","SurfaceAirTemperature","CRU4.02","CRUTS410_accum","RMSE","MeanState","global","scalar","K","0.70838","50.0"
"Forcings","SurfaceAirTemperature","CRU4.02","CRUTS410_accum","RMSE Score","MeanState","global","score","1","0.919112","50.0"
"Forcings","SurfaceAirTemperature","CRU4.02","CRUTS410_accum","Overall Score","MeanState","global","score","1","0.940889","50.0"
"EcosystemandCarbonCycle","Biomass","XuSaatchi","CRUTS410_accum","Benchmark Period Mean (intersection)","MeanState","global","scalar","Pg","474.84","100.0"
"EcosystemandCarbonCycle","Biomass","XuSaatchi","CRUTS410_accum","Benchmark Period Mean (complement)","MeanState","global","scalar","Pg","6.85758","100.0"
"EcosystemandCarbonCycle","Biomass","XuSaatchi","CRUTS410_accum","Period Mean (original grids)","MeanState","global","scalar","Pg","629.044","100.0"
"EcosystemandCarbonCycle","Biomass","XuSaatchi","CRUTS410_accum","Model Period Mean (intersection)","MeanState","global","scalar","Pg","629.042","100.0"
"EcosystemandCarbonCycle","Biomass","XuSaatchi","CRUTS410_accum","Model Period Mean (complement)","MeanState","global","scalar","Pg","0.00245808","100.0"
"EcosystemandCarbonCycle","Biomass","XuSaatchi","CRUTS410_accum","Spatial Distribution Score","MeanState","global","score","1","0.895452","100.0"
"EcosystemandCarbonCycle","Biomass","XuSaatchi","CRUTS410_accum","Bias","MeanState","global","scalar","kg m-2","1.17595","100.0"
"EcosystemandCarbonCycle","Biomass","XuSaatchi","CRUTS410_accum","Bias Score","MeanState","global","score","1","0.0330611","100.0"
"EcosystemandCarbonCycle","Biomass","XuSaatchi","CRUTS410_accum","Overall Score","MeanState","global","score","1","0.464257","100.0"
"EcosystemandCarbonCycle","Biomass","XuSaatchi","CRUJRAv15_accum","Benchmark Period Mean (intersection)","MeanState","global","scalar","Pg","474.84","100.0"
"EcosystemandCarbonCycle","Biomass","XuSaatchi","CRUJRAv15_accum","Benchmark Period Mean (complement)","MeanState","global","scalar","Pg","6.85758","100.0"
"EcosystemandCarbonCycle","Biomass","XuSaatchi","CRUJRAv15_accum","Period Mean (original grids)","MeanState","global","scalar","Pg","606.765","100.0"
"EcosystemandCarbonCycle","Biomass","XuSaatchi","CRUJRAv15_accum","Model Period Mean (intersection)","MeanState","global","scalar","Pg","606.764","100.0"
"EcosystemandCarbonCycle","Biomass","XuSaatchi","CRUJRAv15_accum","Model Period Mean (complement)","MeanState","global","scalar","Pg","0.000760897","100.0"
"EcosystemandCarbonCycle","Biomass","XuSaatchi","CRUJRAv15_accum","Spatial Distribution Score","MeanState","global","score","1","0.891449","100.0"
"EcosystemandCarbonCycle","Biomass","XuSaatchi","CRUJRAv15_accum","Bias","MeanState","global","scalar","kg m-2","1.01198","100.0"
"EcosystemandCarbonCycle","Biomass","XuSaatchi","CRUJRAv15_accum","Bias Score","MeanState","global","score","1","0.0347868","100.0"
"EcosystemandCarbonCycle","Biomass","XuSaatchi","CRUJRAv15_accum","Overall Score","MeanState","global","score","1","0.463118","100.0"
"EcosystemandCarbonCycle","Biomass","XuSaatchi","TRENDYv14","Benchmark Period Mean (intersection)","MeanState","global","scalar","Pg","474.84","100.0"
"EcosystemandCarbonCycle","Biomass","XuSaatchi","TRENDYv14","Benchmark Period Mean (complement)","MeanState","global","scalar","Pg","6.85758","100.0"
"EcosystemandCarbonCycle","Biomass","XuSaatchi","TRENDYv14","Period Mean (original grids)","MeanState","global","scalar","Pg","645.234","100.0"
"EcosystemandCarbonCycle","Biomass","XuSaatchi","TRENDYv14","Model Period Mean (intersection)","MeanState","global","scalar","Pg","645.23","100.0"
"EcosystemandCarbonCycle","Biomass","XuSaatchi","TRENDYv14","Model Period Mean (complement)","MeanState","global","scalar","Pg","0.0034109","100.0"
"EcosystemandCarbonCycle","Biomass","XuSaatchi","TRENDYv14","Spatial Distribution Score","MeanState","global","score","1","0.898897","100.0"
"EcosystemandCarbonCycle","Biomass","XuSaatchi","TRENDYv14","Bias","MeanState","global","scalar","kg m-2","1.29399","100.0"
"EcosystemandCarbonCycle","Biomass","XuSaatchi","TRENDYv14","Bias Score","MeanState","global","score","1","0.0356303","100.0"
"EcosystemandCarbonCycle","Biomass","XuSaatchi","TRENDYv14","Overall Score","MeanState","global","score","1","0.467264","100.0"
"EcosystemandCarbonCycle","Biomass","XuSaatchi","TRENDYv13","Benchmark Period Mean (intersection)","MeanState","global","scalar","Pg","474.84","100.0"
"EcosystemandCarbonCycle","Biomass","XuSaatchi","TRENDYv13","Benchmark Period Mean (complement)","MeanState","global","scalar","Pg","6.85758","100.0"
"EcosystemandCarbonCycle","Biomass","XuSaatchi","TRENDYv13","Period Mean (original grids)","MeanState","global","scalar","Pg","624.248","100.0"
"EcosystemandCarbonCycle","Biomass","XuSaatchi","TRENDYv13","Model Period Mean (intersection)","MeanState","global","scalar","Pg","624.245","100.0"
"EcosystemandCarbonCycle","Biomass","XuSaatchi","TRENDYv13","Model Period Mean (complement)","MeanState","global","scalar","Pg","0.00246328","100.0"
"EcosystemandCarbonCycle","Biomass","XuSaatchi","TRENDYv13","Spatial Distribution Score","MeanState","global","score","1","0.896176","100.0"
"EcosystemandCarbonCycle","Biomass","XuSaatchi","TRENDYv13","Bias","MeanState","global","scalar","kg m-2","1.14073","100.0"
"EcosystemandCarbonCycle","Biomass","XuSaatchi","TRENDYv13","Bias Score","MeanState","global","score","1","0.0326192","100.0"
"EcosystemandCarbonCycle","Biomass","XuSaatchi","TRENDYv13","Overall Score","MeanState","global","score","1","0.464398","100.0"
"EcosystemandCarbonCycle","Biomass","ESACCI","CRUJRAv15_accum","Benchmark Period Mean (intersection)","MeanState","global","scalar","Pg","392.026","100.0"
"EcosystemandCarbonCycle","Biomass","ESACCI","CRUJRAv15_accum","Benchmark Period Mean (complement)","MeanState","global","scalar","Pg","7.12147","100.0"
"EcosystemandCarbonCycle","Biomass","ESACCI","CRUJRAv15_accum","Period Mean (original grids)","MeanState","global","scalar","Pg","608.022","100.0"
"EcosystemandCarbonCycle","Biomass","ESACCI","CRUJRAv15_accum","Model Period Mean (intersection)","MeanState","global","scalar","Pg","608.022","100.0"
"EcosystemandCarbonCycle","Biomass","ESACCI","CRUJRAv15_accum","Model Period Mean (complement)","MeanState","global","scalar","Pg","nan","100.0"
"EcosystemandCarbonCycle","Biomass","ESACCI","CRUJRAv15_accum","Spatial Distribution Score","MeanState","global","score","1","0.872208","100.0"
"EcosystemandCarbonCycle","Biomass","ESACCI","CRUJRAv15_accum","Bias","MeanState","global","scalar","kg m-2","1.62458","100.0"
"EcosystemandCarbonCycle","Biomass","ESACCI","CRUJRAv15_accum","Bias Score","MeanState","global","score","1","0.636254","100.0"
"EcosystemandCarbonCycle","Biomass","ESACCI","CRUJRAv15_accum","Overall Score","MeanState","global","score","1","0.754231","100.0"
"EcosystemandCarbonCycle","Biomass","ESACCI","TRENDYv14","Benchmark Period Mean (intersection)","MeanState","global","scalar","Pg","392.026","100.0"
"EcosystemandCarbonCycle","Biomass","ESACCI","TRENDYv14","Benchmark Period Mean (complement)","MeanState","global","scalar","Pg","7.12147","100.0"
"EcosystemandCarbonCycle","Biomass","ESACCI","TRENDYv14","Period Mean (original grids)","MeanState","global","scalar","Pg","645.748","100.0"
"EcosystemandCarbonCycle","Biomass","ESACCI","TRENDYv14","Model Period Mean (intersection)","MeanState","global","scalar","Pg","645.748","100.0"
"EcosystemandCarbonCycle","Biomass","ESACCI","TRENDYv14","Model Period Mean (complement)","MeanState","global","scalar","Pg","nan","100.0"
"EcosystemandCarbonCycle","Biomass","ESACCI","TRENDYv14","Spatial Distribution Score","MeanState","global","score","1","0.883963","100.0"
"EcosystemandCarbonCycle","Biomass","ESACCI","TRENDYv14","Bias","MeanState","global","scalar","kg m-2","1.90342","100.0"
"EcosystemandCarbonCycle","Biomass","ESACCI","TRENDYv14","Bias Score","MeanState","global","score","1","0.645531","100.0"
"EcosystemandCarbonCycle","Biomass","ESACCI","TRENDYv14","Overall Score","MeanState","global","score","1","0.764747","100.0"
"EcosystemandCarbonCycle","Biomass","ESACCI","TRENDYv13","Benchmark Period Mean (intersection)","MeanState","global","scalar","Pg","392.026","100.0"
"EcosystemandCarbonCycle","Biomass","ESACCI","TRENDYv13","Benchmark Period Mean (complement)","MeanState","global","scalar","Pg","7.12147","100.0"
"EcosystemandCarbonCycle","Biomass","ESACCI","TRENDYv13","Period Mean (original grids)","MeanState","global","scalar","Pg","625.3","100.0"
"EcosystemandCarbonCycle","Biomass","ESACCI","TRENDYv13","Model Period Mean (intersection)","MeanState","global","scalar","Pg","625.3","100.0"
"EcosystemandCarbonCycle","Biomass","ESACCI","TRENDYv13","Model Period Mean (complement)","MeanState","global","scalar","Pg","nan","100.0"
"EcosystemandCarbonCycle","Biomass","ESACCI","TRENDYv13","Spatial Distribution Score","MeanState","global","score","1","0.87308","100.0"
"EcosystemandCarbonCycle","Biomass","ESACCI","TRENDYv13","Bias","MeanState","global","scalar","kg m-2","1.75284","100.0"
"EcosystemandCarbonCycle","Biomass","ESACCI","TRENDYv13","Bias Score","MeanState","global","score","1","0.636545","100.0"
"EcosystemandCarbonCycle","Biomass","ESACCI","TRENDYv13","Overall Score","MeanState","global","score","1","0.754813","100.0"
"EcosystemandCarbonCycle","Biomass","ESACCI","CRUTS410_accum","Benchmark Period Mean (intersection)","MeanState","global","scalar","Pg","392.026","100.0"
"EcosystemandCarbonCycle","Biomass","ESACCI","CRUTS410_accum","Benchmark Period Mean (complement)","MeanState","global","scalar","Pg","7.12147","100.0"
"EcosystemandCarbonCycle","Biomass","ESACCI","CRUTS410_accum","Period Mean (original grids)","MeanState","global","scalar","Pg","629.585","100.0"
"EcosystemandCarbonCycle","Biomass","ESACCI","CRUTS410_accum","Model Period Mean (intersection)","MeanState","global","scalar","Pg","629.585","100.0"
"EcosystemandCarbonCycle","Biomass","ESACCI","CRUTS410_accum","Model Period Mean (complement)","MeanState","global","scalar","Pg","nan","100.0"
"EcosystemandCarbonCycle","Biomass","ESACCI","CRUTS410_accum","Spatial Distribution Score","MeanState","global","score","1","0.872789","100.0"
"EcosystemandCarbonCycle","Biomass","ESACCI","CRUTS410_accum","Bias","MeanState","global","scalar","kg m-2","1.78451","100.0"
"EcosystemandCarbonCycle","Biomass","ESACCI","CRUTS410_accum","Bias Score","MeanState","global","score","1","0.637764","100.0"
"EcosystemandCarbonCycle","Biomass","ESACCI","CRUTS410_accum","Overall Score","MeanState","global","score","1","0.755277","100.0"
"EcosystemandCarbonCycle","Biomass","Thurner","CRUJRAv15_accum","Benchmark Period Mean (intersection)","MeanState","global","scalar","Pg","164.017","100.0"
"EcosystemandCarbonCycle","Biomass","Thurner","CRUJRAv15_accum","Benchmark Period Mean (complement)","MeanState","global","scalar","Pg","10.308","100.0"
"EcosystemandCarbonCycle","Biomass","Thurner","CRUJRAv15_accum","Period Mean (original grids)","MeanState","global","scalar","Pg","595.908","100.0"
"EcosystemandCarbonCycle","Biomass","Thurner","CRUJRAv15_accum","Model Period Mean (intersection)","MeanState","global","scalar","Pg","252.363","100.0"
"EcosystemandCarbonCycle","Biomass","Thurner","CRUJRAv15_accum","Model Period Mean (complement)","MeanState","global","scalar","Pg","343.546","100.0"
"EcosystemandCarbonCycle","Biomass","Thurner","CRUJRAv15_accum","Spatial Distribution Score","MeanState","global","score","1","0.639577","100.0"
"EcosystemandCarbonCycle","Biomass","Thurner","CRUJRAv15_accum","Bias","MeanState","global","scalar","kg m-2","1.95608","100.0"
"EcosystemandCarbonCycle","Biomass","Thurner","CRUJRAv15_accum","Bias Score","MeanState","global","score","1","0.527283","100.0"
"EcosystemandCarbonCycle","Biomass","Thurner","CRUJRAv15_accum","Overall Score","MeanState","global","score","1","0.58343","100.0"
"EcosystemandCarbonCycle","Biomass","Thurner","CRUTS410_accum","Benchmark Period Mean (intersection)","MeanState","global","scalar","Pg","164.017","100.0"
"EcosystemandCarbonCycle","Biomass","Thurner","CRUTS410_accum","Benchmark Period Mean (complement)","MeanState","global","scalar","Pg","10.308","100.0"
"EcosystemandCarbonCycle","Biomass","Thurner","CRUTS410_accum","Period Mean (original grids)","MeanState","global","scalar","Pg","620.02","100.0"
"EcosystemandCarbonCycle","Biomass","Thurner","CRUTS410_accum","Model Period Mean (intersection)","MeanState","global","scalar","Pg","270.327","100.0"
"EcosystemandCarbonCycle","Biomass","Thurner","CRUTS410_accum","Model Period Mean (complement)","MeanState","global","scalar","Pg","349.693","100.0"
"EcosystemandCarbonCycle","Biomass","Thurner","CRUTS410_accum","Spatial Distribution Score","MeanState","global","score","1","0.659597","100.0"
"EcosystemandCarbonCycle","Biomass","Thurner","CRUTS410_accum","Bias","MeanState","global","scalar","kg m-2","2.35384","100.0"
"EcosystemandCarbonCycle","Biomass","Thurner","CRUTS410_accum","Bias Score","MeanState","global","score","1","0.512121","100.0"
"EcosystemandCarbonCycle","Biomass","Thurner","CRUTS410_accum","Overall Score","MeanState","global","score","1","0.585859","100.0"
"EcosystemandCarbonCycle","Biomass","Thurner","TRENDYv13","Benchmark Period Mean (intersection)","MeanState","global","scalar","Pg","164.017","100.0"
"EcosystemandCarbonCycle","Biomass","Thurner","TRENDYv13","Benchmark Period Mean (complement)","MeanState","global","scalar","Pg","10.308","100.0"
"EcosystemandCarbonCycle","Biomass","Thurner","TRENDYv13","Period Mean (original grids)","MeanState","global","scalar","Pg","613.476","100.0"
"EcosystemandCarbonCycle","Biomass","Thurner","TRENDYv13","Model Period Mean (intersection)","MeanState","global","scalar","Pg","271.271","100.0"
"EcosystemandCarbonCycle","Biomass","Thurner","TRENDYv13","Model Period Mean (complement)","MeanState","global","scalar","Pg","342.206","100.0"
"EcosystemandCarbonCycle","Biomass","Thurner","TRENDYv13","Spatial Distribution Score","MeanState","global","score","1","0.660019","100.0"
"EcosystemandCarbonCycle","Biomass","Thurner","TRENDYv13","Bias","MeanState","global","scalar","kg m-2","2.37472","100.0"
"EcosystemandCarbonCycle","Biomass","Thurner","TRENDYv13","Bias Score","MeanState","global","score","1","0.514449","100.0"
"EcosystemandCarbonCycle","Biomass","Thurner","TRENDYv13","Overall Score","MeanState","global","score","1","0.587234","100.0"
"EcosystemandCarbonCycle","Biomass","Thurner","TRENDYv14","Benchmark Period Mean (intersection)","MeanState","global","scalar","Pg","164.017","100.0"
"EcosystemandCarbonCycle","Biomass","Thurner","TRENDYv14","Benchmark Period Mean (complement)","MeanState","global","scalar","Pg","10.308","100.0"
"EcosystemandCarbonCycle","Biomass","Thurner","TRENDYv14","Period Mean (original grids)","MeanState","global","scalar","Pg","635.17","100.0"
"EcosystemandCarbonCycle","Biomass","Thurner","TRENDYv14","Model Period Mean (intersection)","MeanState","global","scalar","Pg","250.092","100.0"
"EcosystemandCarbonCycle","Biomass","Thurner","TRENDYv14","Model Period Mean (complement)","MeanState","global","scalar","Pg","385.078","100.0"
"EcosystemandCarbonCycle","Biomass","Thurner","TRENDYv14","Spatial Distribution Score","MeanState","global","score","1","0.747991","100.0"
"EcosystemandCarbonCycle","Biomass","Thurner","TRENDYv14","Bias","MeanState","global","scalar","kg m-2","1.9058","100.0"
"EcosystemandCarbonCycle","Biomass","Thurner","TRENDYv14","Bias Score","MeanState","global","score","1","0.549135","100.0"
"EcosystemandCarbonCycle","Biomass","Thurner","TRENDYv14","Overall Score","MeanState","global","score","1","0.648563","100.0"
"EcosystemandCarbonCycle","Biomass","Saatchi","CRUJRAv15_accum","Benchmark Period Mean (intersection)","MeanState","global","scalar","Pg","344.349","100.0"
"EcosystemandCarbonCycle","Biomass","Saatchi","CRUJRAv15_accum","Benchmark Period Mean (complement)","MeanState","global","scalar","Pg","4.57545","100.0"
"EcosystemandCarbonCycle","Biomass","Saatchi","CRUJRAv15_accum","Period Mean (original grids)","MeanState","global","scalar","Pg","592.603","100.0"
"EcosystemandCarbonCycle","Biomass","Saatchi","CRUJRAv15_accum","Model Period Mean (intersection)","MeanState","global","scalar","Pg","339.866","100.0"
"EcosystemandCarbonCycle","Biomass","Saatchi","CRUJRAv15_accum","Model Period Mean (complement)","MeanState","global","scalar","Pg","252.738","100.0"
"EcosystemandCarbonCycle","Biomass","Saatchi","CRUJRAv15_accum","Spatial Distribution Score","MeanState","global","score","1","0.89544","100.0"
"EcosystemandCarbonCycle","Biomass","Saatchi","CRUJRAv15_accum","Bias","MeanState","global","scalar","kg m-2","-0.0673959","100.0"
"EcosystemandCarbonCycle","Biomass","Saatchi","CRUJRAv15_accum","Bias Score","MeanState","global","score","1","0.630298","100.0"
"EcosystemandCarbonCycle","Biomass","Saatchi","CRUJRAv15_accum","Overall Score","MeanState","global","score","1","0.762869","100.0"
"EcosystemandCarbonCycle","Biomass","Saatchi","TRENDYv13","Benchmark Period Mean (intersection)","MeanState","global","scalar","Pg","344.349","100.0"
"EcosystemandCarbonCycle","Biomass","Saatchi","TRENDYv13","Benchmark Period Mean (complement)","MeanState","global","scalar","Pg","4.57545","100.0"
"EcosystemandCarbonCycle","Biomass","Saatchi","TRENDYv13","Period Mean (original grids)","MeanState","global","scalar","Pg","609.865","100.0"
"EcosystemandCarbonCycle","Biomass","Saatchi","TRENDYv13","Model Period Mean (intersection)","MeanState","global","scalar","Pg","338.722","100.0"
"EcosystemandCarbonCycle","Biomass","Saatchi","TRENDYv13","Model Period Mean (complement)","MeanState","global","scalar","Pg","271.143","100.0"
"EcosystemandCarbonCycle","Biomass","Saatchi","TRENDYv13","Spatial Distribution Score","MeanState","global","score","1","0.905967","100.0"
"EcosystemandCarbonCycle","Biomass","Saatchi","TRENDYv13","Bias","MeanState","global","scalar","kg m-2","-0.0845882","100.0"
"EcosystemandCarbonCycle","Biomass","Saatchi","TRENDYv13","Bias Score","MeanState","global","score","1","0.640395","100.0"
"EcosystemandCarbonCycle","Biomass","Saatchi","TRENDYv13","Overall Score","MeanState","global","score","1","0.773181","100.0"
"EcosystemandCarbonCycle","Biomass","Saatchi","CRUTS410_accum","Benchmark Period Mean (intersection)","MeanState","global","scalar","Pg","344.349","100.0"
"EcosystemandCarbonCycle","Biomass","Saatchi","CRUTS410_accum","Benchmark Period Mean (complement)","MeanState","global","scalar","Pg","4.57545","100.0"
"EcosystemandCarbonCycle","Biomass","Saatchi","CRUTS410_accum","Period Mean (original grids)","MeanState","global","scalar","Pg","617.143","100.0"
"EcosystemandCarbonCycle","Biomass","Saatchi","CRUTS410_accum","Model Period Mean (intersection)","MeanState","global","scalar","Pg","346.739","100.0"
"EcosystemandCarbonCycle","Biomass","Saatchi","CRUTS410_accum","Model Period Mean (complement)","MeanState","global","scalar","Pg","270.404","100.0"
"EcosystemandCarbonCycle","Biomass","Saatchi","CRUTS410_accum","Spatial Distribution Score","MeanState","global","score","1","0.902881","100.0"
"EcosystemandCarbonCycle","Biomass","Saatchi","CRUTS410_accum","Bias","MeanState","global","scalar","kg m-2","0.0359387","100.0"
"EcosystemandCarbonCycle","Biomass","Saatchi","CRUTS410_accum","Bias Score","MeanState","global","score","1","0.643013","100.0"
"EcosystemandCarbonCycle","Biomass","Saatchi","CRUTS410_accum","Overall Score","MeanState","global","score","1","0.772947","100.0"
"EcosystemandCarbonCycle","Biomass","Saatchi","TRENDYv14","Benchmark Period Mean (intersection)","MeanState","global","scalar","Pg","344.349","100.0"
"EcosystemandCarbonCycle","Biomass","Saatchi","TRENDYv14","Benchmark Period Mean (complement)","MeanState","global","scalar","Pg","4.57545","100.0"
"EcosystemandCarbonCycle","Biomass","Saatchi","TRENDYv14","Period Mean (original grids)","MeanState","global","scalar","Pg","631.978","100.0"
"EcosystemandCarbonCycle","Biomass","Saatchi","TRENDYv14","Model Period Mean (intersection)","MeanState","global","scalar","Pg","383.251","100.0"
"EcosystemandCarbonCycle","Biomass","Saatchi","TRENDYv14","Model Period Mean (complement)","MeanState","global","scalar","Pg","248.727","100.0"
"EcosystemandCarbonCycle","Biomass","Saatchi","TRENDYv14","Spatial Distribution Score","MeanState","global","score","1","0.87608","100.0"
"EcosystemandCarbonCycle","Biomass","Saatchi","TRENDYv14","Bias","MeanState","global","scalar","kg m-2","0.584823","100.0"
"EcosystemandCarbonCycle","Biomass","Saatchi","TRENDYv14","Bias Score","MeanState","global","score","1","0.627279","100.0"
"EcosystemandCarbonCycle","Biomass","Saatchi","TRENDYv14","Overall Score","MeanState","global","score","1","0.75168","100.0"
"EcosystemandCarbonCycle","EcosystemRespiration","FLUXCOM","CRUTS410_accum","Benchmark Period Mean (intersection)","MeanState","global","scalar","Pg yr-1","95.6684","16.0"
"EcosystemandCarbonCycle","EcosystemRespiration","FLUXCOM","CRUTS410_accum","Benchmark Period Mean (complement)","MeanState","global","scalar","Pg yr-1","nan","16.0"
"EcosystemandCarbonCycle","EcosystemRespiration","FLUXCOM","CRUTS410_accum","Period Mean (original grids)","MeanState","global","scalar","Pg yr-1","136.174","16.0"
"EcosystemandCarbonCycle","EcosystemRespiration","FLUXCOM","CRUTS410_accum","Model Period Mean (intersection)","MeanState","global","scalar","Pg yr-1","135.869","16.0"
"EcosystemandCarbonCycle","EcosystemRespiration","FLUXCOM","CRUTS410_accum","Model Period Mean (complement)","MeanState","global","scalar","Pg yr-1","0.304274","16.0"
"EcosystemandCarbonCycle","EcosystemRespiration","FLUXCOM","CRUTS410_accum","Spatial Distribution Score","MeanState","global","score","1","0.947702","16.0"
"EcosystemandCarbonCycle","EcosystemRespiration","FLUXCOM","CRUTS410_accum","Phase Shift","MeanState","global","scalar","months","0.898442","16.0"
"EcosystemandCarbonCycle","EcosystemRespiration","FLUXCOM","CRUTS410_accum","Seasonal Cycle Score","MeanState","global","score","1","0.844791","16.0"
"EcosystemandCarbonCycle","EcosystemRespiration","FLUXCOM","CRUTS410_accum","Bias","MeanState","global","scalar","g m-2 d-1","0.924492","16.0"
"EcosystemandCarbonCycle","EcosystemRespiration","FLUXCOM","CRUTS410_accum","Bias Score","MeanState","global","score","1","0.360935","16.0"
"EcosystemandCarbonCycle","EcosystemRespiration","FLUXCOM","CRUTS410_accum","RMSE","MeanState","global","scalar","g m-2 d-1","1.5843","16.0"
"EcosystemandCarbonCycle","EcosystemRespiration","FLUXCOM","CRUTS410_accum","RMSE Score","MeanState","global","score","1","0.423054","16.0"
"EcosystemandCarbonCycle","EcosystemRespiration","FLUXCOM","CRUTS410_accum","Overall Score","MeanState","global","score","1","0.599907","16.0"
"EcosystemandCarbonCycle","EcosystemRespiration","FLUXCOM","TRENDYv14","Benchmark Period Mean (intersection)","MeanState","global","scalar","Pg yr-1","95.6684","16.0"
"EcosystemandCarbonCycle","EcosystemRespiration","FLUXCOM","TRENDYv14","Benchmark Period Mean (complement)","MeanState","global","scalar","Pg yr-1","nan","16.0"
"EcosystemandCarbonCycle","EcosystemRespiration","FLUXCOM","TRENDYv14","Period Mean (original grids)","MeanState","global","scalar","Pg yr-1","135.963","16.0"
"EcosystemandCarbonCycle","EcosystemRespiration","FLUXCOM","TRENDYv14","Model Period Mean (intersection)","MeanState","global","scalar","Pg yr-1","135.62","16.0"
"EcosystemandCarbonCycle","EcosystemRespiration","FLUXCOM","TRENDYv14","Model Period Mean (complement)","MeanState","global","scalar","Pg yr-1","0.342806","16.0"
"EcosystemandCarbonCycle","EcosystemRespiration","FLUXCOM","TRENDYv14","Spatial Distribution Score","MeanState","global","score","1","0.946591","16.0"
"EcosystemandCarbonCycle","EcosystemRespiration","FLUXCOM","TRENDYv14","Phase Shift","MeanState","global","scalar","months","1.02567","16.0"
"EcosystemandCarbonCycle","EcosystemRespiration","FLUXCOM","TRENDYv14","Seasonal Cycle Score","MeanState","global","score","1","0.829114","16.0"
"EcosystemandCarbonCycle","EcosystemRespiration","FLUXCOM","TRENDYv14","Bias","MeanState","global","scalar","g m-2 d-1","0.918765","16.0"
"EcosystemandCarbonCycle","EcosystemRespiration","FLUXCOM","TRENDYv14","Bias Score","MeanState","global","score","1","0.361165","16.0"
"EcosystemandCarbonCycle","EcosystemRespiration","FLUXCOM","TRENDYv14","RMSE","MeanState","global","scalar","g m-2 d-1","1.51577","16.0"
"EcosystemandCarbonCycle","EcosystemRespiration","FLUXCOM","TRENDYv14","RMSE Score","MeanState","global","score","1","0.417885","16.0"
"EcosystemandCarbonCycle","EcosystemRespiration","FLUXCOM","TRENDYv14","Overall Score","MeanState","global","score","1","0.594528","16.0"
"EcosystemandCarbonCycle","EcosystemRespiration","FLUXCOM","TRENDYv13","Benchmark Period Mean (intersection)","MeanState","global","scalar","Pg yr-1","95.6684","16.0"
"EcosystemandCarbonCycle","EcosystemRespiration","FLUXCOM","TRENDYv13","Benchmark Period Mean (complement)","MeanState","global","scalar","Pg yr-1","nan","16.0"
"EcosystemandCarbonCycle","EcosystemRespiration","FLUXCOM","TRENDYv13","Period Mean (original grids)","MeanState","global","scalar","Pg yr-1","136.2","16.0"
"EcosystemandCarbonCycle","EcosystemRespiration","FLUXCOM","TRENDYv13","Model Period Mean (intersection)","MeanState","global","scalar","Pg yr-1","135.892","16.0"
"EcosystemandCarbonCycle","EcosystemRespiration","FLUXCOM","TRENDYv13","Model Period Mean (complement)","MeanState","global","scalar","Pg yr-1","0.307909","16.0"
"EcosystemandCarbonCycle","EcosystemRespiration","FLUXCOM","TRENDYv13","Spatial Distribution Score","MeanState","global","score","1","0.947444","16.0"
"EcosystemandCarbonCycle","EcosystemRespiration","FLUXCOM","TRENDYv13","Phase Shift","MeanState","global","scalar","months","0.895339","16.0"
"EcosystemandCarbonCycle","EcosystemRespiration","FLUXCOM","TRENDYv13","Seasonal Cycle Score","MeanState","global","score","1","0.845896","16.0"
"EcosystemandCarbonCycle","EcosystemRespiration","FLUXCOM","TRENDYv13","Bias","MeanState","global","scalar","g m-2 d-1","0.925015","16.0"
"EcosystemandCarbonCycle","EcosystemRespiration","FLUXCOM","TRENDYv13","Bias Score","MeanState","global","score","1","0.360527","16.0"
"EcosystemandCarbonCycle","EcosystemRespiration","FLUXCOM","TRENDYv13","RMSE","MeanState","global","scalar","g m-2 d-1","1.5866","16.0"
"EcosystemandCarbonCycle","EcosystemRespiration","FLUXCOM","TRENDYv13","RMSE Score","MeanState","global","score","1","0.42218","16.0"
"EcosystemandCarbonCycle","EcosystemRespiration","FLUXCOM","TRENDYv13","Overall Score","MeanState","global","score","1","0.599645","16.0"
"EcosystemandCarbonCycle","EcosystemRespiration","FLUXCOM","CRUJRAv15_accum","Benchmark Period Mean (intersection)","MeanState","global","scalar","Pg yr-1","95.6684","16.0"
"EcosystemandCarbonCycle","EcosystemRespiration","FLUXCOM","CRUJRAv15_accum","Benchmark Period Mean (complement)","MeanState","global","scalar","Pg yr-1","nan","16.0"
"EcosystemandCarbonCycle","EcosystemRespiration","FLUXCOM","CRUJRAv15_accum","Period Mean (original grids)","MeanState","global","scalar","Pg yr-1","140.39","16.0"
"EcosystemandCarbonCycle","EcosystemRespiration","FLUXCOM","CRUJRAv15_accum","Model Period Mean (intersection)","MeanState","global","scalar","Pg yr-1","140.033","16.0"
"EcosystemandCarbonCycle","EcosystemRespiration","FLUXCOM","CRUJRAv15_accum","Model Period Mean (complement)","MeanState","global","scalar","Pg yr-1","0.357751","16.0"
"EcosystemandCarbonCycle","EcosystemRespiration","FLUXCOM","CRUJRAv15_accum","Spatial Distribution Score","MeanState","global","score","1","0.925133","16.0"
"EcosystemandCarbonCycle","EcosystemRespiration","FLUXCOM","CRUJRAv15_accum","Phase Shift","MeanState","global","scalar","months","0.869919","16.0"
"EcosystemandCarbonCycle","EcosystemRespiration","FLUXCOM","CRUJRAv15_accum","Seasonal Cycle Score","MeanState","global","score","1","0.854641","16.0"
"EcosystemandCarbonCycle","EcosystemRespiration","FLUXCOM","CRUJRAv15_accum","Bias","MeanState","global","scalar","g m-2 d-1","1.02023","16.0"
"EcosystemandCarbonCycle","EcosystemRespiration","FLUXCOM","CRUJRAv15_accum","Bias Score","MeanState","global","score","1","0.326144","16.0"
"EcosystemandCarbonCycle","EcosystemRespiration","FLUXCOM","CRUJRAv15_accum","RMSE","MeanState","global","scalar","g m-2 d-1","1.67264","16.0"
"EcosystemandCarbonCycle","EcosystemRespiration","FLUXCOM","CRUJRAv15_accum","RMSE Score","MeanState","global","score","1","0.351946","16.0"
"EcosystemandCarbonCycle","EcosystemRespiration","FLUXCOM","CRUJRAv15_accum","Overall Score","MeanState","global","score","1","0.561962","16.0"
"EcosystemandCarbonCycle","EcosystemRespiration","FLUXNET2015","CRUTS410_accum","Period Mean (original grids)","MeanState","global","scalar","g m-2 d-1","3.49442","24.0"
"EcosystemandCarbonCycle","EcosystemRespiration","FLUXNET2015","CRUTS410_accum","Bias","MeanState","global","scalar","g m-2 d-1","0.800411","24.0"
"EcosystemandCarbonCycle","EcosystemRespiration","FLUXNET2015","CRUTS410_accum","Bias Score","MeanState","global","score","1","0.502325","24.0"
"EcosystemandCarbonCycle","EcosystemRespiration","FLUXNET2015","CRUTS410_accum","Phase Shift","MeanState","global","scalar","months","0.968729","24.0"
"EcosystemandCarbonCycle","EcosystemRespiration","FLUXNET2015","CRUTS410_accum","Seasonal Cycle Score","MeanState","global","score","1","0.876736","24.0"
"EcosystemandCarbonCycle","EcosystemRespiration","FLUXNET2015","CRUTS410_accum","RMSE","MeanState","global","scalar","g m-2 d-1","2.17175","24.0"
"EcosystemandCarbonCycle","EcosystemRespiration","FLUXNET2015","CRUTS410_accum","RMSE Score","MeanState","global","score","1","0.419824","24.0"
"EcosystemandCarbonCycle","EcosystemRespiration","FLUXNET2015","CRUTS410_accum","Overall Score","MeanState","global","score","1","0.554677","24.0"
"EcosystemandCarbonCycle","EcosystemRespiration","FLUXNET2015","CRUJRAv15_accum","Period Mean (original grids)","MeanState","global","scalar","g m-2 d-1","3.39105","24.0"
"EcosystemandCarbonCycle","EcosystemRespiration","FLUXNET2015","CRUJRAv15_accum","Bias","MeanState","global","scalar","g m-2 d-1","0.697044","24.0"
"EcosystemandCarbonCycle","EcosystemRespiration","FLUXNET2015","CRUJRAv15_accum","Bias Score","MeanState","global","score","1","0.5255","24.0"
"EcosystemandCarbonCycle","EcosystemRespiration","FLUXNET2015","CRUJRAv15_accum","Phase Shift","MeanState","global","scalar","months","0.937211","24.0"
"EcosystemandCarbonCycle","EcosystemRespiration","FLUXNET2015","CRUJRAv15_accum","Seasonal Cycle Score","MeanState","global","score","1","0.877679","24.0"
"EcosystemandCarbonCycle","EcosystemRespiration","FLUXNET2015","CRUJRAv15_accum","RMSE","MeanState","global","scalar","g m-2 d-1","2.08563","24.0"
"EcosystemandCarbonCycle","EcosystemRespiration","FLUXNET2015","CRUJRAv15_accum","RMSE Score","MeanState","global","score","1","0.415021","24.0"
"EcosystemandCarbonCycle","EcosystemRespiration","FLUXNET2015","CRUJRAv15_accum","Overall Score","MeanState","global","score","1","0.558305","24.0"
"EcosystemandCarbonCycle","EcosystemRespiration","FLUXNET2015","TRENDYv14","Period Mean (original grids)","MeanState","global","scalar","g m-2 d-1","3.53257","24.0"
"EcosystemandCarbonCycle","EcosystemRespiration","FLUXNET2015","TRENDYv14","Bias","MeanState","global","scalar","g m-2 d-1","0.838564","24.0"
"EcosystemandCarbonCycle","EcosystemRespiration","FLUXNET2015","TRENDYv14","Bias Score","MeanState","global","score","1","0.503189","24.0"
"EcosystemandCarbonCycle","EcosystemRespiration","FLUXNET2015","TRENDYv14","Phase Shift","MeanState","global","scalar","months","0.958828","24.0"
"EcosystemandCarbonCycle","EcosystemRespiration","FLUXNET2015","TRENDYv14","Seasonal Cycle Score","MeanState","global","score","1","0.873595","24.0"
"EcosystemandCarbonCycle","EcosystemRespiration","FLUXNET2015","TRENDYv14","RMSE","MeanState","global","scalar","g m-2 d-1","2.07476","24.0"
"EcosystemandCarbonCycle","EcosystemRespiration","FLUXNET2015","TRENDYv14","RMSE Score","MeanState","global","score","1","0.433068","24.0"
"EcosystemandCarbonCycle","EcosystemRespiration","FLUXNET2015","TRENDYv14","Overall Score","MeanState","global","score","1","0.56073","24.0"
"EcosystemandCarbonCycle","EcosystemRespiration","FLUXNET2015","TRENDYv13","Period Mean (original grids)","MeanState","global","scalar","g m-2 d-1","3.50816","24.0"
"EcosystemandCarbonCycle","EcosystemRespiration","FLUXNET2015","TRENDYv13","Bias","MeanState","global","scalar","g m-2 d-1","0.814156","24.0"
"EcosystemandCarbonCycle","EcosystemRespiration","FLUXNET2015","TRENDYv13","Bias Score","MeanState","global","score","1","0.498927","24.0"
"EcosystemandCarbonCycle","EcosystemRespiration","FLUXNET2015","TRENDYv13","Phase Shift","MeanState","global","scalar","months","0.963861","24.0"
"EcosystemandCarbonCycle","EcosystemRespiration","FLUXNET2015","TRENDYv13","Seasonal Cycle Score","MeanState","global","score","1","0.876239","24.0"
"EcosystemandCarbonCycle","EcosystemRespiration","FLUXNET2015","TRENDYv13","RMSE","MeanState","global","scalar","g m-2 d-1","2.17497","24.0"
"EcosystemandCarbonCycle","EcosystemRespiration","FLUXNET2015","TRENDYv13","RMSE Score","MeanState","global","score","1","0.419148","24.0"
"EcosystemandCarbonCycle","EcosystemRespiration","FLUXNET2015","TRENDYv13","Overall Score","MeanState","global","score","1","0.553365","24.0"
"EcosystemandCarbonCycle","GlobalNetEcosystemCarbonBalance","GCP","TRENDYv13","nbp(2016)","MeanState","nbp(2016)","scalar","Pg","-2.75444","100.0"
"EcosystemandCarbonCycle","GlobalNetEcosystemCarbonBalance","GCP","TRENDYv13","diff(2016)","MeanState","diff(2016)","scalar","Pg","41.8108","100.0"
"EcosystemandCarbonCycle","GlobalNetEcosystemCarbonBalance","GCP","TRENDYv13","Difference Score","MeanState","global","score","1","0.329202","100.0"
"EcosystemandCarbonCycle","GlobalNetEcosystemCarbonBalance","GCP","TRENDYv13","Trajectory Score","MeanState","global","score","1","0.721432","100.0"
"EcosystemandCarbonCycle","GlobalNetEcosystemCarbonBalance","GCP","TRENDYv13","Temporal Distribution Score","MeanState","global","score","1","0.764152","100.0"
"EcosystemandCarbonCycle","GlobalNetEcosystemCarbonBalance","GCP","TRENDYv13","Overall Score","MeanState","global","score","1","0.604929","100.0"
"EcosystemandCarbonCycle","GlobalNetEcosystemCarbonBalance","GCP","CRUTS410_accum","nbp(2016)","MeanState","nbp(2016)","scalar","Pg","0.374889","100.0"
"EcosystemandCarbonCycle","GlobalNetEcosystemCarbonBalance","GCP","CRUTS410_accum","diff(2016)","MeanState","diff(2016)","scalar","Pg","44.9401","100.0"
"EcosystemandCarbonCycle","GlobalNetEcosystemCarbonBalance","GCP","CRUTS410_accum","Difference Score","MeanState","global","score","1","0.302934","100.0"
"EcosystemandCarbonCycle","GlobalNetEcosystemCarbonBalance","GCP","CRUTS410_accum","Trajectory Score","MeanState","global","score","1","0.810632","100.0"
"EcosystemandCarbonCycle","GlobalNetEcosystemCarbonBalance","GCP","CRUTS410_accum","Temporal Distribution Score","MeanState","global","score","1","0.809126","100.0"
"EcosystemandCarbonCycle","GlobalNetEcosystemCarbonBalance","GCP","CRUTS410_accum","Overall Score","MeanState","global","score","1","0.640897","100.0"
"EcosystemandCarbonCycle","GlobalNetEcosystemCarbonBalance","GCP","CRUJRAv15_accum","nbp(2016)","MeanState","nbp(2016)","scalar","Pg","-26.1293","100.0"
"EcosystemandCarbonCycle","GlobalNetEcosystemCarbonBalance","GCP","CRUJRAv15_accum","diff(2016)","MeanState","diff(2016)","scalar","Pg","18.4359","100.0"
"EcosystemandCarbonCycle","GlobalNetEcosystemCarbonBalance","GCP","CRUJRAv15_accum","Difference Score","MeanState","global","score","1","0.612677","100.0"
"EcosystemandCarbonCycle","GlobalNetEcosystemCarbonBalance","GCP","CRUJRAv15_accum","Trajectory Score","MeanState","global","score","1","0.871743","100.0"
"EcosystemandCarbonCycle","GlobalNetEcosystemCarbonBalance","GCP","CRUJRAv15_accum","Temporal Distribution Score","MeanState","global","score","1","0.733561","100.0"
"EcosystemandCarbonCycle","GlobalNetEcosystemCarbonBalance","GCP","CRUJRAv15_accum","Overall Score","MeanState","global","score","1","0.739327","100.0"
"EcosystemandCarbonCycle","GlobalNetEcosystemCarbonBalance","GCP","TRENDYv14","nbp(2016)","MeanState","nbp(2016)","scalar","Pg","-29.7463","100.0"
"EcosystemandCarbonCycle","GlobalNetEcosystemCarbonBalance","GCP","TRENDYv14","diff(2016)","MeanState","diff(2016)","scalar","Pg","14.8189","100.0"
"EcosystemandCarbonCycle","GlobalNetEcosystemCarbonBalance","GCP","TRENDYv14","Difference Score","MeanState","global","score","1","0.67449","100.0"
"EcosystemandCarbonCycle","GlobalNetEcosystemCarbonBalance","GCP","TRENDYv14","Trajectory Score","MeanState","global","score","1","0.918107","100.0"
"EcosystemandCarbonCycle","GlobalNetEcosystemCarbonBalance","GCP","TRENDYv14","Temporal Distribution Score","MeanState","global","score","1","0.769569","100.0"
"EcosystemandCarbonCycle","GlobalNetEcosystemCarbonBalance","GCP","TRENDYv14","Overall Score","MeanState","global","score","1","0.787389","100.0"
"EcosystemandCarbonCycle","GlobalNetEcosystemCarbonBalance","Hoffman","TRENDYv13","nbp(2011)","MeanState","nbp(2011)","scalar","Pg","72.9208","100.0"
"EcosystemandCarbonCycle","GlobalNetEcosystemCarbonBalance","Hoffman","TRENDYv13","diff(2011)","MeanState","diff(2011)","scalar","Pg","64.876","100.0"
"EcosystemandCarbonCycle","GlobalNetEcosystemCarbonBalance","Hoffman","TRENDYv13","Difference Score","MeanState","global","score","1","0.643924","100.0"
"EcosystemandCarbonCycle","GlobalNetEcosystemCarbonBalance","Hoffman","TRENDYv13","Trajectory Score","MeanState","global","score","1","0.349778","100.0"
"EcosystemandCarbonCycle","GlobalNetEcosystemCarbonBalance","Hoffman","TRENDYv13","Overall Score","MeanState","global","score","1","0.496851","100.0"
"EcosystemandCarbonCycle","GlobalNetEcosystemCarbonBalance","Hoffman","CRUTS410_accum","nbp(2011)","MeanState","nbp(2011)","scalar","Pg","67.2484","100.0"
"EcosystemandCarbonCycle","GlobalNetEcosystemCarbonBalance","Hoffman","CRUTS410_accum","diff(2011)","MeanState","diff(2011)","scalar","Pg","59.2037","100.0"
"EcosystemandCarbonCycle","GlobalNetEcosystemCarbonBalance","Hoffman","CRUTS410_accum","Difference Score","MeanState","global","score","1","0.669189","100.0"
"EcosystemandCarbonCycle","GlobalNetEcosystemCarbonBalance","Hoffman","CRUTS410_accum","Trajectory Score","MeanState","global","score","1","0.346934","100.0"
"EcosystemandCarbonCycle","GlobalNetEcosystemCarbonBalance","Hoffman","CRUTS410_accum","Overall Score","MeanState","global","score","1","0.508061","100.0"
"EcosystemandCarbonCycle","GlobalNetEcosystemCarbonBalance","Hoffman","CRUJRAv15_accum","nbp(2011)","MeanState","nbp(2011)","scalar","Pg","16.2912","100.0"
"EcosystemandCarbonCycle","GlobalNetEcosystemCarbonBalance","Hoffman","CRUJRAv15_accum","diff(2011)","MeanState","diff(2011)","scalar","Pg","8.24642","100.0"
"EcosystemandCarbonCycle","GlobalNetEcosystemCarbonBalance","Hoffman","CRUJRAv15_accum","Difference Score","MeanState","global","score","1","0.945586","100.0"
"EcosystemandCarbonCycle","GlobalNetEcosystemCarbonBalance","Hoffman","CRUJRAv15_accum","Trajectory Score","MeanState","global","score","1","0.418324","100.0"
"EcosystemandCarbonCycle","GlobalNetEcosystemCarbonBalance","Hoffman","CRUJRAv15_accum","Overall Score","MeanState","global","score","1","0.681955","100.0"
"EcosystemandCarbonCycle","GlobalNetEcosystemCarbonBalance","Hoffman","TRENDYv14","nbp(2011)","MeanState","nbp(2011)","scalar","Pg","23.049","100.0"
"EcosystemandCarbonCycle","GlobalNetEcosystemCarbonBalance","Hoffman","TRENDYv14","diff(2011)","MeanState","diff(2011)","scalar","Pg","15.0042","100.0"
"EcosystemandCarbonCycle","GlobalNetEcosystemCarbonBalance","Hoffman","TRENDYv14","Difference Score","MeanState","global","score","1","0.903209","100.0"
"EcosystemandCarbonCycle","GlobalNetEcosystemCarbonBalance","Hoffman","TRENDYv14","Trajectory Score","MeanState","global","score","1","0.469784","100.0"
"EcosystemandCarbonCycle","GlobalNetEcosystemCarbonBalance","Hoffman","TRENDYv14","Overall Score","MeanState","global","score","1","0.686496","100.0"
"EcosystemandCarbonCycle","LeafAreaIndex","AVH15C1","TRENDYv13","Benchmark Period Mean (intersection)","MeanState","global","scalar","1","1.2191","45.0"
"EcosystemandCarbonCycle","LeafAreaIndex","AVH15C1","TRENDYv13","Benchmark Period Mean (complement)","MeanState","global","scalar","1","1.41296","45.0"
"EcosystemandCarbonCycle","LeafAreaIndex","AVH15C1","TRENDYv13","Period Mean (original grids)","MeanState","global","scalar","1","3.07042","45.0"
"EcosystemandCarbonCycle","LeafAreaIndex","AVH15C1","TRENDYv13","Model Period Mean (intersection)","MeanState","global","scalar","1","3.07187","45.0"
"EcosystemandCarbonCycle","LeafAreaIndex","AVH15C1","TRENDYv13","Model Period Mean (complement)","MeanState","global","scalar","1","0.42855","45.0"
"EcosystemandCarbonCycle","LeafAreaIndex","AVH15C1","TRENDYv13","Spatial Distribution Score","MeanState","global","score","1","0.417019","45.0"
"EcosystemandCarbonCycle","LeafAreaIndex","AVH15C1","TRENDYv13","Phase Shift","MeanState","global","scalar","months","1.80562","45.0"
"EcosystemandCarbonCycle","LeafAreaIndex","AVH15C1","TRENDYv13","Seasonal Cycle Score","MeanState","global","score","1","0.704381","45.0"
"EcosystemandCarbonCycle","LeafAreaIndex","AVH15C1","TRENDYv13","Bias","MeanState","global","scalar","1","1.85277","45.0"
"EcosystemandCarbonCycle","LeafAreaIndex","AVH15C1","TRENDYv13","Bias Score","MeanState","global","score","1","0.124436","45.0"
"EcosystemandCarbonCycle","LeafAreaIndex","AVH15C1","TRENDYv13","RMSE","MeanState","global","scalar","1","2.27009","45.0"
"EcosystemandCarbonCycle","LeafAreaIndex","AVH15C1","TRENDYv13","RMSE Score","MeanState","global","score","1","0.488175","45.0"
"EcosystemandCarbonCycle","LeafAreaIndex","AVH15C1","TRENDYv13","Overall Score","MeanState","global","score","1","0.444437","45.0"
"EcosystemandCarbonCycle","LeafAreaIndex","AVH15C1","TRENDYv13","Precipitation|GPCPv2.3 Hellinger Distance","Relationships","global","scalar","1","0.53882","45.0"
"EcosystemandCarbonCycle","LeafAreaIndex","AVH15C1","TRENDYv13","Precipitation|GPCPv2.3 Score","Relationships","global","score","1","0.268982","45.0"
"EcosystemandCarbonCycle","LeafAreaIndex","AVH15C1","TRENDYv13","Overall Score","Relationships","global","score","1","0.268982","45.0"
"EcosystemandCarbonCycle","LeafAreaIndex","AVH15C1","TRENDYv14","Benchmark Period Mean (intersection)","MeanState","global","scalar","1","1.2191","45.0"
"EcosystemandCarbonCycle","LeafAreaIndex","AVH15C1","TRENDYv14","Benchmark Period Mean (complement)","MeanState","global","scalar","1","1.41296","45.0"
"EcosystemandCarbonCycle","LeafAreaIndex","AVH15C1","TRENDYv14","Period Mean (original grids)","MeanState","global","scalar","1","3.3732","45.0"
"EcosystemandCarbonCycle","LeafAreaIndex","AVH15C1","TRENDYv14","Model Period Mean (intersection)","MeanState","global","scalar","1","3.37476","45.0"
"EcosystemandCarbonCycle","LeafAreaIndex","AVH15C1","TRENDYv14","Model Period Mean (complement)","MeanState","global","scalar","1","0.529554","45.0"
"EcosystemandCarbonCycle","LeafAreaIndex","AVH15C1","TRENDYv14","Spatial Distribution Score","MeanState","global","score","1","0.375976","45.0"
"EcosystemandCarbonCycle","LeafAreaIndex","AVH15C1","TRENDYv14","Phase Shift","MeanState","global","scalar","months","1.78362","45.0"
"EcosystemandCarbonCycle","LeafAreaIndex","AVH15C1","TRENDYv14","Seasonal Cycle Score","MeanState","global","score","1","0.708554","45.0"
"EcosystemandCarbonCycle","LeafAreaIndex","AVH15C1","TRENDYv14","Bias","MeanState","global","scalar","1","2.15566","45.0"
"EcosystemandCarbonCycle","LeafAreaIndex","AVH15C1","TRENDYv14","Bias Score","MeanState","global","score","1","0.110086","45.0"
"EcosystemandCarbonCycle","LeafAreaIndex","AVH15C1","TRENDYv14","RMSE","MeanState","global","scalar","1","2.53498","45.0"
"EcosystemandCarbonCycle","LeafAreaIndex","AVH15C1","TRENDYv14","RMSE Score","MeanState","global","score","1","0.477616","45.0"
"EcosystemandCarbonCycle","LeafAreaIndex","AVH15C1","TRENDYv14","Overall Score","MeanState","global","score","1","0.42997","45.0"
"EcosystemandCarbonCycle","LeafAreaIndex","AVH15C1","TRENDYv14","Precipitation|GPCPv2.3 Hellinger Distance","Relationships","global","scalar","1","0.520813","45.0"
"EcosystemandCarbonCycle","LeafAreaIndex","AVH15C1","TRENDYv14","Precipitation|GPCPv2.3 Score","Relationships","global","score","1","0.216348","45.0"
"EcosystemandCarbonCycle","LeafAreaIndex","AVH15C1","TRENDYv14","Overall Score","Relationships","global","score","1","0.216348","45.0"
"EcosystemandCarbonCycle","LeafAreaIndex","AVH15C1","CRUTS410_accum","Benchmark Period Mean (intersection)","MeanState","global","scalar","1","1.2191","45.0"
"EcosystemandCarbonCycle","LeafAreaIndex","AVH15C1","CRUTS410_accum","Benchmark Period Mean (complement)","MeanState","global","scalar","1","1.41296","45.0"
"EcosystemandCarbonCycle","LeafAreaIndex","AVH15C1","CRUTS410_accum","Period Mean (original grids)","MeanState","global","scalar","1","1.91799","45.0"
"EcosystemandCarbonCycle","LeafAreaIndex","AVH15C1","CRUTS410_accum","Model Period Mean (intersection)","MeanState","global","scalar","1","1.91881","45.0"
"EcosystemandCarbonCycle","LeafAreaIndex","AVH15C1","CRUTS410_accum","Model Period Mean (complement)","MeanState","global","scalar","1","0.419165","45.0"
"EcosystemandCarbonCycle","LeafAreaIndex","AVH15C1","CRUTS410_accum","Spatial Distribution Score","MeanState","global","score","1","0.833835","45.0"
"EcosystemandCarbonCycle","LeafAreaIndex","AVH15C1","CRUTS410_accum","Phase Shift","MeanState","global","scalar","months","1.74651","45.0"
"EcosystemandCarbonCycle","LeafAreaIndex","AVH15C1","CRUTS410_accum","Seasonal Cycle Score","MeanState","global","score","1","0.720115","45.0"
"EcosystemandCarbonCycle","LeafAreaIndex","AVH15C1","CRUTS410_accum","Bias","MeanState","global","scalar","1","0.699711","45.0"
"EcosystemandCarbonCycle","LeafAreaIndex","AVH15C1","CRUTS410_accum","Bias Score","MeanState","global","score","1","0.285533","45.0"
"EcosystemandCarbonCycle","LeafAreaIndex","AVH15C1","CRUTS410_accum","RMSE","MeanState","global","scalar","1","1.0318","45.0"
"EcosystemandCarbonCycle","LeafAreaIndex","AVH15C1","CRUTS410_accum","RMSE Score","MeanState","global","score","1","0.557628","45.0"
"EcosystemandCarbonCycle","LeafAreaIndex","AVH15C1","CRUTS410_accum","Overall Score","MeanState","global","score","1","0.590948","45.0"
"EcosystemandCarbonCycle","LeafAreaIndex","AVH15C1","CRUTS410_accum","Precipitation|GPCPv2.3 Hellinger Distance","Relationships","global","scalar","1","0.59138","45.0"
"EcosystemandCarbonCycle","LeafAreaIndex","AVH15C1","CRUTS410_accum","Precipitation|GPCPv2.3 Score","Relationships","global","score","1","0.654057","45.0"
"EcosystemandCarbonCycle","LeafAreaIndex","AVH15C1","CRUTS410_accum","Overall Score","Relationships","global","score","1","0.654057","45.0"
"EcosystemandCarbonCycle","LeafAreaIndex","AVH15C1","CRUJRAv15_accum","Benchmark Period Mean (intersection)","MeanState","global","scalar","1","1.2191","45.0"
"EcosystemandCarbonCycle","LeafAreaIndex","AVH15C1","CRUJRAv15_accum","Benchmark Period Mean (complement)","MeanState","global","scalar","1","1.41296","45.0"
"EcosystemandCarbonCycle","LeafAreaIndex","AVH15C1","CRUJRAv15_accum","Period Mean (original grids)","MeanState","global","scalar","1","2.04241","45.0"
"EcosystemandCarbonCycle","LeafAreaIndex","AVH15C1","CRUJRAv15_accum","Model Period Mean (intersection)","MeanState","global","scalar","1","2.04333","45.0"
"EcosystemandCarbonCycle","LeafAreaIndex","AVH15C1","CRUJRAv15_accum","Model Period Mean (complement)","MeanState","global","scalar","1","0.370665","45.0"
"EcosystemandCarbonCycle","LeafAreaIndex","AVH15C1","CRUJRAv15_accum","Spatial Distribution Score","MeanState","global","score","1","0.784153","45.0"
"EcosystemandCarbonCycle","LeafAreaIndex","AVH15C1","CRUJRAv15_accum","Phase Shift","MeanState","global","scalar","months","1.64148","45.0"
"EcosystemandCarbonCycle","LeafAreaIndex","AVH15C1","CRUJRAv15_accum","Seasonal Cycle Score","MeanState","global","score","1","0.726209","45.0"
"EcosystemandCarbonCycle","LeafAreaIndex","AVH15C1","CRUJRAv15_accum","Bias","MeanState","global","scalar","1","0.824227","45.0"
"EcosystemandCarbonCycle","LeafAreaIndex","AVH15C1","CRUJRAv15_accum","Bias Score","MeanState","global","score","1","0.243295","45.0"
"EcosystemandCarbonCycle","LeafAreaIndex","AVH15C1","CRUJRAv15_accum","RMSE","MeanState","global","scalar","1","1.11836","45.0"
"EcosystemandCarbonCycle","LeafAreaIndex","AVH15C1","CRUJRAv15_accum","RMSE Score","MeanState","global","score","1","0.554294","45.0"
"EcosystemandCarbonCycle","LeafAreaIndex","AVH15C1","CRUJRAv15_accum","Overall Score","MeanState","global","score","1","0.572449","45.0"
"EcosystemandCarbonCycle","LeafAreaIndex","AVH15C1","CRUJRAv15_accum","Precipitation|GPCPv2.3 Hellinger Distance","Relationships","global","scalar","1","0.581423","45.0"
"EcosystemandCarbonCycle","LeafAreaIndex","AVH15C1","CRUJRAv15_accum","Precipitation|GPCPv2.3 Score","Relationships","global","score","1","0.587842","45.0"
"EcosystemandCarbonCycle","LeafAreaIndex","AVH15C1","CRUJRAv15_accum","Overall Score","Relationships","global","score","1","0.587842","45.0"
"EcosystemandCarbonCycle","LeafAreaIndex","MODIS","TRENDYv14","Benchmark Period Mean (intersection)","MeanState","global","scalar","1","1.35735","45.0"
"EcosystemandCarbonCycle","LeafAreaIndex","MODIS","TRENDYv14","Benchmark Period Mean (complement)","MeanState","global","scalar","1","nan","45.0"
"EcosystemandCarbonCycle","LeafAreaIndex","MODIS","TRENDYv14","Period Mean (original grids)","MeanState","global","scalar","1","3.35084","45.0"
"EcosystemandCarbonCycle","LeafAreaIndex","MODIS","TRENDYv14","Model Period Mean (intersection)","MeanState","global","scalar","1","3.35084","45.0"
"EcosystemandCarbonCycle","LeafAreaIndex","MODIS","TRENDYv14","Model Period Mean (complement)","MeanState","global","scalar","1","nan","45.0"
"EcosystemandCarbonCycle","LeafAreaIndex","MODIS","TRENDYv14","Spatial Distribution Score","MeanState","global","score","1","0.385743","45.0"
"EcosystemandCarbonCycle","LeafAreaIndex","MODIS","TRENDYv14","Phase Shift","MeanState","global","scalar","months","1.86677","45.0"
"EcosystemandCarbonCycle","LeafAreaIndex","MODIS","TRENDYv14","Seasonal Cycle Score","MeanState","global","score","1","0.609622","45.0"
"EcosystemandCarbonCycle","LeafAreaIndex","MODIS","TRENDYv14","Bias","MeanState","global","scalar","1","1.99349","45.0"
"EcosystemandCarbonCycle","LeafAreaIndex","MODIS","TRENDYv14","Bias Score","MeanState","global","score","1","0.132907","45.0"
"EcosystemandCarbonCycle","LeafAreaIndex","MODIS","TRENDYv14","RMSE","MeanState","global","scalar","1","2.42813","45.0"
"EcosystemandCarbonCycle","LeafAreaIndex","MODIS","TRENDYv14","RMSE Score","MeanState","global","score","1","0.293579","45.0"
"EcosystemandCarbonCycle","LeafAreaIndex","MODIS","TRENDYv14","Overall Score","MeanState","global","score","1","0.343086","45.0"
"EcosystemandCarbonCycle","LeafAreaIndex","MODIS","TRENDYv14","Precipitation|GPCPv2.3 Hellinger Distance","Relationships","global","scalar","1","0.63441","45.0"
"EcosystemandCarbonCycle","LeafAreaIndex","MODIS","TRENDYv14","Precipitation|GPCPv2.3 Score","Relationships","global","score","1","0.249132","45.0"
"EcosystemandCarbonCycle","LeafAreaIndex","MODIS","TRENDYv14","Overall Score","Relationships","global","score","1","0.249132","45.0"
"EcosystemandCarbonCycle","LeafAreaIndex","MODIS","CRUJRAv15_accum","Benchmark Period Mean (intersection)","MeanState","global","scalar","1","1.35735","45.0"
"EcosystemandCarbonCycle","LeafAreaIndex","MODIS","CRUJRAv15_accum","Benchmark Period Mean (complement)","MeanState","global","scalar","1","nan","45.0"
"EcosystemandCarbonCycle","LeafAreaIndex","MODIS","CRUJRAv15_accum","Period Mean (original grids)","MeanState","global","scalar","1","2.05813","45.0"
"EcosystemandCarbonCycle","LeafAreaIndex","MODIS","CRUJRAv15_accum","Model Period Mean (intersection)","MeanState","global","scalar","1","2.05813","45.0"
"EcosystemandCarbonCycle","LeafAreaIndex","MODIS","CRUJRAv15_accum","Model Period Mean (complement)","MeanState","global","scalar","1","nan","45.0"
"EcosystemandCarbonCycle","LeafAreaIndex","MODIS","CRUJRAv15_accum","Spatial Distribution Score","MeanState","global","score","1","0.799737","45.0"
"EcosystemandCarbonCycle","LeafAreaIndex","MODIS","CRUJRAv15_accum","Phase Shift","MeanState","global","scalar","months","1.74222","45.0"
"EcosystemandCarbonCycle","LeafAreaIndex","MODIS","CRUJRAv15_accum","Seasonal Cycle Score","MeanState","global","score","1","0.634421","45.0"
"EcosystemandCarbonCycle","LeafAreaIndex","MODIS","CRUJRAv15_accum","Bias","MeanState","global","scalar","1","0.700774","45.0"
"EcosystemandCarbonCycle","LeafAreaIndex","MODIS","CRUJRAv15_accum","Bias Score","MeanState","global","score","1","0.23354","45.0"
"EcosystemandCarbonCycle","LeafAreaIndex","MODIS","CRUJRAv15_accum","RMSE","MeanState","global","scalar","1","1.03078","45.0"
"EcosystemandCarbonCycle","LeafAreaIndex","MODIS","CRUJRAv15_accum","RMSE Score","MeanState","global","score","1","0.394612","45.0"
"EcosystemandCarbonCycle","LeafAreaIndex","MODIS","CRUJRAv15_accum","Overall Score","MeanState","global","score","1","0.491384","45.0"
"EcosystemandCarbonCycle","LeafAreaIndex","MODIS","CRUJRAv15_accum","Precipitation|GPCPv2.3 Hellinger Distance","Relationships","global","scalar","1","0.687917","45.0"
"EcosystemandCarbonCycle","LeafAreaIndex","MODIS","CRUJRAv15_accum","Precipitation|GPCPv2.3 Score","Relationships","global","score","1","0.620874","45.0"
"EcosystemandCarbonCycle","LeafAreaIndex","MODIS","CRUJRAv15_accum","Overall Score","Relationships","global","score","1","0.620874","45.0"
"EcosystemandCarbonCycle","LeafAreaIndex","MODIS","TRENDYv13","Benchmark Period Mean (intersection)","MeanState","global","scalar","1","1.35735","45.0"
"EcosystemandCarbonCycle","LeafAreaIndex","MODIS","TRENDYv13","Benchmark Period Mean (complement)","MeanState","global","scalar","1","nan","45.0"
"EcosystemandCarbonCycle","LeafAreaIndex","MODIS","TRENDYv13","Period Mean (original grids)","MeanState","global","scalar","1","3.05593","45.0"
"EcosystemandCarbonCycle","LeafAreaIndex","MODIS","TRENDYv13","Model Period Mean (intersection)","MeanState","global","scalar","1","3.05593","45.0"
"EcosystemandCarbonCycle","LeafAreaIndex","MODIS","TRENDYv13","Model Period Mean (complement)","MeanState","global","scalar","1","nan","45.0"
"EcosystemandCarbonCycle","LeafAreaIndex","MODIS","TRENDYv13","Spatial Distribution Score","MeanState","global","score","1","0.424442","45.0"
"EcosystemandCarbonCycle","LeafAreaIndex","MODIS","TRENDYv13","Phase Shift","MeanState","global","scalar","months","1.86709","45.0"
"EcosystemandCarbonCycle","LeafAreaIndex","MODIS","TRENDYv13","Seasonal Cycle Score","MeanState","global","score","1","0.609103","45.0"
"EcosystemandCarbonCycle","LeafAreaIndex","MODIS","TRENDYv13","Bias","MeanState","global","scalar","1","1.69858","45.0"
"EcosystemandCarbonCycle","LeafAreaIndex","MODIS","TRENDYv13","Bias Score","MeanState","global","score","1","0.139259","45.0"
"EcosystemandCarbonCycle","LeafAreaIndex","MODIS","TRENDYv13","RMSE","MeanState","global","scalar","1","2.18471","45.0"
"EcosystemandCarbonCycle","LeafAreaIndex","MODIS","TRENDYv13","RMSE Score","MeanState","global","score","1","0.302891","45.0"
"EcosystemandCarbonCycle","LeafAreaIndex","MODIS","TRENDYv13","Overall Score","MeanState","global","score","1","0.355717","45.0"
"EcosystemandCarbonCycle","LeafAreaIndex","MODIS","TRENDYv13","Precipitation|GPCPv2.3 Hellinger Distance","Relationships","global","scalar","1","0.644154","45.0"
"EcosystemandCarbonCycle","LeafAreaIndex","MODIS","TRENDYv13","Precipitation|GPCPv2.3 Score","Relationships","global","score","1","0.301645","45.0"
"EcosystemandCarbonCycle","LeafAreaIndex","MODIS","TRENDYv13","Overall Score","Relationships","global","score","1","0.301645","45.0"
"EcosystemandCarbonCycle","LeafAreaIndex","MODIS","CRUTS410_accum","Benchmark Period Mean (intersection)","MeanState","global","scalar","1","1.35735","45.0"
"EcosystemandCarbonCycle","LeafAreaIndex","MODIS","CRUTS410_accum","Benchmark Period Mean (complement)","MeanState","global","scalar","1","nan","45.0"
"EcosystemandCarbonCycle","LeafAreaIndex","MODIS","CRUTS410_accum","Period Mean (original grids)","MeanState","global","scalar","1","1.93457","45.0"
"EcosystemandCarbonCycle","LeafAreaIndex","MODIS","CRUTS410_accum","Model Period Mean (intersection)","MeanState","global","scalar","1","1.93457","45.0"
"EcosystemandCarbonCycle","LeafAreaIndex","MODIS","CRUTS410_accum","Model Period Mean (complement)","MeanState","global","scalar","1","nan","45.0"
"EcosystemandCarbonCycle","LeafAreaIndex","MODIS","CRUTS410_accum","Spatial Distribution Score","MeanState","global","score","1","0.850733","45.0"
"EcosystemandCarbonCycle","LeafAreaIndex","MODIS","CRUTS410_accum","Phase Shift","MeanState","global","scalar","months","1.85243","45.0"
"EcosystemandCarbonCycle","LeafAreaIndex","MODIS","CRUTS410_accum","Seasonal Cycle Score","MeanState","global","score","1","0.614595","45.0"
"EcosystemandCarbonCycle","LeafAreaIndex","MODIS","CRUTS410_accum","Bias","MeanState","global","scalar","1","0.577221","45.0"
"EcosystemandCarbonCycle","LeafAreaIndex","MODIS","CRUTS410_accum","Bias Score","MeanState","global","score","1","0.252852","45.0"
"EcosystemandCarbonCycle","LeafAreaIndex","MODIS","CRUTS410_accum","RMSE","MeanState","global","scalar","1","0.952404","45.0"
"EcosystemandCarbonCycle","LeafAreaIndex","MODIS","CRUTS410_accum","RMSE Score","MeanState","global","score","1","0.368229","45.0"
"EcosystemandCarbonCycle","LeafAreaIndex","MODIS","CRUTS410_accum","Overall Score","MeanState","global","score","1","0.490927","45.0"
"EcosystemandCarbonCycle","LeafAreaIndex","MODIS","CRUTS410_accum","Precipitation|GPCPv2.3 Hellinger Distance","Relationships","global","scalar","1","0.691985","45.0"
"EcosystemandCarbonCycle","LeafAreaIndex","MODIS","CRUTS410_accum","Precipitation|GPCPv2.3 Score","Relationships","global","score","1","0.69953","45.0"
"EcosystemandCarbonCycle","LeafAreaIndex","MODIS","CRUTS410_accum","Overall Score","Relationships","global","score","1","0.69953","45.0"
"EcosystemandCarbonCycle","CarbonDioxide","NOAA.Emulated","CRUJRAv15_accum","Amplitude Score","MeanState","global","score","1","0.663549","5.0"
"EcosystemandCarbonCycle","CarbonDioxide","NOAA.Emulated","CRUJRAv15_accum","Interannual Variability Score","MeanState","global","score","1","0.797604","5.0"
"EcosystemandCarbonCycle","CarbonDioxide","NOAA.Emulated","CRUJRAv15_accum","Max Phase Score","MeanState","global","score","1","0.455077","5.0"
"EcosystemandCarbonCycle","CarbonDioxide","NOAA.Emulated","CRUJRAv15_accum","Min Phase Score","MeanState","global","score","1","0.738896","5.0"
"EcosystemandCarbonCycle","CarbonDioxide","NOAA.Emulated","CRUJRAv15_accum","Overall Score","MeanState","global","score","1","0.663781","5.0"
"EcosystemandCarbonCycle","CarbonDioxide","NOAA.Emulated","TRENDYv13","Amplitude Score","MeanState","global","score","1","0.681143","5.0"
"EcosystemandCarbonCycle","CarbonDioxide","NOAA.Emulated","TRENDYv13","Interannual Variability Score","MeanState","global","score","1","0.757564","5.0"
"EcosystemandCarbonCycle","CarbonDioxide","NOAA.Emulated","TRENDYv13","Max Phase Score","MeanState","global","score","1","0.550924","5.0"
"EcosystemandCarbonCycle","CarbonDioxide","NOAA.Emulated","TRENDYv13","Min Phase Score","MeanState","global","score","1","0.887577","5.0"
"EcosystemandCarbonCycle","CarbonDioxide","NOAA.Emulated","TRENDYv13","Overall Score","MeanState","global","score","1","0.719302","5.0"
"EcosystemandCarbonCycle","CarbonDioxide","NOAA.Emulated","CRUTS410_accum","Amplitude Score","MeanState","global","score","1","0.677459","5.0"
"EcosystemandCarbonCycle","CarbonDioxide","NOAA.Emulated","CRUTS410_accum","Interannual Variability Score","MeanState","global","score","1","0.760896","5.0"
"EcosystemandCarbonCycle","CarbonDioxide","NOAA.Emulated","CRUTS410_accum","Max Phase Score","MeanState","global","score","1","0.550313","5.0"
"EcosystemandCarbonCycle","CarbonDioxide","NOAA.Emulated","CRUTS410_accum","Min Phase Score","MeanState","global","score","1","0.891474","5.0"
"EcosystemandCarbonCycle","CarbonDioxide","NOAA.Emulated","CRUTS410_accum","Overall Score","MeanState","global","score","1","0.720035","5.0"
"EcosystemandCarbonCycle","CarbonDioxide","NOAA.Emulated","TRENDYv14","Amplitude Score","MeanState","global","score","1","0.787138","5.0"
"EcosystemandCarbonCycle","CarbonDioxide","NOAA.Emulated","TRENDYv14","Interannual Variability Score","MeanState","global","score","1","0.736276","5.0"
"EcosystemandCarbonCycle","CarbonDioxide","NOAA.Emulated","TRENDYv14","Max Phase Score","MeanState","global","score","1","0.769213","5.0"
"EcosystemandCarbonCycle","CarbonDioxide","NOAA.Emulated","TRENDYv14","Min Phase Score","MeanState","global","score","1","0.918243","5.0"
"EcosystemandCarbonCycle","CarbonDioxide","NOAA.Emulated","TRENDYv14","Overall Score","MeanState","global","score","1","0.802718","5.0"
"EcosystemandCarbonCycle","GrossPrimaryProductivity","FLUXNET2015","CRUTS410_accum","Period Mean (original grids)","MeanState","global","scalar","g m-2 d-1","3.54197","45.0"
"EcosystemandCarbonCycle","GrossPrimaryProductivity","FLUXNET2015","CRUTS410_accum","Bias","MeanState","global","scalar","g m-2 d-1","0.188454","45.0"
"EcosystemandCarbonCycle","GrossPrimaryProductivity","FLUXNET2015","CRUTS410_accum","Bias Score","MeanState","global","score","1","0.652496","45.0"
"EcosystemandCarbonCycle","GrossPrimaryProductivity","FLUXNET2015","CRUTS410_accum","Phase Shift","MeanState","global","scalar","months","1.15149","45.0"
"EcosystemandCarbonCycle","GrossPrimaryProductivity","FLUXNET2015","CRUTS410_accum","Seasonal Cycle Score","MeanState","global","score","1","0.869687","45.0"
"EcosystemandCarbonCycle","GrossPrimaryProductivity","FLUXNET2015","CRUTS410_accum","RMSE","MeanState","global","scalar","g m-2 d-1","2.71158","45.0"
"EcosystemandCarbonCycle","GrossPrimaryProductivity","FLUXNET2015","CRUTS410_accum","RMSE Score","MeanState","global","score","1","0.430443","45.0"
"EcosystemandCarbonCycle","GrossPrimaryProductivity","FLUXNET2015","CRUTS410_accum","Overall Score","MeanState","global","score","1","0.595767","45.0"
"EcosystemandCarbonCycle","GrossPrimaryProductivity","FLUXNET2015","CRUJRAv15_accum","Period Mean (original grids)","MeanState","global","scalar","g m-2 d-1","3.45755","45.0"
"EcosystemandCarbonCycle","GrossPrimaryProductivity","FLUXNET2015","CRUJRAv15_accum","Bias","MeanState","global","scalar","g m-2 d-1","0.104027","45.0"
"EcosystemandCarbonCycle","GrossPrimaryProductivity","FLUXNET2015","CRUJRAv15_accum","Bias Score","MeanState","global","score","1","0.642725","45.0"
"EcosystemandCarbonCycle","GrossPrimaryProductivity","FLUXNET2015","CRUJRAv15_accum","Phase Shift","MeanState","global","scalar","months","1.27228","45.0"
"EcosystemandCarbonCycle","GrossPrimaryProductivity","FLUXNET2015","CRUJRAv15_accum","Seasonal Cycle Score","MeanState","global","score","1","0.846913","45.0"
"EcosystemandCarbonCycle","GrossPrimaryProductivity","FLUXNET2015","CRUJRAv15_accum","RMSE","MeanState","global","scalar","g m-2 d-1","2.73937","45.0"
"EcosystemandCarbonCycle","GrossPrimaryProductivity","FLUXNET2015","CRUJRAv15_accum","RMSE Score","MeanState","global","score","1","0.418009","45.0"
"EcosystemandCarbonCycle","GrossPrimaryProductivity","FLUXNET2015","CRUJRAv15_accum","Overall Score","MeanState","global","score","1","0.581414","45.0"
"EcosystemandCarbonCycle","GrossPrimaryProductivity","FLUXNET2015","TRENDYv13","Period Mean (original grids)","MeanState","global","scalar","g m-2 d-1","3.56249","45.0"
"EcosystemandCarbonCycle","GrossPrimaryProductivity","FLUXNET2015","TRENDYv13","Bias","MeanState","global","scalar","g m-2 d-1","0.208974","45.0"
"EcosystemandCarbonCycle","GrossPrimaryProductivity","FLUXNET2015","TRENDYv13","Bias Score","MeanState","global","score","1","0.651718","45.0"
"EcosystemandCarbonCycle","GrossPrimaryProductivity","FLUXNET2015","TRENDYv13","Phase Shift","MeanState","global","scalar","months","1.16601","45.0"
"EcosystemandCarbonCycle","GrossPrimaryProductivity","FLUXNET2015","TRENDYv13","Seasonal Cycle Score","MeanState","global","score","1","0.877049","45.0"
"EcosystemandCarbonCycle","GrossPrimaryProductivity","FLUXNET2015","TRENDYv13","RMSE","MeanState","global","scalar","g m-2 d-1","2.72041","45.0"
"EcosystemandCarbonCycle","GrossPrimaryProductivity","FLUXNET2015","TRENDYv13","RMSE Score","MeanState","global","score","1","0.428339","45.0"
"EcosystemandCarbonCycle","GrossPrimaryProductivity","FLUXNET2015","TRENDYv13","Overall Score","MeanState","global","score","1","0.596361","45.0"
"EcosystemandCarbonCycle","GrossPrimaryProductivity","FLUXNET2015","TRENDYv14","Period Mean (original grids)","MeanState","global","scalar","g m-2 d-1","3.60813","45.0"
"EcosystemandCarbonCycle","GrossPrimaryProductivity","FLUXNET2015","TRENDYv14","Bias","MeanState","global","scalar","g m-2 d-1","0.254608","45.0"
"EcosystemandCarbonCycle","GrossPrimaryProductivity","FLUXNET2015","TRENDYv14","Bias Score","MeanState","global","score","1","0.660497","45.0"
"EcosystemandCarbonCycle","GrossPrimaryProductivity","FLUXNET2015","TRENDYv14","Phase Shift","MeanState","global","scalar","months","1.10635","45.0"
"EcosystemandCarbonCycle","GrossPrimaryProductivity","FLUXNET2015","TRENDYv14","Seasonal Cycle Score","MeanState","global","score","1","0.878809","45.0"
"EcosystemandCarbonCycle","GrossPrimaryProductivity","FLUXNET2015","TRENDYv14","RMSE","MeanState","global","scalar","g m-2 d-1","2.7217","45.0"
"EcosystemandCarbonCycle","GrossPrimaryProductivity","FLUXNET2015","TRENDYv14","RMSE Score","MeanState","global","score","1","0.425618","45.0"
"EcosystemandCarbonCycle","GrossPrimaryProductivity","FLUXNET2015","TRENDYv14","Overall Score","MeanState","global","score","1","0.597636","45.0"
"EcosystemandCarbonCycle","GrossPrimaryProductivity","WECANN","TRENDYv13","Benchmark Period Mean (intersection)","MeanState","global","scalar","Pg yr-1","114.05","75.0"
"EcosystemandCarbonCycle","GrossPrimaryProductivity","WECANN","TRENDYv13","Benchmark Period Mean (complement)","MeanState","global","scalar","Pg yr-1","1.89796","75.0"
"EcosystemandCarbonCycle","GrossPrimaryProductivity","WECANN","TRENDYv13","Period Mean (original grids)","MeanState","global","scalar","Pg yr-1","143.813","75.0"
"EcosystemandCarbonCycle","GrossPrimaryProductivity","WECANN","TRENDYv13","Model Period Mean (intersection)","MeanState","global","scalar","Pg yr-1","137.381","75.0"
"EcosystemandCarbonCycle","GrossPrimaryProductivity","WECANN","TRENDYv13","Model Period Mean (complement)","MeanState","global","scalar","Pg yr-1","6.43285","75.0"
"EcosystemandCarbonCycle","GrossPrimaryProductivity","WECANN","TRENDYv13","Spatial Distribution Score","MeanState","global","score","1","0.957009","75.0"
"EcosystemandCarbonCycle","GrossPrimaryProductivity","WECANN","TRENDYv13","Phase Shift","MeanState","global","scalar","months","1.55156","75.0"
"EcosystemandCarbonCycle","GrossPrimaryProductivity","WECANN","TRENDYv13","Seasonal Cycle Score","MeanState","global","score","1","0.725398","75.0"
"EcosystemandCarbonCycle","GrossPrimaryProductivity","WECANN","TRENDYv13","Bias","MeanState","global","scalar","g m-2 d-1","0.498288","75.0"
"EcosystemandCarbonCycle","GrossPrimaryProductivity","WECANN","TRENDYv13","Bias Score","MeanState","global","score","1","0.570222","75.0"
"EcosystemandCarbonCycle","GrossPrimaryProductivity","WECANN","TRENDYv13","RMSE","MeanState","global","scalar","g m-2 d-1","1.55859","75.0"
"EcosystemandCarbonCycle","GrossPrimaryProductivity","WECANN","TRENDYv13","RMSE Score","MeanState","global","score","1","0.463796","75.0"
"EcosystemandCarbonCycle","GrossPrimaryProductivity","WECANN","TRENDYv13","Overall Score","MeanState","global","score","1","0.636044","75.0"
"EcosystemandCarbonCycle","GrossPrimaryProductivity","WECANN","CRUJRAv15_accum","Benchmark Period Mean (intersection)","MeanState","global","scalar","Pg yr-1","114.05","75.0"
"EcosystemandCarbonCycle","GrossPrimaryProductivity","WECANN","CRUJRAv15_accum","Benchmark Period Mean (complement)","MeanState","global","scalar","Pg yr-1","1.89796","75.0"
"EcosystemandCarbonCycle","GrossPrimaryProductivity","WECANN","CRUJRAv15_accum","Period Mean (original grids)","MeanState","global","scalar","Pg yr-1","148.782","75.0"
"EcosystemandCarbonCycle","GrossPrimaryProductivity","WECANN","CRUJRAv15_accum","Model Period Mean (intersection)","MeanState","global","scalar","Pg yr-1","141.987","75.0"
"EcosystemandCarbonCycle","GrossPrimaryProductivity","WECANN","CRUJRAv15_accum","Model Period Mean (complement)","MeanState","global","scalar","Pg yr-1","6.79538","75.0"
"EcosystemandCarbonCycle","GrossPrimaryProductivity","WECANN","CRUJRAv15_accum","Spatial Distribution Score","MeanState","global","score","1","0.938946","75.0"
"EcosystemandCarbonCycle","GrossPrimaryProductivity","WECANN","CRUJRAv15_accum","Phase Shift","MeanState","global","scalar","months","1.47137","75.0"
"EcosystemandCarbonCycle","GrossPrimaryProductivity","WECANN","CRUJRAv15_accum","Seasonal Cycle Score","MeanState","global","score","1","0.773419","75.0"
"EcosystemandCarbonCycle","GrossPrimaryProductivity","WECANN","CRUJRAv15_accum","Bias","MeanState","global","scalar","g m-2 d-1","0.596672","75.0"
"EcosystemandCarbonCycle","GrossPrimaryProductivity","WECANN","CRUJRAv15_accum","Bias Score","MeanState","global","score","1","0.55375","75.0"
"EcosystemandCarbonCycle","GrossPrimaryProductivity","WECANN","CRUJRAv15_accum","RMSE","MeanState","global","scalar","g m-2 d-1","1.56743","75.0"
"EcosystemandCarbonCycle","GrossPrimaryProductivity","WECANN","CRUJRAv15_accum","RMSE Score","MeanState","global","score","1","0.459106","75.0"
"EcosystemandCarbonCycle","GrossPrimaryProductivity","WECANN","CRUJRAv15_accum","Overall Score","MeanState","global","score","1","0.636865","75.0"
"EcosystemandCarbonCycle","GrossPrimaryProductivity","WECANN","TRENDYv14","Benchmark Period Mean (intersection)","MeanState","global","scalar","Pg yr-1","114.05","75.0"
"EcosystemandCarbonCycle","GrossPrimaryProductivity","WECANN","TRENDYv14","Benchmark Period Mean (complement)","MeanState","global","scalar","Pg yr-1","1.89796","75.0"
"EcosystemandCarbonCycle","GrossPrimaryProductivity","WECANN","TRENDYv14","Period Mean (original grids)","MeanState","global","scalar","Pg yr-1","144.881","75.0"
"EcosystemandCarbonCycle","GrossPrimaryProductivity","WECANN","TRENDYv14","Model Period Mean (intersection)","MeanState","global","scalar","Pg yr-1","138.397","75.0"
"EcosystemandCarbonCycle","GrossPrimaryProductivity","WECANN","TRENDYv14","Model Period Mean (complement)","MeanState","global","scalar","Pg yr-1","6.48481","75.0"
"EcosystemandCarbonCycle","GrossPrimaryProductivity","WECANN","TRENDYv14","Spatial Distribution Score","MeanState","global","score","1","0.957522","75.0"
"EcosystemandCarbonCycle","GrossPrimaryProductivity","WECANN","TRENDYv14","Phase Shift","MeanState","global","scalar","months","1.62358","75.0"
"EcosystemandCarbonCycle","GrossPrimaryProductivity","WECANN","TRENDYv14","Seasonal Cycle Score","MeanState","global","score","1","0.716089","75.0"
"EcosystemandCarbonCycle","GrossPrimaryProductivity","WECANN","TRENDYv14","Bias","MeanState","global","scalar","g m-2 d-1","0.519989","75.0"
"EcosystemandCarbonCycle","GrossPrimaryProductivity","WECANN","TRENDYv14","Bias Score","MeanState","global","score","1","0.568559","75.0"
"EcosystemandCarbonCycle","GrossPrimaryProductivity","WECANN","TRENDYv14","RMSE","MeanState","global","scalar","g m-2 d-1","1.55796","75.0"
"EcosystemandCarbonCycle","GrossPrimaryProductivity","WECANN","TRENDYv14","RMSE Score","MeanState","global","score","1","0.461419","75.0"
"EcosystemandCarbonCycle","GrossPrimaryProductivity","WECANN","TRENDYv14","Overall Score","MeanState","global","score","1","0.633001","75.0"
"EcosystemandCarbonCycle","GrossPrimaryProductivity","WECANN","CRUTS410_accum","Benchmark Period Mean (intersection)","MeanState","global","scalar","Pg yr-1","114.05","75.0"
"EcosystemandCarbonCycle","GrossPrimaryProductivity","WECANN","CRUTS410_accum","Benchmark Period Mean (complement)","MeanState","global","scalar","Pg yr-1","1.89796","75.0"
"EcosystemandCarbonCycle","GrossPrimaryProductivity","WECANN","CRUTS410_accum","Period Mean (original grids)","MeanState","global","scalar","Pg yr-1","143.325","75.0"
"EcosystemandCarbonCycle","GrossPrimaryProductivity","WECANN","CRUTS410_accum","Model Period Mean (intersection)","MeanState","global","scalar","Pg yr-1","136.909","75.0"
"EcosystemandCarbonCycle","GrossPrimaryProductivity","WECANN","CRUTS410_accum","Model Period Mean (complement)","MeanState","global","scalar","Pg yr-1","6.41583","75.0"
"EcosystemandCarbonCycle","GrossPrimaryProductivity","WECANN","CRUTS410_accum","Spatial Distribution Score","MeanState","global","score","1","0.958101","75.0"
"EcosystemandCarbonCycle","GrossPrimaryProductivity","WECANN","CRUTS410_accum","Phase Shift","MeanState","global","scalar","months","1.54486","75.0"
"EcosystemandCarbonCycle","GrossPrimaryProductivity","WECANN","CRUTS410_accum","Seasonal Cycle Score","MeanState","global","score","1","0.727238","75.0"
"EcosystemandCarbonCycle","GrossPrimaryProductivity","WECANN","CRUTS410_accum","Bias","MeanState","global","scalar","g m-2 d-1","0.48821","75.0"
"EcosystemandCarbonCycle","GrossPrimaryProductivity","WECANN","CRUTS410_accum","Bias Score","MeanState","global","score","1","0.572234","75.0"
"EcosystemandCarbonCycle","GrossPrimaryProductivity","WECANN","CRUTS410_accum","RMSE","MeanState","global","scalar","g m-2 d-1","1.54761","75.0"
"EcosystemandCarbonCycle","GrossPrimaryProductivity","WECANN","CRUTS410_accum","RMSE Score","MeanState","global","score","1","0.466162","75.0"
"EcosystemandCarbonCycle","GrossPrimaryProductivity","WECANN","CRUTS410_accum","Overall Score","MeanState","global","score","1","0.63798","75.0"
"EcosystemandCarbonCycle","GrossPrimaryProductivity","FLUXCOM","CRUJRAv15_accum","Benchmark Period Mean (intersection)","MeanState","global","scalar","Pg yr-1","113.71","75.0"
"EcosystemandCarbonCycle","GrossPrimaryProductivity","FLUXCOM","CRUJRAv15_accum","Benchmark Period Mean (complement)","MeanState","global","scalar","Pg yr-1","nan","75.0"
"EcosystemandCarbonCycle","GrossPrimaryProductivity","FLUXCOM","CRUJRAv15_accum","Period Mean (original grids)","MeanState","global","scalar","Pg yr-1","142.701","75.0"
"EcosystemandCarbonCycle","GrossPrimaryProductivity","FLUXCOM","CRUJRAv15_accum","Model Period Mean (intersection)","MeanState","global","scalar","Pg yr-1","142.323","75.0"
"EcosystemandCarbonCycle","GrossPrimaryProductivity","FLUXCOM","CRUJRAv15_accum","Model Period Mean (complement)","MeanState","global","scalar","Pg yr-1","0.378082","75.0"
"EcosystemandCarbonCycle","GrossPrimaryProductivity","FLUXCOM","CRUJRAv15_accum","Spatial Distribution Score","MeanState","global","score","1","0.953902","75.0"
"EcosystemandCarbonCycle","GrossPrimaryProductivity","FLUXCOM","CRUJRAv15_accum","Phase Shift","MeanState","global","scalar","months","1.17015","75.0"
"EcosystemandCarbonCycle","GrossPrimaryProductivity","FLUXCOM","CRUJRAv15_accum","Seasonal Cycle Score","MeanState","global","score","1","0.83273","75.0"
"EcosystemandCarbonCycle","GrossPrimaryProductivity","FLUXCOM","CRUJRAv15_accum","Bias","MeanState","global","scalar","g m-2 d-1","0.657994","75.0"
"EcosystemandCarbonCycle","GrossPrimaryProductivity","FLUXCOM","CRUJRAv15_accum","Bias Score","MeanState","global","score","1","0.54147","75.0"
"EcosystemandCarbonCycle","GrossPrimaryProductivity","FLUXCOM","CRUJRAv15_accum","RMSE","MeanState","global","scalar","g m-2 d-1","1.6107","75.0"
"EcosystemandCarbonCycle","GrossPrimaryProductivity","FLUXCOM","CRUJRAv15_accum","RMSE Score","MeanState","global","score","1","0.454593","75.0"
"EcosystemandCarbonCycle","GrossPrimaryProductivity","FLUXCOM","CRUJRAv15_accum","Overall Score","MeanState","global","score","1","0.647457","75.0"
"EcosystemandCarbonCycle","GrossPrimaryProductivity","FLUXCOM","CRUJRAv15_accum","Evapotranspiration|GLEAMv3.3a Hellinger Distance","Relationships","global","scalar","1","0.48371","75.0"
"EcosystemandCarbonCycle","GrossPrimaryProductivity","FLUXCOM","CRUJRAv15_accum","Evapotranspiration|GLEAMv3.3a Score","Relationships","global","score","1","0.820243","75.0"
"EcosystemandCarbonCycle","GrossPrimaryProductivity","FLUXCOM","CRUJRAv15_accum","Overall Score","Relationships","global","score","1","0.820243","75.0"
"EcosystemandCarbonCycle","GrossPrimaryProductivity","FLUXCOM","CRUTS410_accum","Benchmark Period Mean (intersection)","MeanState","global","scalar","Pg yr-1","113.71","75.0"
"EcosystemandCarbonCycle","GrossPrimaryProductivity","FLUXCOM","CRUTS410_accum","Benchmark Period Mean (complement)","MeanState","global","scalar","Pg yr-1","nan","75.0"
"EcosystemandCarbonCycle","GrossPrimaryProductivity","FLUXCOM","CRUTS410_accum","Period Mean (original grids)","MeanState","global","scalar","Pg yr-1","137.871","75.0"
"EcosystemandCarbonCycle","GrossPrimaryProductivity","FLUXCOM","CRUTS410_accum","Model Period Mean (intersection)","MeanState","global","scalar","Pg yr-1","137.556","75.0"
"EcosystemandCarbonCycle","GrossPrimaryProductivity","FLUXCOM","CRUTS410_accum","Model Period Mean (complement)","MeanState","global","scalar","Pg yr-1","0.314834","75.0"
"EcosystemandCarbonCycle","GrossPrimaryProductivity","FLUXCOM","CRUTS410_accum","Spatial Distribution Score","MeanState","global","score","1","0.915636","75.0"
"EcosystemandCarbonCycle","GrossPrimaryProductivity","FLUXCOM","CRUTS410_accum","Phase Shift","MeanState","global","scalar","months","1.33687","75.0"
"EcosystemandCarbonCycle","GrossPrimaryProductivity","FLUXCOM","CRUTS410_accum","Seasonal Cycle Score","MeanState","global","score","1","0.762931","75.0"
"EcosystemandCarbonCycle","GrossPrimaryProductivity","FLUXCOM","CRUTS410_accum","Bias","MeanState","global","scalar","g m-2 d-1","0.548382","75.0"
"EcosystemandCarbonCycle","GrossPrimaryProductivity","FLUXCOM","CRUTS410_accum","Bias Score","MeanState","global","score","1","0.491735","75.0"
"EcosystemandCarbonCycle","GrossPrimaryProductivity","FLUXCOM","CRUTS410_accum","RMSE","MeanState","global","scalar","g m-2 d-1","1.71959","75.0"
"EcosystemandCarbonCycle","GrossPrimaryProductivity","FLUXCOM","CRUTS410_accum","RMSE Score","MeanState","global","score","1","0.46298","75.0"
"EcosystemandCarbonCycle","GrossPrimaryProductivity","FLUXCOM","CRUTS410_accum","Overall Score","MeanState","global","score","1","0.619252","75.0"
"EcosystemandCarbonCycle","GrossPrimaryProductivity","FLUXCOM","CRUTS410_accum","Evapotranspiration|GLEAMv3.3a Hellinger Distance","Relationships","global","scalar","1","0.419039","75.0"
"EcosystemandCarbonCycle","GrossPrimaryProductivity","FLUXCOM","CRUTS410_accum","Evapotranspiration|GLEAMv3.3a Score","Relationships","global","score","1","0.712244","75.0"
"EcosystemandCarbonCycle","GrossPrimaryProductivity","FLUXCOM","CRUTS410_accum","Overall Score","Relationships","global","score","1","0.712244","75.0"
"EcosystemandCarbonCycle","GrossPrimaryProductivity","FLUXCOM","TRENDYv13","Benchmark Period Mean (intersection)","MeanState","global","scalar","Pg yr-1","113.71","75.0"
"EcosystemandCarbonCycle","GrossPrimaryProductivity","FLUXCOM","TRENDYv13","Benchmark Period Mean (complement)","MeanState","global","scalar","Pg yr-1","nan","75.0"
"EcosystemandCarbonCycle","GrossPrimaryProductivity","FLUXCOM","TRENDYv13","Period Mean (original grids)","MeanState","global","scalar","Pg yr-1","138.09","75.0"
"EcosystemandCarbonCycle","GrossPrimaryProductivity","FLUXCOM","TRENDYv13","Model Period Mean (intersection)","MeanState","global","scalar","Pg yr-1","137.772","75.0"
"EcosystemandCarbonCycle","GrossPrimaryProductivity","FLUXCOM","TRENDYv13","Model Period Mean (complement)","MeanState","global","scalar","Pg yr-1","0.317565","75.0"
"EcosystemandCarbonCycle","GrossPrimaryProductivity","FLUXCOM","TRENDYv13","Spatial Distribution Score","MeanState","global","score","1","0.916047","75.0"
"EcosystemandCarbonCycle","GrossPrimaryProductivity","FLUXCOM","TRENDYv13","Phase Shift","MeanState","global","scalar","months","1.33562","75.0"
"EcosystemandCarbonCycle","GrossPrimaryProductivity","FLUXCOM","TRENDYv13","Seasonal Cycle Score","MeanState","global","score","1","0.763641","75.0"
"EcosystemandCarbonCycle","GrossPrimaryProductivity","FLUXCOM","TRENDYv13","Bias","MeanState","global","scalar","g m-2 d-1","0.553354","75.0"
"EcosystemandCarbonCycle","GrossPrimaryProductivity","FLUXCOM","TRENDYv13","Bias Score","MeanState","global","score","1","0.492031","75.0"
"EcosystemandCarbonCycle","GrossPrimaryProductivity","FLUXCOM","TRENDYv13","RMSE","MeanState","global","scalar","g m-2 d-1","1.72612","75.0"
"EcosystemandCarbonCycle","GrossPrimaryProductivity","FLUXCOM","TRENDYv13","RMSE Score","MeanState","global","score","1","0.461162","75.0"
"EcosystemandCarbonCycle","GrossPrimaryProductivity","FLUXCOM","TRENDYv13","Overall Score","MeanState","global","score","1","0.618809","75.0"
"EcosystemandCarbonCycle","GrossPrimaryProductivity","FLUXCOM","TRENDYv13","Evapotranspiration|GLEAMv3.3a Hellinger Distance","Relationships","global","scalar","1","0.388959","75.0"
"EcosystemandCarbonCycle","GrossPrimaryProductivity","FLUXCOM","TRENDYv13","Evapotranspiration|GLEAMv3.3a Score","Relationships","global","score","1","0.567621","75.0"
"EcosystemandCarbonCycle","GrossPrimaryProductivity","FLUXCOM","TRENDYv13","Overall Score","Relationships","global","score","1","0.567621","75.0"
"EcosystemandCarbonCycle","GrossPrimaryProductivity","FLUXCOM","TRENDYv14","Benchmark Period Mean (intersection)","MeanState","global","scalar","Pg yr-1","113.71","75.0"
"EcosystemandCarbonCycle","GrossPrimaryProductivity","FLUXCOM","TRENDYv14","Benchmark Period Mean (complement)","MeanState","global","scalar","Pg yr-1","nan","75.0"
"EcosystemandCarbonCycle","GrossPrimaryProductivity","FLUXCOM","TRENDYv14","Period Mean (original grids)","MeanState","global","scalar","Pg yr-1","139.179","75.0"
"EcosystemandCarbonCycle","GrossPrimaryProductivity","FLUXCOM","TRENDYv14","Model Period Mean (intersection)","MeanState","global","scalar","Pg yr-1","138.818","75.0"
"EcosystemandCarbonCycle","GrossPrimaryProductivity","FLUXCOM","TRENDYv14","Model Period Mean (complement)","MeanState","global","scalar","Pg yr-1","0.361564","75.0"
"EcosystemandCarbonCycle","GrossPrimaryProductivity","FLUXCOM","TRENDYv14","Spatial Distribution Score","MeanState","global","score","1","0.921557","75.0"
"EcosystemandCarbonCycle","GrossPrimaryProductivity","FLUXCOM","TRENDYv14","Phase Shift","MeanState","global","scalar","months","1.38191","75.0"
"EcosystemandCarbonCycle","GrossPrimaryProductivity","FLUXCOM","TRENDYv14","Seasonal Cycle Score","MeanState","global","score","1","0.755924","75.0"
"EcosystemandCarbonCycle","GrossPrimaryProductivity","FLUXCOM","TRENDYv14","Bias","MeanState","global","scalar","g m-2 d-1","0.577398","75.0"
"EcosystemandCarbonCycle","GrossPrimaryProductivity","FLUXCOM","TRENDYv14","Bias Score","MeanState","global","score","1","0.489655","75.0"
"EcosystemandCarbonCycle","GrossPrimaryProductivity","FLUXCOM","TRENDYv14","RMSE","MeanState","global","scalar","g m-2 d-1","1.73693","75.0"
"EcosystemandCarbonCycle","GrossPrimaryProductivity","FLUXCOM","TRENDYv14","RMSE Score","MeanState","global","score","1","0.457906","75.0"
"EcosystemandCarbonCycle","GrossPrimaryProductivity","FLUXCOM","TRENDYv14","Overall Score","MeanState","global","score","1","0.61659","75.0"
"EcosystemandCarbonCycle","GrossPrimaryProductivity","FLUXCOM","TRENDYv14","Evapotranspiration|GLEAMv3.3a Hellinger Distance","Relationships","global","scalar","1","0.413602","75.0"
"EcosystemandCarbonCycle","GrossPrimaryProductivity","FLUXCOM","TRENDYv14","Evapotranspiration|GLEAMv3.3a Score","Relationships","global","score","1","0.703833","75.0"
"EcosystemandCarbonCycle","GrossPrimaryProductivity","FLUXCOM","TRENDYv14","Overall Score","Relationships","global","score","1","0.703833","75.0"
"EcosystemandCarbonCycle","SoilCarbon","HWSD","CRUTS410_accum","Benchmark Period Mean (intersection)","MeanState","global","scalar","Pg","1233.83","75.0"
"EcosystemandCarbonCycle","SoilCarbon","HWSD","CRUTS410_accum","Benchmark Period Mean (complement)","MeanState","global","scalar","Pg","100.195","75.0"
"EcosystemandCarbonCycle","SoilCarbon","HWSD","CRUTS410_accum","Period Mean (original grids)","MeanState","global","scalar","Pg","1315.19","75.0"
"EcosystemandCarbonCycle","SoilCarbon","HWSD","CRUTS410_accum","Model Period Mean (intersection)","MeanState","global","scalar","Pg","1314.93","75.0"
"EcosystemandCarbonCycle","SoilCarbon","HWSD","CRUTS410_accum","Model Period Mean (complement)","MeanState","global","scalar","Pg","0.254307","75.0"
"EcosystemandCarbonCycle","SoilCarbon","HWSD","CRUTS410_accum","Spatial Distribution Score","MeanState","global","score","1","0.68475","75.0"
"EcosystemandCarbonCycle","SoilCarbon","HWSD","CRUTS410_accum","Bias","MeanState","global","scalar","kg m-2","0.610653","75.0"
"EcosystemandCarbonCycle","SoilCarbon","HWSD","CRUTS410_accum","Bias Score","MeanState","global","score","1","0.589779","75.0"
"EcosystemandCarbonCycle","SoilCarbon","HWSD","CRUTS410_accum","Overall Score","MeanState","global","score","1","0.637264","75.0"
"EcosystemandCarbonCycle","SoilCarbon","HWSD","TRENDYv13","Benchmark Period Mean (intersection)","MeanState","global","scalar","Pg","1233.83","75.0"
"EcosystemandCarbonCycle","SoilCarbon","HWSD","TRENDYv13","Benchmark Period Mean (complement)","MeanState","global","scalar","Pg","100.195","75.0"
"EcosystemandCarbonCycle","SoilCarbon","HWSD","TRENDYv13","Period Mean (original grids)","MeanState","global","scalar","Pg","1312.07","75.0"
"EcosystemandCarbonCycle","SoilCarbon","HWSD","TRENDYv13","Model Period Mean (intersection)","MeanState","global","scalar","Pg","1311.82","75.0"
"EcosystemandCarbonCycle","SoilCarbon","HWSD","TRENDYv13","Model Period Mean (complement)","MeanState","global","scalar","Pg","0.253485","75.0"
"EcosystemandCarbonCycle","SoilCarbon","HWSD","TRENDYv13","Spatial Distribution Score","MeanState","global","score","1","0.686355","75.0"
"EcosystemandCarbonCycle","SoilCarbon","HWSD","TRENDYv13","Bias","MeanState","global","scalar","kg m-2","0.587226","75.0"
"EcosystemandCarbonCycle","SoilCarbon","HWSD","TRENDYv13","Bias Score","MeanState","global","score","1","0.590102","75.0"
"EcosystemandCarbonCycle","SoilCarbon","HWSD","TRENDYv13","Overall Score","MeanState","global","score","1","0.638228","75.0"
"EcosystemandCarbonCycle","SoilCarbon","HWSD","TRENDYv14","Benchmark Period Mean (intersection)","MeanState","global","scalar","Pg","1233.83","75.0"
"EcosystemandCarbonCycle","SoilCarbon","HWSD","TRENDYv14","Benchmark Period Mean (complement)","MeanState","global","scalar","Pg","100.195","75.0"
"EcosystemandCarbonCycle","SoilCarbon","HWSD","TRENDYv14","Period Mean (original grids)","MeanState","global","scalar","Pg","1912.33","75.0"
"EcosystemandCarbonCycle","SoilCarbon","HWSD","TRENDYv14","Model Period Mean (intersection)","MeanState","global","scalar","Pg","1911.84","75.0"
"EcosystemandCarbonCycle","SoilCarbon","HWSD","TRENDYv14","Model Period Mean (complement)","MeanState","global","scalar","Pg","0.490779","75.0"
"EcosystemandCarbonCycle","SoilCarbon","HWSD","TRENDYv14","Spatial Distribution Score","MeanState","global","score","1","0.539822","75.0"
"EcosystemandCarbonCycle","SoilCarbon","HWSD","TRENDYv14","Bias","MeanState","global","scalar","kg m-2","5.10528","75.0"
"EcosystemandCarbonCycle","SoilCarbon","HWSD","TRENDYv14","Bias Score","MeanState","global","score","1","0.541966","75.0"
"EcosystemandCarbonCycle","SoilCarbon","HWSD","TRENDYv14","Overall Score","MeanState","global","score","1","0.540894","75.0"
"EcosystemandCarbonCycle","SoilCarbon","HWSD","CRUJRAv15_accum","Benchmark Period Mean (intersection)","MeanState","global","scalar","Pg","1233.83","75.0"
"EcosystemandCarbonCycle","SoilCarbon","HWSD","CRUJRAv15_accum","Benchmark Period Mean (complement)","MeanState","global","scalar","Pg","100.195","75.0"
"EcosystemandCarbonCycle","SoilCarbon","HWSD","CRUJRAv15_accum","Period Mean (original grids)","MeanState","global","scalar","Pg","1577.3","75.0"
"EcosystemandCarbonCycle","SoilCarbon","HWSD","CRUJRAv15_accum","Model Period Mean (intersection)","MeanState","global","scalar","Pg","1576.92","75.0"
"EcosystemandCarbonCycle","SoilCarbon","HWSD","CRUJRAv15_accum","Model Period Mean (complement)","MeanState","global","scalar","Pg","0.38517","75.0"
"EcosystemandCarbonCycle","SoilCarbon","HWSD","CRUJRAv15_accum","Spatial Distribution Score","MeanState","global","score","1","0.507056","75.0"
"EcosystemandCarbonCycle","SoilCarbon","HWSD","CRUJRAv15_accum","Bias","MeanState","global","scalar","kg m-2","2.58337","75.0"
"EcosystemandCarbonCycle","SoilCarbon","HWSD","CRUJRAv15_accum","Bias Score","MeanState","global","score","1","0.581235","75.0"
"EcosystemandCarbonCycle","SoilCarbon","HWSD","CRUJRAv15_accum","Overall Score","MeanState","global","score","1","0.544146","75.0"
"EcosystemandCarbonCycle","SoilCarbon","NCSCDV22","TRENDYv14","Benchmark Period Mean (intersection)","MeanState","global","scalar","Pg","463.537","60.0"
"EcosystemandCarbonCycle","SoilCarbon","NCSCDV22","TRENDYv14","Benchmark Period Mean (complement)","MeanState","global","scalar","Pg","9.30841","60.0"
"EcosystemandCarbonCycle","SoilCarbon","NCSCDV22","TRENDYv14","Period Mean (original grids)","MeanState","global","scalar","Pg","1912.33","60.0"
"EcosystemandCarbonCycle","SoilCarbon","NCSCDV22","TRENDYv14","Model Period Mean (intersection)","MeanState","global","scalar","Pg","668.144","60.0"
"EcosystemandCarbonCycle","SoilCarbon","NCSCDV22","TRENDYv14","Model Period Mean (complement)","MeanState","global","scalar","Pg","1244.19","60.0"
"EcosystemandCarbonCycle","SoilCarbon","NCSCDV22","TRENDYv14","Spatial Distribution Score","MeanState","global","score","1","0.857466","60.0"
"EcosystemandCarbonCycle","SoilCarbon","NCSCDV22","TRENDYv14","Bias","MeanState","global","scalar","kg m-2","9.32598","60.0"
"EcosystemandCarbonCycle","SoilCarbon","NCSCDV22","TRENDYv14","Bias Score","MeanState","global","score","1","0.600979","60.0"
"EcosystemandCarbonCycle","SoilCarbon","NCSCDV22","TRENDYv14","Overall Score","MeanState","global","score","1","0.729223","60.0"
"EcosystemandCarbonCycle","SoilCarbon","NCSCDV22","TRENDYv13","Benchmark Period Mean (intersection)","MeanState","global","scalar","Pg","463.537","60.0"
"EcosystemandCarbonCycle","SoilCarbon","NCSCDV22","TRENDYv13","Benchmark Period Mean (complement)","MeanState","global","scalar","Pg","9.30841","60.0"
"EcosystemandCarbonCycle","SoilCarbon","NCSCDV22","TRENDYv13","Period Mean (original grids)","MeanState","global","scalar","Pg","1312.07","60.0"
"EcosystemandCarbonCycle","SoilCarbon","NCSCDV22","TRENDYv13","Model Period Mean (intersection)","MeanState","global","scalar","Pg","511.068","60.0"
"EcosystemandCarbonCycle","SoilCarbon","NCSCDV22","TRENDYv13","Model Period Mean (complement)","MeanState","global","scalar","Pg","801.006","60.0"
"EcosystemandCarbonCycle","SoilCarbon","NCSCDV22","TRENDYv13","Spatial Distribution Score","MeanState","global","score","1","0.885315","60.0"
"EcosystemandCarbonCycle","SoilCarbon","NCSCDV22","TRENDYv13","Bias","MeanState","global","scalar","kg m-2","2.16647","60.0"
"EcosystemandCarbonCycle","SoilCarbon","NCSCDV22","TRENDYv13","Bias Score","MeanState","global","score","1","0.640895","60.0"
"EcosystemandCarbonCycle","SoilCarbon","NCSCDV22","TRENDYv13","Overall Score","MeanState","global","score","1","0.763105","60.0"
"EcosystemandCarbonCycle","SoilCarbon","NCSCDV22","CRUJRAv15_accum","Benchmark Period Mean (intersection)","MeanState","global","scalar","Pg","463.537","60.0"
"EcosystemandCarbonCycle","SoilCarbon","NCSCDV22","CRUJRAv15_accum","Benchmark Period Mean (complement)","MeanState","global","scalar","Pg","9.30841","60.0"
"EcosystemandCarbonCycle","SoilCarbon","NCSCDV22","CRUJRAv15_accum","Period Mean (original grids)","MeanState","global","scalar","Pg","1577.3","60.0"
"EcosystemandCarbonCycle","SoilCarbon","NCSCDV22","CRUJRAv15_accum","Model Period Mean (intersection)","MeanState","global","scalar","Pg","695.77","60.0"
"EcosystemandCarbonCycle","SoilCarbon","NCSCDV22","CRUJRAv15_accum","Model Period Mean (complement)","MeanState","global","scalar","Pg","881.533","60.0"
"EcosystemandCarbonCycle","SoilCarbon","NCSCDV22","CRUJRAv15_accum","Spatial Distribution Score","MeanState","global","score","1","0.876133","60.0"
"EcosystemandCarbonCycle","SoilCarbon","NCSCDV22","CRUJRAv15_accum","Bias","MeanState","global","scalar","kg m-2","10.5852","60.0"
"EcosystemandCarbonCycle","SoilCarbon","NCSCDV22","CRUJRAv15_accum","Bias Score","MeanState","global","score","1","0.608362","60.0"
"EcosystemandCarbonCycle","SoilCarbon","NCSCDV22","CRUJRAv15_accum","Overall Score","MeanState","global","score","1","0.742247","60.0"
"EcosystemandCarbonCycle","SoilCarbon","NCSCDV22","CRUTS410_accum","Benchmark Period Mean (intersection)","MeanState","global","scalar","Pg","463.537","60.0"
"EcosystemandCarbonCycle","SoilCarbon","NCSCDV22","CRUTS410_accum","Benchmark Period Mean (complement)","MeanState","global","scalar","Pg","9.30841","60.0"
"EcosystemandCarbonCycle","SoilCarbon","NCSCDV22","CRUTS410_accum","Period Mean (original grids)","MeanState","global","scalar","Pg","1315.19","60.0"
"EcosystemandCarbonCycle","SoilCarbon","NCSCDV22","CRUTS410_accum","Model Period Mean (intersection)","MeanState","global","scalar","Pg","512.681","60.0"
"EcosystemandCarbonCycle","SoilCarbon","NCSCDV22","CRUTS410_accum","Model Period Mean (complement)","MeanState","global","scalar","Pg","802.505","60.0"
"EcosystemandCarbonCycle","SoilCarbon","NCSCDV22","CRUTS410_accum","Spatial Distribution Score","MeanState","global","score","1","0.885545","60.0"
"EcosystemandCarbonCycle","SoilCarbon","NCSCDV22","CRUTS410_accum","Bias","MeanState","global","scalar","kg m-2","2.23995","60.0"
"EcosystemandCarbonCycle","SoilCarbon","NCSCDV22","CRUTS410_accum","Bias Score","MeanState","global","score","1","0.640536","60.0"
"EcosystemandCarbonCycle","SoilCarbon","NCSCDV22","CRUTS410_accum","Overall Score","MeanState","global","score","1","0.76304","60.0"
"EcosystemandCarbonCycle","SoilCarbonExtended","Koven","CRUJRAv15_accum","Q10(-10","MeanState","[C])","scalar","1","2.13252","75.0"
"EcosystemandCarbonCycle","SoilCarbonExtended","Koven","CRUJRAv15_accum","Q10(+10","MeanState","[C])","scalar","1","2.18954","75.0"
"EcosystemandCarbonCycle","SoilCarbonExtended","Koven","CRUJRAv15_accum","Q10(+25","MeanState","[C])","scalar","1","2.23331","75.0"
"EcosystemandCarbonCycle","SoilCarbonExtended","Koven","CRUJRAv15_accum","RMSE Score","MeanState","global","score","1","0.908809","75.0"
"EcosystemandCarbonCycle","SoilCarbonExtended","Koven","CRUJRAv15_accum","Distribution Score","MeanState","global","score","1","0.576368","75.0"
"EcosystemandCarbonCycle","SoilCarbonExtended","Koven","CRUJRAv15_accum","Overall Score","MeanState","global","score","1","0.797995","75.0"
"EcosystemandCarbonCycle","SoilCarbonExtended","Koven","CRUTS410_accum","Q10(-10","MeanState","[C])","scalar","1","1.69575","75.0"
"EcosystemandCarbonCycle","SoilCarbonExtended","Koven","CRUTS410_accum","Q10(+10","MeanState","[C])","scalar","1","2.03722","75.0"
"EcosystemandCarbonCycle","SoilCarbonExtended","Koven","CRUTS410_accum","Q10(+25","MeanState","[C])","scalar","1","2.33773","75.0"
"EcosystemandCarbonCycle","SoilCarbonExtended","Koven","CRUTS410_accum","RMSE Score","MeanState","global","score","1","0.873688","75.0"
"EcosystemandCarbonCycle","SoilCarbonExtended","Koven","CRUTS410_accum","Distribution Score","MeanState","global","score","1","0.561653","75.0"
"EcosystemandCarbonCycle","SoilCarbonExtended","Koven","CRUTS410_accum","Overall Score","MeanState","global","score","1","0.769677","75.0"
"EcosystemandCarbonCycle","SoilCarbonExtended","Koven","TRENDYv14","Q10(-10","MeanState","[C])","scalar","1","1.87938","75.0"
"EcosystemandCarbonCycle","SoilCarbonExtended","Koven","TRENDYv14","Q10(+10","MeanState","[C])","scalar","1","1.88016","75.0"
"EcosystemandCarbonCycle","SoilCarbonExtended","Koven","TRENDYv14","Q10(+25","MeanState","[C])","scalar","1","1.88075","75.0"
"EcosystemandCarbonCycle","SoilCarbonExtended","Koven","TRENDYv14","RMSE Score","MeanState","global","score","1","0.894571","75.0"
"EcosystemandCarbonCycle","SoilCarbonExtended","Koven","TRENDYv14","Distribution Score","MeanState","global","score","1","0.604383","75.0"
"EcosystemandCarbonCycle","SoilCarbonExtended","Koven","TRENDYv14","Overall Score","MeanState","global","score","1","0.797841","75.0"
"EcosystemandCarbonCycle","SoilCarbonExtended","Koven","TRENDYv13","Q10(-10","MeanState","[C])","scalar","1","1.70171","75.0"
"EcosystemandCarbonCycle","SoilCarbonExtended","Koven","TRENDYv13","Q10(+10","MeanState","[C])","scalar","1","2.03828","75.0"
"EcosystemandCarbonCycle","SoilCarbonExtended","Koven","TRENDYv13","Q10(+25","MeanState","[C])","scalar","1","2.33372","75.0"
"EcosystemandCarbonCycle","SoilCarbonExtended","Koven","TRENDYv13","RMSE Score","MeanState","global","score","1","0.873475","75.0"
"EcosystemandCarbonCycle","SoilCarbonExtended","Koven","TRENDYv13","Distribution Score","MeanState","global","score","1","0.557124","75.0"
"EcosystemandCarbonCycle","SoilCarbonExtended","Koven","TRENDYv13","Overall Score","MeanState","global","score","1","0.768025","75.0"