"Section","Variable","Source","Model","ScalarName","AnalysisType","Region","ScalarType","Units","Data","Weight"
"HydrologyCycle","Evapotranspiration","MOD16A2","LPJ-EOSIM","Benchmark Period Mean (intersection)","MeanState","global","scalar","mm d-1","1.05477","75.0"
"HydrologyCycle","Evapotranspiration","MOD16A2","LPJ-EOSIM","Benchmark Period Mean (complement)","MeanState","global","scalar","mm d-1","1.15372","75.0"
"HydrologyCycle","Evapotranspiration","MOD16A2","LPJ-EOSIM","Period Mean (original grids)","MeanState","global","scalar","mm d-1","0.827194","75.0"
"HydrologyCycle","Evapotranspiration","MOD16A2","LPJ-EOSIM","Model Period Mean (intersection)","MeanState","global","scalar","mm d-1","0.936618","75.0"
"HydrologyCycle","Evapotranspiration","MOD16A2","LPJ-EOSIM","Model Period Mean (complement)","MeanState","global","scalar","mm d-1","0.258392","75.0"
"HydrologyCycle","Evapotranspiration","MOD16A2","LPJ-EOSIM","Spatial Distribution Score","MeanState","global","score","1","0.96536","75.0"
"HydrologyCycle","Evapotranspiration","MOD16A2","LPJ-EOSIM","Phase Shift","MeanState","global","scalar","months","0.852773","75.0"
"HydrologyCycle","Evapotranspiration","MOD16A2","LPJ-EOSIM","Seasonal Cycle Score","MeanState","global","score","1","0.921341","75.0"
"HydrologyCycle","Evapotranspiration","MOD16A2","LPJ-EOSIM","Bias","MeanState","global","scalar","mm d-1","-0.118149","75.0"
"HydrologyCycle","Evapotranspiration","MOD16A2","LPJ-EOSIM","Bias Score","MeanState","global","score","1","0.748598","75.0"
"HydrologyCycle","Evapotranspiration","MOD16A2","LPJ-EOSIM","RMSE","MeanState","global","scalar","mm d-1","0.467151","75.0"
"HydrologyCycle","Evapotranspiration","MOD16A2","LPJ-EOSIM","RMSE Score","MeanState","global","score","1","0.60121","75.0"
"HydrologyCycle","Evapotranspiration","MOD16A2","LPJ-EOSIM","Overall Score","MeanState","global","score","1","0.767544","75.0"
"HydrologyCycle","Evapotranspiration","MOD16A2","CLM-FATES","Benchmark Period Mean (intersection)","MeanState","global","scalar","mm d-1","1.05558","75.0"
"HydrologyCycle","Evapotranspiration","MOD16A2","CLM-FATES","Benchmark Period Mean (complement)","MeanState","global","scalar","mm d-1","1.24178","75.0"
"HydrologyCycle","Evapotranspiration","MOD16A2","CLM-FATES","Period Mean (original grids)","MeanState","global","scalar","mm d-1","0.911106","75.0"
"HydrologyCycle","Evapotranspiration","MOD16A2","CLM-FATES","Model Period Mean (intersection)","MeanState","global","scalar","mm d-1","1.01686","75.0"
"HydrologyCycle","Evapotranspiration","MOD16A2","CLM-FATES","Model Period Mean (complement)","MeanState","global","scalar","mm d-1","0.548798","75.0"
"HydrologyCycle","Evapotranspiration","MOD16A2","CLM-FATES","Spatial Distribution Score","MeanState","global","score","1","0.9485","75.0"
"HydrologyCycle","Evapotranspiration","MOD16A2","CLM-FATES","Phase Shift","MeanState","global","scalar","months","1.00097","75.0"
"HydrologyCycle","Evapotranspiration","MOD16A2","CLM-FATES","Seasonal Cycle Score","MeanState","global","score","1","0.923198","75.0"
"HydrologyCycle","Evapotranspiration","MOD16A2","CLM-FATES","Bias","MeanState","global","scalar","mm d-1","-0.0383944","75.0"
"HydrologyCycle","Evapotranspiration","MOD16A2","CLM-FATES","Bias Score","MeanState","global","score","1","0.749347","75.0"
"HydrologyCycle","Evapotranspiration","MOD16A2","CLM-FATES","RMSE","MeanState","global","scalar","mm d-1","0.498687","75.0"
"HydrologyCycle","Evapotranspiration","MOD16A2","CLM-FATES","RMSE Score","MeanState","global","score","1","0.597636","75.0"
"HydrologyCycle","Evapotranspiration","MOD16A2","CLM-FATES","Overall Score","MeanState","global","score","1","0.763263","75.0"
"HydrologyCycle","Evapotranspiration","MOD16A2","CLM","Benchmark Period Mean (intersection)","MeanState","global","scalar","mm d-1","1.05717","75.0"
"HydrologyCycle","Evapotranspiration","MOD16A2","CLM","Benchmark Period Mean (complement)","MeanState","global","scalar","mm d-1","1.36196","75.0"
"HydrologyCycle","Evapotranspiration","MOD16A2","CLM","Period Mean (original grids)","MeanState","global","scalar","mm d-1","0.975535","75.0"
"HydrologyCycle","Evapotranspiration","MOD16A2","CLM","Model Period Mean (intersection)","MeanState","global","scalar","mm d-1","1.08079","75.0"
"HydrologyCycle","Evapotranspiration","MOD16A2","CLM","Model Period Mean (complement)","MeanState","global","scalar","mm d-1","0.668222","75.0"
"HydrologyCycle","Evapotranspiration","MOD16A2","CLM","Spatial Distribution Score","MeanState","global","score","1","0.952694","75.0"
"HydrologyCycle","Evapotranspiration","MOD16A2","CLM","Phase Shift","MeanState","global","scalar","months","0.973641","75.0"
"HydrologyCycle","Evapotranspiration","MOD16A2","CLM","Seasonal Cycle Score","MeanState","global","score","1","0.922414","75.0"
"HydrologyCycle","Evapotranspiration","MOD16A2","CLM","Bias","MeanState","global","scalar","mm d-1","0.0236162","75.0"
"HydrologyCycle","Evapotranspiration","MOD16A2","CLM","Bias Score","MeanState","global","score","1","0.751317","75.0"
"HydrologyCycle","Evapotranspiration","MOD16A2","CLM","RMSE","MeanState","global","scalar","mm d-1","0.544737","75.0"
"HydrologyCycle","Evapotranspiration","MOD16A2","CLM","RMSE Score","MeanState","global","score","1","0.569654","75.0"
"HydrologyCycle","Evapotranspiration","MOD16A2","CLM","Overall Score","MeanState","global","score","1","0.753147","75.0"
"HydrologyCycle","Evapotranspiration","MOD16A2","LPX-Bern","Benchmark Period Mean (intersection)","MeanState","global","scalar","mm d-1","1.0529","75.0"
"HydrologyCycle","Evapotranspiration","MOD16A2","LPX-Bern","Benchmark Period Mean (complement)","MeanState","global","scalar","mm d-1","1.24337","75.0"
"HydrologyCycle","Evapotranspiration","MOD16A2","LPX-Bern","Period Mean (original grids)","MeanState","global","scalar","mm d-1","4.4099","75.0"
"HydrologyCycle","Evapotranspiration","MOD16A2","LPX-Bern","Model Period Mean (intersection)","MeanState","global","scalar","mm d-1","4.68142","75.0"
"HydrologyCycle","Evapotranspiration","MOD16A2","LPX-Bern","Model Period Mean (complement)","MeanState","global","scalar","mm d-1","3.05125","75.0"
"HydrologyCycle","Evapotranspiration","MOD16A2","LPX-Bern","Spatial Distribution Score","MeanState","global","score","1","0.131695","75.0"
"HydrologyCycle","Evapotranspiration","MOD16A2","LPX-Bern","Phase Shift","MeanState","global","scalar","months","1.05267","75.0"
"HydrologyCycle","Evapotranspiration","MOD16A2","LPX-Bern","Seasonal Cycle Score","MeanState","global","score","1","0.910932","75.0"
"HydrologyCycle","Evapotranspiration","MOD16A2","LPX-Bern","Bias","MeanState","global","scalar","mm d-1","3.62852","75.0"
"HydrologyCycle","Evapotranspiration","MOD16A2","LPX-Bern","Bias Score","MeanState","global","score","1","0.0524196","75.0"
"HydrologyCycle","Evapotranspiration","MOD16A2","LPX-Bern","RMSE","MeanState","global","scalar","mm d-1","5.04876","75.0"
"HydrologyCycle","Evapotranspiration","MOD16A2","LPX-Bern","RMSE Score","MeanState","global","score","1","0.0268657","75.0"
"HydrologyCycle","Evapotranspiration","MOD16A2","LPX-Bern","Overall Score","MeanState","global","score","1","0.229756","75.0"
"HydrologyCycle","Evapotranspiration","MOD16A2","DVM-DOS-TEM","Benchmark Period Mean (intersection)","MeanState","global","scalar","mm d-1","0.943842","75.0"
"HydrologyCycle","Evapotranspiration","MOD16A2","DVM-DOS-TEM","Benchmark Period Mean (complement)","MeanState","global","scalar","mm d-1","1.11585","75.0"
"HydrologyCycle","Evapotranspiration","MOD16A2","DVM-DOS-TEM","Period Mean (original grids)","MeanState","global","scalar","mm d-1","0.911901","75.0"
"HydrologyCycle","Evapotranspiration","MOD16A2","DVM-DOS-TEM","Model Period Mean (intersection)","MeanState","global","scalar","mm d-1","0.948864","75.0"
"HydrologyCycle","Evapotranspiration","MOD16A2","DVM-DOS-TEM","Model Period Mean (complement)","MeanState","global","scalar","mm d-1","0.473912","75.0"
"HydrologyCycle","Evapotranspiration","MOD16A2","DVM-DOS-TEM","Spatial Distribution Score","MeanState","global","score","1","0.575742","75.0"
"HydrologyCycle","Evapotranspiration","MOD16A2","DVM-DOS-TEM","Phase Shift","MeanState","global","scalar","months","1.07267","75.0"
"HydrologyCycle","Evapotranspiration","MOD16A2","DVM-DOS-TEM","Seasonal Cycle Score","MeanState","global","score","1","0.859322","75.0"
"HydrologyCycle","Evapotranspiration","MOD16A2","DVM-DOS-TEM","Bias","MeanState","global","scalar","mm d-1","0.0050222","75.0"
"HydrologyCycle","Evapotranspiration","MOD16A2","DVM-DOS-TEM","Bias Score","MeanState","global","score","1","0.782953","75.0"
"HydrologyCycle","Evapotranspiration","MOD16A2","DVM-DOS-TEM","RMSE","MeanState","global","scalar","mm d-1","0.658628","75.0"
"HydrologyCycle","Evapotranspiration","MOD16A2","DVM-DOS-TEM","RMSE Score","MeanState","global","score","1","0.518417","75.0"
"HydrologyCycle","Evapotranspiration","MOD16A2","DVM-DOS-TEM","Overall Score","MeanState","global","score","1","0.65097","75.0"
"HydrologyCycle","Evapotranspiration","MOD16A2","JSBACH","Benchmark Period Mean (intersection)","MeanState","global","scalar","mm d-1","1.04936","75.0"
"HydrologyCycle","Evapotranspiration","MOD16A2","JSBACH","Benchmark Period Mean (complement)","MeanState","global","scalar","mm d-1","1.2529","75.0"
"HydrologyCycle","Evapotranspiration","MOD16A2","JSBACH","Period Mean (original grids)","MeanState","global","scalar","mm d-1","1.12974","75.0"
"HydrologyCycle","Evapotranspiration","MOD16A2","JSBACH","Model Period Mean (intersection)","MeanState","global","scalar","mm d-1","1.28126","75.0"
"HydrologyCycle","Evapotranspiration","MOD16A2","JSBACH","Model Period Mean (complement)","MeanState","global","scalar","mm d-1","0.41844","75.0"
"HydrologyCycle","Evapotranspiration","MOD16A2","JSBACH","Spatial Distribution Score","MeanState","global","score","1","0.770904","75.0"
"HydrologyCycle","Evapotranspiration","MOD16A2","JSBACH","Phase Shift","MeanState","global","scalar","months","0.865907","75.0"
"HydrologyCycle","Evapotranspiration","MOD16A2","JSBACH","Seasonal Cycle Score","MeanState","global","score","1","0.922747","75.0"
"HydrologyCycle","Evapotranspiration","MOD16A2","JSBACH","Bias","MeanState","global","scalar","mm d-1","0.231899","75.0"
"HydrologyCycle","Evapotranspiration","MOD16A2","JSBACH","Bias Score","MeanState","global","score","1","0.658826","75.0"
"HydrologyCycle","Evapotranspiration","MOD16A2","JSBACH","RMSE","MeanState","global","scalar","mm d-1","0.561403","75.0"
"HydrologyCycle","Evapotranspiration","MOD16A2","JSBACH","RMSE Score","MeanState","global","score","1","0.572673","75.0"
"HydrologyCycle","Evapotranspiration","MOD16A2","JSBACH","Overall Score","MeanState","global","score","1","0.699564","75.0"
"HydrologyCycle","Evapotranspiration","MOD16A2","LPJ-EOSIM-fixspitfire","Benchmark Period Mean (intersection)","MeanState","global","scalar","mm d-1","1.05477","75.0"
"HydrologyCycle","Evapotranspiration","MOD16A2","LPJ-EOSIM-fixspitfire","Benchmark Period Mean (complement)","MeanState","global","scalar","mm d-1","1.15372","75.0"
"HydrologyCycle","Evapotranspiration","MOD16A2","LPJ-EOSIM-fixspitfire","Period Mean (original grids)","MeanState","global","scalar","mm d-1","0.827184","75.0"
"HydrologyCycle","Evapotranspiration","MOD16A2","LPJ-EOSIM-fixspitfire","Model Period Mean (intersection)","MeanState","global","scalar","mm d-1","0.936607","75.0"
"HydrologyCycle","Evapotranspiration","MOD16A2","LPJ-EOSIM-fixspitfire","Model Period Mean (complement)","MeanState","global","scalar","mm d-1","0.25839","75.0"
"HydrologyCycle","Evapotranspiration","MOD16A2","LPJ-EOSIM-fixspitfire","Spatial Distribution Score","MeanState","global","score","1","0.965365","75.0"
"HydrologyCycle","Evapotranspiration","MOD16A2","LPJ-EOSIM-fixspitfire","Phase Shift","MeanState","global","scalar","months","0.853178","75.0"
"HydrologyCycle","Evapotranspiration","MOD16A2","LPJ-EOSIM-fixspitfire","Seasonal Cycle Score","MeanState","global","score","1","0.921276","75.0"
"HydrologyCycle","Evapotranspiration","MOD16A2","LPJ-EOSIM-fixspitfire","Bias","MeanState","global","scalar","mm d-1","-0.118161","75.0"
"HydrologyCycle","Evapotranspiration","MOD16A2","LPJ-EOSIM-fixspitfire","Bias Score","MeanState","global","score","1","0.748596","75.0"
"HydrologyCycle","Evapotranspiration","MOD16A2","LPJ-EOSIM-fixspitfire","RMSE","MeanState","global","scalar","mm d-1","0.467128","75.0"
"HydrologyCycle","Evapotranspiration","MOD16A2","LPJ-EOSIM-fixspitfire","RMSE Score","MeanState","global","score","1","0.601232","75.0"
"HydrologyCycle","Evapotranspiration","MOD16A2","LPJ-EOSIM-fixspitfire","Overall Score","MeanState","global","score","1","0.76754","75.0"
"HydrologyCycle","Evapotranspiration","GLEAMv3.3a","JSBACH","Benchmark Period Mean (intersection)","MeanState","global","scalar","mm d-1","0.956491","75.0"
"HydrologyCycle","Evapotranspiration","GLEAMv3.3a","JSBACH","Benchmark Period Mean (complement)","MeanState","global","scalar","mm d-1","1.29068","75.0"
"HydrologyCycle","Evapotranspiration","GLEAMv3.3a","JSBACH","Period Mean (original grids)","MeanState","global","scalar","mm d-1","1.13354","75.0"
"HydrologyCycle","Evapotranspiration","GLEAMv3.3a","JSBACH","Model Period Mean (intersection)","MeanState","global","scalar","mm d-1","1.12756","75.0"
"HydrologyCycle","Evapotranspiration","GLEAMv3.3a","JSBACH","Model Period Mean (complement)","MeanState","global","scalar","mm d-1","1.38707","75.0"
"HydrologyCycle","Evapotranspiration","GLEAMv3.3a","JSBACH","Spatial Distribution Score","MeanState","global","score","1","0.916792","75.0"
"HydrologyCycle","Evapotranspiration","GLEAMv3.3a","JSBACH","Phase Shift","MeanState","global","scalar","months","0.660478","75.0"
"HydrologyCycle","Evapotranspiration","GLEAMv3.3a","JSBACH","Seasonal Cycle Score","MeanState","global","score","1","0.935774","75.0"
"HydrologyCycle","Evapotranspiration","GLEAMv3.3a","JSBACH","Bias","MeanState","global","scalar","mm d-1","0.171073","75.0"
"HydrologyCycle","Evapotranspiration","GLEAMv3.3a","JSBACH","Bias Score","MeanState","global","score","1","0.741401","75.0"
"HydrologyCycle","Evapotranspiration","GLEAMv3.3a","JSBACH","RMSE","MeanState","global","scalar","mm d-1","0.500425","75.0"
"HydrologyCycle","Evapotranspiration","GLEAMv3.3a","JSBACH","RMSE Score","MeanState","global","score","1","0.651922","75.0"
"HydrologyCycle","Evapotranspiration","GLEAMv3.3a","JSBACH","Overall Score","MeanState","global","score","1","0.779562","75.0"
"HydrologyCycle","Evapotranspiration","GLEAMv3.3a","LPJ-EOSIM-fixspitfire","Benchmark Period Mean (intersection)","MeanState","global","scalar","mm d-1","0.962567","75.0"
"HydrologyCycle","Evapotranspiration","GLEAMv3.3a","LPJ-EOSIM-fixspitfire","Benchmark Period Mean (complement)","MeanState","global","scalar","mm d-1","1.51426","75.0"
"HydrologyCycle","Evapotranspiration","GLEAMv3.3a","LPJ-EOSIM-fixspitfire","Period Mean (original grids)","MeanState","global","scalar","mm d-1","0.82451","75.0"
"HydrologyCycle","Evapotranspiration","GLEAMv3.3a","LPJ-EOSIM-fixspitfire","Model Period Mean (intersection)","MeanState","global","scalar","mm d-1","0.823262","75.0"
"HydrologyCycle","Evapotranspiration","GLEAMv3.3a","LPJ-EOSIM-fixspitfire","Model Period Mean (complement)","MeanState","global","scalar","mm d-1","0.90709","75.0"
"HydrologyCycle","Evapotranspiration","GLEAMv3.3a","LPJ-EOSIM-fixspitfire","Spatial Distribution Score","MeanState","global","score","1","0.960865","75.0"
"HydrologyCycle","Evapotranspiration","GLEAMv3.3a","LPJ-EOSIM-fixspitfire","Phase Shift","MeanState","global","scalar","months","0.650829","75.0"
"HydrologyCycle","Evapotranspiration","GLEAMv3.3a","LPJ-EOSIM-fixspitfire","Seasonal Cycle Score","MeanState","global","score","1","0.931615","75.0"
"HydrologyCycle","Evapotranspiration","GLEAMv3.3a","LPJ-EOSIM-fixspitfire","Bias","MeanState","global","scalar","mm d-1","-0.139306","75.0"
"HydrologyCycle","Evapotranspiration","GLEAMv3.3a","LPJ-EOSIM-fixspitfire","Bias Score","MeanState","global","score","1","0.802014","75.0"
"HydrologyCycle","Evapotranspiration","GLEAMv3.3a","LPJ-EOSIM-fixspitfire","RMSE","MeanState","global","scalar","mm d-1","0.403397","75.0"
"HydrologyCycle","Evapotranspiration","GLEAMv3.3a","LPJ-EOSIM-fixspitfire","RMSE Score","MeanState","global","score","1","0.697767","75.0"
"HydrologyCycle","Evapotranspiration","GLEAMv3.3a","LPJ-EOSIM-fixspitfire","Overall Score","MeanState","global","score","1","0.818006","75.0"
"HydrologyCycle","Evapotranspiration","GLEAMv3.3a","CLM","Benchmark Period Mean (intersection)","MeanState","global","scalar","mm d-1","0.975933","75.0"
"HydrologyCycle","Evapotranspiration","GLEAMv3.3a","CLM","Benchmark Period Mean (complement)","MeanState","global","scalar","mm d-1","2.42198","75.0"
"HydrologyCycle","Evapotranspiration","GLEAMv3.3a","CLM","Period Mean (original grids)","MeanState","global","scalar","mm d-1","0.975433","75.0"
"HydrologyCycle","Evapotranspiration","GLEAMv3.3a","CLM","Model Period Mean (intersection)","MeanState","global","scalar","mm d-1","0.955814","75.0"
"HydrologyCycle","Evapotranspiration","GLEAMv3.3a","CLM","Model Period Mean (complement)","MeanState","global","scalar","mm d-1","1.1562","75.0"
"HydrologyCycle","Evapotranspiration","GLEAMv3.3a","CLM","Spatial Distribution Score","MeanState","global","score","1","0.974471","75.0"
"HydrologyCycle","Evapotranspiration","GLEAMv3.3a","CLM","Phase Shift","MeanState","global","scalar","months","0.605863","75.0"
"HydrologyCycle","Evapotranspiration","GLEAMv3.3a","CLM","Seasonal Cycle Score","MeanState","global","score","1","0.951766","75.0"
"HydrologyCycle","Evapotranspiration","GLEAMv3.3a","CLM","Bias","MeanState","global","scalar","mm d-1","-0.0201187","75.0"
"HydrologyCycle","Evapotranspiration","GLEAMv3.3a","CLM","Bias Score","MeanState","global","score","1","0.814051","75.0"
"HydrologyCycle","Evapotranspiration","GLEAMv3.3a","CLM","RMSE","MeanState","global","scalar","mm d-1","0.395294","75.0"
"HydrologyCycle","Evapotranspiration","GLEAMv3.3a","CLM","RMSE Score","MeanState","global","score","1","0.706685","75.0"
"HydrologyCycle","Evapotranspiration","GLEAMv3.3a","CLM","Overall Score","MeanState","global","score","1","0.830732","75.0"
"HydrologyCycle","Evapotranspiration","GLEAMv3.3a","LPJ-EOSIM","Benchmark Period Mean (intersection)","MeanState","global","scalar","mm d-1","0.962567","75.0"
"HydrologyCycle","Evapotranspiration","GLEAMv3.3a","LPJ-EOSIM","Benchmark Period Mean (complement)","MeanState","global","scalar","mm d-1","1.51426","75.0"
"HydrologyCycle","Evapotranspiration","GLEAMv3.3a","LPJ-EOSIM","Period Mean (original grids)","MeanState","global","scalar","mm d-1","0.824515","75.0"
"HydrologyCycle","Evapotranspiration","GLEAMv3.3a","LPJ-EOSIM","Model Period Mean (intersection)","MeanState","global","scalar","mm d-1","0.823266","75.0"
"HydrologyCycle","Evapotranspiration","GLEAMv3.3a","LPJ-EOSIM","Model Period Mean (complement)","MeanState","global","scalar","mm d-1","0.907136","75.0"
"HydrologyCycle","Evapotranspiration","GLEAMv3.3a","LPJ-EOSIM","Spatial Distribution Score","MeanState","global","score","1","0.96087","75.0"
"HydrologyCycle","Evapotranspiration","GLEAMv3.3a","LPJ-EOSIM","Phase Shift","MeanState","global","scalar","months","0.65075","75.0"
"HydrologyCycle","Evapotranspiration","GLEAMv3.3a","LPJ-EOSIM","Seasonal Cycle Score","MeanState","global","score","1","0.931604","75.0"
"HydrologyCycle","Evapotranspiration","GLEAMv3.3a","LPJ-EOSIM","Bias","MeanState","global","scalar","mm d-1","-0.139301","75.0"
"HydrologyCycle","Evapotranspiration","GLEAMv3.3a","LPJ-EOSIM","Bias Score","MeanState","global","score","1","0.802021","75.0"
"HydrologyCycle","Evapotranspiration","GLEAMv3.3a","LPJ-EOSIM","RMSE","MeanState","global","scalar","mm d-1","0.403376","75.0"
"HydrologyCycle","Evapotranspiration","GLEAMv3.3a","LPJ-EOSIM","RMSE Score","MeanState","global","score","1","0.697785","75.0"
"HydrologyCycle","Evapotranspiration","GLEAMv3.3a","LPJ-EOSIM","Overall Score","MeanState","global","score","1","0.818013","75.0"
"HydrologyCycle","Evapotranspiration","GLEAMv3.3a","CLM-FATES","Benchmark Period Mean (intersection)","MeanState","global","scalar","mm d-1","0.974939","75.0"
"HydrologyCycle","Evapotranspiration","GLEAMv3.3a","CLM-FATES","Benchmark Period Mean (complement)","MeanState","global","scalar","mm d-1","1.4718","75.0"
"HydrologyCycle","Evapotranspiration","GLEAMv3.3a","CLM-FATES","Period Mean (original grids)","MeanState","global","scalar","mm d-1","0.908234","75.0"
"HydrologyCycle","Evapotranspiration","GLEAMv3.3a","CLM-FATES","Model Period Mean (intersection)","MeanState","global","scalar","mm d-1","0.896928","75.0"
"HydrologyCycle","Evapotranspiration","GLEAMv3.3a","CLM-FATES","Model Period Mean (complement)","MeanState","global","scalar","mm d-1","1.02414","75.0"
"HydrologyCycle","Evapotranspiration","GLEAMv3.3a","CLM-FATES","Spatial Distribution Score","MeanState","global","score","1","0.969125","75.0"
"HydrologyCycle","Evapotranspiration","GLEAMv3.3a","CLM-FATES","Phase Shift","MeanState","global","scalar","months","0.642101","75.0"
"HydrologyCycle","Evapotranspiration","GLEAMv3.3a","CLM-FATES","Seasonal Cycle Score","MeanState","global","score","1","0.953852","75.0"
"HydrologyCycle","Evapotranspiration","GLEAMv3.3a","CLM-FATES","Bias","MeanState","global","scalar","mm d-1","-0.0765892","75.0"
"HydrologyCycle","Evapotranspiration","GLEAMv3.3a","CLM-FATES","Bias Score","MeanState","global","score","1","0.807927","75.0"
"HydrologyCycle","Evapotranspiration","GLEAMv3.3a","CLM-FATES","RMSE","MeanState","global","scalar","mm d-1","0.359102","75.0"
"HydrologyCycle","Evapotranspiration","GLEAMv3.3a","CLM-FATES","RMSE Score","MeanState","global","score","1","0.741942","75.0"
"HydrologyCycle","Evapotranspiration","GLEAMv3.3a","CLM-FATES","Overall Score","MeanState","global","score","1","0.842958","75.0"
"HydrologyCycle","Evapotranspiration","GLEAMv3.3a","LPX-Bern","Benchmark Period Mean (intersection)","MeanState","global","scalar","mm d-1","0.980917","75.0"
"HydrologyCycle","Evapotranspiration","GLEAMv3.3a","LPX-Bern","Benchmark Period Mean (complement)","MeanState","global","scalar","mm d-1","0.899237","75.0"
"HydrologyCycle","Evapotranspiration","GLEAMv3.3a","LPX-Bern","Period Mean (original grids)","MeanState","global","scalar","mm d-1","4.38984","75.0"
"HydrologyCycle","Evapotranspiration","GLEAMv3.3a","LPX-Bern","Model Period Mean (intersection)","MeanState","global","scalar","mm d-1","4.39078","75.0"
"HydrologyCycle","Evapotranspiration","GLEAMv3.3a","LPX-Bern","Model Period Mean (complement)","MeanState","global","scalar","mm d-1","4.35435","75.0"
"HydrologyCycle","Evapotranspiration","GLEAMv3.3a","LPX-Bern","Spatial Distribution Score","MeanState","global","score","1","0.206209","75.0"
"HydrologyCycle","Evapotranspiration","GLEAMv3.3a","LPX-Bern","Phase Shift","MeanState","global","scalar","months","0.670293","75.0"
"HydrologyCycle","Evapotranspiration","GLEAMv3.3a","LPX-Bern","Seasonal Cycle Score","MeanState","global","score","1","0.937175","75.0"
"HydrologyCycle","Evapotranspiration","GLEAMv3.3a","LPX-Bern","Bias","MeanState","global","scalar","mm d-1","3.40987","75.0"
"HydrologyCycle","Evapotranspiration","GLEAMv3.3a","LPX-Bern","Bias Score","MeanState","global","score","1","0.0742336","75.0"
"HydrologyCycle","Evapotranspiration","GLEAMv3.3a","LPX-Bern","RMSE","MeanState","global","scalar","mm d-1","4.51254","75.0"
"HydrologyCycle","Evapotranspiration","GLEAMv3.3a","LPX-Bern","RMSE Score","MeanState","global","score","1","0.0622255","75.0"
"HydrologyCycle","Evapotranspiration","GLEAMv3.3a","LPX-Bern","Overall Score","MeanState","global","score","1","0.268414","75.0"
"HydrologyCycle","Evapotranspiration","GLEAMv3.3a","DVM-DOS-TEM","Benchmark Period Mean (intersection)","MeanState","global","scalar","mm d-1","0.865382","75.0"
"HydrologyCycle","Evapotranspiration","GLEAMv3.3a","DVM-DOS-TEM","Benchmark Period Mean (complement)","MeanState","global","scalar","mm d-1","1.02937","75.0"
"HydrologyCycle","Evapotranspiration","GLEAMv3.3a","DVM-DOS-TEM","Period Mean (original grids)","MeanState","global","scalar","mm d-1","0.89927","75.0"
"HydrologyCycle","Evapotranspiration","GLEAMv3.3a","DVM-DOS-TEM","Model Period Mean (intersection)","MeanState","global","scalar","mm d-1","0.898974","75.0"
"HydrologyCycle","Evapotranspiration","GLEAMv3.3a","DVM-DOS-TEM","Model Period Mean (complement)","MeanState","global","scalar","mm d-1","0.920377","75.0"
"HydrologyCycle","Evapotranspiration","GLEAMv3.3a","DVM-DOS-TEM","Spatial Distribution Score","MeanState","global","score","1","0.943252","75.0"
"HydrologyCycle","Evapotranspiration","GLEAMv3.3a","DVM-DOS-TEM","Phase Shift","MeanState","global","scalar","months","1.15773","75.0"
"HydrologyCycle","Evapotranspiration","GLEAMv3.3a","DVM-DOS-TEM","Seasonal Cycle Score","MeanState","global","score","1","0.864674","75.0"
"HydrologyCycle","Evapotranspiration","GLEAMv3.3a","DVM-DOS-TEM","Bias","MeanState","global","scalar","mm d-1","0.033592","75.0"
"HydrologyCycle","Evapotranspiration","GLEAMv3.3a","DVM-DOS-TEM","Bias Score","MeanState","global","score","1","0.833046","75.0"
"HydrologyCycle","Evapotranspiration","GLEAMv3.3a","DVM-DOS-TEM","RMSE","MeanState","global","scalar","mm d-1","0.725901","75.0"
"HydrologyCycle","Evapotranspiration","GLEAMv3.3a","DVM-DOS-TEM","RMSE Score","MeanState","global","score","1","0.553116","75.0"
"HydrologyCycle","Evapotranspiration","GLEAMv3.3a","DVM-DOS-TEM","Overall Score","MeanState","global","score","1","0.749441","75.0"
"HydrologyCycle","Evapotranspiration","MODIS","LPJ-EOSIM","Benchmark Period Mean (intersection)","MeanState","global","scalar","mm d-1","1.05496","75.0"
"HydrologyCycle","Evapotranspiration","MODIS","LPJ-EOSIM","Benchmark Period Mean (complement)","MeanState","global","scalar","mm d-1","1.15334","75.0"
"HydrologyCycle","Evapotranspiration","MODIS","LPJ-EOSIM","Period Mean (original grids)","MeanState","global","scalar","mm d-1","0.825643","75.0"
"HydrologyCycle","Evapotranspiration","MODIS","LPJ-EOSIM","Model Period Mean (intersection)","MeanState","global","scalar","mm d-1","0.934834","75.0"
"HydrologyCycle","Evapotranspiration","MODIS","LPJ-EOSIM","Model Period Mean (complement)","MeanState","global","scalar","mm d-1","0.258139","75.0"
"HydrologyCycle","Evapotranspiration","MODIS","LPJ-EOSIM","Spatial Distribution Score","MeanState","global","score","1","0.965974","75.0"
"HydrologyCycle","Evapotranspiration","MODIS","LPJ-EOSIM","Phase Shift","MeanState","global","scalar","months","0.853203","75.0"
"HydrologyCycle","Evapotranspiration","MODIS","LPJ-EOSIM","Seasonal Cycle Score","MeanState","global","score","1","0.921407","75.0"
"HydrologyCycle","Evapotranspiration","MODIS","LPJ-EOSIM","Bias","MeanState","global","scalar","mm d-1","-0.120126","75.0"
"HydrologyCycle","Evapotranspiration","MODIS","LPJ-EOSIM","Bias Score","MeanState","global","score","1","0.748274","75.0"
"HydrologyCycle","Evapotranspiration","MODIS","LPJ-EOSIM","RMSE","MeanState","global","scalar","mm d-1","0.467965","75.0"
"HydrologyCycle","Evapotranspiration","MODIS","LPJ-EOSIM","RMSE Score","MeanState","global","score","1","0.601021","75.0"
"HydrologyCycle","Evapotranspiration","MODIS","LPJ-EOSIM","Overall Score","MeanState","global","score","1","0.767539","75.0"
"HydrologyCycle","Evapotranspiration","MODIS","CLM-FATES","Benchmark Period Mean (intersection)","MeanState","global","scalar","mm d-1","1.05578","75.0"
"HydrologyCycle","Evapotranspiration","MODIS","CLM-FATES","Benchmark Period Mean (complement)","MeanState","global","scalar","mm d-1","1.23942","75.0"
"HydrologyCycle","Evapotranspiration","MODIS","CLM-FATES","Period Mean (original grids)","MeanState","global","scalar","mm d-1","0.909805","75.0"
"HydrologyCycle","Evapotranspiration","MODIS","CLM-FATES","Model Period Mean (intersection)","MeanState","global","scalar","mm d-1","1.01535","75.0"
"HydrologyCycle","Evapotranspiration","MODIS","CLM-FATES","Model Period Mean (complement)","MeanState","global","scalar","mm d-1","0.548267","75.0"
"HydrologyCycle","Evapotranspiration","MODIS","CLM-FATES","Spatial Distribution Score","MeanState","global","score","1","0.948939","75.0"
"HydrologyCycle","Evapotranspiration","MODIS","CLM-FATES","Phase Shift","MeanState","global","scalar","months","1.00035","75.0"
"HydrologyCycle","Evapotranspiration","MODIS","CLM-FATES","Seasonal Cycle Score","MeanState","global","score","1","0.922978","75.0"
"HydrologyCycle","Evapotranspiration","MODIS","CLM-FATES","Bias","MeanState","global","scalar","mm d-1","-0.0401016","75.0"
"HydrologyCycle","Evapotranspiration","MODIS","CLM-FATES","Bias Score","MeanState","global","score","1","0.749751","75.0"
"HydrologyCycle","Evapotranspiration","MODIS","CLM-FATES","RMSE","MeanState","global","scalar","mm d-1","0.497595","75.0"
"HydrologyCycle","Evapotranspiration","MODIS","CLM-FATES","RMSE Score","MeanState","global","score","1","0.59858","75.0"
"HydrologyCycle","Evapotranspiration","MODIS","CLM-FATES","Overall Score","MeanState","global","score","1","0.763766","75.0"
"HydrologyCycle","Evapotranspiration","MODIS","LPX-Bern","Benchmark Period Mean (intersection)","MeanState","global","scalar","mm d-1","1.05314","75.0"
"HydrologyCycle","Evapotranspiration","MODIS","LPX-Bern","Benchmark Period Mean (complement)","MeanState","global","scalar","mm d-1","1.24197","75.0"
"HydrologyCycle","Evapotranspiration","MODIS","LPX-Bern","Period Mean (original grids)","MeanState","global","scalar","mm d-1","4.40811","75.0"
"HydrologyCycle","Evapotranspiration","MODIS","LPX-Bern","Model Period Mean (intersection)","MeanState","global","scalar","mm d-1","4.67993","75.0"
"HydrologyCycle","Evapotranspiration","MODIS","LPX-Bern","Model Period Mean (complement)","MeanState","global","scalar","mm d-1","3.04819","75.0"
"HydrologyCycle","Evapotranspiration","MODIS","LPX-Bern","Spatial Distribution Score","MeanState","global","score","1","0.132044","75.0"
"HydrologyCycle","Evapotranspiration","MODIS","LPX-Bern","Phase Shift","MeanState","global","scalar","months","1.0544","75.0"
"HydrologyCycle","Evapotranspiration","MODIS","LPX-Bern","Seasonal Cycle Score","MeanState","global","score","1","0.909773","75.0"
"HydrologyCycle","Evapotranspiration","MODIS","LPX-Bern","Bias","MeanState","global","scalar","mm d-1","3.62679","75.0"
"HydrologyCycle","Evapotranspiration","MODIS","LPX-Bern","Bias Score","MeanState","global","score","1","0.0526426","75.0"
"HydrologyCycle","Evapotranspiration","MODIS","LPX-Bern","RMSE","MeanState","global","scalar","mm d-1","5.04749","75.0"
"HydrologyCycle","Evapotranspiration","MODIS","LPX-Bern","RMSE Score","MeanState","global","score","1","0.0270342","75.0"
"HydrologyCycle","Evapotranspiration","MODIS","LPX-Bern","Overall Score","MeanState","global","score","1","0.229706","75.0"
"HydrologyCycle","Evapotranspiration","MODIS","DVM-DOS-TEM","Benchmark Period Mean (intersection)","MeanState","global","scalar","mm d-1","0.944197","75.0"
"HydrologyCycle","Evapotranspiration","MODIS","DVM-DOS-TEM","Benchmark Period Mean (complement)","MeanState","global","scalar","mm d-1","1.11596","75.0"
"HydrologyCycle","Evapotranspiration","MODIS","DVM-DOS-TEM","Period Mean (original grids)","MeanState","global","scalar","mm d-1","0.90975","75.0"
"HydrologyCycle","Evapotranspiration","MODIS","DVM-DOS-TEM","Model Period Mean (intersection)","MeanState","global","scalar","mm d-1","0.946412","75.0"
"HydrologyCycle","Evapotranspiration","MODIS","DVM-DOS-TEM","Model Period Mean (complement)","MeanState","global","scalar","mm d-1","0.475334","75.0"
"HydrologyCycle","Evapotranspiration","MODIS","DVM-DOS-TEM","Spatial Distribution Score","MeanState","global","score","1","0.578951","75.0"
"HydrologyCycle","Evapotranspiration","MODIS","DVM-DOS-TEM","Phase Shift","MeanState","global","scalar","months","1.07359","75.0"
"HydrologyCycle","Evapotranspiration","MODIS","DVM-DOS-TEM","Seasonal Cycle Score","MeanState","global","score","1","0.859744","75.0"
"HydrologyCycle","Evapotranspiration","MODIS","DVM-DOS-TEM","Bias","MeanState","global","scalar","mm d-1","0.00221538","75.0"
"HydrologyCycle","Evapotranspiration","MODIS","DVM-DOS-TEM","Bias Score","MeanState","global","score","1","0.783255","75.0"
"HydrologyCycle","Evapotranspiration","MODIS","DVM-DOS-TEM","RMSE","MeanState","global","scalar","mm d-1","0.658799","75.0"
"HydrologyCycle","Evapotranspiration","MODIS","DVM-DOS-TEM","RMSE Score","MeanState","global","score","1","0.518444","75.0"
"HydrologyCycle","Evapotranspiration","MODIS","DVM-DOS-TEM","Overall Score","MeanState","global","score","1","0.651768","75.0"
"HydrologyCycle","Evapotranspiration","MODIS","CLM","Benchmark Period Mean (intersection)","MeanState","global","scalar","mm d-1","1.05737","75.0"
"HydrologyCycle","Evapotranspiration","MODIS","CLM","Benchmark Period Mean (complement)","MeanState","global","scalar","mm d-1","1.35576","75.0"
"HydrologyCycle","Evapotranspiration","MODIS","CLM","Period Mean (original grids)","MeanState","global","scalar","mm d-1","0.974929","75.0"
"HydrologyCycle","Evapotranspiration","MODIS","CLM","Model Period Mean (intersection)","MeanState","global","scalar","mm d-1","1.08016","75.0"
"HydrologyCycle","Evapotranspiration","MODIS","CLM","Model Period Mean (complement)","MeanState","global","scalar","mm d-1","0.667702","75.0"
"HydrologyCycle","Evapotranspiration","MODIS","CLM","Spatial Distribution Score","MeanState","global","score","1","0.952874","75.0"
"HydrologyCycle","Evapotranspiration","MODIS","CLM","Phase Shift","MeanState","global","scalar","months","0.97154","75.0"
"HydrologyCycle","Evapotranspiration","MODIS","CLM","Seasonal Cycle Score","MeanState","global","score","1","0.922614","75.0"
"HydrologyCycle","Evapotranspiration","MODIS","CLM","Bias","MeanState","global","scalar","mm d-1","0.0227925","75.0"
"HydrologyCycle","Evapotranspiration","MODIS","CLM","Bias Score","MeanState","global","score","1","0.75169","75.0"
"HydrologyCycle","Evapotranspiration","MODIS","CLM","RMSE","MeanState","global","scalar","mm d-1","0.543995","75.0"
"HydrologyCycle","Evapotranspiration","MODIS","CLM","RMSE Score","MeanState","global","score","1","0.570483","75.0"
"HydrologyCycle","Evapotranspiration","MODIS","CLM","Overall Score","MeanState","global","score","1","0.753629","75.0"
"HydrologyCycle","Evapotranspiration","MODIS","JSBACH","Benchmark Period Mean (intersection)","MeanState","global","scalar","mm d-1","1.04962","75.0"
"HydrologyCycle","Evapotranspiration","MODIS","JSBACH","Benchmark Period Mean (complement)","MeanState","global","scalar","mm d-1","1.25152","75.0"
"HydrologyCycle","Evapotranspiration","MODIS","JSBACH","Period Mean (original grids)","MeanState","global","scalar","mm d-1","1.12814","75.0"
"HydrologyCycle","Evapotranspiration","MODIS","JSBACH","Model Period Mean (intersection)","MeanState","global","scalar","mm d-1","1.27944","75.0"
"HydrologyCycle","Evapotranspiration","MODIS","JSBACH","Model Period Mean (complement)","MeanState","global","scalar","mm d-1","0.418031","75.0"
"HydrologyCycle","Evapotranspiration","MODIS","JSBACH","Spatial Distribution Score","MeanState","global","score","1","0.773216","75.0"
"HydrologyCycle","Evapotranspiration","MODIS","JSBACH","Phase Shift","MeanState","global","scalar","months","0.865268","75.0"
"HydrologyCycle","Evapotranspiration","MODIS","JSBACH","Seasonal Cycle Score","MeanState","global","score","1","0.922989","75.0"
"HydrologyCycle","Evapotranspiration","MODIS","JSBACH","Bias","MeanState","global","scalar","mm d-1","0.229817","75.0"
"HydrologyCycle","Evapotranspiration","MODIS","JSBACH","Bias Score","MeanState","global","score","1","0.660605","75.0"
"HydrologyCycle","Evapotranspiration","MODIS","JSBACH","RMSE","MeanState","global","scalar","mm d-1","0.561259","75.0"
"HydrologyCycle","Evapotranspiration","MODIS","JSBACH","RMSE Score","MeanState","global","score","1","0.572299","75.0"
"HydrologyCycle","Evapotranspiration","MODIS","JSBACH","Overall Score","MeanState","global","score","1","0.700282","75.0"
"HydrologyCycle","Evapotranspiration","MODIS","LPJ-EOSIM-fixspitfire","Benchmark Period Mean (intersection)","MeanState","global","scalar","mm d-1","1.05496","75.0"
"HydrologyCycle","Evapotranspiration","MODIS","LPJ-EOSIM-fixspitfire","Benchmark Period Mean (complement)","MeanState","global","scalar","mm d-1","1.15334","75.0"
"HydrologyCycle","Evapotranspiration","MODIS","LPJ-EOSIM-fixspitfire","Period Mean (original grids)","MeanState","global","scalar","mm d-1","0.825631","75.0"
"HydrologyCycle","Evapotranspiration","MODIS","LPJ-EOSIM-fixspitfire","Model Period Mean (intersection)","MeanState","global","scalar","mm d-1","0.93482","75.0"
"HydrologyCycle","Evapotranspiration","MODIS","LPJ-EOSIM-fixspitfire","Model Period Mean (complement)","MeanState","global","scalar","mm d-1","0.258139","75.0"
"HydrologyCycle","Evapotranspiration","MODIS","LPJ-EOSIM-fixspitfire","Spatial Distribution Score","MeanState","global","score","1","0.965979","75.0"
"HydrologyCycle","Evapotranspiration","MODIS","LPJ-EOSIM-fixspitfire","Phase Shift","MeanState","global","scalar","months","0.853477","75.0"
"HydrologyCycle","Evapotranspiration","MODIS","LPJ-EOSIM-fixspitfire","Seasonal Cycle Score","MeanState","global","score","1","0.921381","75.0"
"HydrologyCycle","Evapotranspiration","MODIS","LPJ-EOSIM-fixspitfire","Bias","MeanState","global","scalar","mm d-1","-0.12014","75.0"
"HydrologyCycle","Evapotranspiration","MODIS","LPJ-EOSIM-fixspitfire","Bias Score","MeanState","global","score","1","0.74827","75.0"
"HydrologyCycle","Evapotranspiration","MODIS","LPJ-EOSIM-fixspitfire","RMSE","MeanState","global","scalar","mm d-1","0.467942","75.0"
"HydrologyCycle","Evapotranspiration","MODIS","LPJ-EOSIM-fixspitfire","RMSE Score","MeanState","global","score","1","0.601044","75.0"
"HydrologyCycle","Evapotranspiration","MODIS","LPJ-EOSIM-fixspitfire","Overall Score","MeanState","global","score","1","0.767544","75.0"
"HydrologyCycle","BurnedArea","GFED4.1S","JULES-FireP0005","Benchmark Period Mean (intersection)","MeanState","global","scalar","%","0.0551099","75.0"
"HydrologyCycle","BurnedArea","GFED4.1S","JULES-FireP0005","Benchmark Period Mean (complement)","MeanState","global","scalar","%","0.00873642","75.0"
"HydrologyCycle","BurnedArea","GFED4.1S","JULES-FireP0005","Period Mean (original grids)","MeanState","global","scalar","%","0.0798727","75.0"
"HydrologyCycle","BurnedArea","GFED4.1S","JULES-FireP0005","Model Period Mean (intersection)","MeanState","global","scalar","%","0.0912956","75.0"
"HydrologyCycle","BurnedArea","GFED4.1S","JULES-FireP0005","Model Period Mean (complement)","MeanState","global","scalar","%","0.0236731","75.0"
"HydrologyCycle","BurnedArea","GFED4.1S","JULES-FireP0005","Spatial Distribution Score","MeanState","global","score","1","0.537241","75.0"
"HydrologyCycle","BurnedArea","GFED4.1S","JULES-FireP0005","Phase Shift","MeanState","global","scalar","months","2.41751","75.0"
"HydrologyCycle","BurnedArea","GFED4.1S","JULES-FireP0005","Seasonal Cycle Score","MeanState","global","score","1","0.622763","75.0"
"HydrologyCycle","BurnedArea","GFED4.1S","JULES-FireP0005","Bias","MeanState","global","scalar","%","0.0361327","75.0"
"HydrologyCycle","BurnedArea","GFED4.1S","JULES-FireP0005","Bias Score","MeanState","global","score","1","0.556688","75.0"
"HydrologyCycle","BurnedArea","GFED4.1S","JULES-FireP0005","RMSE","MeanState","global","scalar","%","0.174924","75.0"
"HydrologyCycle","BurnedArea","GFED4.1S","JULES-FireP0005","RMSE Score","MeanState","global","score","1","0.390231","75.0"
"HydrologyCycle","BurnedArea","GFED4.1S","JULES-FireP0005","Overall Score","MeanState","global","score","1","0.499431","75.0"
"HydrologyCycle","BurnedArea","GFED4.1S","CLM-FATES","Benchmark Period Mean (intersection)","MeanState","global","scalar","%","0.0554763","75.0"
"HydrologyCycle","BurnedArea","GFED4.1S","CLM-FATES","Benchmark Period Mean (complement)","MeanState","global","scalar","%","0.00914786","75.0"
"HydrologyCycle","BurnedArea","GFED4.1S","CLM-FATES","Period Mean (original grids)","MeanState","global","scalar","%","0.0602143","75.0"
"HydrologyCycle","BurnedArea","GFED4.1S","CLM-FATES","Model Period Mean (intersection)","MeanState","global","scalar","%","0.0656308","75.0"
"HydrologyCycle","BurnedArea","GFED4.1S","CLM-FATES","Model Period Mean (complement)","MeanState","global","scalar","%","0.0285037","75.0"
"HydrologyCycle","BurnedArea","GFED4.1S","CLM-FATES","Spatial Distribution Score","MeanState","global","score","1","0.598213","75.0"
"HydrologyCycle","BurnedArea","GFED4.1S","CLM-FATES","Phase Shift","MeanState","global","scalar","months","2.32019","75.0"
"HydrologyCycle","BurnedArea","GFED4.1S","CLM-FATES","Seasonal Cycle Score","MeanState","global","score","1","0.633687","75.0"
"HydrologyCycle","BurnedArea","GFED4.1S","CLM-FATES","Bias","MeanState","global","scalar","%","0.0102741","75.0"
"HydrologyCycle","BurnedArea","GFED4.1S","CLM-FATES","Bias Score","MeanState","global","score","1","0.728612","75.0"
"HydrologyCycle","BurnedArea","GFED4.1S","CLM-FATES","RMSE","MeanState","global","scalar","%","0.183633","75.0"
"HydrologyCycle","BurnedArea","GFED4.1S","CLM-FATES","RMSE Score","MeanState","global","score","1","0.54645","75.0"
"HydrologyCycle","BurnedArea","GFED4.1S","CLM-FATES","Overall Score","MeanState","global","score","1","0.610682","75.0"
"HydrologyCycle","BurnedArea","GFED4.1S","JULES-FireP0336","Benchmark Period Mean (intersection)","MeanState","global","scalar","%","0.0550516","75.0"
"HydrologyCycle","BurnedArea","GFED4.1S","JULES-FireP0336","Benchmark Period Mean (complement)","MeanState","global","scalar","%","0.00912816","75.0"
"HydrologyCycle","BurnedArea","GFED4.1S","JULES-FireP0336","Period Mean (original grids)","MeanState","global","scalar","%","0.0836938","75.0"
"HydrologyCycle","BurnedArea","GFED4.1S","JULES-FireP0336","Model Period Mean (intersection)","MeanState","global","scalar","%","0.0963552","75.0"
"HydrologyCycle","BurnedArea","GFED4.1S","JULES-FireP0336","Model Period Mean (complement)","MeanState","global","scalar","%","0.0215021","75.0"
"HydrologyCycle","BurnedArea","GFED4.1S","JULES-FireP0336","Spatial Distribution Score","MeanState","global","score","1","0.570401","75.0"
"HydrologyCycle","BurnedArea","GFED4.1S","JULES-FireP0336","Phase Shift","MeanState","global","scalar","months","2.42619","75.0"
"HydrologyCycle","BurnedArea","GFED4.1S","JULES-FireP0336","Seasonal Cycle Score","MeanState","global","score","1","0.621866","75.0"
"HydrologyCycle","BurnedArea","GFED4.1S","JULES-FireP0336","Bias","MeanState","global","scalar","%","0.0412362","75.0"
"HydrologyCycle","BurnedArea","GFED4.1S","JULES-FireP0336","Bias Score","MeanState","global","score","1","0.546191","75.0"
"HydrologyCycle","BurnedArea","GFED4.1S","JULES-FireP0336","RMSE","MeanState","global","scalar","%","0.177764","75.0"
"HydrologyCycle","BurnedArea","GFED4.1S","JULES-FireP0336","RMSE Score","MeanState","global","score","1","0.38532","75.0"
"HydrologyCycle","BurnedArea","GFED4.1S","JULES-FireP0336","Overall Score","MeanState","global","score","1","0.50182","75.0"
"HydrologyCycle","BurnedArea","GFED4.1S","LPJ-EOSIM-fixspitfire","Benchmark Period Mean (intersection)","MeanState","global","scalar","%","0.0564524","75.0"
"HydrologyCycle","BurnedArea","GFED4.1S","LPJ-EOSIM-fixspitfire","Benchmark Period Mean (complement)","MeanState","global","scalar","%","0.00973064","75.0"
"HydrologyCycle","BurnedArea","GFED4.1S","LPJ-EOSIM-fixspitfire","Period Mean (original grids)","MeanState","global","scalar","%","0.0478603","75.0"
"HydrologyCycle","BurnedArea","GFED4.1S","LPJ-EOSIM-fixspitfire","Model Period Mean (intersection)","MeanState","global","scalar","%","0.0528101","75.0"
"HydrologyCycle","BurnedArea","GFED4.1S","LPJ-EOSIM-fixspitfire","Model Period Mean (complement)","MeanState","global","scalar","%","0.00428226","75.0"
"HydrologyCycle","BurnedArea","GFED4.1S","LPJ-EOSIM-fixspitfire","Spatial Distribution Score","MeanState","global","score","1","0.426057","75.0"
"HydrologyCycle","BurnedArea","GFED4.1S","LPJ-EOSIM-fixspitfire","Phase Shift","MeanState","global","scalar","months","3.55686","75.0"
"HydrologyCycle","BurnedArea","GFED4.1S","LPJ-EOSIM-fixspitfire","Seasonal Cycle Score","MeanState","global","score","1","0.385187","75.0"
"HydrologyCycle","BurnedArea","GFED4.1S","LPJ-EOSIM-fixspitfire","Bias","MeanState","global","scalar","%","-0.00364227","75.0"
"HydrologyCycle","BurnedArea","GFED4.1S","LPJ-EOSIM-fixspitfire","Bias Score","MeanState","global","score","1","0.788457","75.0"
"HydrologyCycle","BurnedArea","GFED4.1S","LPJ-EOSIM-fixspitfire","RMSE","MeanState","global","scalar","%","0.154666","75.0"
"HydrologyCycle","BurnedArea","GFED4.1S","LPJ-EOSIM-fixspitfire","RMSE Score","MeanState","global","score","1","0.719488","75.0"
"HydrologyCycle","BurnedArea","GFED4.1S","LPJ-EOSIM-fixspitfire","Overall Score","MeanState","global","score","1","0.607735","75.0"
"HydrologyCycle","BurnedArea","GFED4.1S","LPJ-EOSIM","Benchmark Period Mean (intersection)","MeanState","global","scalar","%","0.0564524","75.0"
"HydrologyCycle","BurnedArea","GFED4.1S","LPJ-EOSIM","Benchmark Period Mean (complement)","MeanState","global","scalar","%","0.00973064","75.0"
"HydrologyCycle","BurnedArea","GFED4.1S","LPJ-EOSIM","Period Mean (original grids)","MeanState","global","scalar","%","0.0441455","75.0"
"HydrologyCycle","BurnedArea","GFED4.1S","LPJ-EOSIM","Model Period Mean (intersection)","MeanState","global","scalar","%","0.0483881","75.0"
"HydrologyCycle","BurnedArea","GFED4.1S","LPJ-EOSIM","Model Period Mean (complement)","MeanState","global","scalar","%","0.00679355","75.0"
"HydrologyCycle","BurnedArea","GFED4.1S","LPJ-EOSIM","Spatial Distribution Score","MeanState","global","score","1","0.476021","75.0"
"HydrologyCycle","BurnedArea","GFED4.1S","LPJ-EOSIM","Phase Shift","MeanState","global","scalar","months","3.55686","75.0"
"HydrologyCycle","BurnedArea","GFED4.1S","LPJ-EOSIM","Seasonal Cycle Score","MeanState","global","score","1","0.385187","75.0"
"HydrologyCycle","BurnedArea","GFED4.1S","LPJ-EOSIM","Bias","MeanState","global","scalar","%","-0.00806425","75.0"
"HydrologyCycle","BurnedArea","GFED4.1S","LPJ-EOSIM","Bias Score","MeanState","global","score","1","0.788062","75.0"
"HydrologyCycle","BurnedArea","GFED4.1S","LPJ-EOSIM","RMSE","MeanState","global","scalar","%","0.150563","75.0"
"HydrologyCycle","BurnedArea","GFED4.1S","LPJ-EOSIM","RMSE Score","MeanState","global","score","1","0.719488","75.0"
"HydrologyCycle","BurnedArea","GFED4.1S","LPJ-EOSIM","Overall Score","MeanState","global","score","1","0.617649","75.0"
"HydrologyCycle","BurnedArea","GFED4.1S","CLM","Benchmark Period Mean (intersection)","MeanState","global","scalar","%","0.0551308","75.0"
"HydrologyCycle","BurnedArea","GFED4.1S","CLM","Benchmark Period Mean (complement)","MeanState","global","scalar","%","0.00114262","75.0"
"HydrologyCycle","BurnedArea","GFED4.1S","CLM","Period Mean (original grids)","MeanState","global","scalar","%","0.088685","75.0"
"HydrologyCycle","BurnedArea","GFED4.1S","CLM","Model Period Mean (intersection)","MeanState","global","scalar","%","0.103682","75.0"
"HydrologyCycle","BurnedArea","GFED4.1S","CLM","Model Period Mean (complement)","MeanState","global","scalar","%","0.0158978","75.0"
"HydrologyCycle","BurnedArea","GFED4.1S","CLM","Spatial Distribution Score","MeanState","global","score","1","0.630044","75.0"
"HydrologyCycle","BurnedArea","GFED4.1S","CLM","Phase Shift","MeanState","global","scalar","months","2.32375","75.0"
"HydrologyCycle","BurnedArea","GFED4.1S","CLM","Seasonal Cycle Score","MeanState","global","score","1","0.639926","75.0"
"HydrologyCycle","BurnedArea","GFED4.1S","CLM","Bias","MeanState","global","scalar","%","0.0485513","75.0"
"HydrologyCycle","BurnedArea","GFED4.1S","CLM","Bias Score","MeanState","global","score","1","0.642105","75.0"
"HydrologyCycle","BurnedArea","GFED4.1S","CLM","RMSE","MeanState","global","scalar","%","0.245264","75.0"
"HydrologyCycle","BurnedArea","GFED4.1S","CLM","RMSE Score","MeanState","global","score","1","0.41066","75.0"
"HydrologyCycle","BurnedArea","GFED4.1S","CLM","Overall Score","MeanState","global","score","1","0.546679","75.0"
"HydrologyCycle","BurnedArea","GFED4.1S","JSBACH","Benchmark Period Mean (intersection)","MeanState","global","scalar","%","0.0575744","75.0"
"HydrologyCycle","BurnedArea","GFED4.1S","JSBACH","Benchmark Period Mean (complement)","MeanState","global","scalar","%","0.0161077","75.0"
"HydrologyCycle","BurnedArea","GFED4.1S","JSBACH","Period Mean (original grids)","MeanState","global","scalar","%","0.0411137","75.0"
"HydrologyCycle","BurnedArea","GFED4.1S","JSBACH","Model Period Mean (intersection)","MeanState","global","scalar","%","0.0446916","75.0"
"HydrologyCycle","BurnedArea","GFED4.1S","JSBACH","Model Period Mean (complement)","MeanState","global","scalar","%","0.0138814","75.0"
"HydrologyCycle","BurnedArea","GFED4.1S","JSBACH","Spatial Distribution Score","MeanState","global","score","1","0.424373","75.0"
"HydrologyCycle","BurnedArea","GFED4.1S","JSBACH","Phase Shift","MeanState","global","scalar","months","2.43726","75.0"
"HydrologyCycle","BurnedArea","GFED4.1S","JSBACH","Seasonal Cycle Score","MeanState","global","score","1","0.61673","75.0"
"HydrologyCycle","BurnedArea","GFED4.1S","JSBACH","Bias","MeanState","global","scalar","%","-0.0128828","75.0"
"HydrologyCycle","BurnedArea","GFED4.1S","JSBACH","Bias Score","MeanState","global","score","1","0.678233","75.0"
"HydrologyCycle","BurnedArea","GFED4.1S","JSBACH","RMSE","MeanState","global","scalar","%","0.142637","75.0"
"HydrologyCycle","BurnedArea","GFED4.1S","JSBACH","RMSE Score","MeanState","global","score","1","0.483228","75.0"
"HydrologyCycle","BurnedArea","GFED4.1S","JSBACH","Overall Score","MeanState","global","score","1","0.537158","75.0"
"HydrologyCycle","BurnedArea","GFED4.1S","JULES-FireP0249","Benchmark Period Mean (intersection)","MeanState","global","scalar","%","0.0551883","75.0"
"HydrologyCycle","BurnedArea","GFED4.1S","JULES-FireP0249","Benchmark Period Mean (complement)","MeanState","global","scalar","%","0.0108051","75.0"
"HydrologyCycle","BurnedArea","GFED4.1S","JULES-FireP0249","Period Mean (original grids)","MeanState","global","scalar","%","0.0918783","75.0"
"HydrologyCycle","BurnedArea","GFED4.1S","JULES-FireP0249","Model Period Mean (intersection)","MeanState","global","scalar","%","0.104905","75.0"
"HydrologyCycle","BurnedArea","GFED4.1S","JULES-FireP0249","Model Period Mean (complement)","MeanState","global","scalar","%","0.0275319","75.0"
"HydrologyCycle","BurnedArea","GFED4.1S","JULES-FireP0249","Spatial Distribution Score","MeanState","global","score","1","0.558876","75.0"
"HydrologyCycle","BurnedArea","GFED4.1S","JULES-FireP0249","Phase Shift","MeanState","global","scalar","months","2.47852","75.0"
"HydrologyCycle","BurnedArea","GFED4.1S","JULES-FireP0249","Seasonal Cycle Score","MeanState","global","score","1","0.611225","75.0"
"HydrologyCycle","BurnedArea","GFED4.1S","JULES-FireP0249","Bias","MeanState","global","scalar","%","0.0496522","75.0"
"HydrologyCycle","BurnedArea","GFED4.1S","JULES-FireP0249","Bias Score","MeanState","global","score","1","0.532648","75.0"
"HydrologyCycle","BurnedArea","GFED4.1S","JULES-FireP0249","RMSE","MeanState","global","scalar","%","0.18966","75.0"
"HydrologyCycle","BurnedArea","GFED4.1S","JULES-FireP0249","RMSE Score","MeanState","global","score","1","0.36592","75.0"
"HydrologyCycle","BurnedArea","GFED4.1S","JULES-FireP0249","Overall Score","MeanState","global","score","1","0.486918","75.0"
"HydrologyCycle","BurnedArea","GFED4.1S","JULES-FireP0304","Benchmark Period Mean (intersection)","MeanState","global","scalar","%","0.0550516","75.0"
"HydrologyCycle","BurnedArea","GFED4.1S","JULES-FireP0304","Benchmark Period Mean (complement)","MeanState","global","scalar","%","0.00912816","75.0"
"HydrologyCycle","BurnedArea","GFED4.1S","JULES-FireP0304","Period Mean (original grids)","MeanState","global","scalar","%","0.0703338","75.0"
"HydrologyCycle","BurnedArea","GFED4.1S","JULES-FireP0304","Model Period Mean (intersection)","MeanState","global","scalar","%","0.0796246","75.0"
"HydrologyCycle","BurnedArea","GFED4.1S","JULES-FireP0304","Model Period Mean (complement)","MeanState","global","scalar","%","0.024167","75.0"
"HydrologyCycle","BurnedArea","GFED4.1S","JULES-FireP0304","Spatial Distribution Score","MeanState","global","score","1","0.526112","75.0"
"HydrologyCycle","BurnedArea","GFED4.1S","JULES-FireP0304","Phase Shift","MeanState","global","scalar","months","2.36545","75.0"
"HydrologyCycle","BurnedArea","GFED4.1S","JULES-FireP0304","Seasonal Cycle Score","MeanState","global","score","1","0.636086","75.0"
"HydrologyCycle","BurnedArea","GFED4.1S","JULES-FireP0304","Bias","MeanState","global","scalar","%","0.0244294","75.0"
"HydrologyCycle","BurnedArea","GFED4.1S","JULES-FireP0304","Bias Score","MeanState","global","score","1","0.581773","75.0"
"HydrologyCycle","BurnedArea","GFED4.1S","JULES-FireP0304","RMSE","MeanState","global","scalar","%","0.164552","75.0"
"HydrologyCycle","BurnedArea","GFED4.1S","JULES-FireP0304","RMSE Score","MeanState","global","score","1","0.427131","75.0"
"HydrologyCycle","BurnedArea","GFED4.1S","JULES-FireP0304","Overall Score","MeanState","global","score","1","0.519647","75.0"
"HydrologyCycle","BurnedArea","GFED4.1S","LPX-Bern","Benchmark Period Mean (intersection)","MeanState","global","scalar","%","0.0565477","75.0"
"HydrologyCycle","BurnedArea","GFED4.1S","LPX-Bern","Benchmark Period Mean (complement)","MeanState","global","scalar","%","0.0181095","75.0"
"HydrologyCycle","BurnedArea","GFED4.1S","LPX-Bern","Period Mean (original grids)","MeanState","global","scalar","%","0.0384989","75.0"
"HydrologyCycle","BurnedArea","GFED4.1S","LPX-Bern","Model Period Mean (intersection)","MeanState","global","scalar","%","0.0405258","75.0"
"HydrologyCycle","BurnedArea","GFED4.1S","LPX-Bern","Model Period Mean (complement)","MeanState","global","scalar","%","0.0203452","75.0"
"HydrologyCycle","BurnedArea","GFED4.1S","LPX-Bern","Spatial Distribution Score","MeanState","global","score","1","0.214618","75.0"
"HydrologyCycle","BurnedArea","GFED4.1S","LPX-Bern","Phase Shift","MeanState","global","scalar","months","2.47242","75.0"
"HydrologyCycle","BurnedArea","GFED4.1S","LPX-Bern","Seasonal Cycle Score","MeanState","global","score","1","0.606539","75.0"
"HydrologyCycle","BurnedArea","GFED4.1S","LPX-Bern","Bias","MeanState","global","scalar","%","-0.0160219","75.0"
"HydrologyCycle","BurnedArea","GFED4.1S","LPX-Bern","Bias Score","MeanState","global","score","1","0.634367","75.0"
"HydrologyCycle","BurnedArea","GFED4.1S","LPX-Bern","RMSE","MeanState","global","scalar","%","0.14192","75.0"
"HydrologyCycle","BurnedArea","GFED4.1S","LPX-Bern","RMSE Score","MeanState","global","score","1","0.465435","75.0"
"HydrologyCycle","BurnedArea","GFED4.1S","LPX-Bern","Overall Score","MeanState","global","score","1","0.477279","75.0"
"HydrologyCycle","Runoff","LORA","DLEM","Benchmark Period Mean (intersection)","MeanState","global","scalar","mm d-1","0.662702","75.0"
"HydrologyCycle","Runoff","LORA","DLEM","Benchmark Period Mean (complement)","MeanState","global","scalar","mm d-1","nan","75.0"
"HydrologyCycle","Runoff","LORA","DLEM","Period Mean (original grids)","MeanState","global","scalar","mm d-1","0.402104","75.0"
"HydrologyCycle","Runoff","LORA","DLEM","Model Period Mean (intersection)","MeanState","global","scalar","mm d-1","0.430672","75.0"
"HydrologyCycle","Runoff","LORA","DLEM","Model Period Mean (complement)","MeanState","global","scalar","mm d-1","0.277689","75.0"
"HydrologyCycle","Runoff","LORA","DLEM","Spatial Distribution Score","MeanState","global","score","1","0.866071","75.0"
"HydrologyCycle","Runoff","LORA","DLEM","Phase Shift","MeanState","global","scalar","months","1.34032","75.0"
"HydrologyCycle","Runoff","LORA","DLEM","Seasonal Cycle Score","MeanState","global","score","1","0.883588","75.0"
"HydrologyCycle","Runoff","LORA","DLEM","Bias","MeanState","global","scalar","mm d-1","-0.23203","75.0"
"HydrologyCycle","Runoff","LORA","DLEM","Bias Score","MeanState","global","score","1","0.660581","75.0"
"HydrologyCycle","Runoff","LORA","DLEM","RMSE","MeanState","global","scalar","mm d-1","0.652875","75.0"
"HydrologyCycle","Runoff","LORA","DLEM","RMSE Score","MeanState","global","score","1","0.488553","75.0"
"HydrologyCycle","Runoff","LORA","DLEM","Overall Score","MeanState","global","score","1","0.677469","75.0"
"HydrologyCycle","Runoff","LORA","LPX-Bern","Benchmark Period Mean (intersection)","MeanState","global","scalar","mm d-1","0.654754","75.0"
"HydrologyCycle","Runoff","LORA","LPX-Bern","Benchmark Period Mean (complement)","MeanState","global","scalar","mm d-1","1.2514","75.0"
"HydrologyCycle","Runoff","LORA","LPX-Bern","Period Mean (original grids)","MeanState","global","scalar","mm d-1","0.479655","75.0"
"HydrologyCycle","Runoff","LORA","LPX-Bern","Model Period Mean (intersection)","MeanState","global","scalar","mm d-1","0.483736","75.0"
"HydrologyCycle","Runoff","LORA","LPX-Bern","Model Period Mean (complement)","MeanState","global","scalar","mm d-1","0.439904","75.0"
"HydrologyCycle","Runoff","LORA","LPX-Bern","Spatial Distribution Score","MeanState","global","score","1","0.756077","75.0"
"HydrologyCycle","Runoff","LORA","LPX-Bern","Phase Shift","MeanState","global","scalar","months","1.23684","75.0"
"HydrologyCycle","Runoff","LORA","LPX-Bern","Seasonal Cycle Score","MeanState","global","score","1","0.84828","75.0"
"HydrologyCycle","Runoff","LORA","LPX-Bern","Bias","MeanState","global","scalar","mm d-1","-0.171017","75.0"
"HydrologyCycle","Runoff","LORA","LPX-Bern","Bias Score","MeanState","global","score","1","0.678461","75.0"
"HydrologyCycle","Runoff","LORA","LPX-Bern","RMSE","MeanState","global","scalar","mm d-1","0.659055","75.0"
"HydrologyCycle","Runoff","LORA","LPX-Bern","RMSE Score","MeanState","global","score","1","0.472122","75.0"
"HydrologyCycle","Runoff","LORA","LPX-Bern","Overall Score","MeanState","global","score","1","0.645413","75.0"
"HydrologyCycle","Runoff","LORA","JSBACH","Benchmark Period Mean (intersection)","MeanState","global","scalar","mm d-1","0.650251","75.0"
"HydrologyCycle","Runoff","LORA","JSBACH","Benchmark Period Mean (complement)","MeanState","global","scalar","mm d-1","1.1128","75.0"
"HydrologyCycle","Runoff","LORA","JSBACH","Period Mean (original grids)","MeanState","global","scalar","mm d-1","0.214868","75.0"
"HydrologyCycle","Runoff","LORA","JSBACH","Model Period Mean (intersection)","MeanState","global","scalar","mm d-1","0.208616","75.0"
"HydrologyCycle","Runoff","LORA","JSBACH","Model Period Mean (complement)","MeanState","global","scalar","mm d-1","0.284264","75.0"
"HydrologyCycle","Runoff","LORA","JSBACH","Spatial Distribution Score","MeanState","global","score","1","0.379534","75.0"
"HydrologyCycle","Runoff","LORA","JSBACH","Phase Shift","MeanState","global","scalar","months","1.59041","75.0"
"HydrologyCycle","Runoff","LORA","JSBACH","Seasonal Cycle Score","MeanState","global","score","1","0.793558","75.0"
"HydrologyCycle","Runoff","LORA","JSBACH","Bias","MeanState","global","scalar","mm d-1","-0.441635","75.0"
"HydrologyCycle","Runoff","LORA","JSBACH","Bias Score","MeanState","global","score","1","0.485087","75.0"
"HydrologyCycle","Runoff","LORA","JSBACH","RMSE","MeanState","global","scalar","mm d-1","0.740671","75.0"
"HydrologyCycle","Runoff","LORA","JSBACH","RMSE Score","MeanState","global","score","1","0.490453","75.0"
"HydrologyCycle","Runoff","LORA","JSBACH","Overall Score","MeanState","global","score","1","0.527817","75.0"
"HydrologyCycle","Runoff","LORA","CLM","Benchmark Period Mean (intersection)","MeanState","global","scalar","mm d-1","0.661614","75.0"
"HydrologyCycle","Runoff","LORA","CLM","Benchmark Period Mean (complement)","MeanState","global","scalar","mm d-1","nan","75.0"
"HydrologyCycle","Runoff","LORA","CLM","Period Mean (original grids)","MeanState","global","scalar","mm d-1","0.461486","75.0"
"HydrologyCycle","Runoff","LORA","CLM","Model Period Mean (intersection)","MeanState","global","scalar","mm d-1","0.39478","75.0"
"HydrologyCycle","Runoff","LORA","CLM","Model Period Mean (complement)","MeanState","global","scalar","mm d-1","0.75957","75.0"
"HydrologyCycle","Runoff","LORA","CLM","Spatial Distribution Score","MeanState","global","score","1","0.817491","75.0"
"HydrologyCycle","Runoff","LORA","CLM","Phase Shift","MeanState","global","scalar","months","1.22906","75.0"
"HydrologyCycle","Runoff","LORA","CLM","Seasonal Cycle Score","MeanState","global","score","1","0.873702","75.0"
"HydrologyCycle","Runoff","LORA","CLM","Bias","MeanState","global","scalar","mm d-1","-0.266834","75.0"
"HydrologyCycle","Runoff","LORA","CLM","Bias Score","MeanState","global","score","1","0.641642","75.0"
"HydrologyCycle","Runoff","LORA","CLM","RMSE","MeanState","global","scalar","mm d-1","0.67377","75.0"
"HydrologyCycle","Runoff","LORA","CLM","RMSE Score","MeanState","global","score","1","0.477393","75.0"
"HydrologyCycle","Runoff","LORA","CLM","Overall Score","MeanState","global","score","1","0.657524","75.0"
"HydrologyCycle","Runoff","LORA","LPJ-EOSIM","Benchmark Period Mean (intersection)","MeanState","global","scalar","mm d-1","0.662626","75.0"
"HydrologyCycle","Runoff","LORA","LPJ-EOSIM","Benchmark Period Mean (complement)","MeanState","global","scalar","mm d-1","0.681297","75.0"
"HydrologyCycle","Runoff","LORA","LPJ-EOSIM","Period Mean (original grids)","MeanState","global","scalar","mm d-1","0.585457","75.0"
"HydrologyCycle","Runoff","LORA","LPJ-EOSIM","Model Period Mean (intersection)","MeanState","global","scalar","mm d-1","0.541341","75.0"
"HydrologyCycle","Runoff","LORA","LPJ-EOSIM","Model Period Mean (complement)","MeanState","global","scalar","mm d-1","1.04862","75.0"
"HydrologyCycle","Runoff","LORA","LPJ-EOSIM","Spatial Distribution Score","MeanState","global","score","1","0.853411","75.0"
"HydrologyCycle","Runoff","LORA","LPJ-EOSIM","Phase Shift","MeanState","global","scalar","months","1.10432","75.0"
"HydrologyCycle","Runoff","LORA","LPJ-EOSIM","Seasonal Cycle Score","MeanState","global","score","1","0.866842","75.0"
"HydrologyCycle","Runoff","LORA","LPJ-EOSIM","Bias","MeanState","global","scalar","mm d-1","-0.121285","75.0"
"HydrologyCycle","Runoff","LORA","LPJ-EOSIM","Bias Score","MeanState","global","score","1","0.703026","75.0"
"HydrologyCycle","Runoff","LORA","LPJ-EOSIM","RMSE","MeanState","global","scalar","mm d-1","0.615523","75.0"
"HydrologyCycle","Runoff","LORA","LPJ-EOSIM","RMSE Score","MeanState","global","score","1","0.493191","75.0"
"HydrologyCycle","Runoff","LORA","LPJ-EOSIM","Overall Score","MeanState","global","score","1","0.681932","75.0"
"HydrologyCycle","Runoff","LORA","CLM-FATES","Benchmark Period Mean (intersection)","MeanState","global","scalar","mm d-1","0.661744","75.0"
"HydrologyCycle","Runoff","LORA","CLM-FATES","Benchmark Period Mean (complement)","MeanState","global","scalar","mm d-1","1.17099","75.0"
"HydrologyCycle","Runoff","LORA","CLM-FATES","Period Mean (original grids)","MeanState","global","scalar","mm d-1","0.510592","75.0"
"HydrologyCycle","Runoff","LORA","CLM-FATES","Model Period Mean (intersection)","MeanState","global","scalar","mm d-1","0.457068","75.0"
"HydrologyCycle","Runoff","LORA","CLM-FATES","Model Period Mean (complement)","MeanState","global","scalar","mm d-1","0.790145","75.0"
"HydrologyCycle","Runoff","LORA","CLM-FATES","Spatial Distribution Score","MeanState","global","score","1","0.856125","75.0"
"HydrologyCycle","Runoff","LORA","CLM-FATES","Phase Shift","MeanState","global","scalar","months","1.37547","75.0"
"HydrologyCycle","Runoff","LORA","CLM-FATES","Seasonal Cycle Score","MeanState","global","score","1","0.839523","75.0"
"HydrologyCycle","Runoff","LORA","CLM-FATES","Bias","MeanState","global","scalar","mm d-1","-0.204669","75.0"
"HydrologyCycle","Runoff","LORA","CLM-FATES","Bias Score","MeanState","global","score","1","0.644319","75.0"
"HydrologyCycle","Runoff","LORA","CLM-FATES","RMSE","MeanState","global","scalar","mm d-1","0.641346","75.0"
"HydrologyCycle","Runoff","LORA","CLM-FATES","RMSE Score","MeanState","global","score","1","0.496391","75.0"
"HydrologyCycle","Runoff","LORA","CLM-FATES","Overall Score","MeanState","global","score","1","0.66655","75.0"
"HydrologyCycle","Runoff","LORA","TEM","Benchmark Period Mean (intersection)","MeanState","global","scalar","mm d-1","0.653407","75.0"
"HydrologyCycle","Runoff","LORA","TEM","Benchmark Period Mean (complement)","MeanState","global","scalar","mm d-1","1.06275","75.0"
"HydrologyCycle","Runoff","LORA","TEM","Period Mean (original grids)","MeanState","global","scalar","mm d-1","0.514644","75.0"
"HydrologyCycle","Runoff","LORA","TEM","Model Period Mean (intersection)","MeanState","global","scalar","mm d-1","0.485197","75.0"
"HydrologyCycle","Runoff","LORA","TEM","Model Period Mean (complement)","MeanState","global","scalar","mm d-1","0.803516","75.0"
"HydrologyCycle","Runoff","LORA","TEM","Spatial Distribution Score","MeanState","global","score","1","0.821949","75.0"
"HydrologyCycle","Runoff","LORA","TEM","Phase Shift","MeanState","global","scalar","months","2.46487","75.0"
"HydrologyCycle","Runoff","LORA","TEM","Seasonal Cycle Score","MeanState","global","score","1","0.541811","75.0"
"HydrologyCycle","Runoff","LORA","TEM","Bias","MeanState","global","scalar","mm d-1","-0.16821","75.0"
"HydrologyCycle","Runoff","LORA","TEM","Bias Score","MeanState","global","score","1","0.620243","75.0"
"HydrologyCycle","Runoff","LORA","TEM","RMSE","MeanState","global","scalar","mm d-1","0.643177","75.0"
"HydrologyCycle","Runoff","LORA","TEM","RMSE Score","MeanState","global","score","1","0.508059","75.0"
"HydrologyCycle","Runoff","LORA","TEM","Overall Score","MeanState","global","score","1","0.600024","75.0"
"HydrologyCycle","Runoff","LORA","LPJ-EOSIM-fixspitfire","Benchmark Period Mean (intersection)","MeanState","global","scalar","mm d-1","0.662626","75.0"
"HydrologyCycle","Runoff","LORA","LPJ-EOSIM-fixspitfire","Benchmark Period Mean (complement)","MeanState","global","scalar","mm d-1","0.681297","75.0"
"HydrologyCycle","Runoff","LORA","LPJ-EOSIM-fixspitfire","Period Mean (original grids)","MeanState","global","scalar","mm d-1","0.585461","75.0"
"HydrologyCycle","Runoff","LORA","LPJ-EOSIM-fixspitfire","Model Period Mean (intersection)","MeanState","global","scalar","mm d-1","0.541344","75.0"
"HydrologyCycle","Runoff","LORA","LPJ-EOSIM-fixspitfire","Model Period Mean (complement)","MeanState","global","scalar","mm d-1","1.04864","75.0"
"HydrologyCycle","Runoff","LORA","LPJ-EOSIM-fixspitfire","Spatial Distribution Score","MeanState","global","score","1","0.853412","75.0"
"HydrologyCycle","Runoff","LORA","LPJ-EOSIM-fixspitfire","Phase Shift","MeanState","global","scalar","months","1.10394","75.0"
"HydrologyCycle","Runoff","LORA","LPJ-EOSIM-fixspitfire","Seasonal Cycle Score","MeanState","global","score","1","0.86689","75.0"
"HydrologyCycle","Runoff","LORA","LPJ-EOSIM-fixspitfire","Bias","MeanState","global","scalar","mm d-1","-0.121282","75.0"
"HydrologyCycle","Runoff","LORA","LPJ-EOSIM-fixspitfire","Bias Score","MeanState","global","score","1","0.703027","75.0"
"HydrologyCycle","Runoff","LORA","LPJ-EOSIM-fixspitfire","RMSE","MeanState","global","scalar","mm d-1","0.615539","75.0"
"HydrologyCycle","Runoff","LORA","LPJ-EOSIM-fixspitfire","RMSE Score","MeanState","global","score","1","0.49318","75.0"
"HydrologyCycle","Runoff","LORA","LPJ-EOSIM-fixspitfire","Overall Score","MeanState","global","score","1","0.681938","75.0"
"HydrologyCycle","Runoff","Dai","LPX-Bern","Period Mean","MeanState","global","scalar","mm d-1","0.704996","75.0"
"HydrologyCycle","Runoff","Dai","LPX-Bern","Bias","MeanState","global","scalar","mm d-1","-0.120412","75.0"
"HydrologyCycle","Runoff","Dai","LPX-Bern","Bias Score","MeanState","global","score","1","0.777744","75.0"
"HydrologyCycle","Runoff","Dai","LPX-Bern","Interannual Variability Score","MeanState","global","score","1","0.628775","75.0"
"HydrologyCycle","Runoff","Dai","LPX-Bern","Spatial Distribution Score","MeanState","global","score","1","0.873405","75.0"
"HydrologyCycle","Runoff","Dai","LPX-Bern","Overall Score","MeanState","global","score","1","0.759974","75.0"
"HydrologyCycle","Runoff","Dai","CLM-FATES","Period Mean","MeanState","global","scalar","mm d-1","0.692892","75.0"
"HydrologyCycle","Runoff","Dai","CLM-FATES","Bias","MeanState","global","scalar","mm d-1","-0.132516","75.0"
"HydrologyCycle","Runoff","Dai","CLM-FATES","Bias Score","MeanState","global","score","1","0.779396","75.0"
"HydrologyCycle","Runoff","Dai","CLM-FATES","Interannual Variability Score","MeanState","global","score","1","0.644091","75.0"
"HydrologyCycle","Runoff","Dai","CLM-FATES","Spatial Distribution Score","MeanState","global","score","1","0.924991","75.0"
"HydrologyCycle","Runoff","Dai","CLM-FATES","Overall Score","MeanState","global","score","1","0.782826","75.0"
"HydrologyCycle","Runoff","Dai","DLEM","Period Mean","MeanState","global","scalar","mm d-1","0.530933","75.0"
"HydrologyCycle","Runoff","Dai","DLEM","Bias","MeanState","global","scalar","mm d-1","-0.294475","75.0"
"HydrologyCycle","Runoff","Dai","DLEM","Bias Score","MeanState","global","score","1","0.68199","75.0"
"HydrologyCycle","Runoff","Dai","DLEM","Interannual Variability Score","MeanState","global","score","1","0.664705","75.0"
"HydrologyCycle","Runoff","Dai","DLEM","Spatial Distribution Score","MeanState","global","score","1","0.703894","75.0"
"HydrologyCycle","Runoff","Dai","DLEM","Overall Score","MeanState","global","score","1","0.68353","75.0"
"HydrologyCycle","Runoff","Dai","LPJ-EOSIM","Period Mean","MeanState","global","scalar","mm d-1","0.808344","75.0"
"HydrologyCycle","Runoff","Dai","LPJ-EOSIM","Bias","MeanState","global","scalar","mm d-1","-0.0170642","75.0"
"HydrologyCycle","Runoff","Dai","LPJ-EOSIM","Bias Score","MeanState","global","score","1","0.805339","75.0"
"HydrologyCycle","Runoff","Dai","LPJ-EOSIM","Interannual Variability Score","MeanState","global","score","1","0.60787","75.0"
"HydrologyCycle","Runoff","Dai","LPJ-EOSIM","Spatial Distribution Score","MeanState","global","score","1","0.937313","75.0"
"HydrologyCycle","Runoff","Dai","LPJ-EOSIM","Overall Score","MeanState","global","score","1","0.783507","75.0"
"HydrologyCycle","Runoff","Dai","JSBACH","Period Mean","MeanState","global","scalar","mm d-1","0.324421","75.0"
"HydrologyCycle","Runoff","Dai","JSBACH","Bias","MeanState","global","scalar","mm d-1","-0.500987","75.0"
"HydrologyCycle","Runoff","Dai","JSBACH","Bias Score","MeanState","global","score","1","0.539829","75.0"
"HydrologyCycle","Runoff","Dai","JSBACH","Interannual Variability Score","MeanState","global","score","1","0.526959","75.0"
"HydrologyCycle","Runoff","Dai","JSBACH","Spatial Distribution Score","MeanState","global","score","1","0.596934","75.0"
"HydrologyCycle","Runoff","Dai","JSBACH","Overall Score","MeanState","global","score","1","0.554574","75.0"
"HydrologyCycle","Runoff","Dai","TEM","Period Mean","MeanState","global","scalar","mm d-1","0.830328","75.0"
"HydrologyCycle","Runoff","Dai","TEM","Bias","MeanState","global","scalar","mm d-1","0.00492021","75.0"
"HydrologyCycle","Runoff","Dai","TEM","Bias Score","MeanState","global","score","1","0.730159","75.0"
"HydrologyCycle","Runoff","Dai","TEM","Interannual Variability Score","MeanState","global","score","1","0.61382","75.0"
"HydrologyCycle","Runoff","Dai","TEM","Spatial Distribution Score","MeanState","global","score","1","0.946471","75.0"
"HydrologyCycle","Runoff","Dai","TEM","Overall Score","MeanState","global","score","1","0.763484","75.0"
"HydrologyCycle","Runoff","Dai","CLM","Period Mean","MeanState","global","scalar","mm d-1","0.596615","75.0"
"HydrologyCycle","Runoff","Dai","CLM","Bias","MeanState","global","scalar","mm d-1","-0.228793","75.0"
"HydrologyCycle","Runoff","Dai","CLM","Bias Score","MeanState","global","score","1","0.748771","75.0"
"HydrologyCycle","Runoff","Dai","CLM","Interannual Variability Score","MeanState","global","score","1","0.662002","75.0"
"HydrologyCycle","Runoff","Dai","CLM","Spatial Distribution Score","MeanState","global","score","1","0.906364","75.0"
"HydrologyCycle","Runoff","Dai","CLM","Overall Score","MeanState","global","score","1","0.772379","75.0"
"HydrologyCycle","Runoff","Dai","LPJ-EOSIM-fixspitfire","Period Mean","MeanState","global","scalar","mm d-1","0.808211","75.0"
"HydrologyCycle","Runoff","Dai","LPJ-EOSIM-fixspitfire","Bias","MeanState","global","scalar","mm d-1","-0.0171969","75.0"
"HydrologyCycle","Runoff","Dai","LPJ-EOSIM-fixspitfire","Bias Score","MeanState","global","score","1","0.805238","75.0"
"HydrologyCycle","Runoff","Dai","LPJ-EOSIM-fixspitfire","Interannual Variability Score","MeanState","global","score","1","0.607971","75.0"
"HydrologyCycle","Runoff","Dai","LPJ-EOSIM-fixspitfire","Spatial Distribution Score","MeanState","global","score","1","0.937168","75.0"
"HydrologyCycle","Runoff","Dai","LPJ-EOSIM-fixspitfire","Overall Score","MeanState","global","score","1","0.783459","75.0"
"HydrologyCycle","Runoff","CLASS","LPX-Bern","Benchmark Period Mean (intersection)","MeanState","global","scalar","mm d-1","0.529271","125.0"
"HydrologyCycle","Runoff","CLASS","LPX-Bern","Benchmark Period Mean (complement)","MeanState","global","scalar","mm d-1","1.01638","125.0"
"HydrologyCycle","Runoff","CLASS","LPX-Bern","Period Mean (original grids)","MeanState","global","scalar","mm d-1","0.475612","125.0"
"HydrologyCycle","Runoff","CLASS","LPX-Bern","Model Period Mean (intersection)","MeanState","global","scalar","mm d-1","0.476001","125.0"
"HydrologyCycle","Runoff","CLASS","LPX-Bern","Model Period Mean (complement)","MeanState","global","scalar","mm d-1","0.473284","125.0"
"HydrologyCycle","Runoff","CLASS","LPX-Bern","Spatial Distribution Score","MeanState","global","score","1","0.893461","125.0"
"HydrologyCycle","Runoff","CLASS","LPX-Bern","Phase Shift","MeanState","global","scalar","months","1.66798","125.0"
"HydrologyCycle","Runoff","CLASS","LPX-Bern","Seasonal Cycle Score","MeanState","global","score","1","0.766261","125.0"
"HydrologyCycle","Runoff","CLASS","LPX-Bern","Bias","MeanState","global","scalar","mm d-1","-0.0532701","125.0"
"HydrologyCycle","Runoff","CLASS","LPX-Bern","Bias Score","MeanState","global","score","1","0.701975","125.0"
"HydrologyCycle","Runoff","CLASS","LPX-Bern","RMSE","MeanState","global","scalar","mm d-1","0.630122","125.0"
"HydrologyCycle","Runoff","CLASS","LPX-Bern","RMSE Score","MeanState","global","score","1","0.374956","125.0"
"HydrologyCycle","Runoff","CLASS","LPX-Bern","Overall Score","MeanState","global","score","1","0.622322","125.0"
"HydrologyCycle","Runoff","CLASS","LPJ-EOSIM-fixspitfire","Benchmark Period Mean (intersection)","MeanState","global","scalar","mm d-1","0.531961","125.0"
"HydrologyCycle","Runoff","CLASS","LPJ-EOSIM-fixspitfire","Benchmark Period Mean (complement)","MeanState","global","scalar","mm d-1","0.578302","125.0"
"HydrologyCycle","Runoff","CLASS","LPJ-EOSIM-fixspitfire","Period Mean (original grids)","MeanState","global","scalar","mm d-1","0.581505","125.0"
"HydrologyCycle","Runoff","CLASS","LPJ-EOSIM-fixspitfire","Model Period Mean (intersection)","MeanState","global","scalar","mm d-1","0.522603","125.0"
"HydrologyCycle","Runoff","CLASS","LPJ-EOSIM-fixspitfire","Model Period Mean (complement)","MeanState","global","scalar","mm d-1","0.943469","125.0"
"HydrologyCycle","Runoff","CLASS","LPJ-EOSIM-fixspitfire","Spatial Distribution Score","MeanState","global","score","1","0.947764","125.0"
"HydrologyCycle","Runoff","CLASS","LPJ-EOSIM-fixspitfire","Phase Shift","MeanState","global","scalar","months","1.59853","125.0"
"HydrologyCycle","Runoff","CLASS","LPJ-EOSIM-fixspitfire","Seasonal Cycle Score","MeanState","global","score","1","0.777949","125.0"
"HydrologyCycle","Runoff","CLASS","LPJ-EOSIM-fixspitfire","Bias","MeanState","global","scalar","mm d-1","-0.00935799","125.0"
"HydrologyCycle","Runoff","CLASS","LPJ-EOSIM-fixspitfire","Bias Score","MeanState","global","score","1","0.734064","125.0"
"HydrologyCycle","Runoff","CLASS","LPJ-EOSIM-fixspitfire","RMSE","MeanState","global","scalar","mm d-1","0.583009","125.0"
"HydrologyCycle","Runoff","CLASS","LPJ-EOSIM-fixspitfire","RMSE Score","MeanState","global","score","1","0.380997","125.0"
"HydrologyCycle","Runoff","CLASS","LPJ-EOSIM-fixspitfire","Overall Score","MeanState","global","score","1","0.644354","125.0"
"HydrologyCycle","Runoff","CLASS","JSBACH","Benchmark Period Mean (intersection)","MeanState","global","scalar","mm d-1","0.524062","125.0"
"HydrologyCycle","Runoff","CLASS","JSBACH","Benchmark Period Mean (complement)","MeanState","global","scalar","mm d-1","1.04014","125.0"
"HydrologyCycle","Runoff","CLASS","JSBACH","Period Mean (original grids)","MeanState","global","scalar","mm d-1","0.217853","125.0"
"HydrologyCycle","Runoff","CLASS","JSBACH","Model Period Mean (intersection)","MeanState","global","scalar","mm d-1","0.207484","125.0"
"HydrologyCycle","Runoff","CLASS","JSBACH","Model Period Mean (complement)","MeanState","global","scalar","mm d-1","0.287162","125.0"
"HydrologyCycle","Runoff","CLASS","JSBACH","Spatial Distribution Score","MeanState","global","score","1","0.51355","125.0"
"HydrologyCycle","Runoff","CLASS","JSBACH","Phase Shift","MeanState","global","scalar","months","1.82174","125.0"
"HydrologyCycle","Runoff","CLASS","JSBACH","Seasonal Cycle Score","MeanState","global","score","1","0.719833","125.0"
"HydrologyCycle","Runoff","CLASS","JSBACH","Bias","MeanState","global","scalar","mm d-1","-0.316578","125.0"
"HydrologyCycle","Runoff","CLASS","JSBACH","Bias Score","MeanState","global","score","1","0.475311","125.0"
"HydrologyCycle","Runoff","CLASS","JSBACH","RMSE","MeanState","global","scalar","mm d-1","0.551064","125.0"
"HydrologyCycle","Runoff","CLASS","JSBACH","RMSE Score","MeanState","global","score","1","0.487219","125.0"
"HydrologyCycle","Runoff","CLASS","JSBACH","Overall Score","MeanState","global","score","1","0.536627","125.0"
"HydrologyCycle","Runoff","CLASS","DLEM","Benchmark Period Mean (intersection)","MeanState","global","scalar","mm d-1","0.531971","125.0"
"HydrologyCycle","Runoff","CLASS","DLEM","Benchmark Period Mean (complement)","MeanState","global","scalar","mm d-1","nan","125.0"
"HydrologyCycle","Runoff","CLASS","DLEM","Period Mean (original grids)","MeanState","global","scalar","mm d-1","0.392471","125.0"
"HydrologyCycle","Runoff","CLASS","DLEM","Model Period Mean (intersection)","MeanState","global","scalar","mm d-1","0.405432","125.0"
"HydrologyCycle","Runoff","CLASS","DLEM","Model Period Mean (complement)","MeanState","global","scalar","mm d-1","0.350713","125.0"
"HydrologyCycle","Runoff","CLASS","DLEM","Spatial Distribution Score","MeanState","global","score","1","0.940005","125.0"
"HydrologyCycle","Runoff","CLASS","DLEM","Phase Shift","MeanState","global","scalar","months","1.80184","125.0"
"HydrologyCycle","Runoff","CLASS","DLEM","Seasonal Cycle Score","MeanState","global","score","1","0.767983","125.0"
"HydrologyCycle","Runoff","CLASS","DLEM","Bias","MeanState","global","scalar","mm d-1","-0.126539","125.0"
"HydrologyCycle","Runoff","CLASS","DLEM","Bias Score","MeanState","global","score","1","0.666405","125.0"
"HydrologyCycle","Runoff","CLASS","DLEM","RMSE","MeanState","global","scalar","mm d-1","0.618116","125.0"
"HydrologyCycle","Runoff","CLASS","DLEM","RMSE Score","MeanState","global","score","1","0.371488","125.0"
"HydrologyCycle","Runoff","CLASS","DLEM","Overall Score","MeanState","global","score","1","0.623474","125.0"
"HydrologyCycle","Runoff","CLASS","TEM","Benchmark Period Mean (intersection)","MeanState","global","scalar","mm d-1","0.524911","125.0"
"HydrologyCycle","Runoff","CLASS","TEM","Benchmark Period Mean (complement)","MeanState","global","scalar","mm d-1","0.975172","125.0"
"HydrologyCycle","Runoff","CLASS","TEM","Period Mean (original grids)","MeanState","global","scalar","mm d-1","0.512834","125.0"
"HydrologyCycle","Runoff","CLASS","TEM","Model Period Mean (intersection)","MeanState","global","scalar","mm d-1","0.473609","125.0"
"HydrologyCycle","Runoff","CLASS","TEM","Model Period Mean (complement)","MeanState","global","scalar","mm d-1","0.749215","125.0"
"HydrologyCycle","Runoff","CLASS","TEM","Spatial Distribution Score","MeanState","global","score","1","0.92231","125.0"
"HydrologyCycle","Runoff","CLASS","TEM","Phase Shift","MeanState","global","scalar","months","2.12725","125.0"
"HydrologyCycle","Runoff","CLASS","TEM","Seasonal Cycle Score","MeanState","global","score","1","0.673592","125.0"
"HydrologyCycle","Runoff","CLASS","TEM","Bias","MeanState","global","scalar","mm d-1","-0.0513019","125.0"
"HydrologyCycle","Runoff","CLASS","TEM","Bias Score","MeanState","global","score","1","0.640586","125.0"
"HydrologyCycle","Runoff","CLASS","TEM","RMSE","MeanState","global","scalar","mm d-1","0.428679","125.0"
"HydrologyCycle","Runoff","CLASS","TEM","RMSE Score","MeanState","global","score","1","0.523973","125.0"
"HydrologyCycle","Runoff","CLASS","TEM","Overall Score","MeanState","global","score","1","0.656887","125.0"
"HydrologyCycle","Runoff","CLASS","CLM","Benchmark Period Mean (intersection)","MeanState","global","scalar","mm d-1","0.531807","125.0"
"HydrologyCycle","Runoff","CLASS","CLM","Benchmark Period Mean (complement)","MeanState","global","scalar","mm d-1","nan","125.0"
"HydrologyCycle","Runoff","CLASS","CLM","Period Mean (original grids)","MeanState","global","scalar","mm d-1","0.4605","125.0"
"HydrologyCycle","Runoff","CLASS","CLM","Model Period Mean (intersection)","MeanState","global","scalar","mm d-1","0.382815","125.0"
"HydrologyCycle","Runoff","CLASS","CLM","Model Period Mean (complement)","MeanState","global","scalar","mm d-1","0.716676","125.0"
"HydrologyCycle","Runoff","CLASS","CLM","Spatial Distribution Score","MeanState","global","score","1","0.924542","125.0"
"HydrologyCycle","Runoff","CLASS","CLM","Phase Shift","MeanState","global","scalar","months","1.67218","125.0"
"HydrologyCycle","Runoff","CLASS","CLM","Seasonal Cycle Score","MeanState","global","score","1","0.76743","125.0"
"HydrologyCycle","Runoff","CLASS","CLM","Bias","MeanState","global","scalar","mm d-1","-0.148992","125.0"
"HydrologyCycle","Runoff","CLASS","CLM","Bias Score","MeanState","global","score","1","0.668505","125.0"
"HydrologyCycle","Runoff","CLASS","CLM","RMSE","MeanState","global","scalar","mm d-1","0.637177","125.0"
"HydrologyCycle","Runoff","CLASS","CLM","RMSE Score","MeanState","global","score","1","0.369584","125.0"
"HydrologyCycle","Runoff","CLASS","CLM","Overall Score","MeanState","global","score","1","0.619929","125.0"
"HydrologyCycle","Runoff","CLASS","LPJ-EOSIM","Benchmark Period Mean (intersection)","MeanState","global","scalar","mm d-1","0.531961","125.0"
"HydrologyCycle","Runoff","CLASS","LPJ-EOSIM","Benchmark Period Mean (complement)","MeanState","global","scalar","mm d-1","0.578302","125.0"
"HydrologyCycle","Runoff","CLASS","LPJ-EOSIM","Period Mean (original grids)","MeanState","global","scalar","mm d-1","0.581509","125.0"
"HydrologyCycle","Runoff","CLASS","LPJ-EOSIM","Model Period Mean (intersection)","MeanState","global","scalar","mm d-1","0.522612","125.0"
"HydrologyCycle","Runoff","CLASS","LPJ-EOSIM","Model Period Mean (complement)","MeanState","global","scalar","mm d-1","0.943444","125.0"
"HydrologyCycle","Runoff","CLASS","LPJ-EOSIM","Spatial Distribution Score","MeanState","global","score","1","0.947766","125.0"
"HydrologyCycle","Runoff","CLASS","LPJ-EOSIM","Phase Shift","MeanState","global","scalar","months","1.5986","125.0"
"HydrologyCycle","Runoff","CLASS","LPJ-EOSIM","Seasonal Cycle Score","MeanState","global","score","1","0.777954","125.0"
"HydrologyCycle","Runoff","CLASS","LPJ-EOSIM","Bias","MeanState","global","scalar","mm d-1","-0.00934888","125.0"
"HydrologyCycle","Runoff","CLASS","LPJ-EOSIM","Bias Score","MeanState","global","score","1","0.734073","125.0"
"HydrologyCycle","Runoff","CLASS","LPJ-EOSIM","RMSE","MeanState","global","scalar","mm d-1","0.582984","125.0"
"HydrologyCycle","Runoff","CLASS","LPJ-EOSIM","RMSE Score","MeanState","global","score","1","0.381011","125.0"
"HydrologyCycle","Runoff","CLASS","LPJ-EOSIM","Overall Score","MeanState","global","score","1","0.644363","125.0"
"HydrologyCycle","Runoff","CLASS","CLM-FATES","Benchmark Period Mean (intersection)","MeanState","global","scalar","mm d-1","0.531866","125.0"
"HydrologyCycle","Runoff","CLASS","CLM-FATES","Benchmark Period Mean (complement)","MeanState","global","scalar","mm d-1","0.643453","125.0"
"HydrologyCycle","Runoff","CLASS","CLM-FATES","Period Mean (original grids)","MeanState","global","scalar","mm d-1","0.505095","125.0"
"HydrologyCycle","Runoff","CLASS","CLM-FATES","Model Period Mean (intersection)","MeanState","global","scalar","mm d-1","0.438279","125.0"
"HydrologyCycle","Runoff","CLASS","CLM-FATES","Model Period Mean (complement)","MeanState","global","scalar","mm d-1","0.753962","125.0"
"HydrologyCycle","Runoff","CLASS","CLM-FATES","Spatial Distribution Score","MeanState","global","score","1","0.932469","125.0"
"HydrologyCycle","Runoff","CLASS","CLM-FATES","Phase Shift","MeanState","global","scalar","months","1.86098","125.0"
"HydrologyCycle","Runoff","CLASS","CLM-FATES","Seasonal Cycle Score","MeanState","global","score","1","0.716081","125.0"
"HydrologyCycle","Runoff","CLASS","CLM-FATES","Bias","MeanState","global","scalar","mm d-1","-0.0935882","125.0"
"HydrologyCycle","Runoff","CLASS","CLM-FATES","Bias Score","MeanState","global","score","1","0.664843","125.0"
"HydrologyCycle","Runoff","CLASS","CLM-FATES","RMSE","MeanState","global","scalar","mm d-1","0.54287","125.0"
"HydrologyCycle","Runoff","CLASS","CLM-FATES","RMSE Score","MeanState","global","score","1","0.423024","125.0"
"HydrologyCycle","Runoff","CLASS","CLM-FATES","Overall Score","MeanState","global","score","1","0.631888","125.0"
"EcosystemandCarbonCycle","Biomass","Thurner","JULES-FireP0005","Benchmark Period Mean (intersection)","MeanState","global","scalar","Pg","172.585","100.0"
"EcosystemandCarbonCycle","Biomass","Thurner","JULES-FireP0005","Benchmark Period Mean (complement)","MeanState","global","scalar","Pg","1.73968","100.0"
"EcosystemandCarbonCycle","Biomass","Thurner","JULES-FireP0005","Period Mean (original grids)","MeanState","global","scalar","Pg","137.39","100.0"
"EcosystemandCarbonCycle","Biomass","Thurner","JULES-FireP0005","Model Period Mean (intersection)","MeanState","global","scalar","Pg","110.616","100.0"
"EcosystemandCarbonCycle","Biomass","Thurner","JULES-FireP0005","Model Period Mean (complement)","MeanState","global","scalar","Pg","24.3637","100.0"
"EcosystemandCarbonCycle","Biomass","Thurner","JULES-FireP0005","Spatial Distribution Score","MeanState","global","score","1","0.799149","100.0"
"EcosystemandCarbonCycle","Biomass","Thurner","JULES-FireP0005","Bias","MeanState","global","scalar","kg m-2","-1.31018","100.0"
"EcosystemandCarbonCycle","Biomass","Thurner","JULES-FireP0005","Bias Score","MeanState","global","score","1","0.554132","100.0"
"EcosystemandCarbonCycle","Biomass","Thurner","JULES-FireP0005","Overall Score","MeanState","global","score","1","0.676641","100.0"
"EcosystemandCarbonCycle","Biomass","Thurner","JSBACH","Benchmark Period Mean (intersection)","MeanState","global","scalar","Pg","158.414","100.0"
"EcosystemandCarbonCycle","Biomass","Thurner","JSBACH","Benchmark Period Mean (complement)","MeanState","global","scalar","Pg","15.9105","100.0"
"EcosystemandCarbonCycle","Biomass","Thurner","JSBACH","Period Mean (original grids)","MeanState","global","scalar","Pg","188.986","100.0"
"EcosystemandCarbonCycle","Biomass","Thurner","JSBACH","Model Period Mean (intersection)","MeanState","global","scalar","Pg","170.242","100.0"
"EcosystemandCarbonCycle","Biomass","Thurner","JSBACH","Model Period Mean (complement)","MeanState","global","scalar","Pg","18.744","100.0"
"EcosystemandCarbonCycle","Biomass","Thurner","JSBACH","Spatial Distribution Score","MeanState","global","score","1","0.724077","100.0"
"EcosystemandCarbonCycle","Biomass","Thurner","JSBACH","Bias","MeanState","global","scalar","kg m-2","0.269839","100.0"
"EcosystemandCarbonCycle","Biomass","Thurner","JSBACH","Bias Score","MeanState","global","score","1","0.578043","100.0"
"EcosystemandCarbonCycle","Biomass","Thurner","JSBACH","Overall Score","MeanState","global","score","1","0.65106","100.0"
"EcosystemandCarbonCycle","Biomass","Thurner","TEM","Benchmark Period Mean (intersection)","MeanState","global","scalar","Pg","162.688","100.0"
"EcosystemandCarbonCycle","Biomass","Thurner","TEM","Benchmark Period Mean (complement)","MeanState","global","scalar","Pg","11.6366","100.0"
"EcosystemandCarbonCycle","Biomass","Thurner","TEM","Period Mean (original grids)","MeanState","global","scalar","Pg","313.096","100.0"
"EcosystemandCarbonCycle","Biomass","Thurner","TEM","Model Period Mean (intersection)","MeanState","global","scalar","Pg","279.964","100.0"
"EcosystemandCarbonCycle","Biomass","Thurner","TEM","Model Period Mean (complement)","MeanState","global","scalar","Pg","33.132","100.0"
"EcosystemandCarbonCycle","Biomass","Thurner","TEM","Spatial Distribution Score","MeanState","global","score","1","0.49752","100.0"
"EcosystemandCarbonCycle","Biomass","Thurner","TEM","Bias","MeanState","global","scalar","kg m-2","2.62671","100.0"
"EcosystemandCarbonCycle","Biomass","Thurner","TEM","Bias Score","MeanState","global","score","1","0.461941","100.0"
"EcosystemandCarbonCycle","Biomass","Thurner","TEM","Overall Score","MeanState","global","score","1","0.47973","100.0"
"EcosystemandCarbonCycle","Biomass","Thurner","JULES-FireP0336","Benchmark Period Mean (intersection)","MeanState","global","scalar","Pg","172.585","100.0"
"EcosystemandCarbonCycle","Biomass","Thurner","JULES-FireP0336","Benchmark Period Mean (complement)","MeanState","global","scalar","Pg","1.73968","100.0"
"EcosystemandCarbonCycle","Biomass","Thurner","JULES-FireP0336","Period Mean (original grids)","MeanState","global","scalar","Pg","141.49","100.0"
"EcosystemandCarbonCycle","Biomass","Thurner","JULES-FireP0336","Model Period Mean (intersection)","MeanState","global","scalar","Pg","113.696","100.0"
"EcosystemandCarbonCycle","Biomass","Thurner","JULES-FireP0336","Model Period Mean (complement)","MeanState","global","scalar","Pg","25.3876","100.0"
"EcosystemandCarbonCycle","Biomass","Thurner","JULES-FireP0336","Spatial Distribution Score","MeanState","global","score","1","0.803524","100.0"
"EcosystemandCarbonCycle","Biomass","Thurner","JULES-FireP0336","Bias","MeanState","global","scalar","kg m-2","-1.24458","100.0"
"EcosystemandCarbonCycle","Biomass","Thurner","JULES-FireP0336","Bias Score","MeanState","global","score","1","0.557034","100.0"
"EcosystemandCarbonCycle","Biomass","Thurner","JULES-FireP0336","Overall Score","MeanState","global","score","1","0.680279","100.0"
"EcosystemandCarbonCycle","Biomass","Thurner","DLEM","Benchmark Period Mean (intersection)","MeanState","global","scalar","Pg","174.325","100.0"
"EcosystemandCarbonCycle","Biomass","Thurner","DLEM","Benchmark Period Mean (complement)","MeanState","global","scalar","Pg","nan","100.0"
"EcosystemandCarbonCycle","Biomass","Thurner","DLEM","Period Mean (original grids)","MeanState","global","scalar","Pg","113.434","100.0"
"EcosystemandCarbonCycle","Biomass","Thurner","DLEM","Model Period Mean (intersection)","MeanState","global","scalar","Pg","99.5949","100.0"
"EcosystemandCarbonCycle","Biomass","Thurner","DLEM","Model Period Mean (complement)","MeanState","global","scalar","Pg","13.8393","100.0"
"EcosystemandCarbonCycle","Biomass","Thurner","DLEM","Spatial Distribution Score","MeanState","global","score","1","0.783509","100.0"
"EcosystemandCarbonCycle","Biomass","Thurner","DLEM","Bias","MeanState","global","scalar","kg m-2","-1.56428","100.0"
"EcosystemandCarbonCycle","Biomass","Thurner","DLEM","Bias Score","MeanState","global","score","1","0.529131","100.0"
"EcosystemandCarbonCycle","Biomass","Thurner","DLEM","Overall Score","MeanState","global","score","1","0.65632","100.0"
"EcosystemandCarbonCycle","Biomass","Thurner","DVM-DOS-TEM","Benchmark Period Mean (intersection)","MeanState","global","scalar","Pg","53.7863","100.0"
"EcosystemandCarbonCycle","Biomass","Thurner","DVM-DOS-TEM","Benchmark Period Mean (complement)","MeanState","global","scalar","Pg","120.538","100.0"
"EcosystemandCarbonCycle","Biomass","Thurner","DVM-DOS-TEM","Period Mean (original grids)","MeanState","global","scalar","Pg","142.84","100.0"
"EcosystemandCarbonCycle","Biomass","Thurner","DVM-DOS-TEM","Model Period Mean (intersection)","MeanState","global","scalar","Pg","142.418","100.0"
"EcosystemandCarbonCycle","Biomass","Thurner","DVM-DOS-TEM","Model Period Mean (complement)","MeanState","global","scalar","Pg","0.421754","100.0"
"EcosystemandCarbonCycle","Biomass","Thurner","DVM-DOS-TEM","Spatial Distribution Score","MeanState","global","score","1","0.135458","100.0"
"EcosystemandCarbonCycle","Biomass","Thurner","DVM-DOS-TEM","Bias","MeanState","global","scalar","kg m-2","4.65642","100.0"
"EcosystemandCarbonCycle","Biomass","Thurner","DVM-DOS-TEM","Bias Score","MeanState","global","score","1","0.330976","100.0"
"EcosystemandCarbonCycle","Biomass","Thurner","DVM-DOS-TEM","Overall Score","MeanState","global","score","1","0.233217","100.0"
"EcosystemandCarbonCycle","Biomass","Thurner","LPJ-EOSIM-fixspitfire","Benchmark Period Mean (intersection)","MeanState","global","scalar","Pg","164.017","100.0"
"EcosystemandCarbonCycle","Biomass","Thurner","LPJ-EOSIM-fixspitfire","Benchmark Period Mean (complement)","MeanState","global","scalar","Pg","10.308","100.0"
"EcosystemandCarbonCycle","Biomass","Thurner","LPJ-EOSIM-fixspitfire","Period Mean (original grids)","MeanState","global","scalar","Pg","144.955","100.0"
"EcosystemandCarbonCycle","Biomass","Thurner","LPJ-EOSIM-fixspitfire","Model Period Mean (intersection)","MeanState","global","scalar","Pg","134.045","100.0"
"EcosystemandCarbonCycle","Biomass","Thurner","LPJ-EOSIM-fixspitfire","Model Period Mean (complement)","MeanState","global","scalar","Pg","10.9096","100.0"
"EcosystemandCarbonCycle","Biomass","Thurner","LPJ-EOSIM-fixspitfire","Spatial Distribution Score","MeanState","global","score","1","0.878215","100.0"
"EcosystemandCarbonCycle","Biomass","Thurner","LPJ-EOSIM-fixspitfire","Bias","MeanState","global","scalar","kg m-2","-0.663596","100.0"
"EcosystemandCarbonCycle","Biomass","Thurner","LPJ-EOSIM-fixspitfire","Bias Score","MeanState","global","score","1","0.636244","100.0"
"EcosystemandCarbonCycle","Biomass","Thurner","LPJ-EOSIM-fixspitfire","Overall Score","MeanState","global","score","1","0.757229","100.0"
"EcosystemandCarbonCycle","Biomass","Thurner","CLM","Benchmark Period Mean (intersection)","MeanState","global","scalar","Pg","174.325","100.0"
"EcosystemandCarbonCycle","Biomass","Thurner","CLM","Benchmark Period Mean (complement)","MeanState","global","scalar","Pg","nan","100.0"
"EcosystemandCarbonCycle","Biomass","Thurner","CLM","Period Mean (original grids)","MeanState","global","scalar","Pg","269.37","100.0"
"EcosystemandCarbonCycle","Biomass","Thurner","CLM","Model Period Mean (intersection)","MeanState","global","scalar","Pg","229.891","100.0"
"EcosystemandCarbonCycle","Biomass","Thurner","CLM","Model Period Mean (complement)","MeanState","global","scalar","Pg","39.4793","100.0"
"EcosystemandCarbonCycle","Biomass","Thurner","CLM","Spatial Distribution Score","MeanState","global","score","1","0.555577","100.0"
"EcosystemandCarbonCycle","Biomass","Thurner","CLM","Bias","MeanState","global","scalar","kg m-2","1.16314","100.0"
"EcosystemandCarbonCycle","Biomass","Thurner","CLM","Bias Score","MeanState","global","score","1","0.510792","100.0"
"EcosystemandCarbonCycle","Biomass","Thurner","CLM","Overall Score","MeanState","global","score","1","0.533184","100.0"
"EcosystemandCarbonCycle","Biomass","Thurner","JULES-FireP0304","Benchmark Period Mean (intersection)","MeanState","global","scalar","Pg","172.585","100.0"
"EcosystemandCarbonCycle","Biomass","Thurner","JULES-FireP0304","Benchmark Period Mean (complement)","MeanState","global","scalar","Pg","1.73968","100.0"
"EcosystemandCarbonCycle","Biomass","Thurner","JULES-FireP0304","Period Mean (original grids)","MeanState","global","scalar","Pg","162.446","100.0"
"EcosystemandCarbonCycle","Biomass","Thurner","JULES-FireP0304","Model Period Mean (intersection)","MeanState","global","scalar","Pg","132.504","100.0"
"EcosystemandCarbonCycle","Biomass","Thurner","JULES-FireP0304","Model Period Mean (complement)","MeanState","global","scalar","Pg","27.3884","100.0"
"EcosystemandCarbonCycle","Biomass","Thurner","JULES-FireP0304","Spatial Distribution Score","MeanState","global","score","1","0.779589","100.0"
"EcosystemandCarbonCycle","Biomass","Thurner","JULES-FireP0304","Bias","MeanState","global","scalar","kg m-2","-0.848002","100.0"
"EcosystemandCarbonCycle","Biomass","Thurner","JULES-FireP0304","Bias Score","MeanState","global","score","1","0.567991","100.0"
"EcosystemandCarbonCycle","Biomass","Thurner","JULES-FireP0304","Overall Score","MeanState","global","score","1","0.67379","100.0"
"EcosystemandCarbonCycle","Biomass","Thurner","JULES-FireP0249","Benchmark Period Mean (intersection)","MeanState","global","scalar","Pg","172.585","100.0"
"EcosystemandCarbonCycle","Biomass","Thurner","JULES-FireP0249","Benchmark Period Mean (complement)","MeanState","global","scalar","Pg","1.73968","100.0"
"EcosystemandCarbonCycle","Biomass","Thurner","JULES-FireP0249","Period Mean (original grids)","MeanState","global","scalar","Pg","140.474","100.0"
"EcosystemandCarbonCycle","Biomass","Thurner","JULES-FireP0249","Model Period Mean (intersection)","MeanState","global","scalar","Pg","112.104","100.0"
"EcosystemandCarbonCycle","Biomass","Thurner","JULES-FireP0249","Model Period Mean (complement)","MeanState","global","scalar","Pg","25.8657","100.0"
"EcosystemandCarbonCycle","Biomass","Thurner","JULES-FireP0249","Spatial Distribution Score","MeanState","global","score","1","0.767766","100.0"
"EcosystemandCarbonCycle","Biomass","Thurner","JULES-FireP0249","Bias","MeanState","global","scalar","kg m-2","-1.27885","100.0"
"EcosystemandCarbonCycle","Biomass","Thurner","JULES-FireP0249","Bias Score","MeanState","global","score","1","0.541184","100.0"
"EcosystemandCarbonCycle","Biomass","Thurner","JULES-FireP0249","Overall Score","MeanState","global","score","1","0.654475","100.0"
"EcosystemandCarbonCycle","Biomass","Thurner","JULES-noFire","Benchmark Period Mean (intersection)","MeanState","global","scalar","Pg","172.585","100.0"
"EcosystemandCarbonCycle","Biomass","Thurner","JULES-noFire","Benchmark Period Mean (complement)","MeanState","global","scalar","Pg","1.73968","100.0"
"EcosystemandCarbonCycle","Biomass","Thurner","JULES-noFire","Period Mean (original grids)","MeanState","global","scalar","Pg","148.477","100.0"
"EcosystemandCarbonCycle","Biomass","Thurner","JULES-noFire","Model Period Mean (intersection)","MeanState","global","scalar","Pg","118.609","100.0"
"EcosystemandCarbonCycle","Biomass","Thurner","JULES-noFire","Model Period Mean (complement)","MeanState","global","scalar","Pg","27.3859","100.0"
"EcosystemandCarbonCycle","Biomass","Thurner","JULES-noFire","Spatial Distribution Score","MeanState","global","score","1","0.818664","100.0"
"EcosystemandCarbonCycle","Biomass","Thurner","JULES-noFire","Bias","MeanState","global","scalar","kg m-2","-1.14064","100.0"
"EcosystemandCarbonCycle","Biomass","Thurner","JULES-noFire","Bias Score","MeanState","global","score","1","0.56886","100.0"
"EcosystemandCarbonCycle","Biomass","Thurner","JULES-noFire","Overall Score","MeanState","global","score","1","0.693762","100.0"
"EcosystemandCarbonCycle","Biomass","Thurner","LPX-Bern","Benchmark Period Mean (intersection)","MeanState","global","scalar","Pg","164.313","100.0"
"EcosystemandCarbonCycle","Biomass","Thurner","LPX-Bern","Benchmark Period Mean (complement)","MeanState","global","scalar","Pg","10.0112","100.0"
"EcosystemandCarbonCycle","Biomass","Thurner","LPX-Bern","Period Mean (original grids)","MeanState","global","scalar","Pg","127.967","100.0"
"EcosystemandCarbonCycle","Biomass","Thurner","LPX-Bern","Model Period Mean (intersection)","MeanState","global","scalar","Pg","115.067","100.0"
"EcosystemandCarbonCycle","Biomass","Thurner","LPX-Bern","Model Period Mean (complement)","MeanState","global","scalar","Pg","12.9004","100.0"
"EcosystemandCarbonCycle","Biomass","Thurner","LPX-Bern","Spatial Distribution Score","MeanState","global","score","1","0.824655","100.0"
"EcosystemandCarbonCycle","Biomass","Thurner","LPX-Bern","Bias","MeanState","global","scalar","kg m-2","-1.09138","100.0"
"EcosystemandCarbonCycle","Biomass","Thurner","LPX-Bern","Bias Score","MeanState","global","score","1","0.628095","100.0"
"EcosystemandCarbonCycle","Biomass","Thurner","LPX-Bern","Overall Score","MeanState","global","score","1","0.726375","100.0"
"EcosystemandCarbonCycle","Biomass","Thurner","CLM-FATES","Benchmark Period Mean (intersection)","MeanState","global","scalar","Pg","172.263","100.0"
"EcosystemandCarbonCycle","Biomass","Thurner","CLM-FATES","Benchmark Period Mean (complement)","MeanState","global","scalar","Pg","2.06138","100.0"
"EcosystemandCarbonCycle","Biomass","Thurner","CLM-FATES","Period Mean (original grids)","MeanState","global","scalar","Pg","214.98","100.0"
"EcosystemandCarbonCycle","Biomass","Thurner","CLM-FATES","Model Period Mean (intersection)","MeanState","global","scalar","Pg","191.78","100.0"
"EcosystemandCarbonCycle","Biomass","Thurner","CLM-FATES","Model Period Mean (complement)","MeanState","global","scalar","Pg","21.4011","100.0"
"EcosystemandCarbonCycle","Biomass","Thurner","CLM-FATES","Spatial Distribution Score","MeanState","global","score","1","0.702289","100.0"
"EcosystemandCarbonCycle","Biomass","Thurner","CLM-FATES","Bias","MeanState","global","scalar","kg m-2","0.39888","100.0"
"EcosystemandCarbonCycle","Biomass","Thurner","CLM-FATES","Bias Score","MeanState","global","score","1","0.566681","100.0"
"EcosystemandCarbonCycle","Biomass","Thurner","CLM-FATES","Overall Score","MeanState","global","score","1","0.634485","100.0"
"EcosystemandCarbonCycle","Biomass","Thurner","LPJ-EOSIM","Benchmark Period Mean (intersection)","MeanState","global","scalar","Pg","164.017","100.0"
"EcosystemandCarbonCycle","Biomass","Thurner","LPJ-EOSIM","Benchmark Period Mean (complement)","MeanState","global","scalar","Pg","10.308","100.0"
"EcosystemandCarbonCycle","Biomass","Thurner","LPJ-EOSIM","Period Mean (original grids)","MeanState","global","scalar","Pg","145.609","100.0"
"EcosystemandCarbonCycle","Biomass","Thurner","LPJ-EOSIM","Model Period Mean (intersection)","MeanState","global","scalar","Pg","134.7","100.0"
"EcosystemandCarbonCycle","Biomass","Thurner","LPJ-EOSIM","Model Period Mean (complement)","MeanState","global","scalar","Pg","10.9088","100.0"
"EcosystemandCarbonCycle","Biomass","Thurner","LPJ-EOSIM","Spatial Distribution Score","MeanState","global","score","1","0.879757","100.0"
"EcosystemandCarbonCycle","Biomass","Thurner","LPJ-EOSIM","Bias","MeanState","global","scalar","kg m-2","-0.649106","100.0"
"EcosystemandCarbonCycle","Biomass","Thurner","LPJ-EOSIM","Bias Score","MeanState","global","score","1","0.638397","100.0"
"EcosystemandCarbonCycle","Biomass","Thurner","LPJ-EOSIM","Overall Score","MeanState","global","score","1","0.759077","100.0"
"EcosystemandCarbonCycle","Biomass","XuSaatchi","JULES-FireP0005","Benchmark Period Mean (intersection)","MeanState","global","scalar","Pg","188.353","100.0"
"EcosystemandCarbonCycle","Biomass","XuSaatchi","JULES-FireP0005","Benchmark Period Mean (complement)","MeanState","global","scalar","Pg","0.818423","100.0"
"EcosystemandCarbonCycle","Biomass","XuSaatchi","JULES-FireP0005","Period Mean (original grids)","MeanState","global","scalar","Pg","140.323","100.0"
"EcosystemandCarbonCycle","Biomass","XuSaatchi","JULES-FireP0005","Model Period Mean (intersection)","MeanState","global","scalar","Pg","124.926","100.0"
"EcosystemandCarbonCycle","Biomass","XuSaatchi","JULES-FireP0005","Model Period Mean (complement)","MeanState","global","scalar","Pg","12.9546","100.0"
"EcosystemandCarbonCycle","Biomass","XuSaatchi","JULES-FireP0005","Spatial Distribution Score","MeanState","global","score","1","0.807489","100.0"
"EcosystemandCarbonCycle","Biomass","XuSaatchi","JULES-FireP0005","Bias","MeanState","global","scalar","kg m-2","-0.904202","100.0"
"EcosystemandCarbonCycle","Biomass","XuSaatchi","JULES-FireP0005","Bias Score","MeanState","global","score","1","0.0385512","100.0"
"EcosystemandCarbonCycle","Biomass","XuSaatchi","JULES-FireP0005","Overall Score","MeanState","global","score","1","0.42302","100.0"
"EcosystemandCarbonCycle","Biomass","XuSaatchi","TEM","Benchmark Period Mean (intersection)","MeanState","global","scalar","Pg","180.589","100.0"
"EcosystemandCarbonCycle","Biomass","XuSaatchi","TEM","Benchmark Period Mean (complement)","MeanState","global","scalar","Pg","5.94387","100.0"
"EcosystemandCarbonCycle","Biomass","XuSaatchi","TEM","Period Mean (original grids)","MeanState","global","scalar","Pg","317.878","100.0"
"EcosystemandCarbonCycle","Biomass","XuSaatchi","TEM","Model Period Mean (intersection)","MeanState","global","scalar","Pg","314.224","100.0"
"EcosystemandCarbonCycle","Biomass","XuSaatchi","TEM","Model Period Mean (complement)","MeanState","global","scalar","Pg","3.65403","100.0"
"EcosystemandCarbonCycle","Biomass","XuSaatchi","TEM","Spatial Distribution Score","MeanState","global","score","1","0.640692","100.0"
"EcosystemandCarbonCycle","Biomass","XuSaatchi","TEM","Bias","MeanState","global","scalar","kg m-2","2.06509","100.0"
"EcosystemandCarbonCycle","Biomass","XuSaatchi","TEM","Bias Score","MeanState","global","score","1","0.0330843","100.0"
"EcosystemandCarbonCycle","Biomass","XuSaatchi","TEM","Overall Score","MeanState","global","score","1","0.336888","100.0"
"EcosystemandCarbonCycle","Biomass","XuSaatchi","CLM-FATES","Benchmark Period Mean (intersection)","MeanState","global","scalar","Pg","186.44","100.0"
"EcosystemandCarbonCycle","Biomass","XuSaatchi","CLM-FATES","Benchmark Period Mean (complement)","MeanState","global","scalar","Pg","0.692539","100.0"
"EcosystemandCarbonCycle","Biomass","XuSaatchi","CLM-FATES","Period Mean (original grids)","MeanState","global","scalar","Pg","219.481","100.0"
"EcosystemandCarbonCycle","Biomass","XuSaatchi","CLM-FATES","Model Period Mean (intersection)","MeanState","global","scalar","Pg","208.668","100.0"
"EcosystemandCarbonCycle","Biomass","XuSaatchi","CLM-FATES","Model Period Mean (complement)","MeanState","global","scalar","Pg","8.98778","100.0"
"EcosystemandCarbonCycle","Biomass","XuSaatchi","CLM-FATES","Spatial Distribution Score","MeanState","global","score","1","0.85123","100.0"
"EcosystemandCarbonCycle","Biomass","XuSaatchi","CLM-FATES","Bias","MeanState","global","scalar","kg m-2","0.314089","100.0"
"EcosystemandCarbonCycle","Biomass","XuSaatchi","CLM-FATES","Bias Score","MeanState","global","score","1","0.0608799","100.0"
"EcosystemandCarbonCycle","Biomass","XuSaatchi","CLM-FATES","Overall Score","MeanState","global","score","1","0.456055","100.0"
"EcosystemandCarbonCycle","Biomass","XuSaatchi","LPX-Bern","Benchmark Period Mean (intersection)","MeanState","global","scalar","Pg","183.625","100.0"
"EcosystemandCarbonCycle","Biomass","XuSaatchi","LPX-Bern","Benchmark Period Mean (complement)","MeanState","global","scalar","Pg","4.22628","100.0"
"EcosystemandCarbonCycle","Biomass","XuSaatchi","LPX-Bern","Period Mean (original grids)","MeanState","global","scalar","Pg","128.699","100.0"
"EcosystemandCarbonCycle","Biomass","XuSaatchi","LPX-Bern","Model Period Mean (intersection)","MeanState","global","scalar","Pg","128.645","100.0"
"EcosystemandCarbonCycle","Biomass","XuSaatchi","LPX-Bern","Model Period Mean (complement)","MeanState","global","scalar","Pg","0.0544712","100.0"
"EcosystemandCarbonCycle","Biomass","XuSaatchi","LPX-Bern","Spatial Distribution Score","MeanState","global","score","1","0.772965","100.0"
"EcosystemandCarbonCycle","Biomass","XuSaatchi","LPX-Bern","Bias","MeanState","global","scalar","kg m-2","-0.813691","100.0"
"EcosystemandCarbonCycle","Biomass","XuSaatchi","LPX-Bern","Bias Score","MeanState","global","score","1","0.0557804","100.0"
"EcosystemandCarbonCycle","Biomass","XuSaatchi","LPX-Bern","Overall Score","MeanState","global","score","1","0.414373","100.0"
"EcosystemandCarbonCycle","Biomass","XuSaatchi","LPJ-EOSIM","Benchmark Period Mean (intersection)","MeanState","global","scalar","Pg","184.214","100.0"
"EcosystemandCarbonCycle","Biomass","XuSaatchi","LPJ-EOSIM","Benchmark Period Mean (complement)","MeanState","global","scalar","Pg","2.31916","100.0"
"EcosystemandCarbonCycle","Biomass","XuSaatchi","LPJ-EOSIM","Period Mean (original grids)","MeanState","global","scalar","Pg","150.165","100.0"
"EcosystemandCarbonCycle","Biomass","XuSaatchi","LPJ-EOSIM","Model Period Mean (intersection)","MeanState","global","scalar","Pg","150.165","100.0"
"EcosystemandCarbonCycle","Biomass","XuSaatchi","LPJ-EOSIM","Model Period Mean (complement)","MeanState","global","scalar","Pg","6.56359e-07","100.0"
"EcosystemandCarbonCycle","Biomass","XuSaatchi","LPJ-EOSIM","Spatial Distribution Score","MeanState","global","score","1","0.88754","100.0"
"EcosystemandCarbonCycle","Biomass","XuSaatchi","LPJ-EOSIM","Bias","MeanState","global","scalar","kg m-2","-0.504249","100.0"
"EcosystemandCarbonCycle","Biomass","XuSaatchi","LPJ-EOSIM","Bias Score","MeanState","global","score","1","0.0654673","100.0"
"EcosystemandCarbonCycle","Biomass","XuSaatchi","LPJ-EOSIM","Overall Score","MeanState","global","score","1","0.476504","100.0"
"EcosystemandCarbonCycle","Biomass","XuSaatchi","JULES-FireP0336","Benchmark Period Mean (intersection)","MeanState","global","scalar","Pg","188.353","100.0"
"EcosystemandCarbonCycle","Biomass","XuSaatchi","JULES-FireP0336","Benchmark Period Mean (complement)","MeanState","global","scalar","Pg","0.818423","100.0"
"EcosystemandCarbonCycle","Biomass","XuSaatchi","JULES-FireP0336","Period Mean (original grids)","MeanState","global","scalar","Pg","144.389","100.0"
"EcosystemandCarbonCycle","Biomass","XuSaatchi","JULES-FireP0336","Model Period Mean (intersection)","MeanState","global","scalar","Pg","128.418","100.0"
"EcosystemandCarbonCycle","Biomass","XuSaatchi","JULES-FireP0336","Model Period Mean (complement)","MeanState","global","scalar","Pg","13.5345","100.0"
"EcosystemandCarbonCycle","Biomass","XuSaatchi","JULES-FireP0336","Spatial Distribution Score","MeanState","global","score","1","0.810893","100.0"
"EcosystemandCarbonCycle","Biomass","XuSaatchi","JULES-FireP0336","Bias","MeanState","global","scalar","kg m-2","-0.854823","100.0"
"EcosystemandCarbonCycle","Biomass","XuSaatchi","JULES-FireP0336","Bias Score","MeanState","global","score","1","0.0392429","100.0"
"EcosystemandCarbonCycle","Biomass","XuSaatchi","JULES-FireP0336","Overall Score","MeanState","global","score","1","0.425068","100.0"
"EcosystemandCarbonCycle","Biomass","XuSaatchi","JULES-noFire","Benchmark Period Mean (intersection)","MeanState","global","scalar","Pg","188.353","100.0"
"EcosystemandCarbonCycle","Biomass","XuSaatchi","JULES-noFire","Benchmark Period Mean (complement)","MeanState","global","scalar","Pg","0.818423","100.0"
"EcosystemandCarbonCycle","Biomass","XuSaatchi","JULES-noFire","Period Mean (original grids)","MeanState","global","scalar","Pg","151.648","100.0"
"EcosystemandCarbonCycle","Biomass","XuSaatchi","JULES-noFire","Model Period Mean (intersection)","MeanState","global","scalar","Pg","135.353","100.0"
"EcosystemandCarbonCycle","Biomass","XuSaatchi","JULES-noFire","Model Period Mean (complement)","MeanState","global","scalar","Pg","13.7743","100.0"
"EcosystemandCarbonCycle","Biomass","XuSaatchi","JULES-noFire","Spatial Distribution Score","MeanState","global","score","1","0.821199","100.0"
"EcosystemandCarbonCycle","Biomass","XuSaatchi","JULES-noFire","Bias","MeanState","global","scalar","kg m-2","-0.757544","100.0"
"EcosystemandCarbonCycle","Biomass","XuSaatchi","JULES-noFire","Bias Score","MeanState","global","score","1","0.0445505","100.0"
"EcosystemandCarbonCycle","Biomass","XuSaatchi","JULES-noFire","Overall Score","MeanState","global","score","1","0.432875","100.0"
"EcosystemandCarbonCycle","Biomass","XuSaatchi","DVM-DOS-TEM","Benchmark Period Mean (intersection)","MeanState","global","scalar","Pg","80.7605","100.0"
"EcosystemandCarbonCycle","Biomass","XuSaatchi","DVM-DOS-TEM","Benchmark Period Mean (complement)","MeanState","global","scalar","Pg","105.773","100.0"
"EcosystemandCarbonCycle","Biomass","XuSaatchi","DVM-DOS-TEM","Period Mean (original grids)","MeanState","global","scalar","Pg","146.048","100.0"
"EcosystemandCarbonCycle","Biomass","XuSaatchi","DVM-DOS-TEM","Model Period Mean (intersection)","MeanState","global","scalar","Pg","146.048","100.0"
"EcosystemandCarbonCycle","Biomass","XuSaatchi","DVM-DOS-TEM","Model Period Mean (complement)","MeanState","global","scalar","Pg","2.39696e-14","100.0"
"EcosystemandCarbonCycle","Biomass","XuSaatchi","DVM-DOS-TEM","Spatial Distribution Score","MeanState","global","score","1","0.297059","100.0"
"EcosystemandCarbonCycle","Biomass","XuSaatchi","DVM-DOS-TEM","Bias","MeanState","global","scalar","kg m-2","3.05979","100.0"
"EcosystemandCarbonCycle","Biomass","XuSaatchi","DVM-DOS-TEM","Bias Score","MeanState","global","score","1","0.0216132","100.0"
"EcosystemandCarbonCycle","Biomass","XuSaatchi","DVM-DOS-TEM","Overall Score","MeanState","global","score","1","0.159336","100.0"
"EcosystemandCarbonCycle","Biomass","XuSaatchi","DLEM","Benchmark Period Mean (intersection)","MeanState","global","scalar","Pg","186.533","100.0"
"EcosystemandCarbonCycle","Biomass","XuSaatchi","DLEM","Benchmark Period Mean (complement)","MeanState","global","scalar","Pg","nan","100.0"
"EcosystemandCarbonCycle","Biomass","XuSaatchi","DLEM","Period Mean (original grids)","MeanState","global","scalar","Pg","116.779","100.0"
"EcosystemandCarbonCycle","Biomass","XuSaatchi","DLEM","Model Period Mean (intersection)","MeanState","global","scalar","Pg","116.779","100.0"
"EcosystemandCarbonCycle","Biomass","XuSaatchi","DLEM","Model Period Mean (complement)","MeanState","global","scalar","Pg","0.00013198","100.0"
"EcosystemandCarbonCycle","Biomass","XuSaatchi","DLEM","Spatial Distribution Score","MeanState","global","score","1","0.712702","100.0"
"EcosystemandCarbonCycle","Biomass","XuSaatchi","DLEM","Bias","MeanState","global","scalar","kg m-2","-1.00855","100.0"
"EcosystemandCarbonCycle","Biomass","XuSaatchi","DLEM","Bias Score","MeanState","global","score","1","0.0226516","100.0"
"EcosystemandCarbonCycle","Biomass","XuSaatchi","DLEM","Overall Score","MeanState","global","score","1","0.367677","100.0"
"EcosystemandCarbonCycle","Biomass","XuSaatchi","LPJ-EOSIM-fixspitfire","Benchmark Period Mean (intersection)","MeanState","global","scalar","Pg","184.214","100.0"
"EcosystemandCarbonCycle","Biomass","XuSaatchi","LPJ-EOSIM-fixspitfire","Benchmark Period Mean (complement)","MeanState","global","scalar","Pg","2.31916","100.0"
"EcosystemandCarbonCycle","Biomass","XuSaatchi","LPJ-EOSIM-fixspitfire","Period Mean (original grids)","MeanState","global","scalar","Pg","149.436","100.0"
"EcosystemandCarbonCycle","Biomass","XuSaatchi","LPJ-EOSIM-fixspitfire","Model Period Mean (intersection)","MeanState","global","scalar","Pg","149.436","100.0"
"EcosystemandCarbonCycle","Biomass","XuSaatchi","LPJ-EOSIM-fixspitfire","Model Period Mean (complement)","MeanState","global","scalar","Pg","6.56339e-07","100.0"
"EcosystemandCarbonCycle","Biomass","XuSaatchi","LPJ-EOSIM-fixspitfire","Spatial Distribution Score","MeanState","global","score","1","0.886417","100.0"
"EcosystemandCarbonCycle","Biomass","XuSaatchi","LPJ-EOSIM-fixspitfire","Bias","MeanState","global","scalar","kg m-2","-0.515258","100.0"
"EcosystemandCarbonCycle","Biomass","XuSaatchi","LPJ-EOSIM-fixspitfire","Bias Score","MeanState","global","score","1","0.0643","100.0"
"EcosystemandCarbonCycle","Biomass","XuSaatchi","LPJ-EOSIM-fixspitfire","Overall Score","MeanState","global","score","1","0.475358","100.0"
"EcosystemandCarbonCycle","Biomass","XuSaatchi","JULES-FireP0304","Benchmark Period Mean (intersection)","MeanState","global","scalar","Pg","188.353","100.0"
"EcosystemandCarbonCycle","Biomass","XuSaatchi","JULES-FireP0304","Benchmark Period Mean (complement)","MeanState","global","scalar","Pg","0.818423","100.0"
"EcosystemandCarbonCycle","Biomass","XuSaatchi","JULES-FireP0304","Period Mean (original grids)","MeanState","global","scalar","Pg","165.784","100.0"
"EcosystemandCarbonCycle","Biomass","XuSaatchi","JULES-FireP0304","Model Period Mean (intersection)","MeanState","global","scalar","Pg","148.888","100.0"
"EcosystemandCarbonCycle","Biomass","XuSaatchi","JULES-FireP0304","Model Period Mean (complement)","MeanState","global","scalar","Pg","14.3051","100.0"
"EcosystemandCarbonCycle","Biomass","XuSaatchi","JULES-FireP0304","Spatial Distribution Score","MeanState","global","score","1","0.828088","100.0"
"EcosystemandCarbonCycle","Biomass","XuSaatchi","JULES-FireP0304","Bias","MeanState","global","scalar","kg m-2","-0.564608","100.0"
"EcosystemandCarbonCycle","Biomass","XuSaatchi","JULES-FireP0304","Bias Score","MeanState","global","score","1","0.0428901","100.0"
"EcosystemandCarbonCycle","Biomass","XuSaatchi","JULES-FireP0304","Overall Score","MeanState","global","score","1","0.435489","100.0"
"EcosystemandCarbonCycle","Biomass","XuSaatchi","JULES-FireP0249","Benchmark Period Mean (intersection)","MeanState","global","scalar","Pg","188.353","100.0"
"EcosystemandCarbonCycle","Biomass","XuSaatchi","JULES-FireP0249","Benchmark Period Mean (complement)","MeanState","global","scalar","Pg","0.818423","100.0"
"EcosystemandCarbonCycle","Biomass","XuSaatchi","JULES-FireP0249","Period Mean (original grids)","MeanState","global","scalar","Pg","142.923","100.0"
"EcosystemandCarbonCycle","Biomass","XuSaatchi","JULES-FireP0249","Model Period Mean (intersection)","MeanState","global","scalar","Pg","126.919","100.0"
"EcosystemandCarbonCycle","Biomass","XuSaatchi","JULES-FireP0249","Model Period Mean (complement)","MeanState","global","scalar","Pg","13.4793","100.0"
"EcosystemandCarbonCycle","Biomass","XuSaatchi","JULES-FireP0249","Spatial Distribution Score","MeanState","global","score","1","0.794487","100.0"
"EcosystemandCarbonCycle","Biomass","XuSaatchi","JULES-FireP0249","Bias","MeanState","global","scalar","kg m-2","-0.877245","100.0"
"EcosystemandCarbonCycle","Biomass","XuSaatchi","JULES-FireP0249","Bias Score","MeanState","global","score","1","0.0351045","100.0"
"EcosystemandCarbonCycle","Biomass","XuSaatchi","JULES-FireP0249","Overall Score","MeanState","global","score","1","0.414796","100.0"
"EcosystemandCarbonCycle","Biomass","XuSaatchi","JSBACH","Benchmark Period Mean (intersection)","MeanState","global","scalar","Pg","179.962","100.0"
"EcosystemandCarbonCycle","Biomass","XuSaatchi","JSBACH","Benchmark Period Mean (complement)","MeanState","global","scalar","Pg","7.88998","100.0"
"EcosystemandCarbonCycle","Biomass","XuSaatchi","JSBACH","Period Mean (original grids)","MeanState","global","scalar","Pg","193.793","100.0"
"EcosystemandCarbonCycle","Biomass","XuSaatchi","JSBACH","Model Period Mean (intersection)","MeanState","global","scalar","Pg","192.42","100.0"
"EcosystemandCarbonCycle","Biomass","XuSaatchi","JSBACH","Model Period Mean (complement)","MeanState","global","scalar","Pg","1.3725","100.0"
"EcosystemandCarbonCycle","Biomass","XuSaatchi","JSBACH","Spatial Distribution Score","MeanState","global","score","1","0.859226","100.0"
"EcosystemandCarbonCycle","Biomass","XuSaatchi","JSBACH","Bias","MeanState","global","scalar","kg m-2","0.197598","100.0"
"EcosystemandCarbonCycle","Biomass","XuSaatchi","JSBACH","Bias Score","MeanState","global","score","1","0.0567584","100.0"
"EcosystemandCarbonCycle","Biomass","XuSaatchi","JSBACH","Overall Score","MeanState","global","score","1","0.457992","100.0"
"EcosystemandCarbonCycle","Biomass","XuSaatchi","CLM","Benchmark Period Mean (intersection)","MeanState","global","scalar","Pg","187.852","100.0"
"EcosystemandCarbonCycle","Biomass","XuSaatchi","CLM","Benchmark Period Mean (complement)","MeanState","global","scalar","Pg","nan","100.0"
"EcosystemandCarbonCycle","Biomass","XuSaatchi","CLM","Period Mean (original grids)","MeanState","global","scalar","Pg","272.386","100.0"
"EcosystemandCarbonCycle","Biomass","XuSaatchi","CLM","Model Period Mean (intersection)","MeanState","global","scalar","Pg","250.288","100.0"
"EcosystemandCarbonCycle","Biomass","XuSaatchi","CLM","Model Period Mean (complement)","MeanState","global","scalar","Pg","22.0976","100.0"
"EcosystemandCarbonCycle","Biomass","XuSaatchi","CLM","Spatial Distribution Score","MeanState","global","score","1","0.757979","100.0"
"EcosystemandCarbonCycle","Biomass","XuSaatchi","CLM","Bias","MeanState","global","scalar","kg m-2","0.885208","100.0"
"EcosystemandCarbonCycle","Biomass","XuSaatchi","CLM","Bias Score","MeanState","global","score","1","0.0503609","100.0"
"EcosystemandCarbonCycle","Biomass","XuSaatchi","CLM","Overall Score","MeanState","global","score","1","0.40417","100.0"
"EcosystemandCarbonCycle","Biomass","Saatchi","LPX-Bern","Benchmark Period Mean (intersection)","MeanState","global","scalar","Pg","35.1468","100.0"
"EcosystemandCarbonCycle","Biomass","Saatchi","LPX-Bern","Benchmark Period Mean (complement)","MeanState","global","scalar","Pg","0.801976","100.0"
"EcosystemandCarbonCycle","Biomass","Saatchi","LPX-Bern","Period Mean (original grids)","MeanState","global","scalar","Pg","127.769","100.0"
"EcosystemandCarbonCycle","Biomass","Saatchi","LPX-Bern","Model Period Mean (intersection)","MeanState","global","scalar","Pg","17.0978","100.0"
"EcosystemandCarbonCycle","Biomass","Saatchi","LPX-Bern","Model Period Mean (complement)","MeanState","global","scalar","Pg","110.672","100.0"
"EcosystemandCarbonCycle","Biomass","Saatchi","LPX-Bern","Spatial Distribution Score","MeanState","global","score","1","0.871853","100.0"
"EcosystemandCarbonCycle","Biomass","Saatchi","LPX-Bern","Bias","MeanState","global","scalar","kg m-2","-1.96375","100.0"
"EcosystemandCarbonCycle","Biomass","Saatchi","LPX-Bern","Bias Score","MeanState","global","score","1","0.564065","100.0"
"EcosystemandCarbonCycle","Biomass","Saatchi","LPX-Bern","Overall Score","MeanState","global","score","1","0.717959","100.0"
"EcosystemandCarbonCycle","Biomass","Saatchi","JULES-FireP0336","Benchmark Period Mean (intersection)","MeanState","global","scalar","Pg","38.1501","100.0"
"EcosystemandCarbonCycle","Biomass","Saatchi","JULES-FireP0336","Benchmark Period Mean (complement)","MeanState","global","scalar","Pg","0.0785529","100.0"
"EcosystemandCarbonCycle","Biomass","Saatchi","JULES-FireP0336","Period Mean (original grids)","MeanState","global","scalar","Pg","140.52","100.0"
"EcosystemandCarbonCycle","Biomass","Saatchi","JULES-FireP0336","Model Period Mean (intersection)","MeanState","global","scalar","Pg","20.49","100.0"
"EcosystemandCarbonCycle","Biomass","Saatchi","JULES-FireP0336","Model Period Mean (complement)","MeanState","global","scalar","Pg","117.635","100.0"
"EcosystemandCarbonCycle","Biomass","Saatchi","JULES-FireP0336","Spatial Distribution Score","MeanState","global","score","1","0.765381","100.0"
"EcosystemandCarbonCycle","Biomass","Saatchi","JULES-FireP0336","Bias","MeanState","global","scalar","kg m-2","-1.76664","100.0"
"EcosystemandCarbonCycle","Biomass","Saatchi","JULES-FireP0336","Bias Score","MeanState","global","score","1","0.514261","100.0"
"EcosystemandCarbonCycle","Biomass","Saatchi","JULES-FireP0336","Overall Score","MeanState","global","score","1","0.639821","100.0"
"EcosystemandCarbonCycle","Biomass","Saatchi","CLM","Benchmark Period Mean (intersection)","MeanState","global","scalar","Pg","35.9488","100.0"
"EcosystemandCarbonCycle","Biomass","Saatchi","CLM","Benchmark Period Mean (complement)","MeanState","global","scalar","Pg","nan","100.0"
"EcosystemandCarbonCycle","Biomass","Saatchi","CLM","Period Mean (original grids)","MeanState","global","scalar","Pg","268.42","100.0"
"EcosystemandCarbonCycle","Biomass","Saatchi","CLM","Model Period Mean (intersection)","MeanState","global","scalar","Pg","33.8569","100.0"
"EcosystemandCarbonCycle","Biomass","Saatchi","CLM","Model Period Mean (complement)","MeanState","global","scalar","Pg","234.563","100.0"
"EcosystemandCarbonCycle","Biomass","Saatchi","CLM","Spatial Distribution Score","MeanState","global","score","1","0.430078","100.0"
"EcosystemandCarbonCycle","Biomass","Saatchi","CLM","Bias","MeanState","global","scalar","kg m-2","-0.217128","100.0"
"EcosystemandCarbonCycle","Biomass","Saatchi","CLM","Bias Score","MeanState","global","score","1","0.46621","100.0"
"EcosystemandCarbonCycle","Biomass","Saatchi","CLM","Overall Score","MeanState","global","score","1","0.448144","100.0"
"EcosystemandCarbonCycle","Biomass","Saatchi","DVM-DOS-TEM","Benchmark Period Mean (intersection)","MeanState","global","scalar","Pg","nan","100.0"
"EcosystemandCarbonCycle","Biomass","Saatchi","DVM-DOS-TEM","Benchmark Period Mean (complement)","MeanState","global","scalar","Pg","33.6685","100.0"
"EcosystemandCarbonCycle","Biomass","Saatchi","DVM-DOS-TEM","Period Mean (original grids)","MeanState","global","scalar","Pg","141.676","100.0"
"EcosystemandCarbonCycle","Biomass","Saatchi","DVM-DOS-TEM","Model Period Mean (intersection)","MeanState","global","scalar","Pg","nan","100.0"
"EcosystemandCarbonCycle","Biomass","Saatchi","DVM-DOS-TEM","Model Period Mean (complement)","MeanState","global","scalar","Pg","141.676","100.0"
"EcosystemandCarbonCycle","Biomass","Saatchi","DVM-DOS-TEM","Spatial Distribution Score","MeanState","global","score","1","nan","100.0"
"EcosystemandCarbonCycle","Biomass","Saatchi","DVM-DOS-TEM","Bias","MeanState","global","scalar","kg m-2","nan","100.0"
"EcosystemandCarbonCycle","Biomass","Saatchi","DVM-DOS-TEM","Bias Score","MeanState","global","score","1","nan","100.0"
"EcosystemandCarbonCycle","Biomass","Saatchi","LPJ-EOSIM","Benchmark Period Mean (intersection)","MeanState","global","scalar","Pg","33.3125","100.0"
"EcosystemandCarbonCycle","Biomass","Saatchi","LPJ-EOSIM","Benchmark Period Mean (complement)","MeanState","global","scalar","Pg","0.355934","100.0"
"EcosystemandCarbonCycle","Biomass","Saatchi","LPJ-EOSIM","Period Mean (original grids)","MeanState","global","scalar","Pg","143.911","100.0"
"EcosystemandCarbonCycle","Biomass","Saatchi","LPJ-EOSIM","Model Period Mean (intersection)","MeanState","global","scalar","Pg","17.8376","100.0"
"EcosystemandCarbonCycle","Biomass","Saatchi","LPJ-EOSIM","Model Period Mean (complement)","MeanState","global","scalar","Pg","126.073","100.0"
"EcosystemandCarbonCycle","Biomass","Saatchi","LPJ-EOSIM","Spatial Distribution Score","MeanState","global","score","1","0.823302","100.0"
"EcosystemandCarbonCycle","Biomass","Saatchi","LPJ-EOSIM","Bias","MeanState","global","scalar","kg m-2","-1.77127","100.0"
"EcosystemandCarbonCycle","Biomass","Saatchi","LPJ-EOSIM","Bias Score","MeanState","global","score","1","0.557648","100.0"
"EcosystemandCarbonCycle","Biomass","Saatchi","LPJ-EOSIM","Overall Score","MeanState","global","score","1","0.690475","100.0"
"EcosystemandCarbonCycle","Biomass","Saatchi","CLM-FATES","Benchmark Period Mean (intersection)","MeanState","global","scalar","Pg","34.6206","100.0"
"EcosystemandCarbonCycle","Biomass","Saatchi","CLM-FATES","Benchmark Period Mean (complement)","MeanState","global","scalar","Pg","0.0852366","100.0"
"EcosystemandCarbonCycle","Biomass","Saatchi","CLM-FATES","Period Mean (original grids)","MeanState","global","scalar","Pg","213.543","100.0"
"EcosystemandCarbonCycle","Biomass","Saatchi","CLM-FATES","Model Period Mean (intersection)","MeanState","global","scalar","Pg","24.9162","100.0"
"EcosystemandCarbonCycle","Biomass","Saatchi","CLM-FATES","Model Period Mean (complement)","MeanState","global","scalar","Pg","186.838","100.0"
"EcosystemandCarbonCycle","Biomass","Saatchi","CLM-FATES","Spatial Distribution Score","MeanState","global","score","1","0.609038","100.0"
"EcosystemandCarbonCycle","Biomass","Saatchi","CLM-FATES","Bias","MeanState","global","scalar","kg m-2","-1.0958","100.0"
"EcosystemandCarbonCycle","Biomass","Saatchi","CLM-FATES","Bias Score","MeanState","global","score","1","0.493476","100.0"
"EcosystemandCarbonCycle","Biomass","Saatchi","CLM-FATES","Overall Score","MeanState","global","score","1","0.551257","100.0"
"EcosystemandCarbonCycle","Biomass","Saatchi","LPJ-EOSIM-fixspitfire","Benchmark Period Mean (intersection)","MeanState","global","scalar","Pg","33.3125","100.0"
"EcosystemandCarbonCycle","Biomass","Saatchi","LPJ-EOSIM-fixspitfire","Benchmark Period Mean (complement)","MeanState","global","scalar","Pg","0.355934","100.0"
"EcosystemandCarbonCycle","Biomass","Saatchi","LPJ-EOSIM-fixspitfire","Period Mean (original grids)","MeanState","global","scalar","Pg","143.255","100.0"
"EcosystemandCarbonCycle","Biomass","Saatchi","LPJ-EOSIM-fixspitfire","Model Period Mean (intersection)","MeanState","global","scalar","Pg","17.8306","100.0"
"EcosystemandCarbonCycle","Biomass","Saatchi","LPJ-EOSIM-fixspitfire","Model Period Mean (complement)","MeanState","global","scalar","Pg","125.424","100.0"
"EcosystemandCarbonCycle","Biomass","Saatchi","LPJ-EOSIM-fixspitfire","Spatial Distribution Score","MeanState","global","score","1","0.823092","100.0"
"EcosystemandCarbonCycle","Biomass","Saatchi","LPJ-EOSIM-fixspitfire","Bias","MeanState","global","scalar","kg m-2","-1.77207","100.0"
"EcosystemandCarbonCycle","Biomass","Saatchi","LPJ-EOSIM-fixspitfire","Bias Score","MeanState","global","score","1","0.557573","100.0"
"EcosystemandCarbonCycle","Biomass","Saatchi","LPJ-EOSIM-fixspitfire","Overall Score","MeanState","global","score","1","0.690332","100.0"
"EcosystemandCarbonCycle","Biomass","Saatchi","JSBACH","Benchmark Period Mean (intersection)","MeanState","global","scalar","Pg","34.6479","100.0"
"EcosystemandCarbonCycle","Biomass","Saatchi","JSBACH","Benchmark Period Mean (complement)","MeanState","global","scalar","Pg","1.30085","100.0"
"EcosystemandCarbonCycle","Biomass","Saatchi","JSBACH","Period Mean (original grids)","MeanState","global","scalar","Pg","187.559","100.0"
"EcosystemandCarbonCycle","Biomass","Saatchi","JSBACH","Model Period Mean (intersection)","MeanState","global","scalar","Pg","31.4687","100.0"
"EcosystemandCarbonCycle","Biomass","Saatchi","JSBACH","Model Period Mean (complement)","MeanState","global","scalar","Pg","156.09","100.0"
"EcosystemandCarbonCycle","Biomass","Saatchi","JSBACH","Spatial Distribution Score","MeanState","global","score","1","0.468598","100.0"
"EcosystemandCarbonCycle","Biomass","Saatchi","JSBACH","Bias","MeanState","global","scalar","kg m-2","-0.349743","100.0"
"EcosystemandCarbonCycle","Biomass","Saatchi","JSBACH","Bias Score","MeanState","global","score","1","0.430989","100.0"
"EcosystemandCarbonCycle","Biomass","Saatchi","JSBACH","Overall Score","MeanState","global","score","1","0.449794","100.0"
"EcosystemandCarbonCycle","Biomass","Saatchi","JULES-FireP0005","Benchmark Period Mean (intersection)","MeanState","global","scalar","Pg","38.1501","100.0"
"EcosystemandCarbonCycle","Biomass","Saatchi","JULES-FireP0005","Benchmark Period Mean (complement)","MeanState","global","scalar","Pg","0.0785529","100.0"
"EcosystemandCarbonCycle","Biomass","Saatchi","JULES-FireP0005","Period Mean (original grids)","MeanState","global","scalar","Pg","136.425","100.0"
"EcosystemandCarbonCycle","Biomass","Saatchi","JULES-FireP0005","Model Period Mean (intersection)","MeanState","global","scalar","Pg","21.2955","100.0"
"EcosystemandCarbonCycle","Biomass","Saatchi","JULES-FireP0005","Model Period Mean (complement)","MeanState","global","scalar","Pg","112.729","100.0"
"EcosystemandCarbonCycle","Biomass","Saatchi","JULES-FireP0005","Spatial Distribution Score","MeanState","global","score","1","0.699878","100.0"
"EcosystemandCarbonCycle","Biomass","Saatchi","JULES-FireP0005","Bias","MeanState","global","scalar","kg m-2","-1.68593","100.0"
"EcosystemandCarbonCycle","Biomass","Saatchi","JULES-FireP0005","Bias Score","MeanState","global","score","1","0.488478","100.0"
"EcosystemandCarbonCycle","Biomass","Saatchi","JULES-FireP0005","Overall Score","MeanState","global","score","1","0.594178","100.0"
"EcosystemandCarbonCycle","Biomass","Saatchi","DLEM","Benchmark Period Mean (intersection)","MeanState","global","scalar","Pg","33.6685","100.0"
"EcosystemandCarbonCycle","Biomass","Saatchi","DLEM","Benchmark Period Mean (complement)","MeanState","global","scalar","Pg","nan","100.0"
"EcosystemandCarbonCycle","Biomass","Saatchi","DLEM","Period Mean (original grids)","MeanState","global","scalar","Pg","112.251","100.0"
"EcosystemandCarbonCycle","Biomass","Saatchi","DLEM","Model Period Mean (intersection)","MeanState","global","scalar","Pg","21.4305","100.0"
"EcosystemandCarbonCycle","Biomass","Saatchi","DLEM","Model Period Mean (complement)","MeanState","global","scalar","Pg","90.82","100.0"
"EcosystemandCarbonCycle","Biomass","Saatchi","DLEM","Spatial Distribution Score","MeanState","global","score","1","0.705257","100.0"
"EcosystemandCarbonCycle","Biomass","Saatchi","DLEM","Bias","MeanState","global","scalar","kg m-2","-1.33238","100.0"
"EcosystemandCarbonCycle","Biomass","Saatchi","DLEM","Bias Score","MeanState","global","score","1","0.499263","100.0"
"EcosystemandCarbonCycle","Biomass","Saatchi","DLEM","Overall Score","MeanState","global","score","1","0.60226","100.0"
"EcosystemandCarbonCycle","Biomass","Saatchi","JULES-noFire","Benchmark Period Mean (intersection)","MeanState","global","scalar","Pg","38.1501","100.0"
"EcosystemandCarbonCycle","Biomass","Saatchi","JULES-noFire","Benchmark Period Mean (complement)","MeanState","global","scalar","Pg","0.0785529","100.0"
"EcosystemandCarbonCycle","Biomass","Saatchi","JULES-noFire","Period Mean (original grids)","MeanState","global","scalar","Pg","147.43","100.0"
"EcosystemandCarbonCycle","Biomass","Saatchi","JULES-noFire","Model Period Mean (intersection)","MeanState","global","scalar","Pg","23.4672","100.0"
"EcosystemandCarbonCycle","Biomass","Saatchi","JULES-noFire","Model Period Mean (complement)","MeanState","global","scalar","Pg","121.493","100.0"
"EcosystemandCarbonCycle","Biomass","Saatchi","JULES-noFire","Spatial Distribution Score","MeanState","global","score","1","0.728615","100.0"
"EcosystemandCarbonCycle","Biomass","Saatchi","JULES-noFire","Bias","MeanState","global","scalar","kg m-2","-1.47437","100.0"
"EcosystemandCarbonCycle","Biomass","Saatchi","JULES-noFire","Bias Score","MeanState","global","score","1","0.516137","100.0"
"EcosystemandCarbonCycle","Biomass","Saatchi","JULES-noFire","Overall Score","MeanState","global","score","1","0.622376","100.0"
"EcosystemandCarbonCycle","Biomass","Saatchi","TEM","Benchmark Period Mean (intersection)","MeanState","global","scalar","Pg","32.8164","100.0"
"EcosystemandCarbonCycle","Biomass","Saatchi","TEM","Benchmark Period Mean (complement)","MeanState","global","scalar","Pg","0.852071","100.0"
"EcosystemandCarbonCycle","Biomass","Saatchi","TEM","Period Mean (original grids)","MeanState","global","scalar","Pg","311.595","100.0"
"EcosystemandCarbonCycle","Biomass","Saatchi","TEM","Model Period Mean (intersection)","MeanState","global","scalar","Pg","31.5294","100.0"
"EcosystemandCarbonCycle","Biomass","Saatchi","TEM","Model Period Mean (complement)","MeanState","global","scalar","Pg","280.065","100.0"
"EcosystemandCarbonCycle","Biomass","Saatchi","TEM","Spatial Distribution Score","MeanState","global","score","1","0.549787","100.0"
"EcosystemandCarbonCycle","Biomass","Saatchi","TEM","Bias","MeanState","global","scalar","kg m-2","-0.146393","100.0"
"EcosystemandCarbonCycle","Biomass","Saatchi","TEM","Bias Score","MeanState","global","score","1","0.482124","100.0"
"EcosystemandCarbonCycle","Biomass","Saatchi","TEM","Overall Score","MeanState","global","score","1","0.515955","100.0"
"EcosystemandCarbonCycle","Biomass","Saatchi","JULES-FireP0304","Benchmark Period Mean (intersection)","MeanState","global","scalar","Pg","38.1501","100.0"
"EcosystemandCarbonCycle","Biomass","Saatchi","JULES-FireP0304","Benchmark Period Mean (complement)","MeanState","global","scalar","Pg","0.0785529","100.0"
"EcosystemandCarbonCycle","Biomass","Saatchi","JULES-FireP0304","Period Mean (original grids)","MeanState","global","scalar","Pg","161.34","100.0"
"EcosystemandCarbonCycle","Biomass","Saatchi","JULES-FireP0304","Model Period Mean (intersection)","MeanState","global","scalar","Pg","23.4219","100.0"
"EcosystemandCarbonCycle","Biomass","Saatchi","JULES-FireP0304","Model Period Mean (complement)","MeanState","global","scalar","Pg","135.377","100.0"
"EcosystemandCarbonCycle","Biomass","Saatchi","JULES-FireP0304","Spatial Distribution Score","MeanState","global","score","1","0.683729","100.0"
"EcosystemandCarbonCycle","Biomass","Saatchi","JULES-FireP0304","Bias","MeanState","global","scalar","kg m-2","-1.47801","100.0"
"EcosystemandCarbonCycle","Biomass","Saatchi","JULES-FireP0304","Bias Score","MeanState","global","score","1","0.494711","100.0"
"EcosystemandCarbonCycle","Biomass","Saatchi","JULES-FireP0304","Overall Score","MeanState","global","score","1","0.58922","100.0"
"EcosystemandCarbonCycle","Biomass","Saatchi","JULES-FireP0249","Benchmark Period Mean (intersection)","MeanState","global","scalar","Pg","38.1501","100.0"
"EcosystemandCarbonCycle","Biomass","Saatchi","JULES-FireP0249","Benchmark Period Mean (complement)","MeanState","global","scalar","Pg","0.0785529","100.0"
"EcosystemandCarbonCycle","Biomass","Saatchi","JULES-FireP0249","Period Mean (original grids)","MeanState","global","scalar","Pg","139.654","100.0"
"EcosystemandCarbonCycle","Biomass","Saatchi","JULES-FireP0249","Model Period Mean (intersection)","MeanState","global","scalar","Pg","22.9905","100.0"
"EcosystemandCarbonCycle","Biomass","Saatchi","JULES-FireP0249","Model Period Mean (complement)","MeanState","global","scalar","Pg","114.166","100.0"
"EcosystemandCarbonCycle","Biomass","Saatchi","JULES-FireP0249","Spatial Distribution Score","MeanState","global","score","1","0.670098","100.0"
"EcosystemandCarbonCycle","Biomass","Saatchi","JULES-FireP0249","Bias","MeanState","global","scalar","kg m-2","-1.51729","100.0"
"EcosystemandCarbonCycle","Biomass","Saatchi","JULES-FireP0249","Bias Score","MeanState","global","score","1","0.483288","100.0"
"EcosystemandCarbonCycle","Biomass","Saatchi","JULES-FireP0249","Overall Score","MeanState","global","score","1","0.576693","100.0"
"EcosystemandCarbonCycle","Biomass","ESACCI","TEM","Benchmark Period Mean (intersection)","MeanState","global","scalar","Pg","132.377","100.0"
"EcosystemandCarbonCycle","Biomass","ESACCI","TEM","Benchmark Period Mean (complement)","MeanState","global","scalar","Pg","3.81953","100.0"
"EcosystemandCarbonCycle","Biomass","ESACCI","TEM","Period Mean (original grids)","MeanState","global","scalar","Pg","317.891","100.0"
"EcosystemandCarbonCycle","Biomass","ESACCI","TEM","Model Period Mean (intersection)","MeanState","global","scalar","Pg","317.891","100.0"
"EcosystemandCarbonCycle","Biomass","ESACCI","TEM","Model Period Mean (complement)","MeanState","global","scalar","Pg","nan","100.0"
"EcosystemandCarbonCycle","Biomass","ESACCI","TEM","Spatial Distribution Score","MeanState","global","score","1","0.576417","100.0"
"EcosystemandCarbonCycle","Biomass","ESACCI","TEM","Bias","MeanState","global","scalar","kg m-2","2.87397","100.0"
"EcosystemandCarbonCycle","Biomass","ESACCI","TEM","Bias Score","MeanState","global","score","1","0.495987","100.0"
"EcosystemandCarbonCycle","Biomass","ESACCI","TEM","Overall Score","MeanState","global","score","1","0.536202","100.0"
"EcosystemandCarbonCycle","Biomass","ESACCI","JULES-FireP0005","Benchmark Period Mean (intersection)","MeanState","global","scalar","Pg","136.56","100.0"
"EcosystemandCarbonCycle","Biomass","ESACCI","JULES-FireP0005","Benchmark Period Mean (complement)","MeanState","global","scalar","Pg","0.436718","100.0"
"EcosystemandCarbonCycle","Biomass","ESACCI","JULES-FireP0005","Period Mean (original grids)","MeanState","global","scalar","Pg","140.325","100.0"
"EcosystemandCarbonCycle","Biomass","ESACCI","JULES-FireP0005","Model Period Mean (intersection)","MeanState","global","scalar","Pg","137.98","100.0"
"EcosystemandCarbonCycle","Biomass","ESACCI","JULES-FireP0005","Model Period Mean (complement)","MeanState","global","scalar","Pg","nan","100.0"
"EcosystemandCarbonCycle","Biomass","ESACCI","JULES-FireP0005","Spatial Distribution Score","MeanState","global","score","1","0.760162","100.0"
"EcosystemandCarbonCycle","Biomass","ESACCI","JULES-FireP0005","Bias","MeanState","global","scalar","kg m-2","0.0119185","100.0"
"EcosystemandCarbonCycle","Biomass","ESACCI","JULES-FireP0005","Bias Score","MeanState","global","score","1","0.557187","100.0"
"EcosystemandCarbonCycle","Biomass","ESACCI","JULES-FireP0005","Overall Score","MeanState","global","score","1","0.658674","100.0"
"EcosystemandCarbonCycle","Biomass","ESACCI","LPX-Bern","Benchmark Period Mean (intersection)","MeanState","global","scalar","Pg","133.968","100.0"
"EcosystemandCarbonCycle","Biomass","ESACCI","LPX-Bern","Benchmark Period Mean (complement)","MeanState","global","scalar","Pg","2.61983","100.0"
"EcosystemandCarbonCycle","Biomass","ESACCI","LPX-Bern","Period Mean (original grids)","MeanState","global","scalar","Pg","128.447","100.0"
"EcosystemandCarbonCycle","Biomass","ESACCI","LPX-Bern","Model Period Mean (intersection)","MeanState","global","scalar","Pg","128.447","100.0"
"EcosystemandCarbonCycle","Biomass","ESACCI","LPX-Bern","Model Period Mean (complement)","MeanState","global","scalar","Pg","nan","100.0"
"EcosystemandCarbonCycle","Biomass","ESACCI","LPX-Bern","Spatial Distribution Score","MeanState","global","score","1","0.773063","100.0"
"EcosystemandCarbonCycle","Biomass","ESACCI","LPX-Bern","Bias","MeanState","global","scalar","kg m-2","-0.0748477","100.0"
"EcosystemandCarbonCycle","Biomass","ESACCI","LPX-Bern","Bias Score","MeanState","global","score","1","0.641149","100.0"
"EcosystemandCarbonCycle","Biomass","ESACCI","LPX-Bern","Overall Score","MeanState","global","score","1","0.707106","100.0"
"EcosystemandCarbonCycle","Biomass","ESACCI","LPJ-EOSIM","Benchmark Period Mean (intersection)","MeanState","global","scalar","Pg","134.441","100.0"
"EcosystemandCarbonCycle","Biomass","ESACCI","LPJ-EOSIM","Benchmark Period Mean (complement)","MeanState","global","scalar","Pg","1.7549","100.0"
"EcosystemandCarbonCycle","Biomass","ESACCI","LPJ-EOSIM","Period Mean (original grids)","MeanState","global","scalar","Pg","150.776","100.0"
"EcosystemandCarbonCycle","Biomass","ESACCI","LPJ-EOSIM","Model Period Mean (intersection)","MeanState","global","scalar","Pg","150.776","100.0"
"EcosystemandCarbonCycle","Biomass","ESACCI","LPJ-EOSIM","Model Period Mean (complement)","MeanState","global","scalar","Pg","nan","100.0"
"EcosystemandCarbonCycle","Biomass","ESACCI","LPJ-EOSIM","Spatial Distribution Score","MeanState","global","score","1","0.876643","100.0"
"EcosystemandCarbonCycle","Biomass","ESACCI","LPJ-EOSIM","Bias","MeanState","global","scalar","kg m-2","0.270944","100.0"
"EcosystemandCarbonCycle","Biomass","ESACCI","LPJ-EOSIM","Bias Score","MeanState","global","score","1","0.655752","100.0"
"EcosystemandCarbonCycle","Biomass","ESACCI","LPJ-EOSIM","Overall Score","MeanState","global","score","1","0.766197","100.0"
"EcosystemandCarbonCycle","Biomass","ESACCI","CLM-FATES","Benchmark Period Mean (intersection)","MeanState","global","scalar","Pg","136.069","100.0"
"EcosystemandCarbonCycle","Biomass","ESACCI","CLM-FATES","Benchmark Period Mean (complement)","MeanState","global","scalar","Pg","0.325717","100.0"
"EcosystemandCarbonCycle","Biomass","ESACCI","CLM-FATES","Period Mean (original grids)","MeanState","global","scalar","Pg","219.74","100.0"
"EcosystemandCarbonCycle","Biomass","ESACCI","CLM-FATES","Model Period Mean (intersection)","MeanState","global","scalar","Pg","218.197","100.0"
"EcosystemandCarbonCycle","Biomass","ESACCI","CLM-FATES","Model Period Mean (complement)","MeanState","global","scalar","Pg","nan","100.0"
"EcosystemandCarbonCycle","Biomass","ESACCI","CLM-FATES","Spatial Distribution Score","MeanState","global","score","1","0.791986","100.0"
"EcosystemandCarbonCycle","Biomass","ESACCI","CLM-FATES","Bias","MeanState","global","scalar","kg m-2","1.15968","100.0"
"EcosystemandCarbonCycle","Biomass","ESACCI","CLM-FATES","Bias Score","MeanState","global","score","1","0.61372","100.0"
"EcosystemandCarbonCycle","Biomass","ESACCI","CLM-FATES","Overall Score","MeanState","global","score","1","0.702853","100.0"
"EcosystemandCarbonCycle","Biomass","ESACCI","LPJ-EOSIM-fixspitfire","Benchmark Period Mean (intersection)","MeanState","global","scalar","Pg","134.441","100.0"
"EcosystemandCarbonCycle","Biomass","ESACCI","LPJ-EOSIM-fixspitfire","Benchmark Period Mean (complement)","MeanState","global","scalar","Pg","1.7549","100.0"
"EcosystemandCarbonCycle","Biomass","ESACCI","LPJ-EOSIM-fixspitfire","Period Mean (original grids)","MeanState","global","scalar","Pg","149.972","100.0"
"EcosystemandCarbonCycle","Biomass","ESACCI","LPJ-EOSIM-fixspitfire","Model Period Mean (intersection)","MeanState","global","scalar","Pg","149.972","100.0"
"EcosystemandCarbonCycle","Biomass","ESACCI","LPJ-EOSIM-fixspitfire","Model Period Mean (complement)","MeanState","global","scalar","Pg","nan","100.0"
"EcosystemandCarbonCycle","Biomass","ESACCI","LPJ-EOSIM-fixspitfire","Spatial Distribution Score","MeanState","global","score","1","0.874455","100.0"
"EcosystemandCarbonCycle","Biomass","ESACCI","LPJ-EOSIM-fixspitfire","Bias","MeanState","global","scalar","kg m-2","0.258725","100.0"
"EcosystemandCarbonCycle","Biomass","ESACCI","LPJ-EOSIM-fixspitfire","Bias Score","MeanState","global","score","1","0.65321","100.0"
"EcosystemandCarbonCycle","Biomass","ESACCI","LPJ-EOSIM-fixspitfire","Overall Score","MeanState","global","score","1","0.763833","100.0"
"EcosystemandCarbonCycle","Biomass","ESACCI","JULES-FireP0336","Benchmark Period Mean (intersection)","MeanState","global","scalar","Pg","136.56","100.0"
"EcosystemandCarbonCycle","Biomass","ESACCI","JULES-FireP0336","Benchmark Period Mean (complement)","MeanState","global","scalar","Pg","0.436718","100.0"
"EcosystemandCarbonCycle","Biomass","ESACCI","JULES-FireP0336","Period Mean (original grids)","MeanState","global","scalar","Pg","144.382","100.0"
"EcosystemandCarbonCycle","Biomass","ESACCI","JULES-FireP0336","Model Period Mean (intersection)","MeanState","global","scalar","Pg","142.097","100.0"
"EcosystemandCarbonCycle","Biomass","ESACCI","JULES-FireP0336","Model Period Mean (complement)","MeanState","global","scalar","Pg","nan","100.0"
"EcosystemandCarbonCycle","Biomass","ESACCI","JULES-FireP0336","Spatial Distribution Score","MeanState","global","score","1","0.762996","100.0"
"EcosystemandCarbonCycle","Biomass","ESACCI","JULES-FireP0336","Bias","MeanState","global","scalar","kg m-2","0.0669904","100.0"
"EcosystemandCarbonCycle","Biomass","ESACCI","JULES-FireP0336","Bias Score","MeanState","global","score","1","0.557568","100.0"
"EcosystemandCarbonCycle","Biomass","ESACCI","JULES-FireP0336","Overall Score","MeanState","global","score","1","0.660282","100.0"
"EcosystemandCarbonCycle","Biomass","ESACCI","DLEM","Benchmark Period Mean (intersection)","MeanState","global","scalar","Pg","136.196","100.0"
"EcosystemandCarbonCycle","Biomass","ESACCI","DLEM","Benchmark Period Mean (complement)","MeanState","global","scalar","Pg","nan","100.0"
"EcosystemandCarbonCycle","Biomass","ESACCI","DLEM","Period Mean (original grids)","MeanState","global","scalar","Pg","116.961","100.0"
"EcosystemandCarbonCycle","Biomass","ESACCI","DLEM","Model Period Mean (intersection)","MeanState","global","scalar","Pg","116.961","100.0"
"EcosystemandCarbonCycle","Biomass","ESACCI","DLEM","Model Period Mean (complement)","MeanState","global","scalar","Pg","nan","100.0"
"EcosystemandCarbonCycle","Biomass","ESACCI","DLEM","Spatial Distribution Score","MeanState","global","score","1","0.711842","100.0"
"EcosystemandCarbonCycle","Biomass","ESACCI","DLEM","Bias","MeanState","global","scalar","kg m-2","-0.255221","100.0"
"EcosystemandCarbonCycle","Biomass","ESACCI","DLEM","Bias Score","MeanState","global","score","1","0.500326","100.0"
"EcosystemandCarbonCycle","Biomass","ESACCI","DLEM","Overall Score","MeanState","global","score","1","0.606084","100.0"
"EcosystemandCarbonCycle","Biomass","ESACCI","DVM-DOS-TEM","Benchmark Period Mean (intersection)","MeanState","global","scalar","Pg","59.0656","100.0"
"EcosystemandCarbonCycle","Biomass","ESACCI","DVM-DOS-TEM","Benchmark Period Mean (complement)","MeanState","global","scalar","Pg","77.1304","100.0"
"EcosystemandCarbonCycle","Biomass","ESACCI","DVM-DOS-TEM","Period Mean (original grids)","MeanState","global","scalar","Pg","146.507","100.0"
"EcosystemandCarbonCycle","Biomass","ESACCI","DVM-DOS-TEM","Model Period Mean (intersection)","MeanState","global","scalar","Pg","146.507","100.0"
"EcosystemandCarbonCycle","Biomass","ESACCI","DVM-DOS-TEM","Model Period Mean (complement)","MeanState","global","scalar","Pg","nan","100.0"
"EcosystemandCarbonCycle","Biomass","ESACCI","DVM-DOS-TEM","Spatial Distribution Score","MeanState","global","score","1","0.252563","100.0"
"EcosystemandCarbonCycle","Biomass","ESACCI","DVM-DOS-TEM","Bias","MeanState","global","scalar","kg m-2","4.08169","100.0"
"EcosystemandCarbonCycle","Biomass","ESACCI","DVM-DOS-TEM","Bias Score","MeanState","global","score","1","0.337462","100.0"
"EcosystemandCarbonCycle","Biomass","ESACCI","DVM-DOS-TEM","Overall Score","MeanState","global","score","1","0.295012","100.0"
"EcosystemandCarbonCycle","Biomass","ESACCI","JULES-FireP0304","Benchmark Period Mean (intersection)","MeanState","global","scalar","Pg","136.56","100.0"
"EcosystemandCarbonCycle","Biomass","ESACCI","JULES-FireP0304","Benchmark Period Mean (complement)","MeanState","global","scalar","Pg","0.436718","100.0"
"EcosystemandCarbonCycle","Biomass","ESACCI","JULES-FireP0304","Period Mean (original grids)","MeanState","global","scalar","Pg","165.797","100.0"
"EcosystemandCarbonCycle","Biomass","ESACCI","JULES-FireP0304","Model Period Mean (intersection)","MeanState","global","scalar","Pg","163.351","100.0"
"EcosystemandCarbonCycle","Biomass","ESACCI","JULES-FireP0304","Model Period Mean (complement)","MeanState","global","scalar","Pg","nan","100.0"
"EcosystemandCarbonCycle","Biomass","ESACCI","JULES-FireP0304","Spatial Distribution Score","MeanState","global","score","1","0.766351","100.0"
"EcosystemandCarbonCycle","Biomass","ESACCI","JULES-FireP0304","Bias","MeanState","global","scalar","kg m-2","0.357131","100.0"
"EcosystemandCarbonCycle","Biomass","ESACCI","JULES-FireP0304","Bias Score","MeanState","global","score","1","0.572386","100.0"
"EcosystemandCarbonCycle","Biomass","ESACCI","JULES-FireP0304","Overall Score","MeanState","global","score","1","0.669369","100.0"
"EcosystemandCarbonCycle","Biomass","ESACCI","JULES-FireP0249","Benchmark Period Mean (intersection)","MeanState","global","scalar","Pg","136.56","100.0"
"EcosystemandCarbonCycle","Biomass","ESACCI","JULES-FireP0249","Benchmark Period Mean (complement)","MeanState","global","scalar","Pg","0.436718","100.0"
"EcosystemandCarbonCycle","Biomass","ESACCI","JULES-FireP0249","Period Mean (original grids)","MeanState","global","scalar","Pg","142.895","100.0"
"EcosystemandCarbonCycle","Biomass","ESACCI","JULES-FireP0249","Model Period Mean (intersection)","MeanState","global","scalar","Pg","140.471","100.0"
"EcosystemandCarbonCycle","Biomass","ESACCI","JULES-FireP0249","Model Period Mean (complement)","MeanState","global","scalar","Pg","nan","100.0"
"EcosystemandCarbonCycle","Biomass","ESACCI","JULES-FireP0249","Spatial Distribution Score","MeanState","global","score","1","0.737383","100.0"
"EcosystemandCarbonCycle","Biomass","ESACCI","JULES-FireP0249","Bias","MeanState","global","scalar","kg m-2","0.0465225","100.0"
"EcosystemandCarbonCycle","Biomass","ESACCI","JULES-FireP0249","Bias Score","MeanState","global","score","1","0.538468","100.0"
"EcosystemandCarbonCycle","Biomass","ESACCI","JULES-FireP0249","Overall Score","MeanState","global","score","1","0.637925","100.0"
"EcosystemandCarbonCycle","Biomass","ESACCI","JULES-noFire","Benchmark Period Mean (intersection)","MeanState","global","scalar","Pg","136.56","100.0"
"EcosystemandCarbonCycle","Biomass","ESACCI","JULES-noFire","Benchmark Period Mean (complement)","MeanState","global","scalar","Pg","0.436718","100.0"
"EcosystemandCarbonCycle","Biomass","ESACCI","JULES-noFire","Period Mean (original grids)","MeanState","global","scalar","Pg","151.57","100.0"
"EcosystemandCarbonCycle","Biomass","ESACCI","JULES-noFire","Model Period Mean (intersection)","MeanState","global","scalar","Pg","149.159","100.0"
"EcosystemandCarbonCycle","Biomass","ESACCI","JULES-noFire","Model Period Mean (complement)","MeanState","global","scalar","Pg","nan","100.0"
"EcosystemandCarbonCycle","Biomass","ESACCI","JULES-noFire","Spatial Distribution Score","MeanState","global","score","1","0.7763","100.0"
"EcosystemandCarbonCycle","Biomass","ESACCI","JULES-noFire","Bias","MeanState","global","scalar","kg m-2","0.161392","100.0"
"EcosystemandCarbonCycle","Biomass","ESACCI","JULES-noFire","Bias Score","MeanState","global","score","1","0.571338","100.0"
"EcosystemandCarbonCycle","Biomass","ESACCI","JULES-noFire","Overall Score","MeanState","global","score","1","0.673819","100.0"
"EcosystemandCarbonCycle","Biomass","ESACCI","JSBACH","Benchmark Period Mean (intersection)","MeanState","global","scalar","Pg","131.524","100.0"
"EcosystemandCarbonCycle","Biomass","ESACCI","JSBACH","Benchmark Period Mean (complement)","MeanState","global","scalar","Pg","5.06356","100.0"
"EcosystemandCarbonCycle","Biomass","ESACCI","JSBACH","Period Mean (original grids)","MeanState","global","scalar","Pg","194.146","100.0"
"EcosystemandCarbonCycle","Biomass","ESACCI","JSBACH","Model Period Mean (intersection)","MeanState","global","scalar","Pg","194.146","100.0"
"EcosystemandCarbonCycle","Biomass","ESACCI","JSBACH","Model Period Mean (complement)","MeanState","global","scalar","Pg","nan","100.0"
"EcosystemandCarbonCycle","Biomass","ESACCI","JSBACH","Spatial Distribution Score","MeanState","global","score","1","0.794608","100.0"
"EcosystemandCarbonCycle","Biomass","ESACCI","JSBACH","Bias","MeanState","global","scalar","kg m-2","0.975795","100.0"
"EcosystemandCarbonCycle","Biomass","ESACCI","JSBACH","Bias Score","MeanState","global","score","1","0.603288","100.0"
"EcosystemandCarbonCycle","Biomass","ESACCI","JSBACH","Overall Score","MeanState","global","score","1","0.698948","100.0"
"EcosystemandCarbonCycle","Biomass","ESACCI","CLM","Benchmark Period Mean (intersection)","MeanState","global","scalar","Pg","136.588","100.0"
"EcosystemandCarbonCycle","Biomass","ESACCI","CLM","Benchmark Period Mean (complement)","MeanState","global","scalar","Pg","nan","100.0"
"EcosystemandCarbonCycle","Biomass","ESACCI","CLM","Period Mean (original grids)","MeanState","global","scalar","Pg","272.392","100.0"
"EcosystemandCarbonCycle","Biomass","ESACCI","CLM","Model Period Mean (intersection)","MeanState","global","scalar","Pg","272.392","100.0"
"EcosystemandCarbonCycle","Biomass","ESACCI","CLM","Model Period Mean (complement)","MeanState","global","scalar","Pg","nan","100.0"
"EcosystemandCarbonCycle","Biomass","ESACCI","CLM","Spatial Distribution Score","MeanState","global","score","1","0.643994","100.0"
"EcosystemandCarbonCycle","Biomass","ESACCI","CLM","Bias","MeanState","global","scalar","kg m-2","1.80967","100.0"
"EcosystemandCarbonCycle","Biomass","ESACCI","CLM","Bias Score","MeanState","global","score","1","0.565181","100.0"
"EcosystemandCarbonCycle","Biomass","ESACCI","CLM","Overall Score","MeanState","global","score","1","0.604587","100.0"
"EcosystemandCarbonCycle","GrossPrimaryProductivity","FLUXCOM","DVM-DOS-TEM","Benchmark Period Mean (intersection)","MeanState","global","scalar","Pg yr-1","7.09957","75.0"
"EcosystemandCarbonCycle","GrossPrimaryProductivity","FLUXCOM","DVM-DOS-TEM","Benchmark Period Mean (complement)","MeanState","global","scalar","Pg yr-1","22.9067","75.0"
"EcosystemandCarbonCycle","GrossPrimaryProductivity","FLUXCOM","DVM-DOS-TEM","Period Mean (original grids)","MeanState","global","scalar","Pg yr-1","12.9627","75.0"
"EcosystemandCarbonCycle","GrossPrimaryProductivity","FLUXCOM","DVM-DOS-TEM","Model Period Mean (intersection)","MeanState","global","scalar","Pg yr-1","12.878","75.0"
"EcosystemandCarbonCycle","GrossPrimaryProductivity","FLUXCOM","DVM-DOS-TEM","Model Period Mean (complement)","MeanState","global","scalar","Pg yr-1","0.0847306","75.0"
"EcosystemandCarbonCycle","GrossPrimaryProductivity","FLUXCOM","DVM-DOS-TEM","Spatial Distribution Score","MeanState","global","score","1","0.515355","75.0"
"EcosystemandCarbonCycle","GrossPrimaryProductivity","FLUXCOM","DVM-DOS-TEM","Phase Shift","MeanState","global","scalar","months","0.655847","75.0"
"EcosystemandCarbonCycle","GrossPrimaryProductivity","FLUXCOM","DVM-DOS-TEM","Seasonal Cycle Score","MeanState","global","score","1","0.950125","75.0"
"EcosystemandCarbonCycle","GrossPrimaryProductivity","FLUXCOM","DVM-DOS-TEM","Bias","MeanState","global","scalar","g m-2 d-1","0.768969","75.0"
"EcosystemandCarbonCycle","GrossPrimaryProductivity","FLUXCOM","DVM-DOS-TEM","Bias Score","MeanState","global","score","1","0.65426","75.0"
"EcosystemandCarbonCycle","GrossPrimaryProductivity","FLUXCOM","DVM-DOS-TEM","RMSE","MeanState","global","scalar","g m-2 d-1","1.83126","75.0"
"EcosystemandCarbonCycle","GrossPrimaryProductivity","FLUXCOM","DVM-DOS-TEM","RMSE Score","MeanState","global","score","1","0.507356","75.0"
"EcosystemandCarbonCycle","GrossPrimaryProductivity","FLUXCOM","DVM-DOS-TEM","Overall Score","MeanState","global","score","1","0.62689","75.0"
"EcosystemandCarbonCycle","GrossPrimaryProductivity","FLUXCOM","DVM-DOS-TEM","Evapotranspiration|GLEAMv3.3a Hellinger Distance","Relationships","global","scalar","1","0.622145","75.0"
"EcosystemandCarbonCycle","GrossPrimaryProductivity","FLUXCOM","DVM-DOS-TEM","Evapotranspiration|GLEAMv3.3a Score","Relationships","global","score","1","0.77034","75.0"
"EcosystemandCarbonCycle","GrossPrimaryProductivity","FLUXCOM","DVM-DOS-TEM","Overall Score","Relationships","global","score","1","0.77034","75.0"
"EcosystemandCarbonCycle","GrossPrimaryProductivity","FLUXCOM","JSBACH","Benchmark Period Mean (intersection)","MeanState","global","scalar","Pg yr-1","28.6999","75.0"
"EcosystemandCarbonCycle","GrossPrimaryProductivity","FLUXCOM","JSBACH","Benchmark Period Mean (complement)","MeanState","global","scalar","Pg yr-1","1.68683","75.0"
"EcosystemandCarbonCycle","GrossPrimaryProductivity","FLUXCOM","JSBACH","Period Mean (original grids)","MeanState","global","scalar","Pg yr-1","35.1939","75.0"
"EcosystemandCarbonCycle","GrossPrimaryProductivity","FLUXCOM","JSBACH","Model Period Mean (intersection)","MeanState","global","scalar","Pg yr-1","34.1032","75.0"
"EcosystemandCarbonCycle","GrossPrimaryProductivity","FLUXCOM","JSBACH","Model Period Mean (complement)","MeanState","global","scalar","Pg yr-1","1.09071","75.0"
"EcosystemandCarbonCycle","GrossPrimaryProductivity","FLUXCOM","JSBACH","Spatial Distribution Score","MeanState","global","score","1","0.958403","75.0"
"EcosystemandCarbonCycle","GrossPrimaryProductivity","FLUXCOM","JSBACH","Phase Shift","MeanState","global","scalar","months","0.585063","75.0"
"EcosystemandCarbonCycle","GrossPrimaryProductivity","FLUXCOM","JSBACH","Seasonal Cycle Score","MeanState","global","score","1","0.947578","75.0"
"EcosystemandCarbonCycle","GrossPrimaryProductivity","FLUXCOM","JSBACH","Bias","MeanState","global","scalar","g m-2 d-1","0.257386","75.0"
"EcosystemandCarbonCycle","GrossPrimaryProductivity","FLUXCOM","JSBACH","Bias Score","MeanState","global","score","1","0.737687","75.0"
"EcosystemandCarbonCycle","GrossPrimaryProductivity","FLUXCOM","JSBACH","RMSE","MeanState","global","scalar","g m-2 d-1","1.07045","75.0"
"EcosystemandCarbonCycle","GrossPrimaryProductivity","FLUXCOM","JSBACH","RMSE Score","MeanState","global","score","1","0.61983","75.0"
"EcosystemandCarbonCycle","GrossPrimaryProductivity","FLUXCOM","JSBACH","Overall Score","MeanState","global","score","1","0.776665","75.0"
"EcosystemandCarbonCycle","GrossPrimaryProductivity","FLUXCOM","JSBACH","Evapotranspiration|GLEAMv3.3a Hellinger Distance","Relationships","global","scalar","1","0.648289","75.0"
"EcosystemandCarbonCycle","GrossPrimaryProductivity","FLUXCOM","JSBACH","Evapotranspiration|GLEAMv3.3a Score","Relationships","global","score","1","0.883567","75.0"
"EcosystemandCarbonCycle","GrossPrimaryProductivity","FLUXCOM","JSBACH","Overall Score","Relationships","global","score","1","0.883567","75.0"
"EcosystemandCarbonCycle","GrossPrimaryProductivity","FLUXCOM","JULES-FireP0304","Benchmark Period Mean (intersection)","MeanState","global","scalar","Pg yr-1","30.6356","75.0"
"EcosystemandCarbonCycle","GrossPrimaryProductivity","FLUXCOM","JULES-FireP0304","Benchmark Period Mean (complement)","MeanState","global","scalar","Pg yr-1","0.128169","75.0"
"EcosystemandCarbonCycle","GrossPrimaryProductivity","FLUXCOM","JULES-FireP0304","Period Mean (original grids)","MeanState","global","scalar","Pg yr-1","45.0326","75.0"
"EcosystemandCarbonCycle","GrossPrimaryProductivity","FLUXCOM","JULES-FireP0304","Model Period Mean (intersection)","MeanState","global","scalar","Pg yr-1","38.4885","75.0"
"EcosystemandCarbonCycle","GrossPrimaryProductivity","FLUXCOM","JULES-FireP0304","Model Period Mean (complement)","MeanState","global","scalar","Pg yr-1","5.98745","75.0"
"EcosystemandCarbonCycle","GrossPrimaryProductivity","FLUXCOM","JULES-FireP0304","Spatial Distribution Score","MeanState","global","score","1","0.864964","75.0"
"EcosystemandCarbonCycle","GrossPrimaryProductivity","FLUXCOM","JULES-FireP0304","Phase Shift","MeanState","global","scalar","months","0.655594","75.0"
"EcosystemandCarbonCycle","GrossPrimaryProductivity","FLUXCOM","JULES-FireP0304","Seasonal Cycle Score","MeanState","global","score","1","0.933904","75.0"
"EcosystemandCarbonCycle","GrossPrimaryProductivity","FLUXCOM","JULES-FireP0304","Bias","MeanState","global","scalar","g m-2 d-1","0.354824","75.0"
"EcosystemandCarbonCycle","GrossPrimaryProductivity","FLUXCOM","JULES-FireP0304","Bias Score","MeanState","global","score","1","0.672383","75.0"
"EcosystemandCarbonCycle","GrossPrimaryProductivity","FLUXCOM","JULES-FireP0304","RMSE","MeanState","global","scalar","g m-2 d-1","1.11736","75.0"
"EcosystemandCarbonCycle","GrossPrimaryProductivity","FLUXCOM","JULES-FireP0304","RMSE Score","MeanState","global","score","1","0.617201","75.0"
"EcosystemandCarbonCycle","GrossPrimaryProductivity","FLUXCOM","JULES-FireP0304","Overall Score","MeanState","global","score","1","0.741131","75.0"
"EcosystemandCarbonCycle","GrossPrimaryProductivity","FLUXCOM","JULES-FireP0304","Overall Score","Relationships","global","score","1","nan","75.0"
"EcosystemandCarbonCycle","GrossPrimaryProductivity","FLUXCOM","DLEM","Benchmark Period Mean (intersection)","MeanState","global","scalar","Pg yr-1","30.0062","75.0"
"EcosystemandCarbonCycle","GrossPrimaryProductivity","FLUXCOM","DLEM","Benchmark Period Mean (complement)","MeanState","global","scalar","Pg yr-1","nan","75.0"
"EcosystemandCarbonCycle","GrossPrimaryProductivity","FLUXCOM","DLEM","Period Mean (original grids)","MeanState","global","scalar","Pg yr-1","29.0271","75.0"
"EcosystemandCarbonCycle","GrossPrimaryProductivity","FLUXCOM","DLEM","Model Period Mean (intersection)","MeanState","global","scalar","Pg yr-1","28.939","75.0"
"EcosystemandCarbonCycle","GrossPrimaryProductivity","FLUXCOM","DLEM","Model Period Mean (complement)","MeanState","global","scalar","Pg yr-1","0.0880428","75.0"
"EcosystemandCarbonCycle","GrossPrimaryProductivity","FLUXCOM","DLEM","Spatial Distribution Score","MeanState","global","score","1","0.869376","75.0"
"EcosystemandCarbonCycle","GrossPrimaryProductivity","FLUXCOM","DLEM","Phase Shift","MeanState","global","scalar","months","0.710398","75.0"
"EcosystemandCarbonCycle","GrossPrimaryProductivity","FLUXCOM","DLEM","Seasonal Cycle Score","MeanState","global","score","1","0.940771","75.0"
"EcosystemandCarbonCycle","GrossPrimaryProductivity","FLUXCOM","DLEM","Bias","MeanState","global","scalar","g m-2 d-1","-0.0491062","75.0"
"EcosystemandCarbonCycle","GrossPrimaryProductivity","FLUXCOM","DLEM","Bias Score","MeanState","global","score","1","0.63355","75.0"
"EcosystemandCarbonCycle","GrossPrimaryProductivity","FLUXCOM","DLEM","RMSE","MeanState","global","scalar","g m-2 d-1","1.35689","75.0"
"EcosystemandCarbonCycle","GrossPrimaryProductivity","FLUXCOM","DLEM","RMSE Score","MeanState","global","score","1","0.528262","75.0"
"EcosystemandCarbonCycle","GrossPrimaryProductivity","FLUXCOM","DLEM","Overall Score","MeanState","global","score","1","0.700044","75.0"
"EcosystemandCarbonCycle","GrossPrimaryProductivity","FLUXCOM","DLEM","Overall Score","Relationships","global","score","1","nan","75.0"
"EcosystemandCarbonCycle","GrossPrimaryProductivity","FLUXCOM","CLM-FATES","Benchmark Period Mean (intersection)","MeanState","global","scalar","Pg yr-1","30.0761","75.0"
"EcosystemandCarbonCycle","GrossPrimaryProductivity","FLUXCOM","CLM-FATES","Benchmark Period Mean (complement)","MeanState","global","scalar","Pg yr-1","0.10327","75.0"
"EcosystemandCarbonCycle","GrossPrimaryProductivity","FLUXCOM","CLM-FATES","Period Mean (original grids)","MeanState","global","scalar","Pg yr-1","44.503","75.0"
"EcosystemandCarbonCycle","GrossPrimaryProductivity","FLUXCOM","CLM-FATES","Model Period Mean (intersection)","MeanState","global","scalar","Pg yr-1","40.2068","75.0"
"EcosystemandCarbonCycle","GrossPrimaryProductivity","FLUXCOM","CLM-FATES","Model Period Mean (complement)","MeanState","global","scalar","Pg yr-1","4.02847","75.0"
"EcosystemandCarbonCycle","GrossPrimaryProductivity","FLUXCOM","CLM-FATES","Spatial Distribution Score","MeanState","global","score","1","0.922047","75.0"
"EcosystemandCarbonCycle","GrossPrimaryProductivity","FLUXCOM","CLM-FATES","Phase Shift","MeanState","global","scalar","months","0.653823","75.0"
"EcosystemandCarbonCycle","GrossPrimaryProductivity","FLUXCOM","CLM-FATES","Seasonal Cycle Score","MeanState","global","score","1","0.953516","75.0"
"EcosystemandCarbonCycle","GrossPrimaryProductivity","FLUXCOM","CLM-FATES","Bias","MeanState","global","scalar","g m-2 d-1","0.460075","75.0"
"EcosystemandCarbonCycle","GrossPrimaryProductivity","FLUXCOM","CLM-FATES","Bias Score","MeanState","global","score","1","0.66948","75.0"
"EcosystemandCarbonCycle","GrossPrimaryProductivity","FLUXCOM","CLM-FATES","RMSE","MeanState","global","scalar","g m-2 d-1","1.13609","75.0"
"EcosystemandCarbonCycle","GrossPrimaryProductivity","FLUXCOM","CLM-FATES","RMSE Score","MeanState","global","score","1","0.649316","75.0"
"EcosystemandCarbonCycle","GrossPrimaryProductivity","FLUXCOM","CLM-FATES","Overall Score","MeanState","global","score","1","0.768735","75.0"
"EcosystemandCarbonCycle","GrossPrimaryProductivity","FLUXCOM","CLM-FATES","Evapotranspiration|GLEAMv3.3a Hellinger Distance","Relationships","global","scalar","1","0.522735","75.0"
"EcosystemandCarbonCycle","GrossPrimaryProductivity","FLUXCOM","CLM-FATES","Evapotranspiration|GLEAMv3.3a Score","Relationships","global","score","1","0.757369","75.0"
"EcosystemandCarbonCycle","GrossPrimaryProductivity","FLUXCOM","CLM-FATES","Overall Score","Relationships","global","score","1","0.757369","75.0"
"EcosystemandCarbonCycle","GrossPrimaryProductivity","FLUXCOM","JULES-noFire","Benchmark Period Mean (intersection)","MeanState","global","scalar","Pg yr-1","30.6356","75.0"
"EcosystemandCarbonCycle","GrossPrimaryProductivity","FLUXCOM","JULES-noFire","Benchmark Period Mean (complement)","MeanState","global","scalar","Pg yr-1","0.128169","75.0"
"EcosystemandCarbonCycle","GrossPrimaryProductivity","FLUXCOM","JULES-noFire","Period Mean (original grids)","MeanState","global","scalar","Pg yr-1","50.5808","75.0"
"EcosystemandCarbonCycle","GrossPrimaryProductivity","FLUXCOM","JULES-noFire","Model Period Mean (intersection)","MeanState","global","scalar","Pg yr-1","43.5165","75.0"
"EcosystemandCarbonCycle","GrossPrimaryProductivity","FLUXCOM","JULES-noFire","Model Period Mean (complement)","MeanState","global","scalar","Pg yr-1","6.46471","75.0"
"EcosystemandCarbonCycle","GrossPrimaryProductivity","FLUXCOM","JULES-noFire","Spatial Distribution Score","MeanState","global","score","1","0.826596","75.0"
"EcosystemandCarbonCycle","GrossPrimaryProductivity","FLUXCOM","JULES-noFire","Phase Shift","MeanState","global","scalar","months","0.632295","75.0"
"EcosystemandCarbonCycle","GrossPrimaryProductivity","FLUXCOM","JULES-noFire","Seasonal Cycle Score","MeanState","global","score","1","0.933439","75.0"
"EcosystemandCarbonCycle","GrossPrimaryProductivity","FLUXCOM","JULES-noFire","Bias","MeanState","global","scalar","g m-2 d-1","0.582817","75.0"
"EcosystemandCarbonCycle","GrossPrimaryProductivity","FLUXCOM","JULES-noFire","Bias Score","MeanState","global","score","1","0.627889","75.0"
"EcosystemandCarbonCycle","GrossPrimaryProductivity","FLUXCOM","JULES-noFire","RMSE","MeanState","global","scalar","g m-2 d-1","1.25403","75.0"
"EcosystemandCarbonCycle","GrossPrimaryProductivity","FLUXCOM","JULES-noFire","RMSE Score","MeanState","global","score","1","0.598576","75.0"
"EcosystemandCarbonCycle","GrossPrimaryProductivity","FLUXCOM","JULES-noFire","Overall Score","MeanState","global","score","1","0.717016","75.0"
"EcosystemandCarbonCycle","GrossPrimaryProductivity","FLUXCOM","JULES-noFire","Overall Score","Relationships","global","score","1","nan","75.0"
"EcosystemandCarbonCycle","GrossPrimaryProductivity","FLUXCOM","CLM","Benchmark Period Mean (intersection)","MeanState","global","scalar","Pg yr-1","30.3858","75.0"
"EcosystemandCarbonCycle","GrossPrimaryProductivity","FLUXCOM","CLM","Benchmark Period Mean (complement)","MeanState","global","scalar","Pg yr-1","0.000969047","75.0"
"EcosystemandCarbonCycle","GrossPrimaryProductivity","FLUXCOM","CLM","Period Mean (original grids)","MeanState","global","scalar","Pg yr-1","43.7989","75.0"
"EcosystemandCarbonCycle","GrossPrimaryProductivity","FLUXCOM","CLM","Model Period Mean (intersection)","MeanState","global","scalar","Pg yr-1","37.7663","75.0"
"EcosystemandCarbonCycle","GrossPrimaryProductivity","FLUXCOM","CLM","Model Period Mean (complement)","MeanState","global","scalar","Pg yr-1","6.0326","75.0"
"EcosystemandCarbonCycle","GrossPrimaryProductivity","FLUXCOM","CLM","Spatial Distribution Score","MeanState","global","score","1","0.933523","75.0"
"EcosystemandCarbonCycle","GrossPrimaryProductivity","FLUXCOM","CLM","Phase Shift","MeanState","global","scalar","months","0.612723","75.0"
"EcosystemandCarbonCycle","GrossPrimaryProductivity","FLUXCOM","CLM","Seasonal Cycle Score","MeanState","global","score","1","0.953497","75.0"
"EcosystemandCarbonCycle","GrossPrimaryProductivity","FLUXCOM","CLM","Bias","MeanState","global","scalar","g m-2 d-1","0.336519","75.0"
"EcosystemandCarbonCycle","GrossPrimaryProductivity","FLUXCOM","CLM","Bias Score","MeanState","global","score","1","0.721614","75.0"
"EcosystemandCarbonCycle","GrossPrimaryProductivity","FLUXCOM","CLM","RMSE","MeanState","global","scalar","g m-2 d-1","1.1975","75.0"
"EcosystemandCarbonCycle","GrossPrimaryProductivity","FLUXCOM","CLM","RMSE Score","MeanState","global","score","1","0.629107","75.0"
"EcosystemandCarbonCycle","GrossPrimaryProductivity","FLUXCOM","CLM","Overall Score","MeanState","global","score","1","0.77337","75.0"
"EcosystemandCarbonCycle","GrossPrimaryProductivity","FLUXCOM","CLM","Evapotranspiration|GLEAMv3.3a Hellinger Distance","Relationships","global","scalar","1","0.587911","75.0"
"EcosystemandCarbonCycle","GrossPrimaryProductivity","FLUXCOM","CLM","Evapotranspiration|GLEAMv3.3a Score","Relationships","global","score","1","0.818813","75.0"
"EcosystemandCarbonCycle","GrossPrimaryProductivity","FLUXCOM","CLM","Overall Score","Relationships","global","score","1","0.818813","75.0"
"EcosystemandCarbonCycle","GrossPrimaryProductivity","FLUXCOM","LPJ-EOSIM","Benchmark Period Mean (intersection)","MeanState","global","scalar","Pg yr-1","30.0062","75.0"
"EcosystemandCarbonCycle","GrossPrimaryProductivity","FLUXCOM","LPJ-EOSIM","Benchmark Period Mean (complement)","MeanState","global","scalar","Pg yr-1","nan","75.0"
"EcosystemandCarbonCycle","GrossPrimaryProductivity","FLUXCOM","LPJ-EOSIM","Period Mean (original grids)","MeanState","global","scalar","Pg yr-1","37.5893","75.0"
"EcosystemandCarbonCycle","GrossPrimaryProductivity","FLUXCOM","LPJ-EOSIM","Model Period Mean (intersection)","MeanState","global","scalar","Pg yr-1","37.4928","75.0"
"EcosystemandCarbonCycle","GrossPrimaryProductivity","FLUXCOM","LPJ-EOSIM","Model Period Mean (complement)","MeanState","global","scalar","Pg yr-1","0.0965954","75.0"
"EcosystemandCarbonCycle","GrossPrimaryProductivity","FLUXCOM","LPJ-EOSIM","Spatial Distribution Score","MeanState","global","score","1","0.956369","75.0"
"EcosystemandCarbonCycle","GrossPrimaryProductivity","FLUXCOM","LPJ-EOSIM","Phase Shift","MeanState","global","scalar","months","0.896004","75.0"
"EcosystemandCarbonCycle","GrossPrimaryProductivity","FLUXCOM","LPJ-EOSIM","Seasonal Cycle Score","MeanState","global","score","1","0.912065","75.0"
"EcosystemandCarbonCycle","GrossPrimaryProductivity","FLUXCOM","LPJ-EOSIM","Bias","MeanState","global","scalar","g m-2 d-1","0.34448","75.0"
"EcosystemandCarbonCycle","GrossPrimaryProductivity","FLUXCOM","LPJ-EOSIM","Bias Score","MeanState","global","score","1","0.752044","75.0"
"EcosystemandCarbonCycle","GrossPrimaryProductivity","FLUXCOM","LPJ-EOSIM","RMSE","MeanState","global","scalar","g m-2 d-1","1.14409","75.0"
"EcosystemandCarbonCycle","GrossPrimaryProductivity","FLUXCOM","LPJ-EOSIM","RMSE Score","MeanState","global","score","1","0.58837","75.0"
"EcosystemandCarbonCycle","GrossPrimaryProductivity","FLUXCOM","LPJ-EOSIM","Overall Score","MeanState","global","score","1","0.759444","75.0"
"EcosystemandCarbonCycle","GrossPrimaryProductivity","FLUXCOM","LPJ-EOSIM","Evapotranspiration|GLEAMv3.3a Hellinger Distance","Relationships","global","scalar","1","0.47136","75.0"
"EcosystemandCarbonCycle","GrossPrimaryProductivity","FLUXCOM","LPJ-EOSIM","Evapotranspiration|GLEAMv3.3a Score","Relationships","global","score","1","0.741548","75.0"
"EcosystemandCarbonCycle","GrossPrimaryProductivity","FLUXCOM","LPJ-EOSIM","Overall Score","Relationships","global","score","1","0.741548","75.0"
"EcosystemandCarbonCycle","GrossPrimaryProductivity","FLUXCOM","LPX-Bern","Benchmark Period Mean (intersection)","MeanState","global","scalar","Pg yr-1","29.4476","75.0"
"EcosystemandCarbonCycle","GrossPrimaryProductivity","FLUXCOM","LPX-Bern","Benchmark Period Mean (complement)","MeanState","global","scalar","Pg yr-1","0.939107","75.0"
"EcosystemandCarbonCycle","GrossPrimaryProductivity","FLUXCOM","LPX-Bern","Period Mean (original grids)","MeanState","global","scalar","Pg yr-1","49.3514","75.0"
"EcosystemandCarbonCycle","GrossPrimaryProductivity","FLUXCOM","LPX-Bern","Model Period Mean (intersection)","MeanState","global","scalar","Pg yr-1","48.3412","75.0"
"EcosystemandCarbonCycle","GrossPrimaryProductivity","FLUXCOM","LPX-Bern","Model Period Mean (complement)","MeanState","global","scalar","Pg yr-1","1.01023","75.0"
"EcosystemandCarbonCycle","GrossPrimaryProductivity","FLUXCOM","LPX-Bern","Spatial Distribution Score","MeanState","global","score","1","0.916704","75.0"
"EcosystemandCarbonCycle","GrossPrimaryProductivity","FLUXCOM","LPX-Bern","Phase Shift","MeanState","global","scalar","months","0.74939","75.0"
"EcosystemandCarbonCycle","GrossPrimaryProductivity","FLUXCOM","LPX-Bern","Seasonal Cycle Score","MeanState","global","score","1","0.920598","75.0"
"EcosystemandCarbonCycle","GrossPrimaryProductivity","FLUXCOM","LPX-Bern","Bias","MeanState","global","scalar","g m-2 d-1","0.883828","75.0"
"EcosystemandCarbonCycle","GrossPrimaryProductivity","FLUXCOM","LPX-Bern","Bias Score","MeanState","global","score","1","0.618634","75.0"
"EcosystemandCarbonCycle","GrossPrimaryProductivity","FLUXCOM","LPX-Bern","RMSE","MeanState","global","scalar","g m-2 d-1","1.74606","75.0"
"EcosystemandCarbonCycle","GrossPrimaryProductivity","FLUXCOM","LPX-Bern","RMSE Score","MeanState","global","score","1","0.523184","75.0"
"EcosystemandCarbonCycle","GrossPrimaryProductivity","FLUXCOM","LPX-Bern","Overall Score","MeanState","global","score","1","0.700461","75.0"
"EcosystemandCarbonCycle","GrossPrimaryProductivity","FLUXCOM","LPX-Bern","Evapotranspiration|GLEAMv3.3a Hellinger Distance","Relationships","global","scalar","1","0.56943","75.0"
"EcosystemandCarbonCycle","GrossPrimaryProductivity","FLUXCOM","LPX-Bern","Evapotranspiration|GLEAMv3.3a Score","Relationships","global","score","1","0.557979","75.0"
"EcosystemandCarbonCycle","GrossPrimaryProductivity","FLUXCOM","LPX-Bern","Overall Score","Relationships","global","score","1","0.557979","75.0"
"EcosystemandCarbonCycle","GrossPrimaryProductivity","FLUXCOM","TEM","Benchmark Period Mean (intersection)","MeanState","global","scalar","Pg yr-1","28.7064","75.0"
"EcosystemandCarbonCycle","GrossPrimaryProductivity","FLUXCOM","TEM","Benchmark Period Mean (complement)","MeanState","global","scalar","Pg yr-1","1.29986","75.0"
"EcosystemandCarbonCycle","GrossPrimaryProductivity","FLUXCOM","TEM","Period Mean (original grids)","MeanState","global","scalar","Pg yr-1","44.9505","75.0"
"EcosystemandCarbonCycle","GrossPrimaryProductivity","FLUXCOM","TEM","Model Period Mean (intersection)","MeanState","global","scalar","Pg yr-1","42.1292","75.0"
"EcosystemandCarbonCycle","GrossPrimaryProductivity","FLUXCOM","TEM","Model Period Mean (complement)","MeanState","global","scalar","Pg yr-1","2.82131","75.0"
"EcosystemandCarbonCycle","GrossPrimaryProductivity","FLUXCOM","TEM","Spatial Distribution Score","MeanState","global","score","1","0.929526","75.0"
"EcosystemandCarbonCycle","GrossPrimaryProductivity","FLUXCOM","TEM","Phase Shift","MeanState","global","scalar","months","0.57959","75.0"
"EcosystemandCarbonCycle","GrossPrimaryProductivity","FLUXCOM","TEM","Seasonal Cycle Score","MeanState","global","score","1","0.953652","75.0"
"EcosystemandCarbonCycle","GrossPrimaryProductivity","FLUXCOM","TEM","Bias","MeanState","global","scalar","g m-2 d-1","0.64435","75.0"
"EcosystemandCarbonCycle","GrossPrimaryProductivity","FLUXCOM","TEM","Bias Score","MeanState","global","score","1","0.685108","75.0"
"EcosystemandCarbonCycle","GrossPrimaryProductivity","FLUXCOM","TEM","RMSE","MeanState","global","scalar","g m-2 d-1","1.38757","75.0"
"EcosystemandCarbonCycle","GrossPrimaryProductivity","FLUXCOM","TEM","RMSE Score","MeanState","global","score","1","0.578795","75.0"
"EcosystemandCarbonCycle","GrossPrimaryProductivity","FLUXCOM","TEM","Overall Score","MeanState","global","score","1","0.745175","75.0"
"EcosystemandCarbonCycle","GrossPrimaryProductivity","FLUXCOM","TEM","Overall Score","Relationships","global","score","1","nan","75.0"
"EcosystemandCarbonCycle","GrossPrimaryProductivity","FLUXCOM","JULES-FireP0336","Benchmark Period Mean (intersection)","MeanState","global","scalar","Pg yr-1","30.6356","75.0"
"EcosystemandCarbonCycle","GrossPrimaryProductivity","FLUXCOM","JULES-FireP0336","Benchmark Period Mean (complement)","MeanState","global","scalar","Pg yr-1","0.128169","75.0"
"EcosystemandCarbonCycle","GrossPrimaryProductivity","FLUXCOM","JULES-FireP0336","Period Mean (original grids)","MeanState","global","scalar","Pg yr-1","49.7052","75.0"
"EcosystemandCarbonCycle","GrossPrimaryProductivity","FLUXCOM","JULES-FireP0336","Model Period Mean (intersection)","MeanState","global","scalar","Pg yr-1","42.6397","75.0"
"EcosystemandCarbonCycle","GrossPrimaryProductivity","FLUXCOM","JULES-FireP0336","Model Period Mean (complement)","MeanState","global","scalar","Pg yr-1","6.46549","75.0"
"EcosystemandCarbonCycle","GrossPrimaryProductivity","FLUXCOM","JULES-FireP0336","Spatial Distribution Score","MeanState","global","score","1","0.828811","75.0"
"EcosystemandCarbonCycle","GrossPrimaryProductivity","FLUXCOM","JULES-FireP0336","Phase Shift","MeanState","global","scalar","months","0.703229","75.0"
"EcosystemandCarbonCycle","GrossPrimaryProductivity","FLUXCOM","JULES-FireP0336","Seasonal Cycle Score","MeanState","global","score","1","0.923084","75.0"
"EcosystemandCarbonCycle","GrossPrimaryProductivity","FLUXCOM","JULES-FireP0336","Bias","MeanState","global","scalar","g m-2 d-1","0.543279","75.0"
"EcosystemandCarbonCycle","GrossPrimaryProductivity","FLUXCOM","JULES-FireP0336","Bias Score","MeanState","global","score","1","0.632147","75.0"
"EcosystemandCarbonCycle","GrossPrimaryProductivity","FLUXCOM","JULES-FireP0336","RMSE","MeanState","global","scalar","g m-2 d-1","1.24275","75.0"
"EcosystemandCarbonCycle","GrossPrimaryProductivity","FLUXCOM","JULES-FireP0336","RMSE Score","MeanState","global","score","1","0.590972","75.0"
"EcosystemandCarbonCycle","GrossPrimaryProductivity","FLUXCOM","JULES-FireP0336","Overall Score","MeanState","global","score","1","0.713197","75.0"
"EcosystemandCarbonCycle","GrossPrimaryProductivity","FLUXCOM","JULES-FireP0336","Overall Score","Relationships","global","score","1","nan","75.0"
"EcosystemandCarbonCycle","GrossPrimaryProductivity","FLUXCOM","LPJ-EOSIM-fixspitfire","Benchmark Period Mean (intersection)","MeanState","global","scalar","Pg yr-1","30.0062","75.0"
"EcosystemandCarbonCycle","GrossPrimaryProductivity","FLUXCOM","LPJ-EOSIM-fixspitfire","Benchmark Period Mean (complement)","MeanState","global","scalar","Pg yr-1","nan","75.0"
"EcosystemandCarbonCycle","GrossPrimaryProductivity","FLUXCOM","LPJ-EOSIM-fixspitfire","Period Mean (original grids)","MeanState","global","scalar","Pg yr-1","37.5695","75.0"
"EcosystemandCarbonCycle","GrossPrimaryProductivity","FLUXCOM","LPJ-EOSIM-fixspitfire","Model Period Mean (intersection)","MeanState","global","scalar","Pg yr-1","37.4728","75.0"
"EcosystemandCarbonCycle","GrossPrimaryProductivity","FLUXCOM","LPJ-EOSIM-fixspitfire","Model Period Mean (complement)","MeanState","global","scalar","Pg yr-1","0.0966412","75.0"
"EcosystemandCarbonCycle","GrossPrimaryProductivity","FLUXCOM","LPJ-EOSIM-fixspitfire","Spatial Distribution Score","MeanState","global","score","1","0.956303","75.0"
"EcosystemandCarbonCycle","GrossPrimaryProductivity","FLUXCOM","LPJ-EOSIM-fixspitfire","Phase Shift","MeanState","global","scalar","months","0.896904","75.0"
"EcosystemandCarbonCycle","GrossPrimaryProductivity","FLUXCOM","LPJ-EOSIM-fixspitfire","Seasonal Cycle Score","MeanState","global","score","1","0.911982","75.0"
"EcosystemandCarbonCycle","GrossPrimaryProductivity","FLUXCOM","LPJ-EOSIM-fixspitfire","Bias","MeanState","global","scalar","g m-2 d-1","0.343562","75.0"
"EcosystemandCarbonCycle","GrossPrimaryProductivity","FLUXCOM","LPJ-EOSIM-fixspitfire","Bias Score","MeanState","global","score","1","0.752225","75.0"
"EcosystemandCarbonCycle","GrossPrimaryProductivity","FLUXCOM","LPJ-EOSIM-fixspitfire","RMSE","MeanState","global","scalar","g m-2 d-1","1.14383","75.0"
"EcosystemandCarbonCycle","GrossPrimaryProductivity","FLUXCOM","LPJ-EOSIM-fixspitfire","RMSE Score","MeanState","global","score","1","0.588391","75.0"
"EcosystemandCarbonCycle","GrossPrimaryProductivity","FLUXCOM","LPJ-EOSIM-fixspitfire","Overall Score","MeanState","global","score","1","0.759458","75.0"
"EcosystemandCarbonCycle","GrossPrimaryProductivity","FLUXCOM","LPJ-EOSIM-fixspitfire","Evapotranspiration|GLEAMv3.3a Hellinger Distance","Relationships","global","scalar","1","0.47178","75.0"
"EcosystemandCarbonCycle","GrossPrimaryProductivity","FLUXCOM","LPJ-EOSIM-fixspitfire","Evapotranspiration|GLEAMv3.3a Score","Relationships","global","score","1","0.741814","75.0"
"EcosystemandCarbonCycle","GrossPrimaryProductivity","FLUXCOM","LPJ-EOSIM-fixspitfire","Overall Score","Relationships","global","score","1","0.741814","75.0"
"EcosystemandCarbonCycle","GrossPrimaryProductivity","WECANN","JULES-noFire","Benchmark Period Mean (intersection)","MeanState","global","scalar","Pg yr-1","37.8315","75.0"
"EcosystemandCarbonCycle","GrossPrimaryProductivity","WECANN","JULES-noFire","Benchmark Period Mean (complement)","MeanState","global","scalar","Pg yr-1","0.110856","75.0"
"EcosystemandCarbonCycle","GrossPrimaryProductivity","WECANN","JULES-noFire","Period Mean (original grids)","MeanState","global","scalar","Pg yr-1","53.3367","75.0"
"EcosystemandCarbonCycle","GrossPrimaryProductivity","WECANN","JULES-noFire","Model Period Mean (intersection)","MeanState","global","scalar","Pg yr-1","44.8408","75.0"
"EcosystemandCarbonCycle","GrossPrimaryProductivity","WECANN","JULES-noFire","Model Period Mean (complement)","MeanState","global","scalar","Pg yr-1","7.86464","75.0"
"EcosystemandCarbonCycle","GrossPrimaryProductivity","WECANN","JULES-noFire","Spatial Distribution Score","MeanState","global","score","1","0.654162","75.0"
"EcosystemandCarbonCycle","GrossPrimaryProductivity","WECANN","JULES-noFire","Phase Shift","MeanState","global","scalar","months","0.764131","75.0"
"EcosystemandCarbonCycle","GrossPrimaryProductivity","WECANN","JULES-noFire","Seasonal Cycle Score","MeanState","global","score","1","0.90549","75.0"
"EcosystemandCarbonCycle","GrossPrimaryProductivity","WECANN","JULES-noFire","Bias","MeanState","global","scalar","g m-2 d-1","0.298651","75.0"
"EcosystemandCarbonCycle","GrossPrimaryProductivity","WECANN","JULES-noFire","Bias Score","MeanState","global","score","1","0.590988","75.0"
"EcosystemandCarbonCycle","GrossPrimaryProductivity","WECANN","JULES-noFire","RMSE","MeanState","global","scalar","g m-2 d-1","1.30789","75.0"
"EcosystemandCarbonCycle","GrossPrimaryProductivity","WECANN","JULES-noFire","RMSE Score","MeanState","global","score","1","0.574586","75.0"
"EcosystemandCarbonCycle","GrossPrimaryProductivity","WECANN","JULES-noFire","Overall Score","MeanState","global","score","1","0.659963","75.0"
"EcosystemandCarbonCycle","GrossPrimaryProductivity","WECANN","DVM-DOS-TEM","Benchmark Period Mean (intersection)","MeanState","global","scalar","Pg yr-1","9.68413","75.0"
"EcosystemandCarbonCycle","GrossPrimaryProductivity","WECANN","DVM-DOS-TEM","Benchmark Period Mean (complement)","MeanState","global","scalar","Pg yr-1","27.8082","75.0"
"EcosystemandCarbonCycle","GrossPrimaryProductivity","WECANN","DVM-DOS-TEM","Period Mean (original grids)","MeanState","global","scalar","Pg yr-1","13.9162","75.0"
"EcosystemandCarbonCycle","GrossPrimaryProductivity","WECANN","DVM-DOS-TEM","Model Period Mean (intersection)","MeanState","global","scalar","Pg yr-1","13.6482","75.0"
"EcosystemandCarbonCycle","GrossPrimaryProductivity","WECANN","DVM-DOS-TEM","Model Period Mean (complement)","MeanState","global","scalar","Pg yr-1","0.268021","75.0"
"EcosystemandCarbonCycle","GrossPrimaryProductivity","WECANN","DVM-DOS-TEM","Spatial Distribution Score","MeanState","global","score","1","0.221895","75.0"
"EcosystemandCarbonCycle","GrossPrimaryProductivity","WECANN","DVM-DOS-TEM","Phase Shift","MeanState","global","scalar","months","0.723349","75.0"
"EcosystemandCarbonCycle","GrossPrimaryProductivity","WECANN","DVM-DOS-TEM","Seasonal Cycle Score","MeanState","global","score","1","0.943517","75.0"
"EcosystemandCarbonCycle","GrossPrimaryProductivity","WECANN","DVM-DOS-TEM","Bias","MeanState","global","scalar","g m-2 d-1","0.533543","75.0"
"EcosystemandCarbonCycle","GrossPrimaryProductivity","WECANN","DVM-DOS-TEM","Bias Score","MeanState","global","score","1","0.614872","75.0"
"EcosystemandCarbonCycle","GrossPrimaryProductivity","WECANN","DVM-DOS-TEM","RMSE","MeanState","global","scalar","g m-2 d-1","1.88461","75.0"
"EcosystemandCarbonCycle","GrossPrimaryProductivity","WECANN","DVM-DOS-TEM","RMSE Score","MeanState","global","score","1","0.452387","75.0"
"EcosystemandCarbonCycle","GrossPrimaryProductivity","WECANN","DVM-DOS-TEM","Overall Score","MeanState","global","score","1","0.537012","75.0"
"EcosystemandCarbonCycle","GrossPrimaryProductivity","WECANN","LPX-Bern","Benchmark Period Mean (intersection)","MeanState","global","scalar","Pg yr-1","37.242","75.0"
"EcosystemandCarbonCycle","GrossPrimaryProductivity","WECANN","LPX-Bern","Benchmark Period Mean (complement)","MeanState","global","scalar","Pg yr-1","0.250367","75.0"
"EcosystemandCarbonCycle","GrossPrimaryProductivity","WECANN","LPX-Bern","Period Mean (original grids)","MeanState","global","scalar","Pg yr-1","51.9205","75.0"
"EcosystemandCarbonCycle","GrossPrimaryProductivity","WECANN","LPX-Bern","Model Period Mean (intersection)","MeanState","global","scalar","Pg yr-1","51.203","75.0"
"EcosystemandCarbonCycle","GrossPrimaryProductivity","WECANN","LPX-Bern","Model Period Mean (complement)","MeanState","global","scalar","Pg yr-1","0.717523","75.0"
"EcosystemandCarbonCycle","GrossPrimaryProductivity","WECANN","LPX-Bern","Spatial Distribution Score","MeanState","global","score","1","0.80848","75.0"
"EcosystemandCarbonCycle","GrossPrimaryProductivity","WECANN","LPX-Bern","Phase Shift","MeanState","global","scalar","months","0.907468","75.0"
"EcosystemandCarbonCycle","GrossPrimaryProductivity","WECANN","LPX-Bern","Seasonal Cycle Score","MeanState","global","score","1","0.891416","75.0"
"EcosystemandCarbonCycle","GrossPrimaryProductivity","WECANN","LPX-Bern","Bias","MeanState","global","scalar","g m-2 d-1","0.607408","75.0"
"EcosystemandCarbonCycle","GrossPrimaryProductivity","WECANN","LPX-Bern","Bias Score","MeanState","global","score","1","0.614171","75.0"
"EcosystemandCarbonCycle","GrossPrimaryProductivity","WECANN","LPX-Bern","RMSE","MeanState","global","scalar","g m-2 d-1","1.63682","75.0"
"EcosystemandCarbonCycle","GrossPrimaryProductivity","WECANN","LPX-Bern","RMSE Score","MeanState","global","score","1","0.479896","75.0"
"EcosystemandCarbonCycle","GrossPrimaryProductivity","WECANN","LPX-Bern","Overall Score","MeanState","global","score","1","0.654772","75.0"
"EcosystemandCarbonCycle","GrossPrimaryProductivity","WECANN","TEM","Benchmark Period Mean (intersection)","MeanState","global","scalar","Pg yr-1","36.359","75.0"
"EcosystemandCarbonCycle","GrossPrimaryProductivity","WECANN","TEM","Benchmark Period Mean (complement)","MeanState","global","scalar","Pg yr-1","1.13339","75.0"
"EcosystemandCarbonCycle","GrossPrimaryProductivity","WECANN","TEM","Period Mean (original grids)","MeanState","global","scalar","Pg yr-1","46.9637","75.0"
"EcosystemandCarbonCycle","GrossPrimaryProductivity","WECANN","TEM","Model Period Mean (intersection)","MeanState","global","scalar","Pg yr-1","44.72","75.0"
"EcosystemandCarbonCycle","GrossPrimaryProductivity","WECANN","TEM","Model Period Mean (complement)","MeanState","global","scalar","Pg yr-1","2.69014","75.0"
"EcosystemandCarbonCycle","GrossPrimaryProductivity","WECANN","TEM","Spatial Distribution Score","MeanState","global","score","1","0.876336","75.0"
"EcosystemandCarbonCycle","GrossPrimaryProductivity","WECANN","TEM","Phase Shift","MeanState","global","scalar","months","0.7876","75.0"
"EcosystemandCarbonCycle","GrossPrimaryProductivity","WECANN","TEM","Seasonal Cycle Score","MeanState","global","score","1","0.918134","75.0"
"EcosystemandCarbonCycle","GrossPrimaryProductivity","WECANN","TEM","Bias","MeanState","global","scalar","g m-2 d-1","0.373413","75.0"
"EcosystemandCarbonCycle","GrossPrimaryProductivity","WECANN","TEM","Bias Score","MeanState","global","score","1","0.73177","75.0"
"EcosystemandCarbonCycle","GrossPrimaryProductivity","WECANN","TEM","RMSE","MeanState","global","scalar","g m-2 d-1","1.18793","75.0"
"EcosystemandCarbonCycle","GrossPrimaryProductivity","WECANN","TEM","RMSE Score","MeanState","global","score","1","0.532191","75.0"
"EcosystemandCarbonCycle","GrossPrimaryProductivity","WECANN","TEM","Overall Score","MeanState","global","score","1","0.718125","75.0"
"EcosystemandCarbonCycle","GrossPrimaryProductivity","WECANN","JULES-FireP0304","Benchmark Period Mean (intersection)","MeanState","global","scalar","Pg yr-1","37.8315","75.0"
"EcosystemandCarbonCycle","GrossPrimaryProductivity","WECANN","JULES-FireP0304","Benchmark Period Mean (complement)","MeanState","global","scalar","Pg yr-1","0.110856","75.0"
"EcosystemandCarbonCycle","GrossPrimaryProductivity","WECANN","JULES-FireP0304","Period Mean (original grids)","MeanState","global","scalar","Pg yr-1","47.5826","75.0"
"EcosystemandCarbonCycle","GrossPrimaryProductivity","WECANN","JULES-FireP0304","Model Period Mean (intersection)","MeanState","global","scalar","Pg yr-1","39.7072","75.0"
"EcosystemandCarbonCycle","GrossPrimaryProductivity","WECANN","JULES-FireP0304","Model Period Mean (complement)","MeanState","global","scalar","Pg yr-1","7.28898","75.0"
"EcosystemandCarbonCycle","GrossPrimaryProductivity","WECANN","JULES-FireP0304","Spatial Distribution Score","MeanState","global","score","1","0.701283","75.0"
"EcosystemandCarbonCycle","GrossPrimaryProductivity","WECANN","JULES-FireP0304","Phase Shift","MeanState","global","scalar","months","0.77109","75.0"
"EcosystemandCarbonCycle","GrossPrimaryProductivity","WECANN","JULES-FireP0304","Seasonal Cycle Score","MeanState","global","score","1","0.906265","75.0"
"EcosystemandCarbonCycle","GrossPrimaryProductivity","WECANN","JULES-FireP0304","Bias","MeanState","global","scalar","g m-2 d-1","0.0801471","75.0"
"EcosystemandCarbonCycle","GrossPrimaryProductivity","WECANN","JULES-FireP0304","Bias Score","MeanState","global","score","1","0.622646","75.0"
"EcosystemandCarbonCycle","GrossPrimaryProductivity","WECANN","JULES-FireP0304","RMSE","MeanState","global","scalar","g m-2 d-1","1.18855","75.0"
"EcosystemandCarbonCycle","GrossPrimaryProductivity","WECANN","JULES-FireP0304","RMSE Score","MeanState","global","score","1","0.59175","75.0"
"EcosystemandCarbonCycle","GrossPrimaryProductivity","WECANN","JULES-FireP0304","Overall Score","MeanState","global","score","1","0.682739","75.0"
"EcosystemandCarbonCycle","GrossPrimaryProductivity","WECANN","LPJ-EOSIM","Benchmark Period Mean (intersection)","MeanState","global","scalar","Pg yr-1","36.91","75.0"
"EcosystemandCarbonCycle","GrossPrimaryProductivity","WECANN","LPJ-EOSIM","Benchmark Period Mean (complement)","MeanState","global","scalar","Pg yr-1","0.582301","75.0"
"EcosystemandCarbonCycle","GrossPrimaryProductivity","WECANN","LPJ-EOSIM","Period Mean (original grids)","MeanState","global","scalar","Pg yr-1","40.2019","75.0"
"EcosystemandCarbonCycle","GrossPrimaryProductivity","WECANN","LPJ-EOSIM","Model Period Mean (intersection)","MeanState","global","scalar","Pg yr-1","38.8396","75.0"
"EcosystemandCarbonCycle","GrossPrimaryProductivity","WECANN","LPJ-EOSIM","Model Period Mean (complement)","MeanState","global","scalar","Pg yr-1","1.72227","75.0"
"EcosystemandCarbonCycle","GrossPrimaryProductivity","WECANN","LPJ-EOSIM","Spatial Distribution Score","MeanState","global","score","1","0.919598","75.0"
"EcosystemandCarbonCycle","GrossPrimaryProductivity","WECANN","LPJ-EOSIM","Phase Shift","MeanState","global","scalar","months","1.09078","75.0"
"EcosystemandCarbonCycle","GrossPrimaryProductivity","WECANN","LPJ-EOSIM","Seasonal Cycle Score","MeanState","global","score","1","0.8792","75.0"
"EcosystemandCarbonCycle","GrossPrimaryProductivity","WECANN","LPJ-EOSIM","Bias","MeanState","global","scalar","g m-2 d-1","0.0846622","75.0"
"EcosystemandCarbonCycle","GrossPrimaryProductivity","WECANN","LPJ-EOSIM","Bias Score","MeanState","global","score","1","0.72658","75.0"
"EcosystemandCarbonCycle","GrossPrimaryProductivity","WECANN","LPJ-EOSIM","RMSE","MeanState","global","scalar","g m-2 d-1","1.10242","75.0"
"EcosystemandCarbonCycle","GrossPrimaryProductivity","WECANN","LPJ-EOSIM","RMSE Score","MeanState","global","score","1","0.571251","75.0"
"EcosystemandCarbonCycle","GrossPrimaryProductivity","WECANN","LPJ-EOSIM","Overall Score","MeanState","global","score","1","0.733576","75.0"
"EcosystemandCarbonCycle","GrossPrimaryProductivity","WECANN","CLM-FATES","Benchmark Period Mean (intersection)","MeanState","global","scalar","Pg yr-1","37.4164","75.0"
"EcosystemandCarbonCycle","GrossPrimaryProductivity","WECANN","CLM-FATES","Benchmark Period Mean (complement)","MeanState","global","scalar","Pg yr-1","0.0759432","75.0"
"EcosystemandCarbonCycle","GrossPrimaryProductivity","WECANN","CLM-FATES","Period Mean (original grids)","MeanState","global","scalar","Pg yr-1","46.8451","75.0"
"EcosystemandCarbonCycle","GrossPrimaryProductivity","WECANN","CLM-FATES","Model Period Mean (intersection)","MeanState","global","scalar","Pg yr-1","41.839","75.0"
"EcosystemandCarbonCycle","GrossPrimaryProductivity","WECANN","CLM-FATES","Model Period Mean (complement)","MeanState","global","scalar","Pg yr-1","4.94268","75.0"
"EcosystemandCarbonCycle","GrossPrimaryProductivity","WECANN","CLM-FATES","Spatial Distribution Score","MeanState","global","score","1","0.805195","75.0"
"EcosystemandCarbonCycle","GrossPrimaryProductivity","WECANN","CLM-FATES","Phase Shift","MeanState","global","scalar","months","0.84079","75.0"
"EcosystemandCarbonCycle","GrossPrimaryProductivity","WECANN","CLM-FATES","Seasonal Cycle Score","MeanState","global","score","1","0.921493","75.0"
"EcosystemandCarbonCycle","GrossPrimaryProductivity","WECANN","CLM-FATES","Bias","MeanState","global","scalar","g m-2 d-1","0.186578","75.0"
"EcosystemandCarbonCycle","GrossPrimaryProductivity","WECANN","CLM-FATES","Bias Score","MeanState","global","score","1","0.647521","75.0"
"EcosystemandCarbonCycle","GrossPrimaryProductivity","WECANN","CLM-FATES","RMSE","MeanState","global","scalar","g m-2 d-1","1.18221","75.0"
"EcosystemandCarbonCycle","GrossPrimaryProductivity","WECANN","CLM-FATES","RMSE Score","MeanState","global","score","1","0.58787","75.0"
"EcosystemandCarbonCycle","GrossPrimaryProductivity","WECANN","CLM-FATES","Overall Score","MeanState","global","score","1","0.70999","75.0"
"EcosystemandCarbonCycle","GrossPrimaryProductivity","WECANN","DLEM","Benchmark Period Mean (intersection)","MeanState","global","scalar","Pg yr-1","37.4923","75.0"
"EcosystemandCarbonCycle","GrossPrimaryProductivity","WECANN","DLEM","Benchmark Period Mean (complement)","MeanState","global","scalar","Pg yr-1","nan","75.0"
"EcosystemandCarbonCycle","GrossPrimaryProductivity","WECANN","DLEM","Period Mean (original grids)","MeanState","global","scalar","Pg yr-1","31.8277","75.0"
"EcosystemandCarbonCycle","GrossPrimaryProductivity","WECANN","DLEM","Model Period Mean (intersection)","MeanState","global","scalar","Pg yr-1","31.2917","75.0"
"EcosystemandCarbonCycle","GrossPrimaryProductivity","WECANN","DLEM","Model Period Mean (complement)","MeanState","global","scalar","Pg yr-1","0.989448","75.0"
"EcosystemandCarbonCycle","GrossPrimaryProductivity","WECANN","DLEM","Spatial Distribution Score","MeanState","global","score","1","0.733937","75.0"
"EcosystemandCarbonCycle","GrossPrimaryProductivity","WECANN","DLEM","Phase Shift","MeanState","global","scalar","months","1.00048","75.0"
"EcosystemandCarbonCycle","GrossPrimaryProductivity","WECANN","DLEM","Seasonal Cycle Score","MeanState","global","score","1","0.896167","75.0"
"EcosystemandCarbonCycle","GrossPrimaryProductivity","WECANN","DLEM","Bias","MeanState","global","scalar","g m-2 d-1","-0.267403","75.0"
"EcosystemandCarbonCycle","GrossPrimaryProductivity","WECANN","DLEM","Bias Score","MeanState","global","score","1","0.620229","75.0"
"EcosystemandCarbonCycle","GrossPrimaryProductivity","WECANN","DLEM","RMSE","MeanState","global","scalar","g m-2 d-1","1.27781","75.0"
"EcosystemandCarbonCycle","GrossPrimaryProductivity","WECANN","DLEM","RMSE Score","MeanState","global","score","1","0.528889","75.0"
"EcosystemandCarbonCycle","GrossPrimaryProductivity","WECANN","DLEM","Overall Score","MeanState","global","score","1","0.661622","75.0"
"EcosystemandCarbonCycle","GrossPrimaryProductivity","WECANN","JULES-FireP0336","Benchmark Period Mean (intersection)","MeanState","global","scalar","Pg yr-1","37.8315","75.0"
"EcosystemandCarbonCycle","GrossPrimaryProductivity","WECANN","JULES-FireP0336","Benchmark Period Mean (complement)","MeanState","global","scalar","Pg yr-1","0.110856","75.0"
"EcosystemandCarbonCycle","GrossPrimaryProductivity","WECANN","JULES-FireP0336","Period Mean (original grids)","MeanState","global","scalar","Pg yr-1","52.4627","75.0"
"EcosystemandCarbonCycle","GrossPrimaryProductivity","WECANN","JULES-FireP0336","Model Period Mean (intersection)","MeanState","global","scalar","Pg yr-1","43.9735","75.0"
"EcosystemandCarbonCycle","GrossPrimaryProductivity","WECANN","JULES-FireP0336","Model Period Mean (complement)","MeanState","global","scalar","Pg yr-1","7.86394","75.0"
"EcosystemandCarbonCycle","GrossPrimaryProductivity","WECANN","JULES-FireP0336","Spatial Distribution Score","MeanState","global","score","1","0.655078","75.0"
"EcosystemandCarbonCycle","GrossPrimaryProductivity","WECANN","JULES-FireP0336","Phase Shift","MeanState","global","scalar","months","0.790827","75.0"
"EcosystemandCarbonCycle","GrossPrimaryProductivity","WECANN","JULES-FireP0336","Seasonal Cycle Score","MeanState","global","score","1","0.899805","75.0"
"EcosystemandCarbonCycle","GrossPrimaryProductivity","WECANN","JULES-FireP0336","Bias","MeanState","global","scalar","g m-2 d-1","0.261146","75.0"
"EcosystemandCarbonCycle","GrossPrimaryProductivity","WECANN","JULES-FireP0336","Bias Score","MeanState","global","score","1","0.591153","75.0"
"EcosystemandCarbonCycle","GrossPrimaryProductivity","WECANN","JULES-FireP0336","RMSE","MeanState","global","scalar","g m-2 d-1","1.30326","75.0"
"EcosystemandCarbonCycle","GrossPrimaryProductivity","WECANN","JULES-FireP0336","RMSE Score","MeanState","global","score","1","0.571187","75.0"
"EcosystemandCarbonCycle","GrossPrimaryProductivity","WECANN","JULES-FireP0336","Overall Score","MeanState","global","score","1","0.657682","75.0"
"EcosystemandCarbonCycle","GrossPrimaryProductivity","WECANN","CLM","Benchmark Period Mean (intersection)","MeanState","global","scalar","Pg yr-1","37.4923","75.0"
"EcosystemandCarbonCycle","GrossPrimaryProductivity","WECANN","CLM","Benchmark Period Mean (complement)","MeanState","global","scalar","Pg yr-1","nan","75.0"
"EcosystemandCarbonCycle","GrossPrimaryProductivity","WECANN","CLM","Period Mean (original grids)","MeanState","global","scalar","Pg yr-1","45.9152","75.0"
"EcosystemandCarbonCycle","GrossPrimaryProductivity","WECANN","CLM","Model Period Mean (intersection)","MeanState","global","scalar","Pg yr-1","38.9633","75.0"
"EcosystemandCarbonCycle","GrossPrimaryProductivity","WECANN","CLM","Model Period Mean (complement)","MeanState","global","scalar","Pg yr-1","6.95188","75.0"
"EcosystemandCarbonCycle","GrossPrimaryProductivity","WECANN","CLM","Spatial Distribution Score","MeanState","global","score","1","0.894189","75.0"
"EcosystemandCarbonCycle","GrossPrimaryProductivity","WECANN","CLM","Phase Shift","MeanState","global","scalar","months","0.791839","75.0"
"EcosystemandCarbonCycle","GrossPrimaryProductivity","WECANN","CLM","Seasonal Cycle Score","MeanState","global","score","1","0.92069","75.0"
"EcosystemandCarbonCycle","GrossPrimaryProductivity","WECANN","CLM","Bias","MeanState","global","scalar","g m-2 d-1","0.0634358","75.0"
"EcosystemandCarbonCycle","GrossPrimaryProductivity","WECANN","CLM","Bias Score","MeanState","global","score","1","0.686898","75.0"
"EcosystemandCarbonCycle","GrossPrimaryProductivity","WECANN","CLM","RMSE","MeanState","global","scalar","g m-2 d-1","1.13959","75.0"
"EcosystemandCarbonCycle","GrossPrimaryProductivity","WECANN","CLM","RMSE Score","MeanState","global","score","1","0.599853","75.0"
"EcosystemandCarbonCycle","GrossPrimaryProductivity","WECANN","CLM","Overall Score","MeanState","global","score","1","0.740297","75.0"
"EcosystemandCarbonCycle","GrossPrimaryProductivity","WECANN","LPJ-EOSIM-fixspitfire","Benchmark Period Mean (intersection)","MeanState","global","scalar","Pg yr-1","36.91","75.0"
"EcosystemandCarbonCycle","GrossPrimaryProductivity","WECANN","LPJ-EOSIM-fixspitfire","Benchmark Period Mean (complement)","MeanState","global","scalar","Pg yr-1","0.582301","75.0"
"EcosystemandCarbonCycle","GrossPrimaryProductivity","WECANN","LPJ-EOSIM-fixspitfire","Period Mean (original grids)","MeanState","global","scalar","Pg yr-1","40.1754","75.0"
"EcosystemandCarbonCycle","GrossPrimaryProductivity","WECANN","LPJ-EOSIM-fixspitfire","Model Period Mean (intersection)","MeanState","global","scalar","Pg yr-1","38.8137","75.0"
"EcosystemandCarbonCycle","GrossPrimaryProductivity","WECANN","LPJ-EOSIM-fixspitfire","Model Period Mean (complement)","MeanState","global","scalar","Pg yr-1","1.72156","75.0"
"EcosystemandCarbonCycle","GrossPrimaryProductivity","WECANN","LPJ-EOSIM-fixspitfire","Spatial Distribution Score","MeanState","global","score","1","0.919716","75.0"
"EcosystemandCarbonCycle","GrossPrimaryProductivity","WECANN","LPJ-EOSIM-fixspitfire","Phase Shift","MeanState","global","scalar","months","1.0902","75.0"
"EcosystemandCarbonCycle","GrossPrimaryProductivity","WECANN","LPJ-EOSIM-fixspitfire","Seasonal Cycle Score","MeanState","global","score","1","0.879262","75.0"
"EcosystemandCarbonCycle","GrossPrimaryProductivity","WECANN","LPJ-EOSIM-fixspitfire","Bias","MeanState","global","scalar","g m-2 d-1","0.0835268","75.0"
"EcosystemandCarbonCycle","GrossPrimaryProductivity","WECANN","LPJ-EOSIM-fixspitfire","Bias Score","MeanState","global","score","1","0.726608","75.0"
"EcosystemandCarbonCycle","GrossPrimaryProductivity","WECANN","LPJ-EOSIM-fixspitfire","RMSE","MeanState","global","scalar","g m-2 d-1","1.10201","75.0"
"EcosystemandCarbonCycle","GrossPrimaryProductivity","WECANN","LPJ-EOSIM-fixspitfire","RMSE Score","MeanState","global","score","1","0.571353","75.0"
"EcosystemandCarbonCycle","GrossPrimaryProductivity","WECANN","LPJ-EOSIM-fixspitfire","Overall Score","MeanState","global","score","1","0.733659","75.0"
"EcosystemandCarbonCycle","GrossPrimaryProductivity","WECANN","JSBACH","Benchmark Period Mean (intersection)","MeanState","global","scalar","Pg yr-1","36.4917","75.0"
"EcosystemandCarbonCycle","GrossPrimaryProductivity","WECANN","JSBACH","Benchmark Period Mean (complement)","MeanState","global","scalar","Pg yr-1","1.00063","75.0"
"EcosystemandCarbonCycle","GrossPrimaryProductivity","WECANN","JSBACH","Period Mean (original grids)","MeanState","global","scalar","Pg yr-1","37.7204","75.0"
"EcosystemandCarbonCycle","GrossPrimaryProductivity","WECANN","JSBACH","Model Period Mean (intersection)","MeanState","global","scalar","Pg yr-1","36.5693","75.0"
"EcosystemandCarbonCycle","GrossPrimaryProductivity","WECANN","JSBACH","Model Period Mean (complement)","MeanState","global","scalar","Pg yr-1","1.15106","75.0"
"EcosystemandCarbonCycle","GrossPrimaryProductivity","WECANN","JSBACH","Spatial Distribution Score","MeanState","global","score","1","0.89781","75.0"
"EcosystemandCarbonCycle","GrossPrimaryProductivity","WECANN","JSBACH","Phase Shift","MeanState","global","scalar","months","0.710048","75.0"
"EcosystemandCarbonCycle","GrossPrimaryProductivity","WECANN","JSBACH","Seasonal Cycle Score","MeanState","global","score","1","0.919647","75.0"
"EcosystemandCarbonCycle","GrossPrimaryProductivity","WECANN","JSBACH","Bias","MeanState","global","scalar","g m-2 d-1","0.00344863","75.0"
"EcosystemandCarbonCycle","GrossPrimaryProductivity","WECANN","JSBACH","Bias Score","MeanState","global","score","1","0.720717","75.0"
"EcosystemandCarbonCycle","GrossPrimaryProductivity","WECANN","JSBACH","RMSE","MeanState","global","scalar","g m-2 d-1","1.04378","75.0"
"EcosystemandCarbonCycle","GrossPrimaryProductivity","WECANN","JSBACH","RMSE Score","MeanState","global","score","1","0.577661","75.0"
"EcosystemandCarbonCycle","GrossPrimaryProductivity","WECANN","JSBACH","Overall Score","MeanState","global","score","1","0.738699","75.0"
"EcosystemandCarbonCycle","GrossPrimaryProductivity","FLUXNET2015","DVM-DOS-TEM","Period Mean (original grids)","MeanState","global","scalar","g m-2 d-1","1.38381","45.0"
"EcosystemandCarbonCycle","GrossPrimaryProductivity","FLUXNET2015","DVM-DOS-TEM","Bias","MeanState","global","scalar","g m-2 d-1","-0.404931","45.0"
"EcosystemandCarbonCycle","GrossPrimaryProductivity","FLUXNET2015","DVM-DOS-TEM","Bias Score","MeanState","global","score","1","0.69799","45.0"
"EcosystemandCarbonCycle","GrossPrimaryProductivity","FLUXNET2015","DVM-DOS-TEM","Phase Shift","MeanState","global","scalar","months","0.837654","45.0"
"EcosystemandCarbonCycle","GrossPrimaryProductivity","FLUXNET2015","DVM-DOS-TEM","Seasonal Cycle Score","MeanState","global","score","1","0.937933","45.0"
"EcosystemandCarbonCycle","GrossPrimaryProductivity","FLUXNET2015","DVM-DOS-TEM","RMSE","MeanState","global","scalar","g m-2 d-1","1.5914","45.0"
"EcosystemandCarbonCycle","GrossPrimaryProductivity","FLUXNET2015","DVM-DOS-TEM","RMSE Score","MeanState","global","score","1","0.53659","45.0"
"EcosystemandCarbonCycle","GrossPrimaryProductivity","FLUXNET2015","DVM-DOS-TEM","Overall Score","MeanState","global","score","1","0.677276","45.0"
"EcosystemandCarbonCycle","GrossPrimaryProductivity","FLUXNET2015","JULES-noFire","Period Mean (original grids)","MeanState","global","scalar","g m-2 d-1","3.51772","45.0"
"EcosystemandCarbonCycle","GrossPrimaryProductivity","FLUXNET2015","JULES-noFire","Bias","MeanState","global","scalar","g m-2 d-1","0.157067","45.0"
"EcosystemandCarbonCycle","GrossPrimaryProductivity","FLUXNET2015","JULES-noFire","Bias Score","MeanState","global","score","1","0.635088","45.0"
"EcosystemandCarbonCycle","GrossPrimaryProductivity","FLUXNET2015","JULES-noFire","Phase Shift","MeanState","global","scalar","months","1.08439","45.0"
"EcosystemandCarbonCycle","GrossPrimaryProductivity","FLUXNET2015","JULES-noFire","Seasonal Cycle Score","MeanState","global","score","1","0.875806","45.0"
"EcosystemandCarbonCycle","GrossPrimaryProductivity","FLUXNET2015","JULES-noFire","RMSE","MeanState","global","scalar","g m-2 d-1","2.5622","45.0"
"EcosystemandCarbonCycle","GrossPrimaryProductivity","FLUXNET2015","JULES-noFire","RMSE Score","MeanState","global","score","1","0.460968","45.0"
"EcosystemandCarbonCycle","GrossPrimaryProductivity","FLUXNET2015","JULES-noFire","Overall Score","MeanState","global","score","1","0.608207","45.0"
"EcosystemandCarbonCycle","GrossPrimaryProductivity","FLUXNET2015","TEM","Period Mean (original grids)","MeanState","global","scalar","g m-2 d-1","2.87594","45.0"
"EcosystemandCarbonCycle","GrossPrimaryProductivity","FLUXNET2015","TEM","Bias","MeanState","global","scalar","g m-2 d-1","-0.379531","45.0"
"EcosystemandCarbonCycle","GrossPrimaryProductivity","FLUXNET2015","TEM","Bias Score","MeanState","global","score","1","0.645148","45.0"
"EcosystemandCarbonCycle","GrossPrimaryProductivity","FLUXNET2015","TEM","Phase Shift","MeanState","global","scalar","months","0.774141","45.0"
"EcosystemandCarbonCycle","GrossPrimaryProductivity","FLUXNET2015","TEM","Seasonal Cycle Score","MeanState","global","score","1","0.921729","45.0"
"EcosystemandCarbonCycle","GrossPrimaryProductivity","FLUXNET2015","TEM","RMSE","MeanState","global","scalar","g m-2 d-1","2.51046","45.0"
"EcosystemandCarbonCycle","GrossPrimaryProductivity","FLUXNET2015","TEM","RMSE Score","MeanState","global","score","1","0.465566","45.0"
"EcosystemandCarbonCycle","GrossPrimaryProductivity","FLUXNET2015","TEM","Overall Score","MeanState","global","score","1","0.624502","45.0"
"EcosystemandCarbonCycle","GrossPrimaryProductivity","FLUXNET2015","LPJ-EOSIM-fixspitfire","Period Mean (original grids)","MeanState","global","scalar","g m-2 d-1","2.67737","45.0"
"EcosystemandCarbonCycle","GrossPrimaryProductivity","FLUXNET2015","LPJ-EOSIM-fixspitfire","Bias","MeanState","global","scalar","g m-2 d-1","-0.676145","45.0"
"EcosystemandCarbonCycle","GrossPrimaryProductivity","FLUXNET2015","LPJ-EOSIM-fixspitfire","Bias Score","MeanState","global","score","1","0.623291","45.0"
"EcosystemandCarbonCycle","GrossPrimaryProductivity","FLUXNET2015","LPJ-EOSIM-fixspitfire","Phase Shift","MeanState","global","scalar","months","1.31832","45.0"
"EcosystemandCarbonCycle","GrossPrimaryProductivity","FLUXNET2015","LPJ-EOSIM-fixspitfire","Seasonal Cycle Score","MeanState","global","score","1","0.846269","45.0"
"EcosystemandCarbonCycle","GrossPrimaryProductivity","FLUXNET2015","LPJ-EOSIM-fixspitfire","RMSE","MeanState","global","scalar","g m-2 d-1","2.40795","45.0"
"EcosystemandCarbonCycle","GrossPrimaryProductivity","FLUXNET2015","LPJ-EOSIM-fixspitfire","RMSE Score","MeanState","global","score","1","0.457048","45.0"
"EcosystemandCarbonCycle","GrossPrimaryProductivity","FLUXNET2015","LPJ-EOSIM-fixspitfire","Overall Score","MeanState","global","score","1","0.595914","45.0"
"EcosystemandCarbonCycle","GrossPrimaryProductivity","FLUXNET2015","LPX-Bern","Period Mean (original grids)","MeanState","global","scalar","g m-2 d-1","3.14382","45.0"
"EcosystemandCarbonCycle","GrossPrimaryProductivity","FLUXNET2015","LPX-Bern","Bias","MeanState","global","scalar","g m-2 d-1","-0.136873","45.0"
"EcosystemandCarbonCycle","GrossPrimaryProductivity","FLUXNET2015","LPX-Bern","Bias Score","MeanState","global","score","1","0.616776","45.0"
"EcosystemandCarbonCycle","GrossPrimaryProductivity","FLUXNET2015","LPX-Bern","Phase Shift","MeanState","global","scalar","months","1.19851","45.0"
"EcosystemandCarbonCycle","GrossPrimaryProductivity","FLUXNET2015","LPX-Bern","Seasonal Cycle Score","MeanState","global","score","1","0.831597","45.0"
"EcosystemandCarbonCycle","GrossPrimaryProductivity","FLUXNET2015","LPX-Bern","RMSE","MeanState","global","scalar","g m-2 d-1","2.95108","45.0"
"EcosystemandCarbonCycle","GrossPrimaryProductivity","FLUXNET2015","LPX-Bern","RMSE Score","MeanState","global","score","1","0.398446","45.0"
"EcosystemandCarbonCycle","GrossPrimaryProductivity","FLUXNET2015","LPX-Bern","Overall Score","MeanState","global","score","1","0.561316","45.0"
"EcosystemandCarbonCycle","GrossPrimaryProductivity","FLUXNET2015","JULES-FireP0304","Period Mean (original grids)","MeanState","global","scalar","g m-2 d-1","3.1267","45.0"
"EcosystemandCarbonCycle","GrossPrimaryProductivity","FLUXNET2015","JULES-FireP0304","Bias","MeanState","global","scalar","g m-2 d-1","-0.233953","45.0"
"EcosystemandCarbonCycle","GrossPrimaryProductivity","FLUXNET2015","JULES-FireP0304","Bias Score","MeanState","global","score","1","0.612246","45.0"
"EcosystemandCarbonCycle","GrossPrimaryProductivity","FLUXNET2015","JULES-FireP0304","Phase Shift","MeanState","global","scalar","months","1.14854","45.0"
"EcosystemandCarbonCycle","GrossPrimaryProductivity","FLUXNET2015","JULES-FireP0304","Seasonal Cycle Score","MeanState","global","score","1","0.872055","45.0"
"EcosystemandCarbonCycle","GrossPrimaryProductivity","FLUXNET2015","JULES-FireP0304","RMSE","MeanState","global","scalar","g m-2 d-1","2.50913","45.0"
"EcosystemandCarbonCycle","GrossPrimaryProductivity","FLUXNET2015","JULES-FireP0304","RMSE Score","MeanState","global","score","1","0.470044","45.0"
"EcosystemandCarbonCycle","GrossPrimaryProductivity","FLUXNET2015","JULES-FireP0304","Overall Score","MeanState","global","score","1","0.606097","45.0"
"EcosystemandCarbonCycle","GrossPrimaryProductivity","FLUXNET2015","DLEM","Period Mean (original grids)","MeanState","global","scalar","g m-2 d-1","2.7636","45.0"
"EcosystemandCarbonCycle","GrossPrimaryProductivity","FLUXNET2015","DLEM","Bias","MeanState","global","scalar","g m-2 d-1","-0.597049","45.0"
"EcosystemandCarbonCycle","GrossPrimaryProductivity","FLUXNET2015","DLEM","Bias Score","MeanState","global","score","1","0.546814","45.0"
"EcosystemandCarbonCycle","GrossPrimaryProductivity","FLUXNET2015","DLEM","Phase Shift","MeanState","global","scalar","months","0.955528","45.0"
"EcosystemandCarbonCycle","GrossPrimaryProductivity","FLUXNET2015","DLEM","Seasonal Cycle Score","MeanState","global","score","1","0.887423","45.0"
"EcosystemandCarbonCycle","GrossPrimaryProductivity","FLUXNET2015","DLEM","RMSE","MeanState","global","scalar","g m-2 d-1","2.72637","45.0"
"EcosystemandCarbonCycle","GrossPrimaryProductivity","FLUXNET2015","DLEM","RMSE Score","MeanState","global","score","1","0.463803","45.0"
"EcosystemandCarbonCycle","GrossPrimaryProductivity","FLUXNET2015","DLEM","Overall Score","MeanState","global","score","1","0.590461","45.0"
"EcosystemandCarbonCycle","GrossPrimaryProductivity","FLUXNET2015","JSBACH","Period Mean (original grids)","MeanState","global","scalar","g m-2 d-1","2.5805","45.0"
"EcosystemandCarbonCycle","GrossPrimaryProductivity","FLUXNET2015","JSBACH","Bias","MeanState","global","scalar","g m-2 d-1","-0.617147","45.0"
"EcosystemandCarbonCycle","GrossPrimaryProductivity","FLUXNET2015","JSBACH","Bias Score","MeanState","global","score","1","0.631777","45.0"
"EcosystemandCarbonCycle","GrossPrimaryProductivity","FLUXNET2015","JSBACH","Phase Shift","MeanState","global","scalar","months","0.965419","45.0"
"EcosystemandCarbonCycle","GrossPrimaryProductivity","FLUXNET2015","JSBACH","Seasonal Cycle Score","MeanState","global","score","1","0.911499","45.0"
"EcosystemandCarbonCycle","GrossPrimaryProductivity","FLUXNET2015","JSBACH","RMSE","MeanState","global","scalar","g m-2 d-1","2.40033","45.0"
"EcosystemandCarbonCycle","GrossPrimaryProductivity","FLUXNET2015","JSBACH","RMSE Score","MeanState","global","score","1","0.475807","45.0"
"EcosystemandCarbonCycle","GrossPrimaryProductivity","FLUXNET2015","JSBACH","Overall Score","MeanState","global","score","1","0.623722","45.0"
"EcosystemandCarbonCycle","GrossPrimaryProductivity","FLUXNET2015","JULES-FireP0336","Period Mean (original grids)","MeanState","global","scalar","g m-2 d-1","3.40073","45.0"
"EcosystemandCarbonCycle","GrossPrimaryProductivity","FLUXNET2015","JULES-FireP0336","Bias","MeanState","global","scalar","g m-2 d-1","0.0400776","45.0"
"EcosystemandCarbonCycle","GrossPrimaryProductivity","FLUXNET2015","JULES-FireP0336","Bias Score","MeanState","global","score","1","0.622254","45.0"
"EcosystemandCarbonCycle","GrossPrimaryProductivity","FLUXNET2015","JULES-FireP0336","Phase Shift","MeanState","global","scalar","months","1.19748","45.0"
"EcosystemandCarbonCycle","GrossPrimaryProductivity","FLUXNET2015","JULES-FireP0336","Seasonal Cycle Score","MeanState","global","score","1","0.863303","45.0"
"EcosystemandCarbonCycle","GrossPrimaryProductivity","FLUXNET2015","JULES-FireP0336","RMSE","MeanState","global","scalar","g m-2 d-1","2.5711","45.0"
"EcosystemandCarbonCycle","GrossPrimaryProductivity","FLUXNET2015","JULES-FireP0336","RMSE Score","MeanState","global","score","1","0.462373","45.0"
"EcosystemandCarbonCycle","GrossPrimaryProductivity","FLUXNET2015","JULES-FireP0336","Overall Score","MeanState","global","score","1","0.602576","45.0"
"EcosystemandCarbonCycle","GrossPrimaryProductivity","FLUXNET2015","CLM-FATES","Period Mean (original grids)","MeanState","global","scalar","g m-2 d-1","2.74343","45.0"
"EcosystemandCarbonCycle","GrossPrimaryProductivity","FLUXNET2015","CLM-FATES","Bias","MeanState","global","scalar","g m-2 d-1","-0.605146","45.0"
"EcosystemandCarbonCycle","GrossPrimaryProductivity","FLUXNET2015","CLM-FATES","Bias Score","MeanState","global","score","1","0.579585","45.0"
"EcosystemandCarbonCycle","GrossPrimaryProductivity","FLUXNET2015","CLM-FATES","Phase Shift","MeanState","global","scalar","months","1.03995","45.0"
"EcosystemandCarbonCycle","GrossPrimaryProductivity","FLUXNET2015","CLM-FATES","Seasonal Cycle Score","MeanState","global","score","1","0.895403","45.0"
"EcosystemandCarbonCycle","GrossPrimaryProductivity","FLUXNET2015","CLM-FATES","RMSE","MeanState","global","scalar","g m-2 d-1","2.44785","45.0"
"EcosystemandCarbonCycle","GrossPrimaryProductivity","FLUXNET2015","CLM-FATES","RMSE Score","MeanState","global","score","1","0.48938","45.0"
"EcosystemandCarbonCycle","GrossPrimaryProductivity","FLUXNET2015","CLM-FATES","Overall Score","MeanState","global","score","1","0.613437","45.0"
"EcosystemandCarbonCycle","GrossPrimaryProductivity","FLUXNET2015","LPJ-EOSIM","Period Mean (original grids)","MeanState","global","scalar","g m-2 d-1","2.6886","45.0"
"EcosystemandCarbonCycle","GrossPrimaryProductivity","FLUXNET2015","LPJ-EOSIM","Bias","MeanState","global","scalar","g m-2 d-1","-0.664921","45.0"
"EcosystemandCarbonCycle","GrossPrimaryProductivity","FLUXNET2015","LPJ-EOSIM","Bias Score","MeanState","global","score","1","0.623501","45.0"
"EcosystemandCarbonCycle","GrossPrimaryProductivity","FLUXNET2015","LPJ-EOSIM","Phase Shift","MeanState","global","scalar","months","1.31832","45.0"
"EcosystemandCarbonCycle","GrossPrimaryProductivity","FLUXNET2015","LPJ-EOSIM","Seasonal Cycle Score","MeanState","global","score","1","0.846269","45.0"
"EcosystemandCarbonCycle","GrossPrimaryProductivity","FLUXNET2015","LPJ-EOSIM","RMSE","MeanState","global","scalar","g m-2 d-1","2.41584","45.0"
"EcosystemandCarbonCycle","GrossPrimaryProductivity","FLUXNET2015","LPJ-EOSIM","RMSE Score","MeanState","global","score","1","0.455879","45.0"
"EcosystemandCarbonCycle","GrossPrimaryProductivity","FLUXNET2015","LPJ-EOSIM","Overall Score","MeanState","global","score","1","0.595382","45.0"
"EcosystemandCarbonCycle","GrossPrimaryProductivity","FLUXNET2015","CLM","Period Mean (original grids)","MeanState","global","scalar","g m-2 d-1","2.62456","45.0"
"EcosystemandCarbonCycle","GrossPrimaryProductivity","FLUXNET2015","CLM","Bias","MeanState","global","scalar","g m-2 d-1","-0.736087","45.0"
"EcosystemandCarbonCycle","GrossPrimaryProductivity","FLUXNET2015","CLM","Bias Score","MeanState","global","score","1","0.563552","45.0"
"EcosystemandCarbonCycle","GrossPrimaryProductivity","FLUXNET2015","CLM","Phase Shift","MeanState","global","scalar","months","0.73813","45.0"
"EcosystemandCarbonCycle","GrossPrimaryProductivity","FLUXNET2015","CLM","Seasonal Cycle Score","MeanState","global","score","1","0.928886","45.0"
"EcosystemandCarbonCycle","GrossPrimaryProductivity","FLUXNET2015","CLM","RMSE","MeanState","global","scalar","g m-2 d-1","2.51766","45.0"
"EcosystemandCarbonCycle","GrossPrimaryProductivity","FLUXNET2015","CLM","RMSE Score","MeanState","global","score","1","0.493065","45.0"
"EcosystemandCarbonCycle","GrossPrimaryProductivity","FLUXNET2015","CLM","Overall Score","MeanState","global","score","1","0.619642","45.0"
"EcosystemandCarbonCycle","SoilCarbon","NCSCDV22","CLM","Benchmark Period Mean (intersection)","MeanState","global","scalar","Pg","472.846","60.0"
"EcosystemandCarbonCycle","SoilCarbon","NCSCDV22","CLM","Benchmark Period Mean (complement)","MeanState","global","scalar","Pg","nan","60.0"
"EcosystemandCarbonCycle","SoilCarbon","NCSCDV22","CLM","Period Mean (original grids)","MeanState","global","scalar","Pg","1891.94","60.0"
"EcosystemandCarbonCycle","SoilCarbon","NCSCDV22","CLM","Model Period Mean (intersection)","MeanState","global","scalar","Pg","1041.46","60.0"
"EcosystemandCarbonCycle","SoilCarbon","NCSCDV22","CLM","Model Period Mean (complement)","MeanState","global","scalar","Pg","850.48","60.0"
"EcosystemandCarbonCycle","SoilCarbon","NCSCDV22","CLM","Spatial Distribution Score","MeanState","global","score","1","0.356233","60.0"
"EcosystemandCarbonCycle","SoilCarbon","NCSCDV22","CLM","Bias","MeanState","global","scalar","kg m-2","25.3809","60.0"
"EcosystemandCarbonCycle","SoilCarbon","NCSCDV22","CLM","Bias Score","MeanState","global","score","1","0.423858","60.0"
"EcosystemandCarbonCycle","SoilCarbon","NCSCDV22","CLM","Overall Score","MeanState","global","score","1","0.390045","60.0"
"EcosystemandCarbonCycle","SoilCarbon","NCSCDV22","JULES-FireP0249","Benchmark Period Mean (intersection)","MeanState","global","scalar","Pg","470.444","60.0"
"EcosystemandCarbonCycle","SoilCarbon","NCSCDV22","JULES-FireP0249","Benchmark Period Mean (complement)","MeanState","global","scalar","Pg","2.40157","60.0"
"EcosystemandCarbonCycle","SoilCarbon","NCSCDV22","JULES-FireP0249","Period Mean (original grids)","MeanState","global","scalar","Pg","1568.4","60.0"
"EcosystemandCarbonCycle","SoilCarbon","NCSCDV22","JULES-FireP0249","Model Period Mean (intersection)","MeanState","global","scalar","Pg","590.516","60.0"
"EcosystemandCarbonCycle","SoilCarbon","NCSCDV22","JULES-FireP0249","Model Period Mean (complement)","MeanState","global","scalar","Pg","964.34","60.0"
"EcosystemandCarbonCycle","SoilCarbon","NCSCDV22","JULES-FireP0249","Spatial Distribution Score","MeanState","global","score","1","0.802639","60.0"
"EcosystemandCarbonCycle","SoilCarbon","NCSCDV22","JULES-FireP0249","Bias","MeanState","global","scalar","kg m-2","5.37019","60.0"
"EcosystemandCarbonCycle","SoilCarbon","NCSCDV22","JULES-FireP0249","Bias Score","MeanState","global","score","1","0.577471","60.0"
"EcosystemandCarbonCycle","SoilCarbon","NCSCDV22","JULES-FireP0249","Overall Score","MeanState","global","score","1","0.690055","60.0"
"EcosystemandCarbonCycle","SoilCarbon","NCSCDV22","JULES-FireP0304","Benchmark Period Mean (intersection)","MeanState","global","scalar","Pg","470.444","60.0"
"EcosystemandCarbonCycle","SoilCarbon","NCSCDV22","JULES-FireP0304","Benchmark Period Mean (complement)","MeanState","global","scalar","Pg","2.40157","60.0"
"EcosystemandCarbonCycle","SoilCarbon","NCSCDV22","JULES-FireP0304","Period Mean (original grids)","MeanState","global","scalar","Pg","1448.13","60.0"
"EcosystemandCarbonCycle","SoilCarbon","NCSCDV22","JULES-FireP0304","Model Period Mean (intersection)","MeanState","global","scalar","Pg","522.509","60.0"
"EcosystemandCarbonCycle","SoilCarbon","NCSCDV22","JULES-FireP0304","Model Period Mean (complement)","MeanState","global","scalar","Pg","912.878","60.0"
"EcosystemandCarbonCycle","SoilCarbon","NCSCDV22","JULES-FireP0304","Spatial Distribution Score","MeanState","global","score","1","0.821739","60.0"
"EcosystemandCarbonCycle","SoilCarbon","NCSCDV22","JULES-FireP0304","Bias","MeanState","global","scalar","kg m-2","2.32332","60.0"
"EcosystemandCarbonCycle","SoilCarbon","NCSCDV22","JULES-FireP0304","Bias Score","MeanState","global","score","1","0.590854","60.0"
"EcosystemandCarbonCycle","SoilCarbon","NCSCDV22","JULES-FireP0304","Overall Score","MeanState","global","score","1","0.706297","60.0"
"EcosystemandCarbonCycle","SoilCarbon","NCSCDV22","DVM-DOS-TEM","Benchmark Period Mean (intersection)","MeanState","global","scalar","Pg","394.038","60.0"
"EcosystemandCarbonCycle","SoilCarbon","NCSCDV22","DVM-DOS-TEM","Benchmark Period Mean (complement)","MeanState","global","scalar","Pg","78.8076","60.0"
"EcosystemandCarbonCycle","SoilCarbon","NCSCDV22","DVM-DOS-TEM","Period Mean (original grids)","MeanState","global","scalar","Pg","356.749","60.0"
"EcosystemandCarbonCycle","SoilCarbon","NCSCDV22","DVM-DOS-TEM","Model Period Mean (intersection)","MeanState","global","scalar","Pg","307.302","60.0"
"EcosystemandCarbonCycle","SoilCarbon","NCSCDV22","DVM-DOS-TEM","Model Period Mean (complement)","MeanState","global","scalar","Pg","49.4466","60.0"
"EcosystemandCarbonCycle","SoilCarbon","NCSCDV22","DVM-DOS-TEM","Spatial Distribution Score","MeanState","global","score","1","0.822099","60.0"
"EcosystemandCarbonCycle","SoilCarbon","NCSCDV22","DVM-DOS-TEM","Bias","MeanState","global","scalar","kg m-2","-5.38767","60.0"
"EcosystemandCarbonCycle","SoilCarbon","NCSCDV22","DVM-DOS-TEM","Bias Score","MeanState","global","score","1","0.580835","60.0"
"EcosystemandCarbonCycle","SoilCarbon","NCSCDV22","DVM-DOS-TEM","Overall Score","MeanState","global","score","1","0.701467","60.0"
"EcosystemandCarbonCycle","SoilCarbon","NCSCDV22","JULES-noFire","Benchmark Period Mean (intersection)","MeanState","global","scalar","Pg","472.236","60.0"
"EcosystemandCarbonCycle","SoilCarbon","NCSCDV22","JULES-noFire","Benchmark Period Mean (complement)","MeanState","global","scalar","Pg","0.60968","60.0"
"EcosystemandCarbonCycle","SoilCarbon","NCSCDV22","JULES-noFire","Period Mean (original grids)","MeanState","global","scalar","Pg","1729.26","60.0"
"EcosystemandCarbonCycle","SoilCarbon","NCSCDV22","JULES-noFire","Model Period Mean (intersection)","MeanState","global","scalar","Pg","598.051","60.0"
"EcosystemandCarbonCycle","SoilCarbon","NCSCDV22","JULES-noFire","Model Period Mean (complement)","MeanState","global","scalar","Pg","1116.34","60.0"
"EcosystemandCarbonCycle","SoilCarbon","NCSCDV22","JULES-noFire","Spatial Distribution Score","MeanState","global","score","1","0.802717","60.0"
"EcosystemandCarbonCycle","SoilCarbon","NCSCDV22","JULES-noFire","Bias","MeanState","global","scalar","kg m-2","5.61861","60.0"
"EcosystemandCarbonCycle","SoilCarbon","NCSCDV22","JULES-noFire","Bias Score","MeanState","global","score","1","0.570559","60.0"
"EcosystemandCarbonCycle","SoilCarbon","NCSCDV22","JULES-noFire","Overall Score","MeanState","global","score","1","0.686638","60.0"
"EcosystemandCarbonCycle","SoilCarbon","NCSCDV22","LPX-Bern","Benchmark Period Mean (intersection)","MeanState","global","scalar","Pg","457.813","60.0"
"EcosystemandCarbonCycle","SoilCarbon","NCSCDV22","LPX-Bern","Benchmark Period Mean (complement)","MeanState","global","scalar","Pg","15.0326","60.0"
"EcosystemandCarbonCycle","SoilCarbon","NCSCDV22","LPX-Bern","Period Mean (original grids)","MeanState","global","scalar","Pg","888.655","60.0"
"EcosystemandCarbonCycle","SoilCarbon","NCSCDV22","LPX-Bern","Model Period Mean (intersection)","MeanState","global","scalar","Pg","375.83","60.0"
"EcosystemandCarbonCycle","SoilCarbon","NCSCDV22","LPX-Bern","Model Period Mean (complement)","MeanState","global","scalar","Pg","512.825","60.0"
"EcosystemandCarbonCycle","SoilCarbon","NCSCDV22","LPX-Bern","Spatial Distribution Score","MeanState","global","score","1","0.818867","60.0"
"EcosystemandCarbonCycle","SoilCarbon","NCSCDV22","LPX-Bern","Bias","MeanState","global","scalar","kg m-2","-3.77291","60.0"
"EcosystemandCarbonCycle","SoilCarbon","NCSCDV22","LPX-Bern","Bias Score","MeanState","global","score","1","0.627324","60.0"
"EcosystemandCarbonCycle","SoilCarbon","NCSCDV22","LPX-Bern","Overall Score","MeanState","global","score","1","0.723096","60.0"
"EcosystemandCarbonCycle","SoilCarbon","NCSCDV22","LPJ-EOSIM-fixspitfire","Benchmark Period Mean (intersection)","MeanState","global","scalar","Pg","463.537","60.0"
"EcosystemandCarbonCycle","SoilCarbon","NCSCDV22","LPJ-EOSIM-fixspitfire","Benchmark Period Mean (complement)","MeanState","global","scalar","Pg","9.30841","60.0"
"EcosystemandCarbonCycle","SoilCarbon","NCSCDV22","LPJ-EOSIM-fixspitfire","Period Mean (original grids)","MeanState","global","scalar","Pg","1045.36","60.0"
"EcosystemandCarbonCycle","SoilCarbon","NCSCDV22","LPJ-EOSIM-fixspitfire","Model Period Mean (intersection)","MeanState","global","scalar","Pg","536.38","60.0"
"EcosystemandCarbonCycle","SoilCarbon","NCSCDV22","LPJ-EOSIM-fixspitfire","Model Period Mean (complement)","MeanState","global","scalar","Pg","508.977","60.0"
"EcosystemandCarbonCycle","SoilCarbon","NCSCDV22","LPJ-EOSIM-fixspitfire","Spatial Distribution Score","MeanState","global","score","1","0.875766","60.0"
"EcosystemandCarbonCycle","SoilCarbon","NCSCDV22","LPJ-EOSIM-fixspitfire","Bias","MeanState","global","scalar","kg m-2","3.32017","60.0"
"EcosystemandCarbonCycle","SoilCarbon","NCSCDV22","LPJ-EOSIM-fixspitfire","Bias Score","MeanState","global","score","1","0.642421","60.0"
"EcosystemandCarbonCycle","SoilCarbon","NCSCDV22","LPJ-EOSIM-fixspitfire","Overall Score","MeanState","global","score","1","0.759094","60.0"
"EcosystemandCarbonCycle","SoilCarbon","NCSCDV22","LPJ-EOSIM","Benchmark Period Mean (intersection)","MeanState","global","scalar","Pg","463.537","60.0"
"EcosystemandCarbonCycle","SoilCarbon","NCSCDV22","LPJ-EOSIM","Benchmark Period Mean (complement)","MeanState","global","scalar","Pg","9.30841","60.0"
"EcosystemandCarbonCycle","SoilCarbon","NCSCDV22","LPJ-EOSIM","Period Mean (original grids)","MeanState","global","scalar","Pg","1045.44","60.0"
"EcosystemandCarbonCycle","SoilCarbon","NCSCDV22","LPJ-EOSIM","Model Period Mean (intersection)","MeanState","global","scalar","Pg","536.4","60.0"
"EcosystemandCarbonCycle","SoilCarbon","NCSCDV22","LPJ-EOSIM","Model Period Mean (complement)","MeanState","global","scalar","Pg","509.044","60.0"
"EcosystemandCarbonCycle","SoilCarbon","NCSCDV22","LPJ-EOSIM","Spatial Distribution Score","MeanState","global","score","1","0.875777","60.0"
"EcosystemandCarbonCycle","SoilCarbon","NCSCDV22","LPJ-EOSIM","Bias","MeanState","global","scalar","kg m-2","3.32108","60.0"
"EcosystemandCarbonCycle","SoilCarbon","NCSCDV22","LPJ-EOSIM","Bias Score","MeanState","global","score","1","0.642441","60.0"
"EcosystemandCarbonCycle","SoilCarbon","NCSCDV22","LPJ-EOSIM","Overall Score","MeanState","global","score","1","0.759109","60.0"
"EcosystemandCarbonCycle","SoilCarbon","NCSCDV22","CLM-FATES","Benchmark Period Mean (intersection)","MeanState","global","scalar","Pg","471.906","60.0"
"EcosystemandCarbonCycle","SoilCarbon","NCSCDV22","CLM-FATES","Benchmark Period Mean (complement)","MeanState","global","scalar","Pg","0.940045","60.0"
"EcosystemandCarbonCycle","SoilCarbon","NCSCDV22","CLM-FATES","Period Mean (original grids)","MeanState","global","scalar","Pg","634.547","60.0"
"EcosystemandCarbonCycle","SoilCarbon","NCSCDV22","CLM-FATES","Model Period Mean (intersection)","MeanState","global","scalar","Pg","252.027","60.0"
"EcosystemandCarbonCycle","SoilCarbon","NCSCDV22","CLM-FATES","Model Period Mean (complement)","MeanState","global","scalar","Pg","380.454","60.0"
"EcosystemandCarbonCycle","SoilCarbon","NCSCDV22","CLM-FATES","Spatial Distribution Score","MeanState","global","score","1","0.750414","60.0"
"EcosystemandCarbonCycle","SoilCarbon","NCSCDV22","CLM-FATES","Bias","MeanState","global","scalar","kg m-2","-9.7756","60.0"
"EcosystemandCarbonCycle","SoilCarbon","NCSCDV22","CLM-FATES","Bias Score","MeanState","global","score","1","0.538679","60.0"
"EcosystemandCarbonCycle","SoilCarbon","NCSCDV22","CLM-FATES","Overall Score","MeanState","global","score","1","0.644546","60.0"
"EcosystemandCarbonCycle","SoilCarbon","NCSCDV22","JULES-FireP0005","Benchmark Period Mean (intersection)","MeanState","global","scalar","Pg","472.236","60.0"
"EcosystemandCarbonCycle","SoilCarbon","NCSCDV22","JULES-FireP0005","Benchmark Period Mean (complement)","MeanState","global","scalar","Pg","0.60968","60.0"
"EcosystemandCarbonCycle","SoilCarbon","NCSCDV22","JULES-FireP0005","Period Mean (original grids)","MeanState","global","scalar","Pg","1503.68","60.0"
"EcosystemandCarbonCycle","SoilCarbon","NCSCDV22","JULES-FireP0005","Model Period Mean (intersection)","MeanState","global","scalar","Pg","521.976","60.0"
"EcosystemandCarbonCycle","SoilCarbon","NCSCDV22","JULES-FireP0005","Model Period Mean (complement)","MeanState","global","scalar","Pg","968.359","60.0"
"EcosystemandCarbonCycle","SoilCarbon","NCSCDV22","JULES-FireP0005","Spatial Distribution Score","MeanState","global","score","1","0.841225","60.0"
"EcosystemandCarbonCycle","SoilCarbon","NCSCDV22","JULES-FireP0005","Bias","MeanState","global","scalar","kg m-2","2.21171","60.0"
"EcosystemandCarbonCycle","SoilCarbon","NCSCDV22","JULES-FireP0005","Bias Score","MeanState","global","score","1","0.595737","60.0"
"EcosystemandCarbonCycle","SoilCarbon","NCSCDV22","JULES-FireP0005","Overall Score","MeanState","global","score","1","0.718481","60.0"
"EcosystemandCarbonCycle","SoilCarbon","NCSCDV22","TEM","Benchmark Period Mean (intersection)","MeanState","global","scalar","Pg","443.261","60.0"
"EcosystemandCarbonCycle","SoilCarbon","NCSCDV22","TEM","Benchmark Period Mean (complement)","MeanState","global","scalar","Pg","29.5847","60.0"
"EcosystemandCarbonCycle","SoilCarbon","NCSCDV22","TEM","Period Mean (original grids)","MeanState","global","scalar","Pg","428.153","60.0"
"EcosystemandCarbonCycle","SoilCarbon","NCSCDV22","TEM","Model Period Mean (intersection)","MeanState","global","scalar","Pg","193.778","60.0"
"EcosystemandCarbonCycle","SoilCarbon","NCSCDV22","TEM","Model Period Mean (complement)","MeanState","global","scalar","Pg","234.374","60.0"
"EcosystemandCarbonCycle","SoilCarbon","NCSCDV22","TEM","Spatial Distribution Score","MeanState","global","score","1","0.345114","60.0"
"EcosystemandCarbonCycle","SoilCarbon","NCSCDV22","TEM","Bias","MeanState","global","scalar","kg m-2","-12.0027","60.0"
"EcosystemandCarbonCycle","SoilCarbon","NCSCDV22","TEM","Bias Score","MeanState","global","score","1","0.545707","60.0"
"EcosystemandCarbonCycle","SoilCarbon","NCSCDV22","TEM","Overall Score","MeanState","global","score","1","0.445411","60.0"
"EcosystemandCarbonCycle","SoilCarbon","NCSCDV22","DLEM","Benchmark Period Mean (intersection)","MeanState","global","scalar","Pg","472.815","60.0"
"EcosystemandCarbonCycle","SoilCarbon","NCSCDV22","DLEM","Benchmark Period Mean (complement)","MeanState","global","scalar","Pg","0.0305161","60.0"
"EcosystemandCarbonCycle","SoilCarbon","NCSCDV22","DLEM","Period Mean (original grids)","MeanState","global","scalar","Pg","386.865","60.0"
"EcosystemandCarbonCycle","SoilCarbon","NCSCDV22","DLEM","Model Period Mean (intersection)","MeanState","global","scalar","Pg","113.556","60.0"
"EcosystemandCarbonCycle","SoilCarbon","NCSCDV22","DLEM","Model Period Mean (complement)","MeanState","global","scalar","Pg","273.309","60.0"
"EcosystemandCarbonCycle","SoilCarbon","NCSCDV22","DLEM","Spatial Distribution Score","MeanState","global","score","1","0.480088","60.0"
"EcosystemandCarbonCycle","SoilCarbon","NCSCDV22","DLEM","Bias","MeanState","global","scalar","kg m-2","-16.0373","60.0"
"EcosystemandCarbonCycle","SoilCarbon","NCSCDV22","DLEM","Bias Score","MeanState","global","score","1","0.463518","60.0"
"EcosystemandCarbonCycle","SoilCarbon","NCSCDV22","DLEM","Overall Score","MeanState","global","score","1","0.471803","60.0"
"EcosystemandCarbonCycle","SoilCarbon","NCSCDV22","JULES-FireP0336","Benchmark Period Mean (intersection)","MeanState","global","scalar","Pg","470.444","60.0"
"EcosystemandCarbonCycle","SoilCarbon","NCSCDV22","JULES-FireP0336","Benchmark Period Mean (complement)","MeanState","global","scalar","Pg","2.40157","60.0"
"EcosystemandCarbonCycle","SoilCarbon","NCSCDV22","JULES-FireP0336","Period Mean (original grids)","MeanState","global","scalar","Pg","1632.61","60.0"
"EcosystemandCarbonCycle","SoilCarbon","NCSCDV22","JULES-FireP0336","Model Period Mean (intersection)","MeanState","global","scalar","Pg","598.997","60.0"
"EcosystemandCarbonCycle","SoilCarbon","NCSCDV22","JULES-FireP0336","Model Period Mean (complement)","MeanState","global","scalar","Pg","1019.82","60.0"
"EcosystemandCarbonCycle","SoilCarbon","NCSCDV22","JULES-FireP0336","Spatial Distribution Score","MeanState","global","score","1","0.789194","60.0"
"EcosystemandCarbonCycle","SoilCarbon","NCSCDV22","JULES-FireP0336","Bias","MeanState","global","scalar","kg m-2","5.75834","60.0"
"EcosystemandCarbonCycle","SoilCarbon","NCSCDV22","JULES-FireP0336","Bias Score","MeanState","global","score","1","0.57413","60.0"
"EcosystemandCarbonCycle","SoilCarbon","NCSCDV22","JULES-FireP0336","Overall Score","MeanState","global","score","1","0.681662","60.0"
"EcosystemandCarbonCycle","SoilCarbon","NCSCDV22","JSBACH","Benchmark Period Mean (intersection)","MeanState","global","scalar","Pg","448.274","60.0"
"EcosystemandCarbonCycle","SoilCarbon","NCSCDV22","JSBACH","Benchmark Period Mean (complement)","MeanState","global","scalar","Pg","24.5714","60.0"
"EcosystemandCarbonCycle","SoilCarbon","NCSCDV22","JSBACH","Period Mean (original grids)","MeanState","global","scalar","Pg","337.808","60.0"
"EcosystemandCarbonCycle","SoilCarbon","NCSCDV22","JSBACH","Model Period Mean (intersection)","MeanState","global","scalar","Pg","163.186","60.0"
"EcosystemandCarbonCycle","SoilCarbon","NCSCDV22","JSBACH","Model Period Mean (complement)","MeanState","global","scalar","Pg","174.622","60.0"
"EcosystemandCarbonCycle","SoilCarbon","NCSCDV22","JSBACH","Spatial Distribution Score","MeanState","global","score","1","0.253042","60.0"
"EcosystemandCarbonCycle","SoilCarbon","NCSCDV22","JSBACH","Bias","MeanState","global","scalar","kg m-2","-13.3574","60.0"
"EcosystemandCarbonCycle","SoilCarbon","NCSCDV22","JSBACH","Bias Score","MeanState","global","score","1","0.51931","60.0"
"EcosystemandCarbonCycle","SoilCarbon","NCSCDV22","JSBACH","Overall Score","MeanState","global","score","1","0.386176","60.0"
"EcosystemandCarbonCycle","SoilCarbon","HWSD","JULES-FireP0005","Benchmark Period Mean (intersection)","MeanState","global","scalar","Pg","752.085","75.0"
"EcosystemandCarbonCycle","SoilCarbon","HWSD","JULES-FireP0005","Benchmark Period Mean (complement)","MeanState","global","scalar","Pg","7.00076","75.0"
"EcosystemandCarbonCycle","SoilCarbon","HWSD","JULES-FireP0005","Period Mean (original grids)","MeanState","global","scalar","Pg","1503.68","75.0"
"EcosystemandCarbonCycle","SoilCarbon","HWSD","JULES-FireP0005","Model Period Mean (intersection)","MeanState","global","scalar","Pg","1416.53","75.0"
"EcosystemandCarbonCycle","SoilCarbon","HWSD","JULES-FireP0005","Model Period Mean (complement)","MeanState","global","scalar","Pg","73.8025","75.0"
"EcosystemandCarbonCycle","SoilCarbon","HWSD","JULES-FireP0005","Spatial Distribution Score","MeanState","global","score","1","0.508895","75.0"
"EcosystemandCarbonCycle","SoilCarbon","HWSD","JULES-FireP0005","Bias","MeanState","global","scalar","kg m-2","9.62145","75.0"
"EcosystemandCarbonCycle","SoilCarbon","HWSD","JULES-FireP0005","Bias Score","MeanState","global","score","1","0.438524","75.0"
"EcosystemandCarbonCycle","SoilCarbon","HWSD","JULES-FireP0005","Overall Score","MeanState","global","score","1","0.47371","75.0"
"EcosystemandCarbonCycle","SoilCarbon","HWSD","JULES-noFire","Benchmark Period Mean (intersection)","MeanState","global","scalar","Pg","752.085","75.0"
"EcosystemandCarbonCycle","SoilCarbon","HWSD","JULES-noFire","Benchmark Period Mean (complement)","MeanState","global","scalar","Pg","7.00076","75.0"
"EcosystemandCarbonCycle","SoilCarbon","HWSD","JULES-noFire","Period Mean (original grids)","MeanState","global","scalar","Pg","1729.26","75.0"
"EcosystemandCarbonCycle","SoilCarbon","HWSD","JULES-noFire","Model Period Mean (intersection)","MeanState","global","scalar","Pg","1631.03","75.0"
"EcosystemandCarbonCycle","SoilCarbon","HWSD","JULES-noFire","Model Period Mean (complement)","MeanState","global","scalar","Pg","83.3606","75.0"
"EcosystemandCarbonCycle","SoilCarbon","HWSD","JULES-noFire","Spatial Distribution Score","MeanState","global","score","1","0.423553","75.0"
"EcosystemandCarbonCycle","SoilCarbon","HWSD","JULES-noFire","Bias","MeanState","global","scalar","kg m-2","12.7282","75.0"
"EcosystemandCarbonCycle","SoilCarbon","HWSD","JULES-noFire","Bias Score","MeanState","global","score","1","0.399715","75.0"
"EcosystemandCarbonCycle","SoilCarbon","HWSD","JULES-noFire","Overall Score","MeanState","global","score","1","0.411634","75.0"
"EcosystemandCarbonCycle","SoilCarbon","HWSD","LPJ-EOSIM-fixspitfire","Benchmark Period Mean (intersection)","MeanState","global","scalar","Pg","701.096","75.0"
"EcosystemandCarbonCycle","SoilCarbon","HWSD","LPJ-EOSIM-fixspitfire","Benchmark Period Mean (complement)","MeanState","global","scalar","Pg","47.4785","75.0"
"EcosystemandCarbonCycle","SoilCarbon","HWSD","LPJ-EOSIM-fixspitfire","Period Mean (original grids)","MeanState","global","scalar","Pg","1045.36","75.0"
"EcosystemandCarbonCycle","SoilCarbon","HWSD","LPJ-EOSIM-fixspitfire","Model Period Mean (intersection)","MeanState","global","scalar","Pg","1043.75","75.0"
"EcosystemandCarbonCycle","SoilCarbon","HWSD","LPJ-EOSIM-fixspitfire","Model Period Mean (complement)","MeanState","global","scalar","Pg","1.60373","75.0"
"EcosystemandCarbonCycle","SoilCarbon","HWSD","LPJ-EOSIM-fixspitfire","Spatial Distribution Score","MeanState","global","score","1","0.67001","75.0"
"EcosystemandCarbonCycle","SoilCarbon","HWSD","LPJ-EOSIM-fixspitfire","Bias","MeanState","global","scalar","kg m-2","5.33219","75.0"
"EcosystemandCarbonCycle","SoilCarbon","HWSD","LPJ-EOSIM-fixspitfire","Bias Score","MeanState","global","score","1","0.535762","75.0"
"EcosystemandCarbonCycle","SoilCarbon","HWSD","LPJ-EOSIM-fixspitfire","Overall Score","MeanState","global","score","1","0.602886","75.0"
"EcosystemandCarbonCycle","SoilCarbon","HWSD","DLEM","Benchmark Period Mean (intersection)","MeanState","global","scalar","Pg","748.55","75.0"
"EcosystemandCarbonCycle","SoilCarbon","HWSD","DLEM","Benchmark Period Mean (complement)","MeanState","global","scalar","Pg","0.024241","75.0"
"EcosystemandCarbonCycle","SoilCarbon","HWSD","DLEM","Period Mean (original grids)","MeanState","global","scalar","Pg","386.865","75.0"
"EcosystemandCarbonCycle","SoilCarbon","HWSD","DLEM","Model Period Mean (intersection)","MeanState","global","scalar","Pg","386.855","75.0"
"EcosystemandCarbonCycle","SoilCarbon","HWSD","DLEM","Model Period Mean (complement)","MeanState","global","scalar","Pg","0.0101949","75.0"
"EcosystemandCarbonCycle","SoilCarbon","HWSD","DLEM","Spatial Distribution Score","MeanState","global","score","1","0.79589","75.0"
"EcosystemandCarbonCycle","SoilCarbon","HWSD","DLEM","Bias","MeanState","global","scalar","kg m-2","-5.29584","75.0"
"EcosystemandCarbonCycle","SoilCarbon","HWSD","DLEM","Bias Score","MeanState","global","score","1","0.557433","75.0"
"EcosystemandCarbonCycle","SoilCarbon","HWSD","DLEM","Overall Score","MeanState","global","score","1","0.676662","75.0"
"EcosystemandCarbonCycle","SoilCarbon","HWSD","TEM","Benchmark Period Mean (intersection)","MeanState","global","scalar","Pg","688.496","75.0"
"EcosystemandCarbonCycle","SoilCarbon","HWSD","TEM","Benchmark Period Mean (complement)","MeanState","global","scalar","Pg","60.0785","75.0"
"EcosystemandCarbonCycle","SoilCarbon","HWSD","TEM","Period Mean (original grids)","MeanState","global","scalar","Pg","428.153","75.0"
"EcosystemandCarbonCycle","SoilCarbon","HWSD","TEM","Model Period Mean (intersection)","MeanState","global","scalar","Pg","424.192","75.0"
"EcosystemandCarbonCycle","SoilCarbon","HWSD","TEM","Model Period Mean (complement)","MeanState","global","scalar","Pg","3.96036","75.0"
"EcosystemandCarbonCycle","SoilCarbon","HWSD","TEM","Spatial Distribution Score","MeanState","global","score","1","0.672429","75.0"
"EcosystemandCarbonCycle","SoilCarbon","HWSD","TEM","Bias","MeanState","global","scalar","kg m-2","-4.18891","75.0"
"EcosystemandCarbonCycle","SoilCarbon","HWSD","TEM","Bias Score","MeanState","global","score","1","0.629444","75.0"
"EcosystemandCarbonCycle","SoilCarbon","HWSD","TEM","Overall Score","MeanState","global","score","1","0.650936","75.0"
"EcosystemandCarbonCycle","SoilCarbon","HWSD","JSBACH","Benchmark Period Mean (intersection)","MeanState","global","scalar","Pg","682.627","75.0"
"EcosystemandCarbonCycle","SoilCarbon","HWSD","JSBACH","Benchmark Period Mean (complement)","MeanState","global","scalar","Pg","71.2156","75.0"
"EcosystemandCarbonCycle","SoilCarbon","HWSD","JSBACH","Period Mean (original grids)","MeanState","global","scalar","Pg","337.808","75.0"
"EcosystemandCarbonCycle","SoilCarbon","HWSD","JSBACH","Model Period Mean (intersection)","MeanState","global","scalar","Pg","336.202","75.0"
"EcosystemandCarbonCycle","SoilCarbon","HWSD","JSBACH","Model Period Mean (complement)","MeanState","global","scalar","Pg","1.60578","75.0"
"EcosystemandCarbonCycle","SoilCarbon","HWSD","JSBACH","Spatial Distribution Score","MeanState","global","score","1","0.599312","75.0"
"EcosystemandCarbonCycle","SoilCarbon","HWSD","JSBACH","Bias","MeanState","global","scalar","kg m-2","-5.48503","75.0"
"EcosystemandCarbonCycle","SoilCarbon","HWSD","JSBACH","Bias Score","MeanState","global","score","1","0.598563","75.0"
"EcosystemandCarbonCycle","SoilCarbon","HWSD","JSBACH","Overall Score","MeanState","global","score","1","0.598938","75.0"
"EcosystemandCarbonCycle","SoilCarbon","HWSD","DVM-DOS-TEM","Benchmark Period Mean (intersection)","MeanState","global","scalar","Pg","304.146","75.0"
"EcosystemandCarbonCycle","SoilCarbon","HWSD","DVM-DOS-TEM","Benchmark Period Mean (complement)","MeanState","global","scalar","Pg","444.428","75.0"
"EcosystemandCarbonCycle","SoilCarbon","HWSD","DVM-DOS-TEM","Period Mean (original grids)","MeanState","global","scalar","Pg","356.749","75.0"
"EcosystemandCarbonCycle","SoilCarbon","HWSD","DVM-DOS-TEM","Model Period Mean (intersection)","MeanState","global","scalar","Pg","356.536","75.0"
"EcosystemandCarbonCycle","SoilCarbon","HWSD","DVM-DOS-TEM","Model Period Mean (complement)","MeanState","global","scalar","Pg","0.212846","75.0"
"EcosystemandCarbonCycle","SoilCarbon","HWSD","DVM-DOS-TEM","Spatial Distribution Score","MeanState","global","score","1","0.768266","75.0"
"EcosystemandCarbonCycle","SoilCarbon","HWSD","DVM-DOS-TEM","Bias","MeanState","global","scalar","kg m-2","2.6231","75.0"
"EcosystemandCarbonCycle","SoilCarbon","HWSD","DVM-DOS-TEM","Bias Score","MeanState","global","score","1","0.55472","75.0"
"EcosystemandCarbonCycle","SoilCarbon","HWSD","DVM-DOS-TEM","Overall Score","MeanState","global","score","1","0.661493","75.0"
"EcosystemandCarbonCycle","SoilCarbon","HWSD","JULES-FireP0336","Benchmark Period Mean (intersection)","MeanState","global","scalar","Pg","750.042","75.0"
"EcosystemandCarbonCycle","SoilCarbon","HWSD","JULES-FireP0336","Benchmark Period Mean (complement)","MeanState","global","scalar","Pg","9.04368","75.0"
"EcosystemandCarbonCycle","SoilCarbon","HWSD","JULES-FireP0336","Period Mean (original grids)","MeanState","global","scalar","Pg","1632.61","75.0"
"EcosystemandCarbonCycle","SoilCarbon","HWSD","JULES-FireP0336","Model Period Mean (intersection)","MeanState","global","scalar","Pg","1549.88","75.0"
"EcosystemandCarbonCycle","SoilCarbon","HWSD","JULES-FireP0336","Model Period Mean (complement)","MeanState","global","scalar","Pg","68.9432","75.0"
"EcosystemandCarbonCycle","SoilCarbon","HWSD","JULES-FireP0336","Spatial Distribution Score","MeanState","global","score","1","0.423961","75.0"
"EcosystemandCarbonCycle","SoilCarbon","HWSD","JULES-FireP0336","Bias","MeanState","global","scalar","kg m-2","11.6102","75.0"
"EcosystemandCarbonCycle","SoilCarbon","HWSD","JULES-FireP0336","Bias Score","MeanState","global","score","1","0.407396","75.0"
"EcosystemandCarbonCycle","SoilCarbon","HWSD","JULES-FireP0336","Overall Score","MeanState","global","score","1","0.415679","75.0"
"EcosystemandCarbonCycle","SoilCarbon","HWSD","CLM","Benchmark Period Mean (intersection)","MeanState","global","scalar","Pg","753.843","75.0"
"EcosystemandCarbonCycle","SoilCarbon","HWSD","CLM","Benchmark Period Mean (complement)","MeanState","global","scalar","Pg","nan","75.0"
"EcosystemandCarbonCycle","SoilCarbon","HWSD","CLM","Period Mean (original grids)","MeanState","global","scalar","Pg","1891.94","75.0"
"EcosystemandCarbonCycle","SoilCarbon","HWSD","CLM","Model Period Mean (intersection)","MeanState","global","scalar","Pg","1793","75.0"
"EcosystemandCarbonCycle","SoilCarbon","HWSD","CLM","Model Period Mean (complement)","MeanState","global","scalar","Pg","98.9397","75.0"
"EcosystemandCarbonCycle","SoilCarbon","HWSD","CLM","Spatial Distribution Score","MeanState","global","score","1","0.157027","75.0"
"EcosystemandCarbonCycle","SoilCarbon","HWSD","CLM","Bias","MeanState","global","scalar","kg m-2","15.0367","75.0"
"EcosystemandCarbonCycle","SoilCarbon","HWSD","CLM","Bias Score","MeanState","global","score","1","0.434494","75.0"
"EcosystemandCarbonCycle","SoilCarbon","HWSD","CLM","Overall Score","MeanState","global","score","1","0.29576","75.0"
"EcosystemandCarbonCycle","SoilCarbon","HWSD","JULES-FireP0304","Benchmark Period Mean (intersection)","MeanState","global","scalar","Pg","750.042","75.0"
"EcosystemandCarbonCycle","SoilCarbon","HWSD","JULES-FireP0304","Benchmark Period Mean (complement)","MeanState","global","scalar","Pg","9.04368","75.0"
"EcosystemandCarbonCycle","SoilCarbon","HWSD","JULES-FireP0304","Period Mean (original grids)","MeanState","global","scalar","Pg","1448.13","75.0"
"EcosystemandCarbonCycle","SoilCarbon","HWSD","JULES-FireP0304","Model Period Mean (intersection)","MeanState","global","scalar","Pg","1372.9","75.0"
"EcosystemandCarbonCycle","SoilCarbon","HWSD","JULES-FireP0304","Model Period Mean (complement)","MeanState","global","scalar","Pg","62.4887","75.0"
"EcosystemandCarbonCycle","SoilCarbon","HWSD","JULES-FireP0304","Spatial Distribution Score","MeanState","global","score","1","0.494341","75.0"
"EcosystemandCarbonCycle","SoilCarbon","HWSD","JULES-FireP0304","Bias","MeanState","global","scalar","kg m-2","9.04084","75.0"
"EcosystemandCarbonCycle","SoilCarbon","HWSD","JULES-FireP0304","Bias Score","MeanState","global","score","1","0.439563","75.0"
"EcosystemandCarbonCycle","SoilCarbon","HWSD","JULES-FireP0304","Overall Score","MeanState","global","score","1","0.466952","75.0"
"EcosystemandCarbonCycle","SoilCarbon","HWSD","JULES-FireP0249","Benchmark Period Mean (intersection)","MeanState","global","scalar","Pg","750.042","75.0"
"EcosystemandCarbonCycle","SoilCarbon","HWSD","JULES-FireP0249","Benchmark Period Mean (complement)","MeanState","global","scalar","Pg","9.04368","75.0"
"EcosystemandCarbonCycle","SoilCarbon","HWSD","JULES-FireP0249","Period Mean (original grids)","MeanState","global","scalar","Pg","1568.4","75.0"
"EcosystemandCarbonCycle","SoilCarbon","HWSD","JULES-FireP0249","Model Period Mean (intersection)","MeanState","global","scalar","Pg","1489.67","75.0"
"EcosystemandCarbonCycle","SoilCarbon","HWSD","JULES-FireP0249","Model Period Mean (complement)","MeanState","global","scalar","Pg","65.1879","75.0"
"EcosystemandCarbonCycle","SoilCarbon","HWSD","JULES-FireP0249","Spatial Distribution Score","MeanState","global","score","1","0.458559","75.0"
"EcosystemandCarbonCycle","SoilCarbon","HWSD","JULES-FireP0249","Bias","MeanState","global","scalar","kg m-2","10.736","75.0"
"EcosystemandCarbonCycle","SoilCarbon","HWSD","JULES-FireP0249","Bias Score","MeanState","global","score","1","0.422236","75.0"
"EcosystemandCarbonCycle","SoilCarbon","HWSD","JULES-FireP0249","Overall Score","MeanState","global","score","1","0.440398","75.0"
"EcosystemandCarbonCycle","SoilCarbon","HWSD","LPJ-EOSIM","Benchmark Period Mean (intersection)","MeanState","global","scalar","Pg","701.096","75.0"
"EcosystemandCarbonCycle","SoilCarbon","HWSD","LPJ-EOSIM","Benchmark Period Mean (complement)","MeanState","global","scalar","Pg","47.4785","75.0"
"EcosystemandCarbonCycle","SoilCarbon","HWSD","LPJ-EOSIM","Period Mean (original grids)","MeanState","global","scalar","Pg","1045.44","75.0"
"EcosystemandCarbonCycle","SoilCarbon","HWSD","LPJ-EOSIM","Model Period Mean (intersection)","MeanState","global","scalar","Pg","1043.84","75.0"
"EcosystemandCarbonCycle","SoilCarbon","HWSD","LPJ-EOSIM","Model Period Mean (complement)","MeanState","global","scalar","Pg","1.60373","75.0"
"EcosystemandCarbonCycle","SoilCarbon","HWSD","LPJ-EOSIM","Spatial Distribution Score","MeanState","global","score","1","0.670003","75.0"
"EcosystemandCarbonCycle","SoilCarbon","HWSD","LPJ-EOSIM","Bias","MeanState","global","scalar","kg m-2","5.33354","75.0"
"EcosystemandCarbonCycle","SoilCarbon","HWSD","LPJ-EOSIM","Bias Score","MeanState","global","score","1","0.535716","75.0"
"EcosystemandCarbonCycle","SoilCarbon","HWSD","LPJ-EOSIM","Overall Score","MeanState","global","score","1","0.60286","75.0"
"EcosystemandCarbonCycle","SoilCarbon","HWSD","CLM-FATES","Benchmark Period Mean (intersection)","MeanState","global","scalar","Pg","741.993","75.0"
"EcosystemandCarbonCycle","SoilCarbon","HWSD","CLM-FATES","Benchmark Period Mean (complement)","MeanState","global","scalar","Pg","8.97835","75.0"
"EcosystemandCarbonCycle","SoilCarbon","HWSD","CLM-FATES","Period Mean (original grids)","MeanState","global","scalar","Pg","634.547","75.0"
"EcosystemandCarbonCycle","SoilCarbon","HWSD","CLM-FATES","Model Period Mean (intersection)","MeanState","global","scalar","Pg","616.673","75.0"
"EcosystemandCarbonCycle","SoilCarbon","HWSD","CLM-FATES","Model Period Mean (complement)","MeanState","global","scalar","Pg","15.8083","75.0"
"EcosystemandCarbonCycle","SoilCarbon","HWSD","CLM-FATES","Spatial Distribution Score","MeanState","global","score","1","0.76575","75.0"
"EcosystemandCarbonCycle","SoilCarbon","HWSD","CLM-FATES","Bias","MeanState","global","scalar","kg m-2","-1.84327","75.0"
"EcosystemandCarbonCycle","SoilCarbon","HWSD","CLM-FATES","Bias Score","MeanState","global","score","1","0.594373","75.0"
"EcosystemandCarbonCycle","SoilCarbon","HWSD","CLM-FATES","Overall Score","MeanState","global","score","1","0.680061","75.0"
"EcosystemandCarbonCycle","SoilCarbon","HWSD","LPX-Bern","Benchmark Period Mean (intersection)","MeanState","global","scalar","Pg","703.898","75.0"
"EcosystemandCarbonCycle","SoilCarbon","HWSD","LPX-Bern","Benchmark Period Mean (complement)","MeanState","global","scalar","Pg","49.9453","75.0"
"EcosystemandCarbonCycle","SoilCarbon","HWSD","LPX-Bern","Period Mean (original grids)","MeanState","global","scalar","Pg","888.655","75.0"
"EcosystemandCarbonCycle","SoilCarbon","HWSD","LPX-Bern","Model Period Mean (intersection)","MeanState","global","scalar","Pg","888.29","75.0"
"EcosystemandCarbonCycle","SoilCarbon","HWSD","LPX-Bern","Model Period Mean (complement)","MeanState","global","scalar","Pg","0.365226","75.0"
"EcosystemandCarbonCycle","SoilCarbon","HWSD","LPX-Bern","Spatial Distribution Score","MeanState","global","score","1","0.825908","75.0"
"EcosystemandCarbonCycle","SoilCarbon","HWSD","LPX-Bern","Bias","MeanState","global","scalar","kg m-2","2.84036","75.0"
"EcosystemandCarbonCycle","SoilCarbon","HWSD","LPX-Bern","Bias Score","MeanState","global","score","1","0.590306","75.0"
"EcosystemandCarbonCycle","SoilCarbon","HWSD","LPX-Bern","Overall Score","MeanState","global","score","1","0.708107","75.0"
"EcosystemandCarbonCycle","NetEcosystemExchange","FLUXNET2015","LPX-Bern","Period Mean (original grids)","MeanState","global","scalar","g m-2 d-1","-0.0359568","24.0"
"EcosystemandCarbonCycle","NetEcosystemExchange","FLUXNET2015","LPX-Bern","Bias","MeanState","global","scalar","g m-2 d-1","0.642362","24.0"
"EcosystemandCarbonCycle","NetEcosystemExchange","FLUXNET2015","LPX-Bern","Bias Score","MeanState","global","score","1","0.423354","24.0"
"EcosystemandCarbonCycle","NetEcosystemExchange","FLUXNET2015","LPX-Bern","Phase Shift","MeanState","global","scalar","months","1.99509","24.0"
"EcosystemandCarbonCycle","NetEcosystemExchange","FLUXNET2015","LPX-Bern","Seasonal Cycle Score","MeanState","global","score","1","0.740835","24.0"
"EcosystemandCarbonCycle","NetEcosystemExchange","FLUXNET2015","LPX-Bern","RMSE","MeanState","global","scalar","g m-2 d-1","1.90522","24.0"
"EcosystemandCarbonCycle","NetEcosystemExchange","FLUXNET2015","LPX-Bern","RMSE Score","MeanState","global","score","1","0.384917","24.0"
"EcosystemandCarbonCycle","NetEcosystemExchange","FLUXNET2015","LPX-Bern","Overall Score","MeanState","global","score","1","0.483506","24.0"
"EcosystemandCarbonCycle","NetEcosystemExchange","FLUXNET2015","DLEM","Period Mean (original grids)","MeanState","global","scalar","g m-2 d-1","-0.0729323","24.0"
"EcosystemandCarbonCycle","NetEcosystemExchange","FLUXNET2015","DLEM","Bias","MeanState","global","scalar","g m-2 d-1","0.59588","24.0"
"EcosystemandCarbonCycle","NetEcosystemExchange","FLUXNET2015","DLEM","Bias Score","MeanState","global","score","1","0.434442","24.0"
"EcosystemandCarbonCycle","NetEcosystemExchange","FLUXNET2015","DLEM","Phase Shift","MeanState","global","scalar","months","2.2961","24.0"
"EcosystemandCarbonCycle","NetEcosystemExchange","FLUXNET2015","DLEM","Seasonal Cycle Score","MeanState","global","score","1","0.725359","24.0"
"EcosystemandCarbonCycle","NetEcosystemExchange","FLUXNET2015","DLEM","RMSE","MeanState","global","scalar","g m-2 d-1","2.113","24.0"
"EcosystemandCarbonCycle","NetEcosystemExchange","FLUXNET2015","DLEM","RMSE Score","MeanState","global","score","1","0.324655","24.0"
"EcosystemandCarbonCycle","NetEcosystemExchange","FLUXNET2015","DLEM","Overall Score","MeanState","global","score","1","0.452278","24.0"
"EcosystemandCarbonCycle","NetEcosystemExchange","FLUXNET2015","JULES-FireP0005","Period Mean (original grids)","MeanState","global","scalar","g m-2 d-1","-0.0599044","24.0"
"EcosystemandCarbonCycle","NetEcosystemExchange","FLUXNET2015","JULES-FireP0005","Bias","MeanState","global","scalar","g m-2 d-1","0.608908","24.0"
"EcosystemandCarbonCycle","NetEcosystemExchange","FLUXNET2015","JULES-FireP0005","Bias Score","MeanState","global","score","1","0.429237","24.0"
"EcosystemandCarbonCycle","NetEcosystemExchange","FLUXNET2015","JULES-FireP0005","Phase Shift","MeanState","global","scalar","months","1.96382","24.0"
"EcosystemandCarbonCycle","NetEcosystemExchange","FLUXNET2015","JULES-FireP0005","Seasonal Cycle Score","MeanState","global","score","1","0.636882","24.0"
"EcosystemandCarbonCycle","NetEcosystemExchange","FLUXNET2015","JULES-FireP0005","RMSE","MeanState","global","scalar","g m-2 d-1","1.74694","24.0"
"EcosystemandCarbonCycle","NetEcosystemExchange","FLUXNET2015","JULES-FireP0005","RMSE Score","MeanState","global","score","1","0.390416","24.0"
"EcosystemandCarbonCycle","NetEcosystemExchange","FLUXNET2015","JULES-FireP0005","Overall Score","MeanState","global","score","1","0.461738","24.0"
"EcosystemandCarbonCycle","NetEcosystemExchange","FLUXNET2015","JSBACH","Period Mean (original grids)","MeanState","global","scalar","g m-2 d-1","-0.0678838","24.0"
"EcosystemandCarbonCycle","NetEcosystemExchange","FLUXNET2015","JSBACH","Bias","MeanState","global","scalar","g m-2 d-1","0.597715","24.0"
"EcosystemandCarbonCycle","NetEcosystemExchange","FLUXNET2015","JSBACH","Bias Score","MeanState","global","score","1","0.433595","24.0"
"EcosystemandCarbonCycle","NetEcosystemExchange","FLUXNET2015","JSBACH","Phase Shift","MeanState","global","scalar","months","1.90615","24.0"
"EcosystemandCarbonCycle","NetEcosystemExchange","FLUXNET2015","JSBACH","Seasonal Cycle Score","MeanState","global","score","1","0.638803","24.0"
"EcosystemandCarbonCycle","NetEcosystemExchange","FLUXNET2015","JSBACH","RMSE","MeanState","global","scalar","g m-2 d-1","1.77706","24.0"
"EcosystemandCarbonCycle","NetEcosystemExchange","FLUXNET2015","JSBACH","RMSE Score","MeanState","global","score","1","0.395965","24.0"
"EcosystemandCarbonCycle","NetEcosystemExchange","FLUXNET2015","JSBACH","Overall Score","MeanState","global","score","1","0.466082","24.0"
"EcosystemandCarbonCycle","NetEcosystemExchange","FLUXNET2015","JULES-FireP0336","Period Mean (original grids)","MeanState","global","scalar","g m-2 d-1","-0.0529618","24.0"
"EcosystemandCarbonCycle","NetEcosystemExchange","FLUXNET2015","JULES-FireP0336","Bias","MeanState","global","scalar","g m-2 d-1","0.615851","24.0"
"EcosystemandCarbonCycle","NetEcosystemExchange","FLUXNET2015","JULES-FireP0336","Bias Score","MeanState","global","score","1","0.42729","24.0"
"EcosystemandCarbonCycle","NetEcosystemExchange","FLUXNET2015","JULES-FireP0336","Phase Shift","MeanState","global","scalar","months","1.9439","24.0"
"EcosystemandCarbonCycle","NetEcosystemExchange","FLUXNET2015","JULES-FireP0336","Seasonal Cycle Score","MeanState","global","score","1","0.656628","24.0"
"EcosystemandCarbonCycle","NetEcosystemExchange","FLUXNET2015","JULES-FireP0336","RMSE","MeanState","global","scalar","g m-2 d-1","1.77091","24.0"
"EcosystemandCarbonCycle","NetEcosystemExchange","FLUXNET2015","JULES-FireP0336","RMSE Score","MeanState","global","score","1","0.382839","24.0"
"EcosystemandCarbonCycle","NetEcosystemExchange","FLUXNET2015","JULES-FireP0336","Overall Score","MeanState","global","score","1","0.462399","24.0"
"EcosystemandCarbonCycle","NetEcosystemExchange","FLUXNET2015","JULES-noFire","Period Mean (original grids)","MeanState","global","scalar","g m-2 d-1","-0.0608359","24.0"
"EcosystemandCarbonCycle","NetEcosystemExchange","FLUXNET2015","JULES-noFire","Bias","MeanState","global","scalar","g m-2 d-1","0.607977","24.0"
"EcosystemandCarbonCycle","NetEcosystemExchange","FLUXNET2015","JULES-noFire","Bias Score","MeanState","global","score","1","0.43063","24.0"
"EcosystemandCarbonCycle","NetEcosystemExchange","FLUXNET2015","JULES-noFire","Phase Shift","MeanState","global","scalar","months","1.89911","24.0"
"EcosystemandCarbonCycle","NetEcosystemExchange","FLUXNET2015","JULES-noFire","Seasonal Cycle Score","MeanState","global","score","1","0.648163","24.0"
"EcosystemandCarbonCycle","NetEcosystemExchange","FLUXNET2015","JULES-noFire","RMSE","MeanState","global","scalar","g m-2 d-1","1.7525","24.0"
"EcosystemandCarbonCycle","NetEcosystemExchange","FLUXNET2015","JULES-noFire","RMSE Score","MeanState","global","score","1","0.391035","24.0"
"EcosystemandCarbonCycle","NetEcosystemExchange","FLUXNET2015","JULES-noFire","Overall Score","MeanState","global","score","1","0.465216","24.0"
"EcosystemandCarbonCycle","NetEcosystemExchange","FLUXNET2015","TEM","Period Mean (original grids)","MeanState","global","scalar","g m-2 d-1","-0.0375947","24.0"
"EcosystemandCarbonCycle","NetEcosystemExchange","FLUXNET2015","TEM","Bias","MeanState","global","scalar","g m-2 d-1","0.65037","24.0"
"EcosystemandCarbonCycle","NetEcosystemExchange","FLUXNET2015","TEM","Bias Score","MeanState","global","score","1","0.418897","24.0"
"EcosystemandCarbonCycle","NetEcosystemExchange","FLUXNET2015","TEM","Phase Shift","MeanState","global","scalar","months","2.80352","24.0"
"EcosystemandCarbonCycle","NetEcosystemExchange","FLUXNET2015","TEM","Seasonal Cycle Score","MeanState","global","score","1","0.583458","24.0"
"EcosystemandCarbonCycle","NetEcosystemExchange","FLUXNET2015","TEM","RMSE","MeanState","global","scalar","g m-2 d-1","1.92121","24.0"
"EcosystemandCarbonCycle","NetEcosystemExchange","FLUXNET2015","TEM","RMSE Score","MeanState","global","score","1","0.392833","24.0"
"EcosystemandCarbonCycle","NetEcosystemExchange","FLUXNET2015","TEM","Overall Score","MeanState","global","score","1","0.447005","24.0"
"EcosystemandCarbonCycle","NetEcosystemExchange","FLUXNET2015","JULES-FireP0249","Period Mean (original grids)","MeanState","global","scalar","g m-2 d-1","-0.0573071","24.0"
"EcosystemandCarbonCycle","NetEcosystemExchange","FLUXNET2015","JULES-FireP0249","Bias","MeanState","global","scalar","g m-2 d-1","0.611505","24.0"
"EcosystemandCarbonCycle","NetEcosystemExchange","FLUXNET2015","JULES-FireP0249","Bias Score","MeanState","global","score","1","0.428133","24.0"
"EcosystemandCarbonCycle","NetEcosystemExchange","FLUXNET2015","JULES-FireP0249","Phase Shift","MeanState","global","scalar","months","1.9535","24.0"
"EcosystemandCarbonCycle","NetEcosystemExchange","FLUXNET2015","JULES-FireP0249","Seasonal Cycle Score","MeanState","global","score","1","0.641979","24.0"
"EcosystemandCarbonCycle","NetEcosystemExchange","FLUXNET2015","JULES-FireP0249","RMSE","MeanState","global","scalar","g m-2 d-1","1.75631","24.0"
"EcosystemandCarbonCycle","NetEcosystemExchange","FLUXNET2015","JULES-FireP0249","RMSE Score","MeanState","global","score","1","0.389081","24.0"
"EcosystemandCarbonCycle","NetEcosystemExchange","FLUXNET2015","JULES-FireP0249","Overall Score","MeanState","global","score","1","0.462069","24.0"
"EcosystemandCarbonCycle","NetEcosystemExchange","FLUXNET2015","JULES-FireP0304","Period Mean (original grids)","MeanState","global","scalar","g m-2 d-1","-0.0616335","24.0"
"EcosystemandCarbonCycle","NetEcosystemExchange","FLUXNET2015","JULES-FireP0304","Bias","MeanState","global","scalar","g m-2 d-1","0.607179","24.0"
"EcosystemandCarbonCycle","NetEcosystemExchange","FLUXNET2015","JULES-FireP0304","Bias Score","MeanState","global","score","1","0.429932","24.0"
"EcosystemandCarbonCycle","NetEcosystemExchange","FLUXNET2015","JULES-FireP0304","Phase Shift","MeanState","global","scalar","months","1.89967","24.0"
"EcosystemandCarbonCycle","NetEcosystemExchange","FLUXNET2015","JULES-FireP0304","Seasonal Cycle Score","MeanState","global","score","1","0.659141","24.0"
"EcosystemandCarbonCycle","NetEcosystemExchange","FLUXNET2015","JULES-FireP0304","RMSE","MeanState","global","scalar","g m-2 d-1","1.74898","24.0"
"EcosystemandCarbonCycle","NetEcosystemExchange","FLUXNET2015","JULES-FireP0304","RMSE Score","MeanState","global","score","1","0.389318","24.0"
"EcosystemandCarbonCycle","NetEcosystemExchange","FLUXNET2015","JULES-FireP0304","Overall Score","MeanState","global","score","1","0.466927","24.0"
"EcosystemandCarbonCycle","NetEcosystemExchange","FLUXNET2015","CLM","Period Mean (original grids)","MeanState","global","scalar","g m-2 d-1","-0.0337845","24.0"
"EcosystemandCarbonCycle","NetEcosystemExchange","FLUXNET2015","CLM","Bias","MeanState","global","scalar","g m-2 d-1","0.635028","24.0"
"EcosystemandCarbonCycle","NetEcosystemExchange","FLUXNET2015","CLM","Bias Score","MeanState","global","score","1","0.419133","24.0"
"EcosystemandCarbonCycle","NetEcosystemExchange","FLUXNET2015","CLM","Phase Shift","MeanState","global","scalar","months","1.98114","24.0"
"EcosystemandCarbonCycle","NetEcosystemExchange","FLUXNET2015","CLM","Seasonal Cycle Score","MeanState","global","score","1","0.744179","24.0"
"EcosystemandCarbonCycle","NetEcosystemExchange","FLUXNET2015","CLM","RMSE","MeanState","global","scalar","g m-2 d-1","1.7171","24.0"
"EcosystemandCarbonCycle","NetEcosystemExchange","FLUXNET2015","CLM","RMSE Score","MeanState","global","score","1","0.416378","24.0"
"EcosystemandCarbonCycle","NetEcosystemExchange","FLUXNET2015","CLM","Overall Score","MeanState","global","score","1","0.499017","24.0"
"EcosystemandCarbonCycle","NetEcosystemExchange","FLUXNET2015","CLM-FATES","Period Mean (original grids)","MeanState","global","scalar","g m-2 d-1","-0.0560785","24.0"
"EcosystemandCarbonCycle","NetEcosystemExchange","FLUXNET2015","CLM-FATES","Bias","MeanState","global","scalar","g m-2 d-1","0.607021","24.0"
"EcosystemandCarbonCycle","NetEcosystemExchange","FLUXNET2015","CLM-FATES","Bias Score","MeanState","global","score","1","0.434217","24.0"
"EcosystemandCarbonCycle","NetEcosystemExchange","FLUXNET2015","CLM-FATES","Phase Shift","MeanState","global","scalar","months","1.95784","24.0"
"EcosystemandCarbonCycle","NetEcosystemExchange","FLUXNET2015","CLM-FATES","Seasonal Cycle Score","MeanState","global","score","1","0.772797","24.0"
"EcosystemandCarbonCycle","NetEcosystemExchange","FLUXNET2015","CLM-FATES","RMSE","MeanState","global","scalar","g m-2 d-1","1.72882","24.0"
"EcosystemandCarbonCycle","NetEcosystemExchange","FLUXNET2015","CLM-FATES","RMSE Score","MeanState","global","score","1","0.413119","24.0"
"EcosystemandCarbonCycle","NetEcosystemExchange","FLUXNET2015","CLM-FATES","Overall Score","MeanState","global","score","1","0.508313","24.0"
"EcosystemandCarbonCycle","NetEcosystemExchange","FLUXNET2015","LPJ-EOSIM","Period Mean (original grids)","MeanState","global","scalar","g m-2 d-1","-0.0678724","24.0"
"EcosystemandCarbonCycle","NetEcosystemExchange","FLUXNET2015","LPJ-EOSIM","Bias","MeanState","global","scalar","g m-2 d-1","0.600775","24.0"
"EcosystemandCarbonCycle","NetEcosystemExchange","FLUXNET2015","LPJ-EOSIM","Bias Score","MeanState","global","score","1","0.428659","24.0"
"EcosystemandCarbonCycle","NetEcosystemExchange","FLUXNET2015","LPJ-EOSIM","Phase Shift","MeanState","global","scalar","months","1.98498","24.0"
"EcosystemandCarbonCycle","NetEcosystemExchange","FLUXNET2015","LPJ-EOSIM","Seasonal Cycle Score","MeanState","global","score","1","0.642081","24.0"
"EcosystemandCarbonCycle","NetEcosystemExchange","FLUXNET2015","LPJ-EOSIM","RMSE","MeanState","global","scalar","g m-2 d-1","1.90491","24.0"
"EcosystemandCarbonCycle","NetEcosystemExchange","FLUXNET2015","LPJ-EOSIM","RMSE Score","MeanState","global","score","1","0.339641","24.0"
"EcosystemandCarbonCycle","NetEcosystemExchange","FLUXNET2015","LPJ-EOSIM","Overall Score","MeanState","global","score","1","0.437506","24.0"
"EcosystemandCarbonCycle","NetEcosystemExchange","FLUXNET2015","LPJ-EOSIM-fixspitfire","Period Mean (original grids)","MeanState","global","scalar","g m-2 d-1","-0.0716889","24.0"
"EcosystemandCarbonCycle","NetEcosystemExchange","FLUXNET2015","LPJ-EOSIM-fixspitfire","Bias","MeanState","global","scalar","g m-2 d-1","0.596959","24.0"
"EcosystemandCarbonCycle","NetEcosystemExchange","FLUXNET2015","LPJ-EOSIM-fixspitfire","Bias Score","MeanState","global","score","1","0.431278","24.0"
"EcosystemandCarbonCycle","NetEcosystemExchange","FLUXNET2015","LPJ-EOSIM-fixspitfire","Phase Shift","MeanState","global","scalar","months","1.99002","24.0"
"EcosystemandCarbonCycle","NetEcosystemExchange","FLUXNET2015","LPJ-EOSIM-fixspitfire","Seasonal Cycle Score","MeanState","global","score","1","0.641224","24.0"
"EcosystemandCarbonCycle","NetEcosystemExchange","FLUXNET2015","LPJ-EOSIM-fixspitfire","RMSE","MeanState","global","scalar","g m-2 d-1","1.89996","24.0"
"EcosystemandCarbonCycle","NetEcosystemExchange","FLUXNET2015","LPJ-EOSIM-fixspitfire","RMSE Score","MeanState","global","score","1","0.340795","24.0"
"EcosystemandCarbonCycle","NetEcosystemExchange","FLUXNET2015","LPJ-EOSIM-fixspitfire","Overall Score","MeanState","global","score","1","0.438523","24.0"
"EcosystemandCarbonCycle","EcosystemRespiration","FLUXNET2015","JULES-FireP0336","Period Mean (original grids)","MeanState","global","scalar","g m-2 d-1","3.12734","24.0"
"EcosystemandCarbonCycle","EcosystemRespiration","FLUXNET2015","JULES-FireP0336","Bias","MeanState","global","scalar","g m-2 d-1","0.426782","24.0"
"EcosystemandCarbonCycle","EcosystemRespiration","FLUXNET2015","JULES-FireP0336","Bias Score","MeanState","global","score","1","0.510258","24.0"
"EcosystemandCarbonCycle","EcosystemRespiration","FLUXNET2015","JULES-FireP0336","Phase Shift","MeanState","global","scalar","months","1.00585","24.0"
"EcosystemandCarbonCycle","EcosystemRespiration","FLUXNET2015","JULES-FireP0336","Seasonal Cycle Score","MeanState","global","score","1","0.850313","24.0"
"EcosystemandCarbonCycle","EcosystemRespiration","FLUXNET2015","JULES-FireP0336","RMSE","MeanState","global","scalar","g m-2 d-1","1.93169","24.0"
"EcosystemandCarbonCycle","EcosystemRespiration","FLUXNET2015","JULES-FireP0336","RMSE Score","MeanState","global","score","1","0.454868","24.0"
"EcosystemandCarbonCycle","EcosystemRespiration","FLUXNET2015","JULES-FireP0336","Overall Score","MeanState","global","score","1","0.567577","24.0"
"EcosystemandCarbonCycle","EcosystemRespiration","FLUXNET2015","LPJ-EOSIM","Period Mean (original grids)","MeanState","global","scalar","g m-2 d-1","2.66931","24.0"
"EcosystemandCarbonCycle","EcosystemRespiration","FLUXNET2015","LPJ-EOSIM","Bias","MeanState","global","scalar","g m-2 d-1","-0.0247019","24.0"
"EcosystemandCarbonCycle","EcosystemRespiration","FLUXNET2015","LPJ-EOSIM","Bias Score","MeanState","global","score","1","0.581245","24.0"
"EcosystemandCarbonCycle","EcosystemRespiration","FLUXNET2015","LPJ-EOSIM","Phase Shift","MeanState","global","scalar","months","1.00215","24.0"
"EcosystemandCarbonCycle","EcosystemRespiration","FLUXNET2015","LPJ-EOSIM","Seasonal Cycle Score","MeanState","global","score","1","0.858381","24.0"
"EcosystemandCarbonCycle","EcosystemRespiration","FLUXNET2015","LPJ-EOSIM","RMSE","MeanState","global","scalar","g m-2 d-1","1.59482","24.0"
"EcosystemandCarbonCycle","EcosystemRespiration","FLUXNET2015","LPJ-EOSIM","RMSE Score","MeanState","global","score","1","0.471628","24.0"
"EcosystemandCarbonCycle","EcosystemRespiration","FLUXNET2015","LPJ-EOSIM","Overall Score","MeanState","global","score","1","0.59572","24.0"
"EcosystemandCarbonCycle","EcosystemRespiration","FLUXNET2015","CLM-FATES","Period Mean (original grids)","MeanState","global","scalar","g m-2 d-1","2.47414","24.0"
"EcosystemandCarbonCycle","EcosystemRespiration","FLUXNET2015","CLM-FATES","Bias","MeanState","global","scalar","g m-2 d-1","-0.219255","24.0"
"EcosystemandCarbonCycle","EcosystemRespiration","FLUXNET2015","CLM-FATES","Bias Score","MeanState","global","score","1","0.542338","24.0"
"EcosystemandCarbonCycle","EcosystemRespiration","FLUXNET2015","CLM-FATES","Phase Shift","MeanState","global","scalar","months","0.913399","24.0"
"EcosystemandCarbonCycle","EcosystemRespiration","FLUXNET2015","CLM-FATES","Seasonal Cycle Score","MeanState","global","score","1","0.896824","24.0"
"EcosystemandCarbonCycle","EcosystemRespiration","FLUXNET2015","CLM-FATES","RMSE","MeanState","global","scalar","g m-2 d-1","1.69457","24.0"
"EcosystemandCarbonCycle","EcosystemRespiration","FLUXNET2015","CLM-FATES","RMSE Score","MeanState","global","score","1","0.458323","24.0"
"EcosystemandCarbonCycle","EcosystemRespiration","FLUXNET2015","CLM-FATES","Overall Score","MeanState","global","score","1","0.588952","24.0"
"EcosystemandCarbonCycle","EcosystemRespiration","FLUXNET2015","LPX-Bern","Period Mean (original grids)","MeanState","global","scalar","g m-2 d-1","3.05581","24.0"
"EcosystemandCarbonCycle","EcosystemRespiration","FLUXNET2015","LPX-Bern","Bias","MeanState","global","scalar","g m-2 d-1","0.447369","24.0"
"EcosystemandCarbonCycle","EcosystemRespiration","FLUXNET2015","LPX-Bern","Bias Score","MeanState","global","score","1","0.510279","24.0"
"EcosystemandCarbonCycle","EcosystemRespiration","FLUXNET2015","LPX-Bern","Phase Shift","MeanState","global","scalar","months","1.22228","24.0"
"EcosystemandCarbonCycle","EcosystemRespiration","FLUXNET2015","LPX-Bern","Seasonal Cycle Score","MeanState","global","score","1","0.837501","24.0"
"EcosystemandCarbonCycle","EcosystemRespiration","FLUXNET2015","LPX-Bern","RMSE","MeanState","global","scalar","g m-2 d-1","2.11868","24.0"
"EcosystemandCarbonCycle","EcosystemRespiration","FLUXNET2015","LPX-Bern","RMSE Score","MeanState","global","score","1","0.392866","24.0"
"EcosystemandCarbonCycle","EcosystemRespiration","FLUXNET2015","LPX-Bern","Overall Score","MeanState","global","score","1","0.533378","24.0"
"EcosystemandCarbonCycle","EcosystemRespiration","FLUXNET2015","TEM","Period Mean (original grids)","MeanState","global","scalar","g m-2 d-1","2.83835","24.0"
"EcosystemandCarbonCycle","EcosystemRespiration","FLUXNET2015","TEM","Bias","MeanState","global","scalar","g m-2 d-1","0.262731","24.0"
"EcosystemandCarbonCycle","EcosystemRespiration","FLUXNET2015","TEM","Bias Score","MeanState","global","score","1","0.587067","24.0"
"EcosystemandCarbonCycle","EcosystemRespiration","FLUXNET2015","TEM","Phase Shift","MeanState","global","scalar","months","0.776031","24.0"
"EcosystemandCarbonCycle","EcosystemRespiration","FLUXNET2015","TEM","Seasonal Cycle Score","MeanState","global","score","1","0.907333","24.0"
"EcosystemandCarbonCycle","EcosystemRespiration","FLUXNET2015","TEM","RMSE","MeanState","global","scalar","g m-2 d-1","1.65498","24.0"
"EcosystemandCarbonCycle","EcosystemRespiration","FLUXNET2015","TEM","RMSE Score","MeanState","global","score","1","0.480621","24.0"
"EcosystemandCarbonCycle","EcosystemRespiration","FLUXNET2015","TEM","Overall Score","MeanState","global","score","1","0.613911","24.0"
"EcosystemandCarbonCycle","EcosystemRespiration","FLUXNET2015","LPJ-EOSIM-fixspitfire","Period Mean (original grids)","MeanState","global","scalar","g m-2 d-1","2.65414","24.0"
"EcosystemandCarbonCycle","EcosystemRespiration","FLUXNET2015","LPJ-EOSIM-fixspitfire","Bias","MeanState","global","scalar","g m-2 d-1","-0.0398668","24.0"
"EcosystemandCarbonCycle","EcosystemRespiration","FLUXNET2015","LPJ-EOSIM-fixspitfire","Bias Score","MeanState","global","score","1","0.583863","24.0"
"EcosystemandCarbonCycle","EcosystemRespiration","FLUXNET2015","LPJ-EOSIM-fixspitfire","Phase Shift","MeanState","global","scalar","months","0.997525","24.0"
"EcosystemandCarbonCycle","EcosystemRespiration","FLUXNET2015","LPJ-EOSIM-fixspitfire","Seasonal Cycle Score","MeanState","global","score","1","0.859455","24.0"
"EcosystemandCarbonCycle","EcosystemRespiration","FLUXNET2015","LPJ-EOSIM-fixspitfire","RMSE","MeanState","global","scalar","g m-2 d-1","1.58612","24.0"
"EcosystemandCarbonCycle","EcosystemRespiration","FLUXNET2015","LPJ-EOSIM-fixspitfire","RMSE Score","MeanState","global","score","1","0.471959","24.0"
"EcosystemandCarbonCycle","EcosystemRespiration","FLUXNET2015","LPJ-EOSIM-fixspitfire","Overall Score","MeanState","global","score","1","0.596809","24.0"
"EcosystemandCarbonCycle","EcosystemRespiration","FLUXNET2015","JULES-FireP0005","Period Mean (original grids)","MeanState","global","scalar","g m-2 d-1","2.85368","24.0"
"EcosystemandCarbonCycle","EcosystemRespiration","FLUXNET2015","JULES-FireP0005","Bias","MeanState","global","scalar","g m-2 d-1","0.153123","24.0"
"EcosystemandCarbonCycle","EcosystemRespiration","FLUXNET2015","JULES-FireP0005","Bias Score","MeanState","global","score","1","0.535754","24.0"
"EcosystemandCarbonCycle","EcosystemRespiration","FLUXNET2015","JULES-FireP0005","Phase Shift","MeanState","global","scalar","months","1.01585","24.0"
"EcosystemandCarbonCycle","EcosystemRespiration","FLUXNET2015","JULES-FireP0005","Seasonal Cycle Score","MeanState","global","score","1","0.852092","24.0"
"EcosystemandCarbonCycle","EcosystemRespiration","FLUXNET2015","JULES-FireP0005","RMSE","MeanState","global","scalar","g m-2 d-1","1.82072","24.0"
"EcosystemandCarbonCycle","EcosystemRespiration","FLUXNET2015","JULES-FireP0005","RMSE Score","MeanState","global","score","1","0.460534","24.0"
"EcosystemandCarbonCycle","EcosystemRespiration","FLUXNET2015","JULES-FireP0005","Overall Score","MeanState","global","score","1","0.577229","24.0"
"EcosystemandCarbonCycle","EcosystemRespiration","FLUXNET2015","JSBACH","Period Mean (original grids)","MeanState","global","scalar","g m-2 d-1","2.45318","24.0"
"EcosystemandCarbonCycle","EcosystemRespiration","FLUXNET2015","JSBACH","Bias","MeanState","global","scalar","g m-2 d-1","-0.089094","24.0"
"EcosystemandCarbonCycle","EcosystemRespiration","FLUXNET2015","JSBACH","Bias Score","MeanState","global","score","1","0.621496","24.0"
"EcosystemandCarbonCycle","EcosystemRespiration","FLUXNET2015","JSBACH","Phase Shift","MeanState","global","scalar","months","0.835561","24.0"
"EcosystemandCarbonCycle","EcosystemRespiration","FLUXNET2015","JSBACH","Seasonal Cycle Score","MeanState","global","score","1","0.9109","24.0"
"EcosystemandCarbonCycle","EcosystemRespiration","FLUXNET2015","JSBACH","RMSE","MeanState","global","scalar","g m-2 d-1","1.58723","24.0"
"EcosystemandCarbonCycle","EcosystemRespiration","FLUXNET2015","JSBACH","RMSE Score","MeanState","global","score","1","0.45882","24.0"
"EcosystemandCarbonCycle","EcosystemRespiration","FLUXNET2015","JSBACH","Overall Score","MeanState","global","score","1","0.612509","24.0"
"EcosystemandCarbonCycle","EcosystemRespiration","FLUXNET2015","CLM","Period Mean (original grids)","MeanState","global","scalar","g m-2 d-1","2.57162","24.0"
"EcosystemandCarbonCycle","EcosystemRespiration","FLUXNET2015","CLM","Bias","MeanState","global","scalar","g m-2 d-1","-0.128933","24.0"
"EcosystemandCarbonCycle","EcosystemRespiration","FLUXNET2015","CLM","Bias Score","MeanState","global","score","1","0.527321","24.0"
"EcosystemandCarbonCycle","EcosystemRespiration","FLUXNET2015","CLM","Phase Shift","MeanState","global","scalar","months","0.878862","24.0"
"EcosystemandCarbonCycle","EcosystemRespiration","FLUXNET2015","CLM","Seasonal Cycle Score","MeanState","global","score","1","0.857833","24.0"
"EcosystemandCarbonCycle","EcosystemRespiration","FLUXNET2015","CLM","RMSE","MeanState","global","scalar","g m-2 d-1","1.727","24.0"
"EcosystemandCarbonCycle","EcosystemRespiration","FLUXNET2015","CLM","RMSE Score","MeanState","global","score","1","0.471157","24.0"
"EcosystemandCarbonCycle","EcosystemRespiration","FLUXNET2015","CLM","Overall Score","MeanState","global","score","1","0.581867","24.0"
"EcosystemandCarbonCycle","EcosystemRespiration","FLUXNET2015","JULES-FireP0249","Period Mean (original grids)","MeanState","global","scalar","g m-2 d-1","2.83682","24.0"
"EcosystemandCarbonCycle","EcosystemRespiration","FLUXNET2015","JULES-FireP0249","Bias","MeanState","global","scalar","g m-2 d-1","0.136265","24.0"
"EcosystemandCarbonCycle","EcosystemRespiration","FLUXNET2015","JULES-FireP0249","Bias Score","MeanState","global","score","1","0.545456","24.0"
"EcosystemandCarbonCycle","EcosystemRespiration","FLUXNET2015","JULES-FireP0249","Phase Shift","MeanState","global","scalar","months","1.02585","24.0"
"EcosystemandCarbonCycle","EcosystemRespiration","FLUXNET2015","JULES-FireP0249","Seasonal Cycle Score","MeanState","global","score","1","0.850541","24.0"
"EcosystemandCarbonCycle","EcosystemRespiration","FLUXNET2015","JULES-FireP0249","RMSE","MeanState","global","scalar","g m-2 d-1","1.7937","24.0"
"EcosystemandCarbonCycle","EcosystemRespiration","FLUXNET2015","JULES-FireP0249","RMSE Score","MeanState","global","score","1","0.457861","24.0"
"EcosystemandCarbonCycle","EcosystemRespiration","FLUXNET2015","JULES-FireP0249","Overall Score","MeanState","global","score","1","0.57793","24.0"
"EcosystemandCarbonCycle","EcosystemRespiration","FLUXNET2015","DVM-DOS-TEM","Period Mean (original grids)","MeanState","global","scalar","g m-2 d-1","1.26922","24.0"
"EcosystemandCarbonCycle","EcosystemRespiration","FLUXNET2015","DVM-DOS-TEM","Bias","MeanState","global","scalar","g m-2 d-1","-0.324558","24.0"
"EcosystemandCarbonCycle","EcosystemRespiration","FLUXNET2015","DVM-DOS-TEM","Bias Score","MeanState","global","score","1","0.69665","24.0"
"EcosystemandCarbonCycle","EcosystemRespiration","FLUXNET2015","DVM-DOS-TEM","Phase Shift","MeanState","global","scalar","months","0.42037","24.0"
"EcosystemandCarbonCycle","EcosystemRespiration","FLUXNET2015","DVM-DOS-TEM","Seasonal Cycle Score","MeanState","global","score","1","0.969306","24.0"
"EcosystemandCarbonCycle","EcosystemRespiration","FLUXNET2015","DVM-DOS-TEM","RMSE","MeanState","global","scalar","g m-2 d-1","1.11157","24.0"
"EcosystemandCarbonCycle","EcosystemRespiration","FLUXNET2015","DVM-DOS-TEM","RMSE Score","MeanState","global","score","1","0.552045","24.0"
"EcosystemandCarbonCycle","EcosystemRespiration","FLUXNET2015","DVM-DOS-TEM","Overall Score","MeanState","global","score","1","0.692511","24.0"
"EcosystemandCarbonCycle","EcosystemRespiration","FLUXNET2015","JULES-FireP0304","Period Mean (original grids)","MeanState","global","scalar","g m-2 d-1","2.87027","24.0"
"EcosystemandCarbonCycle","EcosystemRespiration","FLUXNET2015","JULES-FireP0304","Bias","MeanState","global","scalar","g m-2 d-1","0.169716","24.0"
"EcosystemandCarbonCycle","EcosystemRespiration","FLUXNET2015","JULES-FireP0304","Bias Score","MeanState","global","score","1","0.531529","24.0"
"EcosystemandCarbonCycle","EcosystemRespiration","FLUXNET2015","JULES-FireP0304","Phase Shift","MeanState","global","scalar","months","0.986179","24.0"
"EcosystemandCarbonCycle","EcosystemRespiration","FLUXNET2015","JULES-FireP0304","Seasonal Cycle Score","MeanState","global","score","1","0.856964","24.0"
"EcosystemandCarbonCycle","EcosystemRespiration","FLUXNET2015","JULES-FireP0304","RMSE","MeanState","global","scalar","g m-2 d-1","1.81947","24.0"
"EcosystemandCarbonCycle","EcosystemRespiration","FLUXNET2015","JULES-FireP0304","RMSE Score","MeanState","global","score","1","0.462335","24.0"
"EcosystemandCarbonCycle","EcosystemRespiration","FLUXNET2015","JULES-FireP0304","Overall Score","MeanState","global","score","1","0.578291","24.0"
"EcosystemandCarbonCycle","EcosystemRespiration","FLUXNET2015","DLEM","Period Mean (original grids)","MeanState","global","scalar","g m-2 d-1","2.59783","24.0"
"EcosystemandCarbonCycle","EcosystemRespiration","FLUXNET2015","DLEM","Bias","MeanState","global","scalar","g m-2 d-1","-0.102726","24.0"
"EcosystemandCarbonCycle","EcosystemRespiration","FLUXNET2015","DLEM","Bias Score","MeanState","global","score","1","0.50216","24.0"
"EcosystemandCarbonCycle","EcosystemRespiration","FLUXNET2015","DLEM","Phase Shift","MeanState","global","scalar","months","0.983089","24.0"
"EcosystemandCarbonCycle","EcosystemRespiration","FLUXNET2015","DLEM","Seasonal Cycle Score","MeanState","global","score","1","0.873655","24.0"
"EcosystemandCarbonCycle","EcosystemRespiration","FLUXNET2015","DLEM","RMSE","MeanState","global","scalar","g m-2 d-1","1.87791","24.0"
"EcosystemandCarbonCycle","EcosystemRespiration","FLUXNET2015","DLEM","RMSE Score","MeanState","global","score","1","0.464995","24.0"
"EcosystemandCarbonCycle","EcosystemRespiration","FLUXNET2015","DLEM","Overall Score","MeanState","global","score","1","0.576451","24.0"
"EcosystemandCarbonCycle","EcosystemRespiration","FLUXNET2015","JULES-noFire","Period Mean (original grids)","MeanState","global","scalar","g m-2 d-1","3.27032","24.0"
"EcosystemandCarbonCycle","EcosystemRespiration","FLUXNET2015","JULES-noFire","Bias","MeanState","global","scalar","g m-2 d-1","0.569765","24.0"
"EcosystemandCarbonCycle","EcosystemRespiration","FLUXNET2015","JULES-noFire","Bias Score","MeanState","global","score","1","0.532041","24.0"
"EcosystemandCarbonCycle","EcosystemRespiration","FLUXNET2015","JULES-noFire","Phase Shift","MeanState","global","scalar","months","0.925447","24.0"
"EcosystemandCarbonCycle","EcosystemRespiration","FLUXNET2015","JULES-noFire","Seasonal Cycle Score","MeanState","global","score","1","0.860482","24.0"
"EcosystemandCarbonCycle","EcosystemRespiration","FLUXNET2015","JULES-noFire","RMSE","MeanState","global","scalar","g m-2 d-1","1.91732","24.0"
"EcosystemandCarbonCycle","EcosystemRespiration","FLUXNET2015","JULES-noFire","RMSE Score","MeanState","global","score","1","0.451599","24.0"
"EcosystemandCarbonCycle","EcosystemRespiration","FLUXNET2015","JULES-noFire","Overall Score","MeanState","global","score","1","0.57393","24.0"
"EcosystemandCarbonCycle","EcosystemRespiration","FLUXCOM","JULES-FireP0005","Benchmark Period Mean (intersection)","MeanState","global","scalar","Pg yr-1","28.0669","16.0"
"EcosystemandCarbonCycle","EcosystemRespiration","FLUXCOM","JULES-FireP0005","Benchmark Period Mean (complement)","MeanState","global","scalar","Pg yr-1","0.105006","16.0"
"EcosystemandCarbonCycle","EcosystemRespiration","FLUXCOM","JULES-FireP0005","Period Mean (original grids)","MeanState","global","scalar","Pg yr-1","41.2158","16.0"
"EcosystemandCarbonCycle","EcosystemRespiration","FLUXCOM","JULES-FireP0005","Model Period Mean (intersection)","MeanState","global","scalar","Pg yr-1","35.0447","16.0"
"EcosystemandCarbonCycle","EcosystemRespiration","FLUXCOM","JULES-FireP0005","Model Period Mean (complement)","MeanState","global","scalar","Pg yr-1","5.64144","16.0"
"EcosystemandCarbonCycle","EcosystemRespiration","FLUXCOM","JULES-FireP0005","Spatial Distribution Score","MeanState","global","score","1","0.641324","16.0"
"EcosystemandCarbonCycle","EcosystemRespiration","FLUXCOM","JULES-FireP0005","Phase Shift","MeanState","global","scalar","months","0.541501","16.0"
"EcosystemandCarbonCycle","EcosystemRespiration","FLUXCOM","JULES-FireP0005","Seasonal Cycle Score","MeanState","global","score","1","0.959352","16.0"
"EcosystemandCarbonCycle","EcosystemRespiration","FLUXCOM","JULES-FireP0005","Bias","MeanState","global","scalar","g m-2 d-1","0.31477","16.0"
"EcosystemandCarbonCycle","EcosystemRespiration","FLUXCOM","JULES-FireP0005","Bias Score","MeanState","global","score","1","0.526154","16.0"
"EcosystemandCarbonCycle","EcosystemRespiration","FLUXCOM","JULES-FireP0005","RMSE","MeanState","global","scalar","g m-2 d-1","0.895315","16.0"
"EcosystemandCarbonCycle","EcosystemRespiration","FLUXCOM","JULES-FireP0005","RMSE Score","MeanState","global","score","1","0.586946","16.0"
"EcosystemandCarbonCycle","EcosystemRespiration","FLUXCOM","JULES-FireP0005","Overall Score","MeanState","global","score","1","0.660144","16.0"
"EcosystemandCarbonCycle","EcosystemRespiration","FLUXCOM","LPX-Bern","Benchmark Period Mean (intersection)","MeanState","global","scalar","Pg yr-1","27.0414","16.0"
"EcosystemandCarbonCycle","EcosystemRespiration","FLUXCOM","LPX-Bern","Benchmark Period Mean (complement)","MeanState","global","scalar","Pg yr-1","0.805219","16.0"
"EcosystemandCarbonCycle","EcosystemRespiration","FLUXCOM","LPX-Bern","Period Mean (original grids)","MeanState","global","scalar","Pg yr-1","47.9218","16.0"
"EcosystemandCarbonCycle","EcosystemRespiration","FLUXCOM","LPX-Bern","Model Period Mean (intersection)","MeanState","global","scalar","Pg yr-1","46.9474","16.0"
"EcosystemandCarbonCycle","EcosystemRespiration","FLUXCOM","LPX-Bern","Model Period Mean (complement)","MeanState","global","scalar","Pg yr-1","0.974395","16.0"
"EcosystemandCarbonCycle","EcosystemRespiration","FLUXCOM","LPX-Bern","Spatial Distribution Score","MeanState","global","score","1","0.738412","16.0"
"EcosystemandCarbonCycle","EcosystemRespiration","FLUXCOM","LPX-Bern","Phase Shift","MeanState","global","scalar","months","0.879164","16.0"
"EcosystemandCarbonCycle","EcosystemRespiration","FLUXCOM","LPX-Bern","Seasonal Cycle Score","MeanState","global","score","1","0.915362","16.0"
"EcosystemandCarbonCycle","EcosystemRespiration","FLUXCOM","LPX-Bern","Bias","MeanState","global","scalar","g m-2 d-1","0.931189","16.0"
"EcosystemandCarbonCycle","EcosystemRespiration","FLUXCOM","LPX-Bern","Bias Score","MeanState","global","score","1","0.391837","16.0"
"EcosystemandCarbonCycle","EcosystemRespiration","FLUXCOM","LPX-Bern","RMSE","MeanState","global","scalar","g m-2 d-1","1.54665","16.0"
"EcosystemandCarbonCycle","EcosystemRespiration","FLUXCOM","LPX-Bern","RMSE Score","MeanState","global","score","1","0.443969","16.0"
"EcosystemandCarbonCycle","EcosystemRespiration","FLUXCOM","LPX-Bern","Overall Score","MeanState","global","score","1","0.58671","16.0"
"EcosystemandCarbonCycle","EcosystemRespiration","FLUXCOM","DVM-DOS-TEM","Benchmark Period Mean (intersection)","MeanState","global","scalar","Pg yr-1","7.58867","16.0"
"EcosystemandCarbonCycle","EcosystemRespiration","FLUXCOM","DVM-DOS-TEM","Benchmark Period Mean (complement)","MeanState","global","scalar","Pg yr-1","19.9298","16.0"
"EcosystemandCarbonCycle","EcosystemRespiration","FLUXCOM","DVM-DOS-TEM","Period Mean (original grids)","MeanState","global","scalar","Pg yr-1","11.5672","16.0"
"EcosystemandCarbonCycle","EcosystemRespiration","FLUXCOM","DVM-DOS-TEM","Model Period Mean (intersection)","MeanState","global","scalar","Pg yr-1","11.4854","16.0"
"EcosystemandCarbonCycle","EcosystemRespiration","FLUXCOM","DVM-DOS-TEM","Model Period Mean (complement)","MeanState","global","scalar","Pg yr-1","0.0818166","16.0"
"EcosystemandCarbonCycle","EcosystemRespiration","FLUXCOM","DVM-DOS-TEM","Spatial Distribution Score","MeanState","global","score","1","0.450917","16.0"
"EcosystemandCarbonCycle","EcosystemRespiration","FLUXCOM","DVM-DOS-TEM","Phase Shift","MeanState","global","scalar","months","0.671588","16.0"
"EcosystemandCarbonCycle","EcosystemRespiration","FLUXCOM","DVM-DOS-TEM","Seasonal Cycle Score","MeanState","global","score","1","0.932851","16.0"
"EcosystemandCarbonCycle","EcosystemRespiration","FLUXCOM","DVM-DOS-TEM","Bias","MeanState","global","scalar","g m-2 d-1","0.518555","16.0"
"EcosystemandCarbonCycle","EcosystemRespiration","FLUXCOM","DVM-DOS-TEM","Bias Score","MeanState","global","score","1","0.561011","16.0"
"EcosystemandCarbonCycle","EcosystemRespiration","FLUXCOM","DVM-DOS-TEM","RMSE","MeanState","global","scalar","g m-2 d-1","1.30864","16.0"
"EcosystemandCarbonCycle","EcosystemRespiration","FLUXCOM","DVM-DOS-TEM","RMSE Score","MeanState","global","score","1","0.45975","16.0"
"EcosystemandCarbonCycle","EcosystemRespiration","FLUXCOM","DVM-DOS-TEM","Overall Score","MeanState","global","score","1","0.572856","16.0"
"EcosystemandCarbonCycle","EcosystemRespiration","FLUXCOM","JULES-noFire","Benchmark Period Mean (intersection)","MeanState","global","scalar","Pg yr-1","28.0669","16.0"
"EcosystemandCarbonCycle","EcosystemRespiration","FLUXCOM","JULES-noFire","Benchmark Period Mean (complement)","MeanState","global","scalar","Pg yr-1","0.105006","16.0"
"EcosystemandCarbonCycle","EcosystemRespiration","FLUXCOM","JULES-noFire","Period Mean (original grids)","MeanState","global","scalar","Pg yr-1","46.802","16.0"
"EcosystemandCarbonCycle","EcosystemRespiration","FLUXCOM","JULES-noFire","Model Period Mean (intersection)","MeanState","global","scalar","Pg yr-1","39.9962","16.0"
"EcosystemandCarbonCycle","EcosystemRespiration","FLUXCOM","JULES-noFire","Model Period Mean (complement)","MeanState","global","scalar","Pg yr-1","6.2303","16.0"
"EcosystemandCarbonCycle","EcosystemRespiration","FLUXCOM","JULES-noFire","Spatial Distribution Score","MeanState","global","score","1","0.570849","16.0"
"EcosystemandCarbonCycle","EcosystemRespiration","FLUXCOM","JULES-noFire","Phase Shift","MeanState","global","scalar","months","0.499811","16.0"
"EcosystemandCarbonCycle","EcosystemRespiration","FLUXCOM","JULES-noFire","Seasonal Cycle Score","MeanState","global","score","1","0.962928","16.0"
"EcosystemandCarbonCycle","EcosystemRespiration","FLUXCOM","JULES-noFire","Bias","MeanState","global","scalar","g m-2 d-1","0.539188","16.0"
"EcosystemandCarbonCycle","EcosystemRespiration","FLUXCOM","JULES-noFire","Bias Score","MeanState","global","score","1","0.462902","16.0"
"EcosystemandCarbonCycle","EcosystemRespiration","FLUXCOM","JULES-noFire","RMSE","MeanState","global","scalar","g m-2 d-1","1.06772","16.0"
"EcosystemandCarbonCycle","EcosystemRespiration","FLUXCOM","JULES-noFire","RMSE Score","MeanState","global","score","1","0.560467","16.0"
"EcosystemandCarbonCycle","EcosystemRespiration","FLUXCOM","JULES-noFire","Overall Score","MeanState","global","score","1","0.623522","16.0"
"EcosystemandCarbonCycle","EcosystemRespiration","FLUXCOM","JSBACH","Benchmark Period Mean (intersection)","MeanState","global","scalar","Pg yr-1","26.3934","16.0"
"EcosystemandCarbonCycle","EcosystemRespiration","FLUXCOM","JSBACH","Benchmark Period Mean (complement)","MeanState","global","scalar","Pg yr-1","1.45331","16.0"
"EcosystemandCarbonCycle","EcosystemRespiration","FLUXCOM","JSBACH","Period Mean (original grids)","MeanState","global","scalar","Pg yr-1","33.2117","16.0"
"EcosystemandCarbonCycle","EcosystemRespiration","FLUXCOM","JSBACH","Model Period Mean (intersection)","MeanState","global","scalar","Pg yr-1","32.1708","16.0"
"EcosystemandCarbonCycle","EcosystemRespiration","FLUXCOM","JSBACH","Model Period Mean (complement)","MeanState","global","scalar","Pg yr-1","1.04094","16.0"
"EcosystemandCarbonCycle","EcosystemRespiration","FLUXCOM","JSBACH","Spatial Distribution Score","MeanState","global","score","1","0.85204","16.0"
"EcosystemandCarbonCycle","EcosystemRespiration","FLUXCOM","JSBACH","Phase Shift","MeanState","global","scalar","months","0.657449","16.0"
"EcosystemandCarbonCycle","EcosystemRespiration","FLUXCOM","JSBACH","Seasonal Cycle Score","MeanState","global","score","1","0.954752","16.0"
"EcosystemandCarbonCycle","EcosystemRespiration","FLUXCOM","JSBACH","Bias","MeanState","global","scalar","g m-2 d-1","0.275208","16.0"
"EcosystemandCarbonCycle","EcosystemRespiration","FLUXCOM","JSBACH","Bias Score","MeanState","global","score","1","0.603953","16.0"
"EcosystemandCarbonCycle","EcosystemRespiration","FLUXCOM","JSBACH","RMSE","MeanState","global","scalar","g m-2 d-1","0.861332","16.0"
"EcosystemandCarbonCycle","EcosystemRespiration","FLUXCOM","JSBACH","RMSE Score","MeanState","global","score","1","0.545881","16.0"
"EcosystemandCarbonCycle","EcosystemRespiration","FLUXCOM","JSBACH","Overall Score","MeanState","global","score","1","0.700501","16.0"
"EcosystemandCarbonCycle","EcosystemRespiration","FLUXCOM","CLM","Benchmark Period Mean (intersection)","MeanState","global","scalar","Pg yr-1","27.8457","16.0"
"EcosystemandCarbonCycle","EcosystemRespiration","FLUXCOM","CLM","Benchmark Period Mean (complement)","MeanState","global","scalar","Pg yr-1","0.000984043","16.0"
"EcosystemandCarbonCycle","EcosystemRespiration","FLUXCOM","CLM","Period Mean (original grids)","MeanState","global","scalar","Pg yr-1","42.8148","16.0"
"EcosystemandCarbonCycle","EcosystemRespiration","FLUXCOM","CLM","Model Period Mean (intersection)","MeanState","global","scalar","Pg yr-1","36.8831","16.0"
"EcosystemandCarbonCycle","EcosystemRespiration","FLUXCOM","CLM","Model Period Mean (complement)","MeanState","global","scalar","Pg yr-1","5.93168","16.0"
"EcosystemandCarbonCycle","EcosystemRespiration","FLUXCOM","CLM","Spatial Distribution Score","MeanState","global","score","1","0.842931","16.0"
"EcosystemandCarbonCycle","EcosystemRespiration","FLUXCOM","CLM","Phase Shift","MeanState","global","scalar","months","0.444308","16.0"
"EcosystemandCarbonCycle","EcosystemRespiration","FLUXCOM","CLM","Seasonal Cycle Score","MeanState","global","score","1","0.965561","16.0"
"EcosystemandCarbonCycle","EcosystemRespiration","FLUXCOM","CLM","Bias","MeanState","global","scalar","g m-2 d-1","0.412066","16.0"
"EcosystemandCarbonCycle","EcosystemRespiration","FLUXCOM","CLM","Bias Score","MeanState","global","score","1","0.576083","16.0"
"EcosystemandCarbonCycle","EcosystemRespiration","FLUXCOM","CLM","RMSE","MeanState","global","scalar","g m-2 d-1","1.00764","16.0"
"EcosystemandCarbonCycle","EcosystemRespiration","FLUXCOM","CLM","RMSE Score","MeanState","global","score","1","0.568808","16.0"
"EcosystemandCarbonCycle","EcosystemRespiration","FLUXCOM","CLM","Overall Score","MeanState","global","score","1","0.704438","16.0"
"EcosystemandCarbonCycle","EcosystemRespiration","FLUXCOM","JULES-FireP0336","Benchmark Period Mean (intersection)","MeanState","global","scalar","Pg yr-1","28.0657","16.0"
"EcosystemandCarbonCycle","EcosystemRespiration","FLUXCOM","JULES-FireP0336","Benchmark Period Mean (complement)","MeanState","global","scalar","Pg yr-1","0.106225","16.0"
"EcosystemandCarbonCycle","EcosystemRespiration","FLUXCOM","JULES-FireP0336","Period Mean (original grids)","MeanState","global","scalar","Pg yr-1","45.633","16.0"
"EcosystemandCarbonCycle","EcosystemRespiration","FLUXCOM","JULES-FireP0336","Model Period Mean (intersection)","MeanState","global","scalar","Pg yr-1","38.8632","16.0"
"EcosystemandCarbonCycle","EcosystemRespiration","FLUXCOM","JULES-FireP0336","Model Period Mean (complement)","MeanState","global","scalar","Pg yr-1","6.19783","16.0"
"EcosystemandCarbonCycle","EcosystemRespiration","FLUXCOM","JULES-FireP0336","Spatial Distribution Score","MeanState","global","score","1","0.573633","16.0"
"EcosystemandCarbonCycle","EcosystemRespiration","FLUXCOM","JULES-FireP0336","Phase Shift","MeanState","global","scalar","months","0.548754","16.0"
"EcosystemandCarbonCycle","EcosystemRespiration","FLUXCOM","JULES-FireP0336","Seasonal Cycle Score","MeanState","global","score","1","0.958873","16.0"
"EcosystemandCarbonCycle","EcosystemRespiration","FLUXCOM","JULES-FireP0336","Bias","MeanState","global","scalar","g m-2 d-1","0.488216","16.0"
"EcosystemandCarbonCycle","EcosystemRespiration","FLUXCOM","JULES-FireP0336","Bias Score","MeanState","global","score","1","0.468943","16.0"
"EcosystemandCarbonCycle","EcosystemRespiration","FLUXCOM","JULES-FireP0336","RMSE","MeanState","global","scalar","g m-2 d-1","1.03768","16.0"
"EcosystemandCarbonCycle","EcosystemRespiration","FLUXCOM","JULES-FireP0336","RMSE Score","MeanState","global","score","1","0.571467","16.0"
"EcosystemandCarbonCycle","EcosystemRespiration","FLUXCOM","JULES-FireP0336","Overall Score","MeanState","global","score","1","0.628877","16.0"
"EcosystemandCarbonCycle","EcosystemRespiration","FLUXCOM","LPJ-EOSIM","Benchmark Period Mean (intersection)","MeanState","global","scalar","Pg yr-1","27.5185","16.0"
"EcosystemandCarbonCycle","EcosystemRespiration","FLUXCOM","LPJ-EOSIM","Benchmark Period Mean (complement)","MeanState","global","scalar","Pg yr-1","nan","16.0"
"EcosystemandCarbonCycle","EcosystemRespiration","FLUXCOM","LPJ-EOSIM","Period Mean (original grids)","MeanState","global","scalar","Pg yr-1","37.3357","16.0"
"EcosystemandCarbonCycle","EcosystemRespiration","FLUXCOM","LPJ-EOSIM","Model Period Mean (intersection)","MeanState","global","scalar","Pg yr-1","37.2403","16.0"
"EcosystemandCarbonCycle","EcosystemRespiration","FLUXCOM","LPJ-EOSIM","Model Period Mean (complement)","MeanState","global","scalar","Pg yr-1","0.0954343","16.0"
"EcosystemandCarbonCycle","EcosystemRespiration","FLUXCOM","LPJ-EOSIM","Spatial Distribution Score","MeanState","global","score","1","0.874222","16.0"
"EcosystemandCarbonCycle","EcosystemRespiration","FLUXCOM","LPJ-EOSIM","Phase Shift","MeanState","global","scalar","months","0.700811","16.0"
"EcosystemandCarbonCycle","EcosystemRespiration","FLUXCOM","LPJ-EOSIM","Seasonal Cycle Score","MeanState","global","score","1","0.942357","16.0"
"EcosystemandCarbonCycle","EcosystemRespiration","FLUXCOM","LPJ-EOSIM","Bias","MeanState","global","scalar","g m-2 d-1","0.447334","16.0"
"EcosystemandCarbonCycle","EcosystemRespiration","FLUXCOM","LPJ-EOSIM","Bias Score","MeanState","global","score","1","0.56414","16.0"
"EcosystemandCarbonCycle","EcosystemRespiration","FLUXCOM","LPJ-EOSIM","RMSE","MeanState","global","scalar","g m-2 d-1","1.05036","16.0"
"EcosystemandCarbonCycle","EcosystemRespiration","FLUXCOM","LPJ-EOSIM","RMSE Score","MeanState","global","score","1","0.495453","16.0"
"EcosystemandCarbonCycle","EcosystemRespiration","FLUXCOM","LPJ-EOSIM","Overall Score","MeanState","global","score","1","0.674325","16.0"
"EcosystemandCarbonCycle","EcosystemRespiration","FLUXCOM","TEM","Benchmark Period Mean (intersection)","MeanState","global","scalar","Pg yr-1","26.3439","16.0"
"EcosystemandCarbonCycle","EcosystemRespiration","FLUXCOM","TEM","Benchmark Period Mean (complement)","MeanState","global","scalar","Pg yr-1","1.17459","16.0"
"EcosystemandCarbonCycle","EcosystemRespiration","FLUXCOM","TEM","Period Mean (original grids)","MeanState","global","scalar","Pg yr-1","44.1347","16.0"
"EcosystemandCarbonCycle","EcosystemRespiration","FLUXCOM","TEM","Model Period Mean (intersection)","MeanState","global","scalar","Pg yr-1","41.3536","16.0"
"EcosystemandCarbonCycle","EcosystemRespiration","FLUXCOM","TEM","Model Period Mean (complement)","MeanState","global","scalar","Pg yr-1","2.78114","16.0"
"EcosystemandCarbonCycle","EcosystemRespiration","FLUXCOM","TEM","Spatial Distribution Score","MeanState","global","score","1","0.773567","16.0"
"EcosystemandCarbonCycle","EcosystemRespiration","FLUXCOM","TEM","Phase Shift","MeanState","global","scalar","months","0.436126","16.0"
"EcosystemandCarbonCycle","EcosystemRespiration","FLUXCOM","TEM","Seasonal Cycle Score","MeanState","global","score","1","0.959302","16.0"
"EcosystemandCarbonCycle","EcosystemRespiration","FLUXCOM","TEM","Bias","MeanState","global","scalar","g m-2 d-1","0.720641","16.0"
"EcosystemandCarbonCycle","EcosystemRespiration","FLUXCOM","TEM","Bias Score","MeanState","global","score","1","0.522143","16.0"
"EcosystemandCarbonCycle","EcosystemRespiration","FLUXCOM","TEM","RMSE","MeanState","global","scalar","g m-2 d-1","1.02432","16.0"
"EcosystemandCarbonCycle","EcosystemRespiration","FLUXCOM","TEM","RMSE Score","MeanState","global","score","1","0.583657","16.0"
"EcosystemandCarbonCycle","EcosystemRespiration","FLUXCOM","TEM","Overall Score","MeanState","global","score","1","0.684465","16.0"
"EcosystemandCarbonCycle","EcosystemRespiration","FLUXCOM","CLM-FATES","Benchmark Period Mean (intersection)","MeanState","global","scalar","Pg yr-1","27.584","16.0"
"EcosystemandCarbonCycle","EcosystemRespiration","FLUXCOM","CLM-FATES","Benchmark Period Mean (complement)","MeanState","global","scalar","Pg yr-1","0.0837355","16.0"
"EcosystemandCarbonCycle","EcosystemRespiration","FLUXCOM","CLM-FATES","Period Mean (original grids)","MeanState","global","scalar","Pg yr-1","40.3928","16.0"
"EcosystemandCarbonCycle","EcosystemRespiration","FLUXCOM","CLM-FATES","Model Period Mean (intersection)","MeanState","global","scalar","Pg yr-1","36.4536","16.0"
"EcosystemandCarbonCycle","EcosystemRespiration","FLUXCOM","CLM-FATES","Model Period Mean (complement)","MeanState","global","scalar","Pg yr-1","3.6929","16.0"
"EcosystemandCarbonCycle","EcosystemRespiration","FLUXCOM","CLM-FATES","Spatial Distribution Score","MeanState","global","score","1","0.780692","16.0"
"EcosystemandCarbonCycle","EcosystemRespiration","FLUXCOM","CLM-FATES","Phase Shift","MeanState","global","scalar","months","0.491195","16.0"
"EcosystemandCarbonCycle","EcosystemRespiration","FLUXCOM","CLM-FATES","Seasonal Cycle Score","MeanState","global","score","1","0.961694","16.0"
"EcosystemandCarbonCycle","EcosystemRespiration","FLUXCOM","CLM-FATES","Bias","MeanState","global","scalar","g m-2 d-1","0.402849","16.0"
"EcosystemandCarbonCycle","EcosystemRespiration","FLUXCOM","CLM-FATES","Bias Score","MeanState","global","score","1","0.525442","16.0"
"EcosystemandCarbonCycle","EcosystemRespiration","FLUXCOM","CLM-FATES","RMSE","MeanState","global","scalar","g m-2 d-1","0.899773","16.0"
"EcosystemandCarbonCycle","EcosystemRespiration","FLUXCOM","CLM-FATES","RMSE Score","MeanState","global","score","1","0.598001","16.0"
"EcosystemandCarbonCycle","EcosystemRespiration","FLUXCOM","CLM-FATES","Overall Score","MeanState","global","score","1","0.692766","16.0"
"EcosystemandCarbonCycle","EcosystemRespiration","FLUXCOM","JULES-FireP0304","Benchmark Period Mean (intersection)","MeanState","global","scalar","Pg yr-1","28.0669","16.0"
"EcosystemandCarbonCycle","EcosystemRespiration","FLUXCOM","JULES-FireP0304","Benchmark Period Mean (complement)","MeanState","global","scalar","Pg yr-1","0.105006","16.0"
"EcosystemandCarbonCycle","EcosystemRespiration","FLUXCOM","JULES-FireP0304","Period Mean (original grids)","MeanState","global","scalar","Pg yr-1","41.4387","16.0"
"EcosystemandCarbonCycle","EcosystemRespiration","FLUXCOM","JULES-FireP0304","Model Period Mean (intersection)","MeanState","global","scalar","Pg yr-1","35.1502","16.0"
"EcosystemandCarbonCycle","EcosystemRespiration","FLUXCOM","JULES-FireP0304","Model Period Mean (complement)","MeanState","global","scalar","Pg yr-1","5.75447","16.0"
"EcosystemandCarbonCycle","EcosystemRespiration","FLUXCOM","JULES-FireP0304","Spatial Distribution Score","MeanState","global","score","1","0.628596","16.0"
"EcosystemandCarbonCycle","EcosystemRespiration","FLUXCOM","JULES-FireP0304","Phase Shift","MeanState","global","scalar","months","0.510113","16.0"
"EcosystemandCarbonCycle","EcosystemRespiration","FLUXCOM","JULES-FireP0304","Seasonal Cycle Score","MeanState","global","score","1","0.962037","16.0"
"EcosystemandCarbonCycle","EcosystemRespiration","FLUXCOM","JULES-FireP0304","Bias","MeanState","global","scalar","g m-2 d-1","0.319454","16.0"
"EcosystemandCarbonCycle","EcosystemRespiration","FLUXCOM","JULES-FireP0304","Bias Score","MeanState","global","score","1","0.516906","16.0"
"EcosystemandCarbonCycle","EcosystemRespiration","FLUXCOM","JULES-FireP0304","RMSE","MeanState","global","scalar","g m-2 d-1","0.919005","16.0"
"EcosystemandCarbonCycle","EcosystemRespiration","FLUXCOM","JULES-FireP0304","RMSE Score","MeanState","global","score","1","0.583428","16.0"
"EcosystemandCarbonCycle","EcosystemRespiration","FLUXCOM","JULES-FireP0304","Overall Score","MeanState","global","score","1","0.654879","16.0"
"EcosystemandCarbonCycle","EcosystemRespiration","FLUXCOM","JULES-FireP0249","Benchmark Period Mean (intersection)","MeanState","global","scalar","Pg yr-1","28.0669","16.0"
"EcosystemandCarbonCycle","EcosystemRespiration","FLUXCOM","JULES-FireP0249","Benchmark Period Mean (complement)","MeanState","global","scalar","Pg yr-1","0.105006","16.0"
"EcosystemandCarbonCycle","EcosystemRespiration","FLUXCOM","JULES-FireP0249","Period Mean (original grids)","MeanState","global","scalar","Pg yr-1","41.0643","16.0"
"EcosystemandCarbonCycle","EcosystemRespiration","FLUXCOM","JULES-FireP0249","Model Period Mean (intersection)","MeanState","global","scalar","Pg yr-1","35.0087","16.0"
"EcosystemandCarbonCycle","EcosystemRespiration","FLUXCOM","JULES-FireP0249","Model Period Mean (complement)","MeanState","global","scalar","Pg yr-1","5.53464","16.0"
"EcosystemandCarbonCycle","EcosystemRespiration","FLUXCOM","JULES-FireP0249","Spatial Distribution Score","MeanState","global","score","1","0.663237","16.0"
"EcosystemandCarbonCycle","EcosystemRespiration","FLUXCOM","JULES-FireP0249","Phase Shift","MeanState","global","scalar","months","0.56559","16.0"
"EcosystemandCarbonCycle","EcosystemRespiration","FLUXCOM","JULES-FireP0249","Seasonal Cycle Score","MeanState","global","score","1","0.956755","16.0"
"EcosystemandCarbonCycle","EcosystemRespiration","FLUXCOM","JULES-FireP0249","Bias","MeanState","global","scalar","g m-2 d-1","0.313163","16.0"
"EcosystemandCarbonCycle","EcosystemRespiration","FLUXCOM","JULES-FireP0249","Bias Score","MeanState","global","score","1","0.539824","16.0"
"EcosystemandCarbonCycle","EcosystemRespiration","FLUXCOM","JULES-FireP0249","RMSE","MeanState","global","scalar","g m-2 d-1","0.87212","16.0"
"EcosystemandCarbonCycle","EcosystemRespiration","FLUXCOM","JULES-FireP0249","RMSE Score","MeanState","global","score","1","0.588911","16.0"
"EcosystemandCarbonCycle","EcosystemRespiration","FLUXCOM","JULES-FireP0249","Overall Score","MeanState","global","score","1","0.667528","16.0"
"EcosystemandCarbonCycle","EcosystemRespiration","FLUXCOM","LPJ-EOSIM-fixspitfire","Benchmark Period Mean (intersection)","MeanState","global","scalar","Pg yr-1","27.5185","16.0"
"EcosystemandCarbonCycle","EcosystemRespiration","FLUXCOM","LPJ-EOSIM-fixspitfire","Benchmark Period Mean (complement)","MeanState","global","scalar","Pg yr-1","nan","16.0"
"EcosystemandCarbonCycle","EcosystemRespiration","FLUXCOM","LPJ-EOSIM-fixspitfire","Period Mean (original grids)","MeanState","global","scalar","Pg yr-1","37.3062","16.0"
"EcosystemandCarbonCycle","EcosystemRespiration","FLUXCOM","LPJ-EOSIM-fixspitfire","Model Period Mean (intersection)","MeanState","global","scalar","Pg yr-1","37.2107","16.0"
"EcosystemandCarbonCycle","EcosystemRespiration","FLUXCOM","LPJ-EOSIM-fixspitfire","Model Period Mean (complement)","MeanState","global","scalar","Pg yr-1","0.095496","16.0"
"EcosystemandCarbonCycle","EcosystemRespiration","FLUXCOM","LPJ-EOSIM-fixspitfire","Spatial Distribution Score","MeanState","global","score","1","0.874529","16.0"
"EcosystemandCarbonCycle","EcosystemRespiration","FLUXCOM","LPJ-EOSIM-fixspitfire","Phase Shift","MeanState","global","scalar","months","0.70073","16.0"
"EcosystemandCarbonCycle","EcosystemRespiration","FLUXCOM","LPJ-EOSIM-fixspitfire","Seasonal Cycle Score","MeanState","global","score","1","0.942359","16.0"
"EcosystemandCarbonCycle","EcosystemRespiration","FLUXCOM","LPJ-EOSIM-fixspitfire","Bias","MeanState","global","scalar","g m-2 d-1","0.445973","16.0"
"EcosystemandCarbonCycle","EcosystemRespiration","FLUXCOM","LPJ-EOSIM-fixspitfire","Bias Score","MeanState","global","score","1","0.564741","16.0"
"EcosystemandCarbonCycle","EcosystemRespiration","FLUXCOM","LPJ-EOSIM-fixspitfire","RMSE","MeanState","global","scalar","g m-2 d-1","1.0493","16.0"
"EcosystemandCarbonCycle","EcosystemRespiration","FLUXCOM","LPJ-EOSIM-fixspitfire","RMSE Score","MeanState","global","score","1","0.495697","16.0"
"EcosystemandCarbonCycle","EcosystemRespiration","FLUXCOM","LPJ-EOSIM-fixspitfire","Overall Score","MeanState","global","score","1","0.674604","16.0"
"EcosystemandCarbonCycle","EcosystemRespiration","FLUXCOM","DLEM","Benchmark Period Mean (intersection)","MeanState","global","scalar","Pg yr-1","27.5176","16.0"
"EcosystemandCarbonCycle","EcosystemRespiration","FLUXCOM","DLEM","Benchmark Period Mean (complement)","MeanState","global","scalar","Pg yr-1","0.000815714","16.0"
"EcosystemandCarbonCycle","EcosystemRespiration","FLUXCOM","DLEM","Period Mean (original grids)","MeanState","global","scalar","Pg yr-1","27.372","16.0"
"EcosystemandCarbonCycle","EcosystemRespiration","FLUXCOM","DLEM","Model Period Mean (intersection)","MeanState","global","scalar","Pg yr-1","27.2888","16.0"
"EcosystemandCarbonCycle","EcosystemRespiration","FLUXCOM","DLEM","Model Period Mean (complement)","MeanState","global","scalar","Pg yr-1","0.0832103","16.0"
"EcosystemandCarbonCycle","EcosystemRespiration","FLUXCOM","DLEM","Spatial Distribution Score","MeanState","global","score","1","0.69233","16.0"
"EcosystemandCarbonCycle","EcosystemRespiration","FLUXCOM","DLEM","Phase Shift","MeanState","global","scalar","months","0.640488","16.0"
"EcosystemandCarbonCycle","EcosystemRespiration","FLUXCOM","DLEM","Seasonal Cycle Score","MeanState","global","score","1","0.935439","16.0"
"EcosystemandCarbonCycle","EcosystemRespiration","FLUXCOM","DLEM","Bias","MeanState","global","scalar","g m-2 d-1","-0.0105324","16.0"
"EcosystemandCarbonCycle","EcosystemRespiration","FLUXCOM","DLEM","Bias Score","MeanState","global","score","1","0.507301","16.0"
"EcosystemandCarbonCycle","EcosystemRespiration","FLUXCOM","DLEM","RMSE","MeanState","global","scalar","g m-2 d-1","0.968343","16.0"
"EcosystemandCarbonCycle","EcosystemRespiration","FLUXCOM","DLEM","RMSE Score","MeanState","global","score","1","0.533829","16.0"
"EcosystemandCarbonCycle","EcosystemRespiration","FLUXCOM","DLEM","Overall Score","MeanState","global","score","1","0.640546","16.0"